t,ax,ay,az,gx,gy,gz,mx,my,mz,temp
0.0000,0.1850,1.1227,-9.7626,0.0230,-0.0069,0.0956,-6.6668,32.0373,23.3250,31.5449
0.0161,0.1316,1.1601,-9.8283,0.0840,-0.0069,0.0346,-5.9574,32.4629,21.6707,31.5547
0.0399,0.1523,1.1535,-9.8048,0.0230,-0.0679,0.0956,-7.3509,31.6514,23.3465,31.5293
0.0579,0.0971,1.0710,-9.7551,-0.0380,-0.0679,0.0346,-7.3364,32.4180,22.9139,31.5352
0.0799,0.1032,1.0861,-9.7587,-0.0380,0.0541,0.0346,-8.0258,32.7700,23.7313,31.5566
0.0961,0.1344,1.1599,-9.7798,-0.0380,0.0541,0.0956,-7.6877,32.0268,23.3428,31.5234
0.1199,0.0893,1.1239,-9.8261,-0.0380,-0.0069,0.0346,-7.6892,32.3943,23.7347,31.5645
0.1362,0.1880,1.1065,-9.7645,-0.0380,0.0541,0.0346,-7.6864,32.7744,23.7286,31.5156
0.1602,0.1097,1.1076,-9.7695,-0.0991,-0.0679,0.0346,-6.6581,31.6777,22.5167,31.5566
0.1758,0.1327,1.1696,-9.7820,-0.0380,-0.0072,-0.0873,-7.3431,32.0427,22.9361,31.5156
0.1999,0.1321,1.1756,-9.7983,-0.0380,-0.1290,0.0957,-7.0101,32.4026,23.7266,31.5547
0.2239,0.0855,1.1297,-9.7830,-0.0380,-0.0070,-0.0263,-6.9872,33.5598,22.8834,31.5684
0.2399,0.1299,1.1359,-9.7830,-0.0380,0.0540,-0.0263,-8.0497,33.1106,25.3599,31.5469
0.2639,0.1206,1.1299,-9.7725,-0.0380,0.1151,-0.0263,-7.3485,32.0305,23.3384,31.5586
0.2804,0.1702,1.0899,-9.7879,-0.0990,-0.0069,0.0347,-8.0062,32.4331,22.1177,31.5527
0.3042,0.1323,1.1253,-9.8169,-0.0380,-0.0680,0.0957,-7.0072,32.0332,23.3297,31.5234
0.3199,0.1450,1.1049,-9.7761,-0.0380,-0.0680,0.0347,-8.0228,32.7842,23.3380,31.5234
0.3439,0.1129,1.1412,-9.7574,-0.0990,-0.0680,0.0347,-7.0043,33.1618,23.7125,31.5664
0.3645,0.0835,1.1488,-9.7901,0.0230,-0.0680,0.0347,-7.3407,32.4231,22.9313,31.5586
0.3839,0.1197,1.0970,-9.7934,-0.1600,0.1150,0.0347,-8.7020,32.7756,23.3436,31.5449
0.4000,0.1623,1.1396,-9.7910,-0.0990,0.1151,0.0347,-7.6845,32.4057,23.3323,31.5273
0.4239,0.1643,1.1774,-9.7826,0.0230,0.0541,0.0347,-7.6880,32.7759,23.7339,31.5273
0.4399,0.1445,1.1392,-9.7798,0.0230,-0.0070,0.0347,-6.6597,32.4280,22.9136,31.5957
0.4673,0.0989,1.1278,-9.7816,0.0231,-0.0679,-0.0261,-7.3379,33.1677,23.3079,31.5020
0.4801,0.1068,1.1545,-9.7926,0.0230,0.0540,0.0347,-7.6792,32.4167,22.9280,31.5547
0.5125,0.1210,1.1554,-9.7870,0.0840,0.0540,-0.0263,-6.6587,33.1765,23.3028,31.5469
0.5280,0.1495,1.0858,-9.7821,0.0840,0.0540,-0.0263,-7.6880,32.7759,23.7342,31.5391
0.5443,0.1619,1.0920,-9.7710,0.0841,-0.0070,-0.0874,-7.3525,31.6528,23.3518,31.5117
0.5707,0.1465,1.0803,-9.8057,0.0230,-0.0071,-0.0873,-7.6802,32.7847,23.3201,31.5137
0.5840,0.1472,1.0616,-9.8036,0.0839,-0.0071,-0.0874,-7.0078,32.7833,23.7225,31.5273
0.6084,0.0966,1.0799,-9.7748,-0.0989,0.0541,-0.0264,-8.3611,32.0293,22.9432,31.5273
0.6241,0.1451,1.0754,-9.7867,0.0230,0.0541,0.0346,-7.3376,32.4197,22.9195,31.5547
0.6479,0.1414,1.1009,-9.7648,0.0225,0.0537,-0.0264,-7.3217,33.5681,22.4869,31.5547
0.6723,0.1727,1.1527,-9.7749,0.0230,0.0524,0.0346,-7.3524,32.7673,24.1295,31.5176
0.6879,0.1329,1.1628,-9.7827,-0.0380,-0.0078,-0.0264,-7.3272,32.8076,22.4986,31.5723
0.7038,0.1184,1.1743,-9.7676,0.0195,-0.0662,-0.0281,-6.9947,32.8028,22.9066,31.5547
0.7278,0.1176,1.1834,-9.7557,-0.0372,0.1142,0.0355,-6.9955,33.1692,23.2955,31.5156
0.7439,0.1217,1.1514,-9.7770,0.0805,0.1151,-0.0229,-7.0025,33.1601,23.7064,31.5430
0.7748,0.1385,1.1424,-9.8014,0.0806,-0.0035,0.0346,-6.6746,32.0282,23.7383,31.5234
0.7838,0.1342,1.1000,-9.7913,0.0848,0.0532,0.0346,-6.6509,32.4360,22.5000,31.5469
0.8090,0.1546,1.0961,-9.7774,0.1450,0.0469,-0.0264,-8.0230,33.1503,23.7276,31.5312
0.8238,0.1643,1.0890,-9.7930,0.0247,-0.0070,-0.0247,-7.3370,33.1682,23.3113,31.5469
0.8479,0.1457,1.0930,-9.8067,0.0247,-0.1290,0.0939,-7.3391,33.5364,23.7066,31.5566
0.8655,0.1122,1.0630,-9.8059,0.1304,-0.0217,0.0346,-6.6546,32.8069,22.9043,31.5723
0.8890,0.1149,1.0469,-9.7621,-0.0380,0.1079,-0.0192,-6.6532,32.8051,22.8981,31.5273
0.9039,0.1202,1.0818,-9.7760,-0.0691,0.1462,0.0047,-6.9865,33.5600,22.8852,31.5664
0.9280,0.1581,1.0644,-9.7975,-0.0380,0.0223,-0.0117,-7.6808,32.7855,23.3264,31.5137
0.9438,0.1580,1.0260,-9.8067,-0.1910,0.0851,0.0346,-7.6843,32.4064,23.3357,31.5566
0.9789,0.1514,1.0742,-9.7971,-0.2356,0.0077,0.0346,-7.3371,32.4190,22.9190,31.5605
0.9839,0.1191,1.0710,-9.7670,-0.2807,-0.0979,0.0657,-6.6662,32.7850,23.7134,31.5605
1.0090,0.1403,1.0984,-9.7832,-0.3600,-0.0070,-0.0117,-6.9973,32.4224,22.9131,31.5664
1.0238,0.1213,1.1869,-9.7959,-0.3430,-0.0070,0.0346,-7.3408,32.0399,22.9283,31.5566
1.0481,0.1045,1.1738,-9.7923,-0.3430,0.0540,-0.0264,-7.3422,32.7908,23.3270,31.5449
1.0639,0.1668,1.2255,-9.7874,-0.2509,-0.0083,0.0957,-7.3499,32.3987,23.7344,31.5625
1.0880,0.1456,1.2174,-9.7653,-0.2820,-0.1291,0.0346,-7.7095,31.6165,24.5743,31.5215
1.1119,0.1760,1.2245,-9.7548,-0.2210,-0.0680,-0.0264,-8.0203,32.0318,22.9366,31.5117
1.1282,0.1114,1.2542,-9.7643,-0.1898,-0.1589,0.0956,-7.6941,32.0169,23.7525,31.5410
1.1438,0.1032,1.2517,-9.7813,-0.1599,-0.0071,0.0956,-6.9940,32.8016,22.9034,31.5625
1.1680,0.1361,1.2468,-9.7844,0.0841,0.0540,0.0956,-6.9975,33.1717,23.3050,31.5293
1.1841,0.1378,1.2060,-9.7469,0.0231,-0.0070,0.0346,-8.0307,33.1421,24.1414,31.5625
1.2080,0.1494,1.1661,-9.8019,0.1451,-0.0069,0.0956,-7.3502,32.3997,23.7351,31.5586
1.2320,0.1195,1.1499,-9.8029,0.1451,-0.0679,0.0346,-7.3370,33.1682,23.3089,31.5391
1.2481,0.1183,1.1306,-9.7803,0.0840,-0.0679,0.0956,-7.3606,32.0110,24.1555,31.5703
1.2641,0.1105,1.0965,-9.7664,0.0840,-0.1289,0.0956,-7.3403,32.4231,22.9329,31.5391
1.2918,0.1131,1.0541,-9.8018,0.0840,0.0541,-0.0264,-6.9863,32.4449,22.1053,31.5781
1.3122,0.1526,1.0517,-9.8302,0.0230,-0.0680,0.0346,-7.6777,32.7999,22.9324,31.5391
1.3279,0.1526,1.0534,-9.8109,0.0841,-0.0680,-0.0874,-6.6758,32.0299,23.7429,31.5195
1.3518,0.1315,1.0712,-9.7718,0.0230,-0.0069,0.0346,-7.6665,32.4374,22.1140,31.5605
1.3680,0.0766,1.1389,-9.7694,0.0230,-0.0069,0.0346,-6.6587,32.4276,22.9119,31.6016
1.3918,0.1444,1.1104,-9.8057,0.0230,0.0541,-0.0264,-8.0473,31.2449,24.1834,31.5156
1.4079,0.1560,1.1439,-9.8095,-0.0380,0.1151,0.0346,-6.6587,32.4276,22.9119,31.5469
1.4320,0.1552,1.1641,-9.7696,0.0230,0.1151,-0.0264,-7.6987,31.6385,23.7635,31.5176
1.4478,0.1468,1.1658,-9.7362,0.0230,0.0541,0.0346,-7.6798,31.6687,22.5408,31.5215
1.4720,0.1097,1.1003,-9.7912,0.0840,-0.0680,0.0346,-7.3441,33.1580,23.7176,31.5566
1.4909,0.1115,1.0707,-9.8207,-0.0380,-0.0069,-0.0264,-7.3447,32.4094,23.3286,31.5371
1.5134,0.1290,1.0966,-9.8067,-0.0989,0.0540,-0.0874,-6.9978,33.1712,23.3041,31.5547
1.5280,0.1596,1.1336,-9.7534,-0.1600,-0.0069,-0.0264,-7.7058,31.6292,24.1752,31.5664
1.5520,0.1132,1.1467,-9.7817,-0.0380,-0.0069,0.0346,-7.3435,32.7913,23.3290,31.5000
1.5678,0.1519,1.1600,-9.7936,-0.0380,-0.0679,0.0956,-7.0061,31.6653,22.9372,31.5371
1.5939,0.1429,1.1272,-9.7842,-0.0380,-0.0678,-0.0264,-6.3230,32.0523,22.9193,31.5312
1.6080,0.1341,1.1313,-9.7849,0.0230,-0.0679,0.0346,-7.3289,33.5581,22.8964,31.5449
1.6319,0.0977,1.2139,-9.7628,-0.0990,-0.0679,-0.0873,-7.0095,32.0357,23.3387,31.5332
1.6479,0.1214,1.2359,-9.7632,0.0230,-0.0069,0.0952,-7.6731,32.4273,22.5223,31.5156
1.6719,0.1354,1.1655,-9.8034,0.0839,0.0540,0.0346,-7.3477,32.7788,23.7274,31.5332
1.6962,0.1304,1.1650,-9.7910,0.0230,0.0540,0.0345,-6.6724,32.4082,23.7316,31.5859
1.7123,0.1432,1.1671,-9.7674,0.0230,-0.0675,0.0345,-7.6861,32.4071,23.3380,31.5312
1.7291,0.1416,1.1344,-9.7884,0.1445,-0.0678,-0.0263,-7.6861,32.4071,23.3380,31.5645
1.7520,0.1181,1.1707,-9.8008,0.0841,-0.1281,0.0956,-7.6854,32.4062,23.3348,31.5703
1.7761,0.1042,1.2220,-9.8003,0.2061,-0.0078,0.0341,-7.3541,30.9042,22.9650,31.5586
1.8002,0.1142,1.1883,-9.7881,0.1459,-0.0078,-0.0858,-7.6922,32.3964,23.7457,31.5547
1.8160,0.1013,1.1145,-9.7595,0.2044,0.0524,0.0346,-8.3604,32.4122,22.9464,31.5469
1.8320,0.1900,1.0846,-9.7707,0.2654,-0.1254,0.0346,-6.6534,32.8050,22.8954,31.5449
1.8560,0.0965,1.1183,-9.8141,0.2671,-0.0678,-0.0264,-7.7139,31.2396,24.5878,31.5449
1.8720,0.1117,1.1840,-9.7846,0.1556,-0.0068,-0.0229,-6.6612,32.0487,22.9208,31.5859
1.9007,0.1100,1.1247,-9.7832,0.3230,-0.0051,0.0311,-8.0216,32.7840,23.3363,31.5957
1.9120,0.1187,1.1126,-9.7840,0.2069,0.1144,-0.0264,-7.3609,31.2635,23.7665,31.5254
1.9361,0.1829,1.1253,-9.8042,0.2671,0.1152,-0.0264,-7.3269,33.5584,22.8920,31.5508
1.9520,0.1507,1.0629,-9.7975,0.2061,-0.0051,-0.0874,-7.0013,32.7953,23.3190,31.5547
1.9763,0.1200,1.0095,-9.7820,0.2044,-0.0661,0.0921,-7.0195,32.7641,24.5387,31.5488
1.9925,0.1109,0.9868,-9.7719,0.0987,-0.0215,-0.0118,-7.6865,32.7765,23.7316,31.5410
2.0160,0.1517,1.0658,-9.8123,0.0302,-0.0678,0.0345,-8.0048,32.0685,21.7297,31.5410
2.0320,0.1319,1.1415,-9.8133,-0.0081,-0.0678,-0.0265,-7.3217,32.8209,22.0981,31.5957
2.0560,0.0975,1.0656,-9.7746,-0.0233,0.0542,-0.0728,-6.9914,32.4352,22.5092,31.5703
2.0719,0.0846,0.9664,-9.7817,-0.1600,0.1463,-0.0875,-7.3608,32.0130,24.1586,31.5410
2.1057,0.1196,1.0545,-9.7920,-0.1600,0.1615,0.0809,-6.9880,32.8143,22.4994,31.5723
2.1122,0.2102,1.0999,-9.8020,-0.2820,0.1451,-0.0265,-7.6779,32.4181,22.9281,31.5391
2.1361,0.2520,1.2072,-9.7745,-0.2503,-0.1460,0.0199,-7.0016,32.0467,22.9289,31.5293
2.1520,0.1230,1.2637,-9.7868,-0.1600,-0.3120,0.0345,-7.6940,32.0188,23.7532,31.5137
2.1761,0.0746,1.1667,-9.7826,-0.2210,-0.2510,-0.0265,-7.6809,33.5364,23.7191,31.5195
2.1919,0.0657,1.1482,-9.8013,-0.0679,-0.0668,0.0632,-7.3574,32.3918,24.1490,31.5449
2.2160,0.0673,1.2235,-9.7687,-0.0380,0.0540,-0.0265,-7.6877,32.7776,23.7376,31.5508
2.2400,0.1574,1.2749,-9.7638,-0.0380,-0.0070,-0.0265,-6.9915,32.4346,22.5091,31.5430
2.2560,0.1290,1.3633,-9.7583,-0.0978,0.1150,0.0333,-7.6838,32.4066,23.3328,31.5195
2.2719,0.1997,1.3185,-9.7340,0.0230,0.0540,0.0345,-6.6584,32.4288,22.9139,31.5391
2.3007,0.1404,1.1828,-9.7681,0.0230,-0.1290,0.0345,-7.3289,32.8112,22.5084,31.5703
2.3436,0.1344,1.1565,-9.8023,0.0840,-0.0680,-0.0265,-7.3372,32.4201,22.9193,31.5254
2.3447,0.1129,1.2031,-9.7764,0.0230,-0.0680,0.1565,-7.3436,33.1593,23.7191,31.5645
2.3599,0.0370,1.2122,-9.7703,0.0840,0.1150,0.0955,-7.3345,32.8002,22.9129,31.5859
2.3762,0.1825,1.1868,-9.7458,0.1450,0.2371,0.0344,-6.9990,31.6771,22.5304,31.5352
2.4002,0.1851,1.1244,-9.7460,0.2061,-0.0070,0.1564,-7.3506,33.1498,24.1300,31.5605
2.4160,0.1704,1.1403,-9.8279,0.1451,-0.0680,0.0346,-7.6912,33.1467,24.1367,31.5820
2.4406,0.0975,1.0821,-9.8173,0.0231,-0.1900,-0.0264,-7.3282,33.5588,22.8955,31.5859
2.4559,0.0086,1.0452,-9.8032,0.1451,0.0541,0.0346,-7.6851,33.1569,23.7295,31.5859
2.4800,0.1594,1.1556,-9.7829,0.1451,0.1151,0.0956,-7.3443,33.1594,23.7204,31.5449
2.5046,0.1750,1.2061,-9.7949,0.2061,0.1151,0.0346,-8.0279,32.7732,23.7414,31.5254
2.5204,0.2114,1.1721,-9.8075,0.1451,0.0541,-0.0265,-7.3384,33.1704,23.3158,31.5918
2.5361,0.0374,1.0576,-9.7613,0.1451,-0.1290,-0.0265,-8.0283,32.7742,23.7446,31.5508
2.5600,0.0970,1.0449,-9.7544,0.1451,0.0540,-0.0875,-7.0127,32.7727,24.1283,31.5371
2.5760,0.0963,1.0480,-9.8187,0.2061,0.1760,-0.0265,-8.0313,32.3940,23.7507,31.5684
2.5999,0.0928,1.1862,-9.8028,0.0841,0.2370,-0.0265,-7.6856,32.4084,23.3403,31.5664
2.6191,0.2007,1.1830,-9.7474,0.1451,0.1761,-0.0265,-6.6553,32.8081,22.9057,31.6328
2.6400,0.1991,1.0898,-9.7695,0.0841,0.0541,-0.0874,-6.6804,32.0185,24.1440,31.5215
2.6560,0.1856,0.9614,-9.8173,0.0841,-0.0680,-0.0265,-6.9893,32.8149,22.5033,31.5859
2.6813,0.1708,1.1095,-9.8483,0.0231,-0.2510,-0.0265,-7.6792,32.4187,22.9321,31.5449
2.6960,0.0816,1.1665,-9.7766,-0.0989,-0.1291,0.0955,-6.9893,32.8149,22.5033,31.5664
2.7204,0.0917,1.2461,-9.7378,0.0839,0.0538,-0.0265,-7.0075,33.5332,24.1157,31.5742
2.7360,0.0864,1.3079,-9.7547,0.1450,0.0540,-0.0265,-6.6806,32.0185,24.1439,31.5527
2.7601,0.1534,1.2228,-9.7874,0.1450,0.1150,0.0345,-7.3540,32.7700,24.1369,31.5293
2.7759,0.2033,1.1508,-9.8081,0.1454,-0.0062,0.0951,-6.2866,33.9790,21.6486,31.5332
2.8002,0.1414,1.1610,-9.7748,0.2060,-0.0681,-0.0264,-7.3413,32.7895,23.3224,31.5684
2.8239,0.1134,1.1324,-9.7232,0.2670,-0.1290,-0.0264,-7.0058,32.4155,23.3323,31.5645
2.8400,0.0429,1.0669,-9.7751,0.2671,0.0536,-0.1472,-7.6875,32.7758,23.7361,31.5938
2.8559,0.1313,1.0314,-9.8027,0.0236,0.2368,0.0345,-7.3528,31.6538,23.3569,31.5508
2.8801,0.1607,1.0366,-9.8126,0.1442,0.1760,0.0956,-7.3320,33.1801,22.9087,31.5566
2.9040,0.1783,1.0112,-9.7618,0.1446,0.1154,0.0350,-8.7079,32.7661,23.7539,31.5527
2.9254,0.2034,1.0655,-9.7471,-0.0973,-0.0681,0.0354,-7.0068,32.7833,23.7248,31.5547
2.9440,0.1292,1.1280,-9.7934,0.0222,-0.1885,-0.0257,-8.0253,32.4047,23.3471,31.5117
2.9600,0.1519,1.2049,-9.8061,-0.0363,-0.1308,0.0345,-7.6616,32.8158,22.1029,31.5762
2.9840,0.1505,1.2548,-9.7453,0.0840,-0.2511,0.1566,-7.6823,31.2894,22.5509,31.5488
3.0000,0.1325,1.2365,-9.7504,0.0840,-0.2476,0.0956,-6.6755,33.1449,24.5226,31.5000
3.0271,0.1109,1.2408,-9.7289,0.1416,-0.0697,0.1549,-7.3572,32.3905,24.1462,31.5547
3.0404,0.0428,1.2270,-9.8047,0.1459,-0.0688,0.0956,-7.3473,32.0307,23.3371,31.4980
3.0640,0.1037,1.1906,-9.8118,0.2599,0.1690,0.1566,-6.6735,32.7767,24.1252,31.5703
3.0807,0.0669,1.1413,-9.7680,0.2671,0.2372,0.0363,-8.0192,32.4149,22.9377,31.5234
3.1040,0.1767,1.0544,-9.7664,0.2061,0.1762,0.0956,-8.0352,32.0155,23.7624,31.5488
3.1297,0.1603,0.9910,-9.7977,0.1914,0.1615,0.0493,-7.0050,32.4152,23.3279,31.5195
3.1441,0.1505,1.0160,-9.8410,0.0374,0.0542,0.0741,-7.6861,32.4092,23.3427,31.5840
3.1600,0.1844,0.9916,-9.8114,0.0529,0.0230,0.1267,-7.3509,32.4008,23.7382,31.5625
3.1840,0.1314,1.0336,-9.7529,-0.0989,-0.0386,-0.0117,-7.3377,33.1693,23.3117,31.5234
3.2003,0.1554,1.0676,-9.7716,-0.0690,-0.0978,0.0347,-6.9981,32.4242,22.9169,31.5605
3.2319,0.1267,1.0873,-9.8036,-0.0526,-0.1143,-0.0580,-7.3663,32.7496,24.9521,31.5352
3.2399,0.1043,1.1500,-9.8364,-0.1587,-0.0368,0.0658,-9.0606,31.9933,24.1811,31.5137
3.2641,0.1274,1.1402,-9.7650,-0.1136,0.0394,-0.0410,-7.0040,32.4142,23.3247,31.5332
3.2800,0.1091,1.1766,-9.7478,-0.1599,-0.0069,0.0347,-7.0005,32.7933,23.3153,31.5254
3.3044,0.1367,1.1504,-9.7815,-0.0379,0.1151,-0.0263,-6.9879,32.0643,22.1083,31.5117
3.3342,0.1152,1.1600,-9.8043,-0.0367,0.1773,0.0048,-7.6739,32.7958,22.9164,31.5098
3.3441,0.1104,1.1973,-9.7930,0.0231,0.1151,0.0347,-6.9962,32.0570,22.5250,31.5293
3.3683,0.1390,1.1694,-9.7455,-0.0379,0.1761,0.0347,-7.6910,31.6490,23.3551,31.5156
3.3840,0.1599,1.1613,-9.7672,-0.1301,0.0840,0.0658,-7.0138,32.7740,24.1344,31.5801
3.4000,0.1773,1.1486,-9.7846,-0.0989,-0.0069,-0.0263,-6.6541,32.8068,22.9020,31.5703
3.4242,0.1798,1.2056,-9.8204,-0.0989,-0.1289,0.0957,-7.3509,31.6525,23.3495,31.5605
3.4403,0.1229,1.1989,-9.7605,-0.0989,-0.1899,-0.0263,-6.9879,32.0646,22.1083,31.5195
3.4641,0.0734,1.1205,-9.7616,-0.0379,-0.1289,0.0957,-7.3414,32.0419,22.9325,31.5293
3.4881,0.1157,1.0999,-9.7563,-0.0379,-0.0069,0.0347,-7.0111,31.6562,23.3436,31.5332
3.5131,0.1439,1.1649,-9.8118,0.0231,0.1761,0.0347,-7.0117,31.6571,23.3468,31.5527
3.5288,0.1706,1.2151,-9.7701,-0.0989,0.1151,0.0957,-7.3416,32.0421,22.9325,31.5879
3.5441,0.1715,1.0721,-9.7961,-0.1599,-0.0069,0.0347,-6.9947,32.8038,22.9080,31.5176
3.5688,0.1521,1.0486,-9.8117,-0.0989,-0.0679,-0.0263,-7.0051,32.4154,23.3282,31.5176
3.5841,0.1471,1.0787,-9.8316,0.0231,-0.0679,0.0957,-7.3229,32.8214,22.1016,31.5879
3.6080,0.1017,1.0828,-9.8084,-0.1599,-0.1289,0.0347,-7.0051,32.4154,23.3282,31.5215
3.6240,0.1418,1.1349,-9.7824,-0.2212,-0.0069,0.0346,-7.0056,31.6664,22.9386,31.5508
3.6488,0.1235,1.1495,-9.7384,-0.0991,-0.0069,0.0346,-6.6733,32.7758,24.1252,31.5430
3.6640,0.0720,1.0607,-9.8000,-0.2212,0.1151,0.1566,-6.9890,32.0644,22.1115,31.5234
3.6882,0.0952,1.0733,-9.8371,-0.2212,0.1151,-0.0264,-6.6577,32.0613,22.5258,31.5664
3.7040,0.2102,1.1887,-9.7656,-0.3432,0.1151,0.0346,-8.3882,31.2420,24.1918,31.5078
3.7294,0.1489,1.2058,-9.7737,-0.3430,-0.0679,0.2176,-6.9946,32.0535,22.5160,31.5449
3.7445,0.2494,1.0911,-9.6976,-0.2212,-0.0680,0.0956,-7.0031,33.1609,23.7113,31.5625
3.7692,0.1480,1.1537,-9.8094,-0.2212,-0.3729,0.1566,-7.3481,32.0310,23.3407,31.5605
3.7842,0.0726,1.1790,-9.7840,-0.1601,-0.3120,0.0956,-7.6721,32.4270,22.5219,31.5234
3.8082,0.0971,1.1629,-9.8073,-0.2821,-0.1900,0.0956,-8.0058,32.4337,22.1200,31.5547
3.8242,-0.0198,1.0783,-9.7148,-0.1601,0.0540,0.0956,-7.3422,32.0421,22.9364,31.5234
3.8480,0.2044,0.7580,-9.7892,-0.4039,0.1760,0.0345,-6.9953,32.8038,22.9119,31.5234
3.8640,0.1094,0.9194,-9.9071,-0.5261,0.1151,0.1566,-7.3234,32.8214,22.1053,31.5371
3.8880,0.3421,1.8842,-9.6882,-0.6479,-0.2511,0.0345,-7.0202,32.0143,24.1502,31.5391
3.9039,-0.2472,0.8217,-9.8246,-0.4057,-0.4943,0.1579,-7.3269,32.4422,22.1151,31.5234
3.9281,0.4779,1.7163,-9.6023,0.0831,0.0536,-0.2701,-7.0097,32.7865,23.7381,31.5254
3.9520,-0.3380,1.7100,-9.8435,0.0227,-0.2511,0.2177,-7.3347,33.5487,23.3077,31.5625
3.9680,0.4032,1.3399,-9.6622,0.2004,0.2977,-0.2071,-7.3542,32.7699,24.1422,31.5391
3.9841,0.0013,1.5180,-9.8550,-0.0378,-0.1888,0.2780,-7.3318,33.1793,22.9097,31.5215
4.0084,0.0841,0.8026,-9.7932,-0.1573,0.2374,-0.0240,-6.6551,32.8070,22.9074,31.5410
4.0320,0.6534,1.2416,-9.9363,-0.1541,0.1166,0.0349,-6.9944,32.8026,22.9101,31.5820
4.0511,0.0631,1.1501,-9.7951,-0.3328,-0.1279,0.0972,-7.6853,32.4074,23.3420,31.5703
4.0721,0.5257,0.9272,-9.7387,0.4436,-0.2507,0.0361,-7.3325,30.9328,21.7365,31.5332
4.0882,-0.1183,1.2917,-9.7064,0.2501,-0.4922,0.1565,-6.6646,32.4171,23.3215,31.5352
4.1120,0.0670,0.8200,-9.8945,-0.1605,-0.0735,-0.2046,-7.6773,32.0495,22.5388,31.5508
4.1283,0.1647,1.0447,-9.8178,-0.3251,-0.0649,0.1423,-6.9844,33.1911,22.4899,31.5078
4.1536,-0.1041,1.0494,-9.8470,-0.5695,0.2942,0.0954,-5.9805,32.8021,23.2970,31.5781
4.1680,0.5707,1.0577,-9.7074,-0.3401,0.1774,0.0920,-7.0078,32.0341,23.3363,31.5234
4.1922,0.0023,1.3648,-9.7701,-0.2673,-0.1832,0.1097,-7.6783,33.1659,23.3232,31.5508
4.2079,0.2909,1.1175,-9.8211,-0.0428,-0.2531,0.0327,-7.3521,32.4018,23.7470,31.5430
4.2320,-0.0428,1.2853,-9.7644,-0.1043,-0.4359,0.2142,-7.6625,32.8168,22.1035,31.5391
4.2561,-0.0550,1.3205,-9.7746,0.0741,-0.1900,0.0957,-7.6813,32.7866,23.3261,31.5156
4.2724,0.3398,1.0907,-9.6445,-0.0668,-0.1219,0.1423,-6.3396,32.7701,24.5263,31.5469
4.2880,-0.1988,1.2405,-9.8200,0.1139,0.0254,0.1853,-7.3581,32.3915,24.1486,31.5508
4.3122,0.3373,1.2756,-9.7766,-0.0087,0.2664,-0.0557,-7.3357,32.0516,22.5236,31.5547
4.3279,0.0795,1.2027,-9.8194,0.2383,0.1163,0.1866,-7.3357,32.0516,22.5236,31.5566
4.3599,0.2018,1.4366,-9.6542,0.2377,0.2201,-0.0411,-7.3379,33.1688,23.3112,31.5547
4.3680,0.3511,1.0929,-9.7636,0.3268,-0.1601,0.1567,-7.3448,31.6610,22.9377,31.5449
4.3924,-0.0107,1.1529,-9.8082,0.4330,-0.1753,0.0030,-7.6751,32.0468,22.5265,31.5664
4.4082,0.2049,1.0559,-9.9202,0.3891,-0.1900,0.0347,-7.6815,32.7860,23.3264,31.5312
4.4322,-0.0231,0.7803,-9.7588,0.3280,-0.0680,0.0957,-7.0018,32.7938,23.3179,31.4961
4.4492,0.1143,1.1057,-9.7587,0.2372,0.2370,-0.0263,-7.7039,32.3766,24.5591,31.5527
4.4721,0.3035,1.0553,-9.7279,0.2061,0.1760,0.1567,-7.3323,32.4304,22.5142,31.5215
4.4963,0.1082,1.0490,-9.8826,0.1450,0.1149,-0.0263,-6.9949,32.8030,22.9067,31.5547
4.5287,0.2874,1.1518,-9.8081,0.0840,-0.3433,0.0658,-7.3448,32.4102,23.3296,31.4941
4.5363,-0.0661,0.9775,-9.7685,-0.0380,-0.4343,0.0347,-7.6795,33.5322,23.7087,31.5703
4.5521,0.1480,1.3513,-9.7252,0.2669,-0.2513,-0.0873,-7.0018,32.7935,23.3176,31.5547
4.5760,-0.0477,1.3909,-9.7402,0.2669,-0.0683,0.0957,-7.6849,31.6577,22.9434,31.5254
4.5920,-0.0311,1.0867,-9.8159,0.3889,0.2366,0.0347,-6.6546,32.8061,22.9010,31.5215
4.6161,0.2966,1.5650,-9.7618,0.3279,0.4197,0.0347,-6.6832,31.6372,24.1491,31.5234
4.6320,0.0622,1.1555,-9.7318,0.3889,0.2366,-0.0263,-7.6939,32.7651,24.1418,31.5449
4.6658,0.5148,1.0300,-9.7036,0.6938,-0.0683,0.0347,-7.0045,32.4131,23.3240,31.5176
4.6721,-0.0677,1.3621,-9.9004,0.6938,-0.3732,0.0957,-7.3607,32.0103,24.1545,31.5410
4.6961,0.2575,0.7483,-9.8694,0.5107,-0.2512,-0.0873,-6.6610,32.7959,23.3088,31.5508
4.7119,-0.0423,1.1121,-9.7302,0.3278,-0.0681,0.0347,-7.0059,31.6660,22.9380,31.5371
4.7360,-0.1135,1.1760,-9.7898,0.5718,0.2368,0.0347,-6.6680,32.0376,23.3274,31.5430
4.7521,0.3879,0.9986,-9.6921,0.4498,0.4808,0.0347,-7.6719,33.9243,23.3014,31.5762
4.7760,0.0166,1.2547,-9.8351,0.4498,0.2368,-0.0263,-7.0069,32.7817,23.7191,31.5840
4.7921,0.5478,0.9378,-9.7473,0.4498,-0.0072,-0.0263,-7.6939,32.7657,24.1417,31.5254
4.8161,-0.0850,0.8993,-9.8634,0.4498,-0.4952,0.1568,-7.6946,32.7666,24.1450,31.5234
4.8320,0.0395,1.2214,-9.7311,0.3891,-0.3121,-0.0264,-6.6543,32.8070,22.9017,31.5469
4.8570,0.0407,0.7847,-9.8224,0.1454,-0.1291,0.0956,-6.9876,32.8127,22.4966,31.5215
4.8720,-0.0202,1.1619,-9.7642,0.2063,0.3592,0.0346,-8.0276,32.0246,23.3511,31.5742
4.8970,0.3939,1.0555,-9.8420,0.2064,0.3593,0.0955,-8.0144,32.7932,22.9246,31.5098
4.9121,0.1607,1.1134,-9.8260,0.3282,-0.0067,0.0346,-7.0007,33.5427,23.7073,31.5391
4.9360,0.3528,1.4110,-9.7167,0.3282,-0.2509,-0.0875,-6.6668,32.7868,23.7169,31.5273
4.9520,0.0440,1.0465,-9.7331,0.2672,-0.4950,0.0956,-7.6677,32.8067,22.5109,31.5547
4.9764,-0.0128,1.3244,-9.7680,0.2064,-0.1293,-0.0264,-7.3486,32.3990,23.7306,31.4902
4.9920,0.0006,1.1162,-9.8301,0.2673,0.1150,0.2176,-7.0037,32.4143,23.3236,31.5645
5.0269,0.0130,1.0171,-9.7705,0.3893,0.5420,-0.0263,-7.3362,33.1682,23.3076,31.5332
5.0445,0.3081,1.2157,-9.7845,0.1472,0.2993,0.0948,-7.3418,33.1572,23.7121,31.5000
5.0562,0.2281,0.8830,-9.8037,0.2063,-0.0066,0.0957,-7.3410,32.7908,23.3235,31.5586
5.0804,0.2958,1.1947,-9.7968,0.2673,-0.1899,-0.0264,-7.3319,32.4316,22.5173,31.4941
5.0964,-0.0067,1.0484,-9.7990,0.0235,-0.4941,0.0948,-6.9861,32.4461,22.1067,31.5371
5.1120,0.0220,0.9910,-9.7724,0.1447,-0.1904,-0.0870,-7.3397,32.7888,23.3166,31.5273
5.1362,0.0231,1.2062,-9.7523,0.0849,0.1143,0.0347,-7.3794,31.9817,25.3811,31.5547
5.1607,0.1072,0.9477,-9.8246,0.0837,0.3584,-0.0259,-6.6470,33.5647,22.8830,31.5117
5.1782,0.3350,1.2077,-9.7976,-0.0371,0.2999,-0.0264,-7.3262,31.6927,21.7209,31.5293
5.2001,0.1672,1.1333,-9.7972,-0.0973,-0.0646,0.0347,-7.3410,32.7903,23.3244,31.5820
5.2162,0.2905,1.0547,-9.7599,0.0196,-0.3086,-0.0264,-7.6840,32.4068,23.3364,31.5410
5.2402,-0.0206,1.2653,-9.7712,0.0213,-0.3731,0.0957,-7.0058,31.6670,22.9419,31.5312
5.2563,0.0302,1.0555,-9.8052,0.0195,-0.0786,0.0921,-7.0011,32.7940,23.3186,31.5391
5.2801,0.0711,1.2378,-9.7676,0.0239,0.1743,0.0346,-8.0118,32.4246,22.5300,31.5332
5.2963,0.0715,1.1296,-9.7876,-0.0372,0.3581,0.0957,-8.0181,32.4145,22.9377,31.5664
5.3200,0.3393,1.0389,-9.7656,0.1379,0.2298,0.0346,-6.9908,32.4340,22.5093,31.5586
5.3361,0.1261,1.1905,-9.8275,0.0858,-0.1850,0.0346,-7.3401,32.7898,23.3213,31.5488
5.3601,0.2673,0.9931,-9.8027,0.0230,-0.2511,-0.0857,-7.3395,33.5383,23.7104,31.5234
5.3827,0.0775,1.0901,-9.8095,0.0230,-0.3878,0.0810,-7.3470,32.0315,23.3401,31.5488
5.4001,-0.0471,1.1073,-9.7722,-0.0380,0.0252,-0.0192,-7.3394,32.7888,23.3182,31.6133
5.4081,-0.1717,1.1245,-9.7349,-0.0990,0.4383,-0.1195,-7.3319,33.5461,23.2964,31.6777
5.4160,-0.0153,1.0116,-9.7436,-0.0380,0.5903,-0.1266,-6.9764,33.9499,22.4687,31.6113
5.4401,0.0813,1.1759,-9.8044,-0.0087,0.3593,0.0029,-7.3285,32.8102,22.5055,31.5332
5.4561,0.3137,1.0781,-9.7908,-0.0692,0.2050,-0.0875,-6.3295,32.4103,23.7174,31.5801
5.4847,0.2205,1.1365,-9.7898,-0.1137,-0.2069,0.0345,-7.6840,32.4074,23.3363,31.5547
5.4961,0.1163,1.2210,-9.7699,-0.1302,-0.2508,0.0034,-7.6874,32.0283,23.3456,31.5957
5.5291,0.0910,1.0846,-9.7776,-0.0991,-0.3728,-0.0118,-6.9960,33.1719,23.3028,31.5488
5.5367,-0.0834,1.2137,-9.8114,-0.0991,-0.0679,-0.0265,-7.0071,32.0351,23.3340,31.5645
5.5603,0.1104,1.1546,-9.7786,-0.0991,0.2373,0.0955,-6.6543,32.0587,22.5127,31.5684
5.5763,0.1495,1.1418,-9.7744,-0.0368,0.2983,-0.0265,-7.6845,32.4083,23.3393,31.5410
5.6027,0.2035,1.2234,-9.7792,0.0229,0.2373,-0.0265,-6.6572,32.4279,22.9109,31.5586
5.6247,0.2892,1.0370,-9.7941,0.0839,-0.0676,0.0345,-6.9861,33.1955,22.4995,31.5840
5.6401,0.0805,1.1722,-9.8065,0.0229,-0.2806,0.0034,-7.6736,32.7956,22.9157,31.6113
5.6565,0.1105,1.0544,-9.7515,-0.0991,-0.2507,0.0955,-7.3493,32.0343,23.3491,31.5742
5.6897,0.0002,1.0263,-9.7545,-0.0381,-0.0678,0.0345,-7.3501,31.6515,23.3457,31.5234
5.6963,0.0793,1.1419,-9.7867,-0.0381,0.2372,-0.0875,-7.0014,32.0460,22.9292,31.6133
5.7204,0.2034,0.9940,-9.8244,-0.0381,0.2982,0.0955,-7.6748,32.7975,22.9222,31.5293
5.7441,0.2287,1.1463,-9.7861,-0.0991,0.0542,0.0955,-7.0073,32.7843,23.7259,31.5918
5.7609,0.2193,1.1119,-9.7817,-0.1601,-0.1899,-0.0266,-7.6811,32.0382,22.9373,31.5352
5.7926,0.1149,1.0610,-9.7853,-0.0991,-0.3120,0.0345,-8.0471,31.9953,24.5770,31.5547
5.8010,0.0662,1.2132,-9.7794,-0.0381,-0.1900,-0.0876,-8.0213,32.7839,23.3348,31.5547
5.8241,0.0158,1.0694,-9.7967,-0.1601,0.1149,0.0345,-6.6668,32.0383,23.3269,31.5859
5.8400,0.1008,1.2112,-9.7889,0.0229,0.1149,0.0345,-7.7000,31.2595,23.7708,31.5957
5.8642,0.1964,1.1305,-9.7550,-0.0381,0.2980,0.0345,-7.3524,32.7692,24.1353,31.5312
5.8810,0.2448,1.1025,-9.7878,-0.0381,0.0540,-0.0266,-6.9991,33.5412,23.7031,31.5801
5.9042,0.1722,1.1959,-9.8180,0.0839,-0.2512,0.0345,-6.6519,33.5538,23.2864,31.5859
5.9201,0.1066,1.0199,-9.7958,0.0228,-0.1902,0.0345,-7.3389,32.7887,23.3167,31.5938
5.9466,0.0391,1.1533,-9.7950,0.0839,-0.1292,-0.0266,-7.3402,32.0411,22.9307,31.5312
5.9606,0.0347,1.0962,-9.7847,0.1449,0.1758,-0.0266,-8.0131,32.7916,22.9206,31.5547
5.9847,0.1604,1.0468,-9.8101,0.0839,0.2978,-0.0266,-7.6779,33.1668,23.3227,31.5469
5.9999,0.2048,1.1417,-9.7838,-0.0381,0.1758,0.0345,-7.6876,32.7774,23.7400,31.5625
6.0243,0.2421,0.9987,-9.8058,-0.0992,-0.0682,-0.0265,-7.6674,32.8059,22.5105,31.5879
6.0401,0.1768,1.1558,-9.7688,0.0230,-0.2511,0.0346,-7.6757,32.7975,22.9223,31.5859
6.0649,0.0448,1.1032,-9.7951,0.0230,-0.2511,-0.0264,-7.3459,31.6638,22.9445,31.5684
6.0802,0.0873,1.0873,-9.7941,-0.0990,-0.0681,0.0346,-7.3474,32.0312,23.3366,31.5820
6.1042,0.0361,1.2001,-9.7973,-0.0990,0.1150,0.0347,-7.7065,31.9975,24.5651,31.5859
6.1200,0.1771,1.0996,-9.7686,0.0230,0.2370,-0.0265,-8.3608,31.6645,22.5573,31.5527
6.1443,0.2034,1.1835,-9.7686,0.0230,0.1152,0.0345,-7.0024,32.0466,22.9293,31.5781
6.1603,0.2001,1.1387,-9.8004,0.0230,-0.0681,0.0341,-6.6518,32.4384,22.5033,31.5996
6.1845,0.1619,1.1045,-9.8004,-0.0380,-0.2509,0.0344,-7.3564,31.6411,23.7504,31.6035
6.2019,0.0253,1.1518,-9.7691,0.0839,-0.1901,-0.0264,-8.0083,32.8032,22.5140,31.5977
6.2247,0.0979,1.0556,-9.7727,0.0222,-0.0075,0.0951,-8.0257,32.4057,23.3451,31.5547
6.2406,0.0758,1.1249,-9.7991,0.0230,0.1757,0.0348,-7.3446,32.4117,23.3302,31.5605
6.2643,0.1692,1.0962,-9.7932,0.0247,0.2369,0.0337,-7.3550,32.0233,23.7507,31.5312
6.2883,0.2306,1.0548,-9.7971,0.0222,0.0540,0.0341,-7.3383,32.4217,22.9225,31.5742
6.3046,0.1625,1.1543,-9.8118,-0.0973,-0.1283,0.0346,-6.6518,33.1879,22.8953,31.6094
6.3283,0.1488,1.0410,-9.7953,0.0231,-0.1901,0.0337,-7.3510,33.1507,24.1307,31.6094
6.3445,0.0362,1.1602,-9.8015,-0.0380,-0.1919,0.0363,-7.6727,32.4291,22.5242,31.5742
6.3684,0.0723,1.1470,-9.7727,0.0824,-0.0079,0.0337,-7.6916,32.3988,23.7479,31.5449
6.3843,0.1132,1.1345,-9.7748,-0.0344,0.1759,-0.0230,-6.9919,33.1845,22.9022,31.5703
6.4082,0.1607,1.1889,-9.7738,-0.0989,0.1768,0.0329,-7.0176,31.6464,23.7518,31.6055
6.4242,0.2344,1.1148,-9.7944,-0.0379,-0.0062,0.0329,-7.3362,32.8027,22.9202,31.6035
6.4483,0.1523,1.1733,-9.7842,-0.0307,-0.1758,0.0417,-6.6712,32.4093,23.7303,31.5840
6.4643,0.0913,1.1179,-9.8003,0.0858,-0.1918,-0.1433,-7.6849,32.4091,23.3399,31.5859
6.4882,0.0736,1.1033,-9.7839,0.0214,-0.0715,0.0311,-7.3362,32.0543,22.5308,31.5977
6.5087,0.0376,1.1488,-9.7742,0.1452,0.0857,-0.0118,-7.3440,32.4115,23.3306,31.5879
6.5367,0.1382,1.0532,-9.7995,-0.0307,0.1221,-0.0193,-7.6722,31.6801,22.1324,31.5801
6.5449,0.1740,1.0963,-9.7827,0.0530,0.1461,-0.0265,-6.6477,32.8178,22.4947,31.5977
6.5680,0.2144,1.0937,-9.7803,0.0377,-0.0534,0.0955,-7.0074,32.7850,23.7271,31.5586
6.5841,0.1919,1.0562,-9.7971,-0.0379,-0.1913,0.0034,-7.3369,33.1700,23.3126,31.5918
6.6112,0.0955,1.1478,-9.7749,-0.0550,-0.1437,-0.0411,-6.9883,32.0665,22.1114,31.5781
6.6245,0.0623,1.1036,-9.7941,-0.0080,-0.0058,0.0047,-7.0121,32.4080,23.7423,31.5840
6.6483,0.0843,1.1641,-9.7936,0.0547,0.0395,-0.0264,-7.0022,32.7953,23.3217,31.5859
6.6647,0.1003,1.2002,-9.7924,-0.0380,0.2372,0.0956,-6.9854,32.4444,22.1020,31.6074
6.6891,0.1875,1.1131,-9.7757,0.0840,0.1762,-0.0264,-7.3416,32.7909,23.3247,31.5527
6.7136,0.1969,1.1812,-9.7906,-0.0380,-0.0977,-0.0264,-7.6795,32.4193,22.9352,31.5605
6.7288,0.1613,1.1516,-9.7793,-0.0380,-0.0678,0.0346,-6.6756,32.0301,23.7429,31.5723
6.7522,0.1039,1.1341,-9.7589,-0.0380,-0.2508,0.0346,-7.3519,32.4015,23.7420,31.6113
6.7687,0.0673,1.1561,-9.7982,0.0218,-0.0056,-0.0252,-7.0020,32.7943,23.3191,31.5898
6.7845,0.0969,1.0564,-9.7882,0.0840,0.1762,-0.0875,-7.6920,31.6488,23.3556,31.5645
6.8165,0.1494,1.1379,-9.8160,0.0230,0.2372,-0.0264,-7.3590,32.3924,24.1529,31.5547
6.8242,0.1989,1.0856,-9.7798,-0.0380,0.0542,0.0346,-7.3353,32.8002,22.9137,31.6230
6.8506,0.2205,1.0952,-9.8012,0.0230,-0.0678,-0.0264,-7.6866,32.4093,23.3429,31.6035
6.8723,0.1166,1.1361,-9.7945,0.0230,-0.2508,0.0346,-7.6762,32.7977,22.9225,31.5898
6.8883,0.1159,1.0701,-9.7830,0.0230,-0.1898,-0.0264,-7.3612,32.7608,24.5475,31.5820
6.9184,0.0574,1.1529,-9.8009,0.0840,-0.0678,-0.0264,-8.0331,32.3959,23.7560,31.6133
6.9292,0.1152,1.1229,-9.7921,0.0230,0.0543,-0.0264,-7.3529,32.4028,23.7443,31.6152
6.9526,0.1801,1.1418,-9.7865,0.0230,0.1763,-0.0264,-7.0162,32.0270,23.7478,31.5742
6.9686,0.1697,1.1822,-9.8008,0.0230,0.1153,0.0346,-7.3551,32.0218,23.7471,31.6055
6.9922,0.1996,1.1247,-9.8084,-0.0990,-0.1287,0.0346,-6.9989,32.4246,22.9166,31.5820
7.0083,0.1061,1.1825,-9.7695,0.0840,-0.1898,-0.0264,-7.6727,32.4278,22.5206,31.6055
7.0323,0.0782,1.1146,-9.7807,0.0840,-0.0068,-0.0264,-6.6781,32.3988,24.1378,31.5703
7.0484,0.0826,1.1146,-9.8020,0.0230,-0.0068,0.0346,-7.7074,31.9981,24.5689,31.5859
7.0723,0.1210,1.1367,-9.7870,0.0840,0.1152,-0.0264,-7.3331,32.4320,22.5181,31.6055
7.0886,0.2018,1.0707,-9.7869,0.0840,0.1152,0.0346,-7.6796,32.4184,22.9317,31.6191
7.1130,0.2001,1.0994,-9.7897,0.0231,-0.0678,0.0346,-6.9970,32.8064,22.9170,31.5605
7.1281,0.1811,1.0878,-9.8052,0.0230,-0.1898,0.0346,-7.0060,32.4162,23.3310,31.5977
7.1523,0.0935,1.0986,-9.8088,0.0229,-0.0679,-0.0264,-6.9928,33.1848,22.9045,31.6113
7.1680,0.0557,1.1215,-9.7973,0.0839,-0.0679,0.0345,-6.9922,33.1839,22.9014,31.5762
7.1926,0.1113,1.0735,-9.7879,-0.0990,0.0542,0.0345,-7.6772,32.7996,22.9287,31.5879
7.2091,0.1134,1.1678,-9.7895,0.0839,0.1763,-0.0265,-6.6645,33.1673,23.7114,31.5957
7.2322,0.1996,1.1307,-9.7763,-0.0989,0.1153,-0.0266,-7.3623,32.0140,24.1621,31.5996
7.2481,0.1723,1.1387,-9.7777,0.0230,-0.0679,0.0346,-6.6619,32.7987,23.3159,31.5801
7.2722,0.1411,1.1921,-9.7704,0.0230,-0.1289,0.0346,-6.6641,33.1669,23.7112,31.5840
7.2884,0.0986,1.1043,-9.8002,-0.0986,-0.0688,0.0346,-7.3292,33.5602,22.9011,31.5879
7.3124,0.0699,1.1624,-9.7821,0.0228,-0.0069,0.0346,-7.3298,32.8117,22.5119,31.5684
7.3289,0.1208,1.1319,-9.7660,-0.0380,0.1761,0.0346,-7.3464,31.6642,22.9477,31.5840
7.3526,0.1566,1.1678,-9.7720,0.2045,0.0550,0.0952,-7.3499,32.0343,23.3493,31.5938
7.3683,0.1981,1.1682,-9.7906,0.0231,0.0542,-0.1481,-6.6492,32.8190,22.5002,31.5430
7.3926,0.1839,1.1177,-9.8000,0.1434,-0.0671,0.0947,-7.3490,32.0333,23.3464,31.5879
7.4117,0.1111,1.1797,-9.7913,0.1439,-0.1285,-0.0265,-8.0306,32.3937,23.7502,31.6211
7.4321,0.1104,1.0788,-9.7794,0.0841,-0.1891,0.0328,-7.6905,32.3971,23.7444,31.6250
7.4561,0.1095,1.1330,-9.7906,0.0841,-0.0671,0.0345,-7.6751,32.0483,22.5305,31.5918
7.4723,0.1079,1.1326,-9.7872,0.0265,0.1710,-0.0858,-6.6614,32.0494,22.9238,31.6074
7.4966,0.1368,1.1102,-9.8113,0.0849,0.0549,-0.0875,-6.9988,32.4261,22.9235,31.5879
7.5123,0.1684,1.1307,-9.7971,0.0735,0.0001,-0.0230,-7.0058,32.4170,23.3346,31.5566
7.5456,0.1689,1.0811,-9.7808,0.0841,-0.1883,-0.0265,-7.0023,32.0468,22.9330,31.5664
7.5531,0.1165,1.1045,-9.7632,-0.0973,-0.0679,0.0337,-7.0023,32.0468,22.9330,31.5918
7.5766,0.0683,1.1010,-9.7917,0.0911,-0.0823,0.0201,-8.0355,32.0172,23.7694,31.5684
7.5924,0.1126,1.0984,-9.7779,0.0264,0.0507,0.0345,-7.9957,32.8243,21.7049,31.6230
7.6163,0.1068,1.1077,-9.7829,0.0822,0.0576,0.0938,-6.6549,32.0597,22.5160,31.5488
7.6351,0.1788,1.1254,-9.7936,0.0693,0.2225,0.0028,-7.0013,32.0462,22.9296,31.6523
7.6565,0.1770,1.1119,-9.7880,0.0301,-0.0463,-0.0265,-6.6751,31.2820,23.3534,31.5703
7.6721,0.1521,1.1349,-9.7833,0.0229,-0.0679,-0.0277,-7.6849,31.6602,22.9506,31.6133
7.6963,0.1227,1.1078,-9.7831,0.0083,-0.0532,-0.0265,-6.9920,31.6872,22.1234,31.5840
7.7120,0.0805,1.1233,-9.7783,0.0852,-0.0380,-0.0564,-7.6634,33.1853,22.4994,31.5449
7.7378,0.0994,1.1120,-9.7942,0.0230,0.0249,0.0345,-7.3475,32.0329,23.3431,31.6426
7.7524,0.1177,1.1107,-9.7988,0.0541,0.0230,0.0345,-6.6644,32.4199,23.3253,31.5996
7.7764,0.1809,1.1482,-9.7704,-0.0087,0.0541,-0.0582,-7.0164,33.1445,24.5363,31.5605
7.7921,0.1774,1.1192,-9.7751,0.0230,0.0541,0.0345,-7.3404,32.7912,23.3253,31.6367
7.8164,0.1506,1.1120,-9.7756,0.0230,-0.1288,-0.0265,-8.3590,31.6643,22.5582,31.6172
7.8399,0.1186,1.1260,-9.7997,0.0529,-0.1587,0.0046,-7.6710,33.1780,22.9171,31.6035
7.8563,0.1154,1.1104,-9.8027,-0.0380,-0.0069,0.0346,-7.0063,32.4168,23.3342,31.6133
7.8723,0.1542,1.0377,-9.7859,0.0230,0.0541,-0.0264,-8.0327,31.6473,23.3672,31.5938
7.8962,0.1259,1.1347,-9.7651,-0.0704,0.1151,-0.0575,-6.9956,32.8055,22.9138,31.5762
7.9121,0.2219,1.1349,-9.7078,0.0229,0.0541,-0.0264,-7.3203,32.4529,21.7058,31.5938
7.9436,0.1107,1.1793,-9.8491,-0.0381,-0.0069,0.0346,-7.6968,32.3873,24.1511,31.6250
7.9446,-0.0004,1.2237,-9.9905,-0.0992,-0.0680,0.0956,-8.0732,32.3216,26.5965,31.6562
7.9521,0.0865,1.1468,-9.9063,-0.3432,-0.1290,0.0346,-7.0517,31.2152,25.7947,31.6484
7.9763,-0.0304,1.1369,-9.9414,-0.3432,-0.1290,0.0956,-7.7119,32.7357,25.3613,31.6289
8.0004,-0.0563,1.1659,-9.8342,-0.2211,0.0540,0.0346,-6.7119,32.7176,26.5733,31.5898
8.0163,-0.0101,1.1680,-9.9315,-0.1601,0.0540,0.1566,-7.3857,31.9715,25.7847,31.5742
8.0447,-0.0149,1.2235,-9.9111,0.0839,-0.0070,0.1566,-7.0456,32.7244,26.1712,31.6172
8.0563,0.0132,1.1926,-9.9548,-0.0991,-0.0070,0.0346,-8.3962,32.3506,25.3850,31.6191
8.0801,0.0561,1.1431,-9.8641,0.0229,-0.1290,0.0346,-8.4087,31.5811,25.8084,31.5898
8.0963,-0.0143,1.1493,-9.9042,-0.0381,-0.1900,-0.0264,-7.7305,31.9564,26.1919,31.6250
8.1202,0.0437,1.1273,-9.9398,0.0230,-0.1900,0.0346,-7.7214,32.3465,25.7781,31.6367
8.1363,-0.0149,1.1381,-9.9491,0.0230,-0.1900,0.0957,-7.7283,31.5882,25.7968,31.6211
8.1601,0.0377,1.0853,-9.9195,-0.0990,-0.1290,0.0957,-8.0623,32.3440,25.7871,31.6172
8.1762,0.0832,1.0742,-9.8887,-0.0990,-0.1290,-0.0873,-7.3758,32.3610,25.3677,31.6328
8.2005,0.1222,1.0884,-9.9177,-0.0990,-0.1290,0.0348,-7.3654,32.7495,24.9475,31.6133
8.2161,0.0685,1.1515,-9.9822,0.0230,-0.1290,0.0348,-8.0709,32.7022,26.5901,31.5957
8.2494,0.0939,1.1964,-9.9039,-0.0991,-0.0071,0.0957,-7.7125,32.7368,25.3645,31.6250
8.2564,-0.0088,1.1989,-9.9384,-0.0380,-0.1901,0.0957,-8.3913,32.7281,25.3699,31.6289
8.2807,0.1175,1.2284,-9.8615,-0.1600,0.0540,-0.0263,-8.0553,32.3534,25.3765,31.6094
8.2961,-0.0301,1.2339,-9.9938,-0.1600,-0.0680,0.0958,-8.4213,31.5614,26.6246,31.5859
8.3202,0.0890,1.2003,-9.9087,-0.2820,0.0540,-0.0263,-7.7201,33.0946,26.1646,31.6406
8.3361,-0.0362,1.2067,-9.9288,0.0229,-0.0680,0.0958,-8.0575,32.7220,25.7720,31.5820
8.3603,0.0010,1.1862,-9.8220,-0.0377,-0.0681,0.1565,-7.3710,32.7390,25.3526,31.6484
8.3761,0.0154,1.1700,-9.9476,0.1449,-0.1290,0.0957,-7.7174,33.4748,26.1583,31.6016
8.4002,-0.0321,1.1941,-9.9430,-0.0381,-0.0680,0.0347,-7.0480,32.3449,26.1778,31.6738
8.4162,0.0214,1.1130,-9.9489,0.1441,-0.1286,-0.0263,-7.3903,31.9604,26.1865,31.6016
8.4408,-0.0051,1.1204,-9.8789,-0.0382,-0.0681,0.0347,-8.0543,32.3530,25.3735,31.6152
8.4642,0.1078,1.0615,-9.7798,0.0230,-0.0069,-0.0264,-6.6502,33.1854,22.8892,31.5918
8.4805,0.1725,1.0584,-9.8081,0.0836,0.0541,-0.0264,-7.3450,32.4120,23.3335,31.5996
8.4961,0.0890,1.1241,-9.8381,0.0234,-0.0067,-0.0264,-6.9922,32.4356,22.5122,31.5410
8.5205,0.1911,1.1166,-9.7221,0.0823,-0.0061,0.0346,-6.6802,32.7678,24.5357,31.5742
8.5576,0.1092,1.1666,-9.7474,0.0222,-0.1883,0.0346,-7.3609,32.0125,24.1582,31.6055
8.5611,0.1497,1.1665,-9.7523,0.0222,-0.0078,-0.0256,-7.3379,33.1697,23.3145,31.5566
8.5843,0.1357,1.1455,-9.8326,0.0230,0.0533,0.0354,-7.3553,32.0232,23.7535,31.5684
8.6002,0.1351,1.1784,-9.7795,-0.0939,-0.0069,-0.0264,-6.9851,32.4444,22.1011,31.5605
8.6242,0.1443,1.1225,-9.7727,-0.0363,-0.0069,0.0337,-8.0271,32.0237,23.3482,31.5234
8.6402,0.1268,1.1630,-9.7556,0.0805,-0.0069,0.0240,-6.3338,32.0327,23.7332,31.5820
8.6644,0.1364,1.1291,-9.8083,0.1450,-0.0078,-0.0247,-7.6736,32.7959,22.9158,31.5508
8.6804,0.1267,1.1133,-9.7672,0.0238,-0.0086,0.0337,-6.3191,32.7996,23.3001,31.6035
8.7042,0.1051,1.1181,-9.7775,0.0624,0.0002,-0.0336,-7.3601,32.0125,24.1580,31.5664
8.7205,0.1307,1.0916,-9.7461,0.1415,-0.0645,-0.0264,-6.9998,33.5427,23.7071,31.5742
8.7442,0.1133,1.0919,-9.8030,0.0839,0.0524,-0.0247,-7.3343,32.8010,22.9161,31.5840
8.7619,0.1623,1.0954,-9.8132,0.0376,-0.0386,0.0346,-7.3399,32.7901,23.3206,31.5566
8.7848,0.1236,1.0750,-9.7950,-0.0847,-0.0069,0.0274,-7.3412,32.0425,22.9346,31.5781
8.8001,0.1399,1.1383,-9.7678,0.0528,-0.0069,0.0035,-7.3461,32.0306,23.3360,31.5781
8.8242,0.1192,1.1011,-9.7808,0.1010,-0.0069,0.0200,-7.6903,32.3981,23.7466,31.5625
8.8402,0.1270,1.1211,-9.7768,0.0528,-0.0081,0.0358,-7.3322,33.5475,23.2986,31.5527
8.8642,0.1168,1.1624,-9.7908,0.1156,0.0248,-0.0118,-7.3455,33.5283,24.1175,31.5742
8.8801,0.1414,1.1299,-9.7709,-0.0680,-0.0380,0.0035,-7.0081,32.4023,23.7254,31.5703
8.9041,0.1486,1.1675,-9.7512,0.0692,-0.0533,0.0663,-8.7044,32.3969,23.3533,31.5645
8.9201,0.1367,1.1652,-9.7568,0.1449,-0.0679,0.0346,-6.6497,33.1860,22.8919,31.5762
8.9443,0.1404,1.1611,-9.7912,0.0839,-0.0069,-0.0264,-6.6629,32.4174,23.3184,31.5938
8.9663,0.1214,1.1340,-9.7664,0.0540,-0.0679,0.0047,-7.0059,33.5327,24.1148,31.5566
8.9929,0.1206,1.1101,-9.7565,0.0839,-0.0679,0.0346,-7.3438,32.4116,23.3330,31.5664
9.0112,0.1445,1.1130,-9.7536,0.0229,0.0541,0.0956,-7.6924,32.7663,24.1416,31.5957
9.0261,0.1279,1.0831,-9.8196,0.0241,0.0242,-0.0264,-7.3242,32.4409,22.1065,31.5820
9.0401,0.1507,1.0851,-9.8092,-0.0381,0.0541,0.0346,-6.3325,32.0317,23.7295,31.5684
9.0689,0.1183,1.0916,-9.7689,-0.0380,-0.0680,-0.0264,-7.6786,33.1668,23.3209,31.5820
9.0801,0.1325,1.0813,-9.7416,-0.0380,-0.0069,0.0346,-7.3573,33.1400,24.5386,31.5918
9.1043,0.1314,1.1042,-9.7707,-0.0380,0.0541,-0.0264,-6.9982,33.1737,23.3091,31.5508
9.1202,0.1298,1.1074,-9.8199,0.0230,-0.0069,0.0346,-7.3439,33.1593,23.7195,31.5918
9.1447,0.1416,1.1234,-9.7869,-0.1600,-0.0069,0.0346,-6.6588,32.4288,22.9144,31.5625
9.1712,0.1153,1.1234,-9.7684,-0.0380,-0.0069,-0.0264,-7.6764,32.7987,22.9257,31.5605
9.1843,0.1487,1.1378,-9.7816,0.1451,-0.0069,-0.0264,-7.6974,32.3873,24.1522,31.5625
9.2082,0.1362,1.1593,-9.7846,0.1451,-0.0680,0.0346,-8.0333,32.7620,24.1454,31.5371
9.2242,0.1398,1.1361,-9.7940,0.0231,-0.0680,0.0346,-6.3331,32.0311,23.7272,31.5586
9.2487,0.1249,1.1384,-9.7904,-0.0989,0.0541,0.0346,-7.0113,32.4051,23.7360,31.5957
9.2737,0.1194,1.1418,-9.7614,0.0841,-0.0680,-0.0264,-7.3312,32.4301,22.5124,31.5801
9.2882,0.1076,1.1246,-9.7956,0.0841,-0.0069,0.0346,-6.9847,33.1928,22.4910,31.5840
9.3041,0.1524,1.0941,-9.8081,0.0231,-0.0069,-0.0264,-7.3612,32.0121,24.1589,31.5664
9.3282,0.1482,1.0805,-9.8079,0.0231,-0.1290,-0.0264,-7.0042,32.4140,23.3249,31.5566
9.3442,0.1132,1.0665,-9.7623,-0.0990,-0.0680,-0.0875,-8.0150,32.0436,22.5334,31.5820
9.3760,0.1227,1.0904,-9.7790,0.1450,0.0540,0.0346,-6.9964,32.8048,22.9143,31.6289
9.3843,0.1422,1.0666,-9.8055,-0.0990,0.0541,-0.0264,-7.0055,32.4147,23.3284,31.5684
9.4083,0.1122,1.1022,-9.7829,-0.0380,-0.0068,-0.0264,-7.6920,32.3977,23.7478,31.6113
9.4241,0.1581,1.1177,-9.7545,-0.0990,0.0541,-0.0264,-7.0089,32.0354,23.3376,31.5664
9.4483,0.1316,1.1120,-9.7861,-0.0380,-0.0069,-0.0875,-6.9831,32.8240,22.0955,31.5352
9.4649,0.1250,1.1418,-9.7853,0.0230,-0.0679,0.0346,-6.9992,32.4246,22.9202,31.5293
9.4884,0.1276,1.1056,-9.8061,-0.0380,-0.0070,0.0346,-8.0294,32.7742,23.7473,31.5332
9.5041,0.1309,1.1437,-9.7910,0.0230,-0.0069,0.0346,-7.3517,32.4009,23.7417,31.5547
9.5283,0.1462,1.1123,-9.7781,-0.0379,-0.0069,0.0346,-7.7003,32.7556,24.5503,31.5566
9.5609,0.1386,1.1156,-9.7642,0.0231,-0.0678,0.0345,-7.3293,32.0613,22.1167,31.5547
9.5686,0.1379,1.1151,-9.7930,0.0231,-0.0678,-0.0264,-7.6903,32.0303,23.3550,31.5547
9.5926,0.1286,1.0744,-9.7909,0.0840,-0.0678,0.0345,-7.0043,31.6646,22.9322,31.5840
9.6084,0.1133,1.0732,-9.7666,-0.0379,0.0540,0.0347,-7.3297,32.0623,22.1192,31.6055
9.6242,0.1340,1.0840,-9.8014,0.1449,-0.0069,-0.0264,-7.3467,32.7786,23.7256,31.5957
9.6481,0.1292,1.0831,-9.7779,0.0230,0.0541,-0.0265,-7.7014,32.0086,24.1643,31.5352
9.6726,0.1259,1.0975,-9.8036,-0.0983,0.0537,-0.0256,-6.6515,33.1872,22.8955,31.5234
9.6885,0.1337,1.1056,-9.7788,0.0823,-0.0671,0.0329,-8.0353,32.0154,23.7622,31.5840
9.7122,0.1415,1.1214,-9.7657,-0.0974,-0.0069,0.0346,-7.3361,32.0525,22.5268,31.5957
9.7283,0.1221,1.1152,-9.7752,0.0195,0.0524,0.0363,-7.0063,30.9187,22.5490,31.5742
9.7521,0.1313,1.1308,-9.7965,-0.0991,-0.0663,0.0337,-6.9833,32.0759,21.7052,31.6016
9.7683,0.1174,1.1534,-9.7749,0.0299,-0.0644,0.0311,-7.3444,32.4104,23.3292,31.5762
9.7924,0.1268,1.1311,-9.7835,0.0814,0.0524,-0.0264,-7.0085,32.0356,23.3359,31.5547
9.8082,0.1374,1.1383,-9.7772,0.1441,-0.0069,-0.0264,-5.9889,32.0469,23.3216,31.5605
9.8322,0.1331,1.1235,-9.8037,0.0839,-0.0069,0.0274,-6.6540,33.1894,22.9037,31.5527
9.8482,0.1372,1.1065,-9.8164,0.0263,-0.0087,-0.0230,-7.3425,32.7915,23.3263,31.5781
9.8723,0.1247,1.0987,-9.7793,0.0228,-0.0069,-0.0264,-6.9946,32.8032,22.9063,31.5977
9.8882,0.1260,1.0941,-9.7892,0.0082,-0.0216,-0.0118,-7.6952,32.0185,23.7555,31.5488
9.9123,0.1418,1.1008,-9.7851,-0.0238,-0.0069,0.0274,-7.6987,31.6394,23.7648,31.5859
9.9283,0.1252,1.0925,-9.7881,0.0539,0.0242,-0.0264,-6.6753,32.0290,23.7380,31.5781
9.9523,0.1383,1.0830,-9.7866,0.0228,0.0541,-0.0264,-7.3457,32.4114,23.3324,31.5469
9.9681,0.1317,1.1026,-9.7874,0.0838,0.0242,0.0035,-7.3652,32.3820,24.5590,31.5781
9.9924,0.1516,1.0975,-9.7673,0.0228,-0.0216,-0.0264,-8.3628,32.0310,22.9487,31.5566
10.0084,0.1243,1.1145,-9.7672,0.0240,-0.0380,-0.0563,-7.3403,32.4223,22.9281,31.5742
10.0323,0.1265,1.1293,-9.7746,-0.0382,0.0077,-0.0264,-7.3529,32.4022,23.7440,31.5391
10.0483,0.1272,1.1306,-9.7726,-0.0382,-0.0679,-0.0264,-6.6791,31.6497,23.7478,31.5352
10.0723,0.1260,1.1462,-9.7792,0.0228,-0.0069,0.0346,-7.3476,31.6639,22.9470,31.5234
10.0929,0.1428,1.1298,-9.7688,0.0216,-0.0381,0.0346,-7.0004,32.4256,22.9225,31.5820
10.1124,0.1200,1.1371,-9.7637,-0.0382,-0.0680,0.0346,-6.9920,32.8167,22.5114,31.5781
10.1282,0.1344,1.1299,-9.7708,0.0228,-0.0070,0.0346,-7.0151,32.0242,23.7408,31.5430
10.1529,0.1324,1.1147,-9.7814,0.0228,-0.0070,-0.0264,-8.3666,32.4007,23.3502,31.5801
10.1682,0.1331,1.1161,-9.7601,-0.0382,-0.0680,0.0346,-6.9965,32.0555,22.5206,31.5918
10.1951,0.1457,1.1131,-9.7667,0.1448,-0.0070,0.0346,-7.0069,31.6670,22.9408,31.5527
10.2083,0.1082,1.0881,-9.7771,-0.0382,-0.0070,-0.0264,-7.3402,31.6728,22.5358,31.5469
10.2321,0.1494,1.0803,-9.7855,-0.0382,0.0541,-0.0264,-7.3390,33.1698,23.3141,31.5781
10.2482,0.1350,1.1023,-9.7506,0.0228,-0.0069,-0.0264,-8.0333,33.5102,24.5328,31.5547
10.2723,0.1374,1.0820,-9.7772,0.0840,-0.0069,0.0346,-7.3515,32.4015,23.7416,31.5898
10.2976,0.1255,1.1031,-9.7855,-0.0380,-0.0680,-0.0264,-8.0156,32.7941,22.9281,31.5723
10.3127,0.1129,1.1072,-9.7790,-0.0380,-0.0069,0.0346,-8.3654,32.4012,23.3510,31.5586
10.3283,0.1338,1.1282,-9.7736,0.0840,-0.0069,0.0346,-6.9846,33.9413,22.8793,31.5254
10.3521,0.1140,1.1203,-9.7612,-0.0380,-0.0069,-0.0264,-7.3213,33.5677,22.4836,31.5332
10.3763,0.1505,1.1407,-9.7781,0.2060,-0.0069,0.0346,-7.3477,32.7802,23.7287,31.5215
10.4006,0.1195,1.1372,-9.7731,0.0231,-0.0680,0.0956,-7.0013,32.0443,22.9230,31.5312
10.4162,0.1368,1.1186,-9.7862,0.0231,-0.0069,0.0346,-7.6912,32.3973,23.7438,31.5469
10.4322,0.1410,1.1018,-9.7784,-0.0990,-0.1290,0.0346,-7.3575,32.3907,24.1457,31.5469
10.4563,0.1190,1.0971,-9.7772,0.0840,-0.0070,-0.0264,-7.0047,32.4143,23.3244,31.5332
10.4722,0.1357,1.1162,-9.8074,0.0230,-0.0070,0.0346,-8.0350,32.0147,23.7589,31.4824
10.5023,0.1368,1.0999,-9.7740,0.0230,0.1150,0.0346,-7.0067,32.7827,23.7195,31.5273
10.5122,0.1433,1.0916,-9.7642,-0.0379,-0.0070,0.0346,-8.0272,32.7733,23.7403,31.5195
10.5364,0.1233,1.1176,-9.7688,0.0231,-0.0680,0.0345,-7.3470,32.0311,23.3365,31.5781
10.5688,0.1481,1.1060,-9.7903,0.0231,-0.0070,-0.0264,-7.6710,32.4271,22.5176,31.5293
10.5766,0.1344,1.1401,-9.7934,0.0231,-0.0680,-0.0264,-7.0137,32.7748,24.1338,31.5723
10.6048,0.1344,1.1281,-9.7762,-0.0990,-0.0070,-0.0874,-7.3463,32.7796,23.7254,31.5469
10.6164,0.1349,1.1520,-9.7544,-0.0380,-0.0680,0.0346,-7.6871,32.0276,23.3423,31.5234
10.6402,0.1321,1.1210,-9.7909,0.0231,-0.0070,-0.0264,-7.3443,32.4112,23.3304,31.5645
10.6562,0.1475,1.1390,-9.7952,0.0231,-0.0070,-0.0264,-8.0274,32.7735,23.7405,31.5918
10.6803,0.1450,1.1311,-9.7692,0.0231,-0.0070,0.0346,-7.3253,32.4414,22.1077,31.5566
10.6965,0.1511,1.1347,-9.7703,0.0841,-0.0070,0.0346,-7.3309,32.4304,22.5122,31.5469
10.7208,0.1236,1.1323,-9.7674,0.0231,-0.0680,0.0346,-6.9908,33.1834,22.8985,31.5449
10.7364,0.1410,1.1214,-9.7950,-0.0379,-0.0680,-0.0264,-6.3170,32.4309,22.9023,31.5332
10.7603,0.1196,1.1081,-9.7902,0.0842,-0.0070,0.0346,-7.3531,32.7696,24.1338,31.5547
10.7763,0.1426,1.0990,-9.7723,0.0231,0.0540,-0.0873,-6.6739,32.0288,23.7363,31.5547
10.8097,0.1352,1.0994,-9.7857,-0.0379,-0.0070,-0.0264,-7.6807,32.7862,23.3242,31.5293
10.8190,0.1428,1.0916,-9.7927,-0.0378,-0.0070,0.0347,-7.6786,32.4180,22.9290,31.5645
10.8402,0.1280,1.0953,-9.7760,0.0230,-0.0069,-0.0262,-8.0221,32.0354,22.9441,31.5195
10.8563,0.1161,1.1113,-9.7899,0.0232,-0.0070,0.0345,-7.3512,32.4014,23.7386,31.5391
10.8802,0.1308,1.0935,-9.7862,-0.0379,-0.0070,-0.0263,-7.6715,32.4265,22.5176,31.5742
10.8964,0.1297,1.0972,-9.7772,-0.0380,-0.0068,0.0954,-6.6657,34.2829,24.4922,31.5488
10.9719,0.1285,1.1323,-9.7780,0.0229,-0.0069,0.0346,-6.9818,33.5725,22.4824,31.5254
10.9722,0.1482,1.1298,-9.7734,-0.0379,-0.0069,0.0345,-7.3476,32.0314,23.3379,31.5176
10.9727,0.1312,1.1154,-9.7927,0.1446,-0.0071,0.0346,-7.3580,31.6430,23.7580,31.5352
10.9767,0.1335,1.1248,-9.7624,-0.0376,-0.0680,0.0346,-7.3511,32.4013,23.7394,31.5195
11.0010,0.1360,1.1396,-9.7811,-0.0372,-0.0680,0.0346,-7.3426,32.0432,22.9362,31.5371
11.0161,0.1235,1.1186,-9.7933,0.0840,-0.0061,-0.0866,-6.6610,32.7976,23.3104,31.5254
11.0403,0.1252,1.1074,-9.7680,0.1442,-0.0069,0.0346,-6.6742,32.7783,24.1293,31.5352
11.0562,0.1310,1.0804,-9.7848,0.0248,-0.0069,0.0922,-6.6855,32.7563,24.9379,31.5410
11.0807,0.1364,1.1080,-9.7811,0.0836,-0.0069,-0.0260,-8.0214,32.7838,23.3334,31.5547
11.0965,0.1412,1.1118,-9.8010,0.0230,-0.0069,0.0329,-6.9921,32.4351,22.5097,31.5586
11.1203,0.1256,1.1045,-9.7896,-0.0346,-0.0662,0.0346,-6.9685,33.5924,21.6630,31.5566
11.1363,0.1263,1.1015,-9.7818,0.0195,-0.0069,-0.0264,-7.6677,33.5553,22.8973,31.5391
11.1605,0.1397,1.0810,-9.7689,0.0230,-0.0052,0.0312,-6.9978,32.4244,22.9137,31.5625
11.1843,0.1469,1.1148,-9.7871,0.0230,0.0541,0.0311,-7.6741,32.7957,22.9129,31.5176
11.2004,0.1502,1.1010,-9.8087,0.0823,-0.0061,0.0338,-6.9861,32.4454,22.1014,31.5508
11.2243,0.1259,1.1256,-9.7910,-0.0310,-0.0645,-0.0804,-6.6746,32.0294,23.7361,31.5703
11.2403,0.1333,1.1206,-9.7817,0.0768,0.0469,0.0275,-7.6746,32.0475,22.5242,31.5820
11.2643,0.1358,1.1379,-9.7888,0.0230,-0.0070,0.0419,-6.6590,32.4288,22.9112,31.5469
11.2802,0.1294,1.1285,-9.7813,0.0805,0.0505,-0.0228,-6.6521,33.1871,22.8925,31.5527
11.3043,0.1312,1.1223,-9.7876,-0.0165,0.0002,0.0885,-7.3400,32.4225,22.9260,31.5352
11.3218,0.1360,1.1130,-9.7873,0.0770,-0.0070,-0.0228,-8.3635,32.7813,23.3420,31.5801
11.3447,0.1283,1.1148,-9.7897,0.0230,-0.0680,0.0810,-7.7033,32.3761,24.5529,31.5254
11.3602,0.1249,1.0976,-9.7777,0.0230,-0.0070,0.0493,-7.3505,32.0340,23.3469,31.5273
11.3842,0.1112,1.0989,-9.7890,0.1450,-0.0070,0.0347,-7.3290,32.8099,22.5031,31.5176
11.4003,0.1189,1.0911,-9.7843,0.0840,-0.0070,-0.0263,-7.6921,32.3980,23.7443,31.5859
11.4243,0.1332,1.1012,-9.7707,0.0230,-0.0070,0.0347,-7.3366,32.8018,22.9167,31.5410
11.4403,0.1524,1.0977,-9.7968,0.0840,-0.0070,-0.0264,-7.6906,31.2813,22.9598,31.5508
11.4645,0.1338,1.0988,-9.7695,-0.0380,-0.0070,0.0347,-6.9865,32.4454,22.1014,31.5410
11.4882,0.1319,1.1225,-9.7776,0.0083,0.0395,-0.0264,-7.7072,31.9977,24.5693,31.5332
11.5043,0.1403,1.1455,-9.7757,0.0230,-0.0069,-0.0264,-7.3431,32.0432,22.9384,31.5703
11.5263,0.1392,1.1288,-9.7886,0.0840,-0.0069,0.0346,-7.6820,32.0379,22.9380,31.5156
11.5447,0.1386,1.1420,-9.7875,-0.0380,-0.0069,0.0346,-7.0023,32.0457,22.9294,31.5137
11.5704,0.1284,1.1078,-9.7754,0.0230,-0.0069,0.0346,-6.6559,32.8084,22.9081,31.5586
11.5845,0.1326,1.1216,-9.7874,-0.0380,0.0541,0.0956,-7.0087,32.0355,23.3373,31.5059
11.6004,0.1380,1.1276,-9.7845,0.0230,-0.0069,-0.0874,-7.3461,32.4122,23.3370,31.5586
11.6291,0.1268,1.1115,-9.7980,0.0230,-0.0679,0.0346,-6.6683,32.0389,23.3314,31.5352
11.6483,0.1350,1.1186,-9.7827,-0.0380,-0.0069,0.0346,-8.0287,32.7733,23.7438,31.5332
11.6644,0.1201,1.1198,-9.7796,0.0231,-0.0069,0.0346,-7.0072,32.4171,23.3373,31.5254
11.6803,0.1249,1.1217,-9.7897,0.0231,0.0541,0.0346,-7.6810,32.0365,22.9347,31.5352
11.7042,0.1303,1.0912,-9.7919,0.1451,-0.0069,-0.0264,-8.0323,31.6456,23.3639,31.5840
11.7209,0.1446,1.0936,-9.7974,0.0841,-0.0069,-0.0264,-7.6776,33.1651,23.3176,31.5859
11.7446,0.1243,1.1066,-9.7725,-0.0379,-0.0069,0.0346,-7.6622,32.8162,22.1037,31.5430
11.7683,0.1470,1.1090,-9.7790,0.0231,0.0541,-0.0874,-7.3458,31.6629,22.9445,31.5449
11.7847,0.1082,1.1084,-9.7696,0.0231,-0.0069,0.0956,-7.3249,32.4398,22.1042,31.5078
11.8086,0.1268,1.1181,-9.8037,0.0231,-0.0069,0.0956,-8.0344,32.0142,23.7594,31.5605
11.8338,0.1230,1.1063,-9.7849,-0.0380,-0.0069,0.0346,-6.6496,32.8184,22.5007,31.5781
11.8484,0.1409,1.1299,-9.7712,0.0840,0.0541,-0.0264,-6.3235,32.4198,23.3102,31.5586
11.8645,0.1427,1.1306,-9.7786,0.0231,-0.0069,0.0346,-7.3537,32.7694,24.1369,31.5684
11.8883,0.1297,1.1252,-9.7950,0.0231,0.0541,-0.0264,-7.3481,32.7803,23.7323,31.5645
11.9051,0.1337,1.1120,-9.7534,0.0231,-0.0068,-0.0264,-7.3328,33.1807,22.9106,31.5508
11.9361,0.1279,1.1062,-9.7983,0.0231,-0.0680,0.0345,-7.0115,32.4049,23.7358,31.5449
11.9443,0.1268,1.0993,-9.7817,0.0841,0.0541,0.0345,-6.6748,32.0291,23.7393,31.5684
11.9691,0.1312,1.1119,-9.7626,0.0231,-0.0069,0.0345,-7.6724,33.1766,22.9131,31.5742
11.9847,0.1421,1.1148,-9.8129,0.0230,-0.0069,0.0346,-8.3618,32.7794,23.3386,31.5508
12.0092,0.1424,1.0992,-9.7965,0.0231,-0.0681,0.0346,-8.0356,32.0152,23.7625,31.5312
12.0249,0.1185,1.1057,-9.7893,0.0233,-0.0068,-0.0873,-6.6792,31.6507,23.7517,31.5449
12.0484,0.1100,1.1211,-9.7968,0.0231,-0.0069,-0.0264,-7.3520,31.6521,23.3491,31.5039
12.0644,0.1272,1.1129,-9.7875,0.0231,-0.0068,-0.0264,-7.3612,32.0112,24.1553,31.5508
12.0884,0.1404,1.1312,-9.7927,0.0838,-0.0067,-0.0264,-7.6729,32.4283,22.5237,31.5723
12.0967,0.1404,1.1312,-9.7927,0.0838,-0.0067,-0.0264,-7.6729,32.4283,22.5237,31.5723
12.1043,0.1376,1.1395,-9.7809,0.0228,-0.0067,0.0346,-7.6904,32.3963,23.7405,31.5293
12.1284,0.1457,1.1324,-9.7970,-0.0372,-0.0069,-0.0264,-7.6675,33.5535,22.8973,31.5547
12.1445,0.1239,1.1198,-9.7718,-0.1584,-0.0061,0.0346,-7.6848,32.4070,23.3362,31.5449
12.1691,0.1512,1.1151,-9.8007,-0.0372,-0.0086,-0.0256,-6.9988,32.4249,22.9200,31.5645
12.1846,0.1245,1.1394,-9.7950,0.0840,-0.0069,-0.0875,-7.0009,32.7930,23.3152,31.5762
12.2083,0.1307,1.1057,-9.7813,0.0226,-0.0679,0.0952,-7.6631,32.8173,22.1072,31.5430
12.2243,0.1274,1.0916,-9.7757,0.0196,0.0524,-0.0230,-8.0088,32.8028,22.5179,31.5762
12.2485,0.1254,1.1044,-9.8064,0.0230,-0.0069,-0.1468,-8.0157,32.7937,22.9287,31.5273
12.2641,0.1213,1.1040,-9.8091,0.0840,-0.0644,0.0311,-8.0359,32.0158,23.7661,31.5781
12.2883,0.1403,1.1076,-9.7873,0.0806,-0.0662,-0.0264,-6.6541,32.8064,22.9024,31.5703
12.3042,0.1185,1.0991,-9.7848,-0.0310,-0.0069,0.0346,-7.3387,32.4211,22.9265,31.5352
12.3283,0.1217,1.1030,-9.7826,0.0221,-0.0671,0.0346,-7.6719,32.4268,22.5215,31.5625
12.3524,0.1357,1.1075,-9.7967,-0.0345,-0.0069,-0.0194,-8.0122,33.1724,22.9194,31.5527
12.3685,0.1293,1.1180,-9.7752,-0.0381,-0.0069,-0.0193,-6.6480,32.8162,22.4946,31.5566
12.3923,0.1209,1.1362,-9.7826,-0.0309,0.0398,-0.0336,-6.6549,32.8071,22.9055,31.5352
12.4084,0.1381,1.1236,-9.8001,0.0547,0.0858,0.0346,-6.9882,32.8128,22.5005,31.5645
12.4323,0.1421,1.1306,-9.7943,0.0523,-0.0532,-0.0582,-7.3422,32.0418,22.9358,31.5918
12.4495,0.1275,1.1205,-9.7875,0.0547,-0.0068,0.0199,-7.0089,32.0361,23.3408,31.5566
12.4724,0.1428,1.1348,-9.7881,0.0230,-0.0068,0.0346,-7.3393,31.6725,22.5371,31.5508
12.4885,0.1197,1.1111,-9.7938,-0.0234,-0.0532,-0.0728,-7.3624,32.0131,24.1650,31.5605
12.5122,0.1171,1.1276,-9.7761,0.0230,-0.0068,-0.0264,-7.6768,32.7983,22.9287,31.6035
12.5282,0.1291,1.0947,-9.7760,0.0230,-0.0679,-0.0264,-7.3514,32.4006,23.7417,31.5801
12.5526,0.1464,1.1115,-9.7921,0.0840,-0.0679,-0.0264,-6.9883,32.8127,22.5005,31.5527
12.5770,0.1178,1.0912,-9.8038,0.0230,-0.0679,-0.0264,-6.3233,32.4194,23.3105,31.5547
12.5924,0.1333,1.1098,-9.8028,-0.0380,-0.0679,-0.0264,-7.0015,32.0441,22.9270,31.5742
12.6083,0.1267,1.1158,-9.7884,0.0230,-0.0215,-0.0118,-8.3687,32.7697,23.7502,31.5801
12.6323,0.1428,1.1025,-9.7879,-0.0380,-0.0068,-0.0875,-8.3952,31.9821,24.9954,31.5918
12.6529,0.1404,1.1174,-9.7827,0.0230,0.0542,-0.0265,-7.6696,32.8068,22.5149,31.5879
12.6724,0.1285,1.1463,-9.8035,0.0230,-0.0068,-0.0265,-8.0063,33.1825,22.5114,31.5781
12.6963,0.1224,1.1354,-9.7732,0.0230,-0.0069,-0.0264,-7.6918,32.3980,23.7474,31.5996
12.7133,0.1327,1.1409,-9.8046,0.0230,-0.0069,0.0956,-6.9921,32.4343,22.5092,31.5801
12.7283,0.1368,1.1253,-9.7975,-0.0380,0.0541,-0.0264,-7.6918,32.3980,23.7474,31.5996
12.7552,0.1303,1.1194,-9.8069,-0.0380,-0.0069,-0.0264,-6.9989,32.4251,22.9203,31.5586
12.7684,0.1285,1.1199,-9.7933,0.0230,-0.0069,-0.0264,-7.6698,32.0591,22.1259,31.5547
12.7926,0.1399,1.1038,-9.7980,0.0840,-0.0069,0.0346,-6.3349,32.0326,23.7333,31.6016
12.8083,0.1493,1.1222,-9.7963,0.0840,-0.0069,0.0956,-5.9718,33.1938,22.8837,31.5723
12.8324,0.1267,1.1180,-9.7849,0.0230,0.0541,-0.0264,-6.9923,33.1843,22.9043,31.5840
12.8577,0.1261,1.1240,-9.7962,-0.0380,-0.0679,-0.0264,-7.0160,32.7766,24.1436,31.5801
12.8724,0.1303,1.1115,-9.7915,0.0230,-0.0679,-0.0264,-7.0090,32.7858,23.7324,31.5879
12.8965,0.1291,1.0989,-9.7837,-0.0380,-0.0069,0.0956,-7.0063,32.7822,23.7195,31.5781
12.9124,0.1226,1.1224,-9.8098,0.0230,0.0541,-0.0264,-7.3408,33.5390,23.7131,31.5684
12.9364,0.1362,1.1204,-9.7867,0.0230,-0.0069,0.0346,-7.6765,32.0497,22.5364,31.5469
12.9602,0.1254,1.1384,-9.7791,0.0230,0.0541,-0.0264,-7.6668,33.1884,22.5114,31.5703
12.9765,0.1488,1.1355,-9.8034,-0.0380,-0.0069,-0.0264,-6.3290,32.7927,23.7214,31.5586
12.9923,0.1230,1.1306,-9.7885,0.0840,0.0541,0.0346,-6.6495,32.8185,22.5007,31.5781
13.0166,0.1356,1.1162,-9.7743,0.0840,-0.0679,-0.0264,-6.3248,32.4218,23.3166,31.5371
13.0323,0.1438,1.1269,-9.7727,0.0230,-0.0069,-0.0264,-7.0001,32.4268,22.9267,31.5977
13.0624,0.1345,1.1198,-9.7743,0.0230,-0.0679,0.0346,-7.3355,32.8008,22.9169,31.5547
13.0723,0.1327,1.1495,-9.8024,0.0230,0.0541,-0.0264,-7.3466,32.4134,23.3405,31.5918
13.0965,0.1065,1.1181,-9.8000,0.0230,-0.0679,0.0346,-7.3397,32.4225,22.9294,31.5703
13.1123,0.1287,1.1225,-9.8031,0.0230,-0.0069,0.0346,-7.6715,33.1760,22.9103,31.5938
13.1363,0.1237,1.1104,-9.7963,0.0230,-0.0069,-0.0264,-7.3494,32.0334,23.3466,31.5586
13.1527,0.1292,1.1220,-9.7717,0.0840,-0.0678,0.0345,-8.3651,33.1496,23.7406,31.5898
13.1763,0.1427,1.1192,-9.7820,0.0840,-0.0069,0.0346,-7.3446,33.9094,24.1156,31.6133
13.1924,0.1235,1.1359,-9.7911,0.0231,-0.0068,0.0346,-7.3325,32.4318,22.5189,31.5488
13.2164,0.1359,1.1185,-9.8039,0.1448,-0.0069,0.0346,-7.3213,32.4538,21.7094,31.5742
13.2323,0.1265,1.1241,-9.7804,0.0232,-0.0071,0.0344,-6.9958,32.0561,22.5224,31.5781
13.2675,0.1100,1.1666,-9.7872,0.0840,-0.0078,0.0948,-7.3508,32.4008,23.7392,31.5898
13.2723,0.1137,1.1646,-9.7929,0.0832,-0.0069,0.0355,-7.6804,32.4202,22.9389,31.6094
13.2963,0.0630,1.2011,-9.7826,0.2027,0.0533,0.0337,-8.0097,32.8042,22.5202,31.5742
13.3124,0.1158,1.1440,-9.8000,0.1992,-0.0069,-0.0247,-7.6787,33.1667,23.3205,31.6113
13.3367,0.1676,1.0962,-9.7747,0.0243,0.0545,0.0342,-6.6523,33.1871,22.8952,31.5977
13.3528,0.1318,1.0877,-9.8383,-0.0921,-0.0052,0.0346,-8.0087,32.4366,22.1276,31.5977
13.3765,0.1669,1.1024,-9.8020,0.0823,-0.0052,0.0346,-7.3471,32.4133,23.3396,31.5820
13.3927,0.0961,1.1230,-9.7823,0.0770,-0.0644,-0.0264,-7.6872,31.6604,22.9531,31.5605
13.4164,0.1412,1.1331,-9.7819,0.2009,-0.0662,-0.0840,-7.3422,32.7903,23.3239,31.6035
13.4323,0.1393,1.0726,-9.7908,0.1416,-0.0034,0.0381,-7.0119,33.1538,24.1276,31.6074
13.4564,0.1498,1.1157,-9.8081,-0.0363,0.0549,-0.0255,-6.9958,32.8039,22.9108,31.5684
13.4807,0.1864,1.1114,-9.7661,-0.0310,0.1081,0.0346,-8.0065,32.4345,22.1223,31.5586
13.4965,0.1030,1.1255,-9.7799,0.0159,0.0469,0.0275,-7.6630,32.8171,22.1071,31.5547
13.5203,0.1786,1.1505,-9.7921,0.0769,-0.0069,-0.0264,-7.6818,32.0378,22.9382,31.5605
13.5363,0.1112,1.1301,-9.8075,0.0401,-0.0533,0.0810,-6.3156,32.8117,22.9024,31.6504
13.5609,0.1263,1.1322,-9.8123,0.0231,-0.0533,-0.0264,-6.6633,32.0505,22.9301,31.5449
13.5850,0.1233,1.1118,-9.8075,0.0247,0.0524,0.0948,-6.3276,32.7903,23.7147,31.6191
13.6008,0.1186,1.1232,-9.7582,0.0266,0.0506,-0.0839,-7.6860,32.4082,23.3429,31.5996
13.6090,0.1138,1.1346,-9.7088,0.0284,0.0488,-0.2626,-9.0444,32.0261,22.9711,31.5801
13.6167,0.1245,1.1675,-9.7795,0.0842,-0.0087,-0.0865,-9.0277,33.1736,22.5353,31.5781
13.6404,0.1314,1.1366,-9.7509,0.0842,-0.0087,-0.2034,-9.3776,32.0320,22.5660,31.5859
13.6569,0.1381,1.1205,-9.7493,0.0319,-0.0052,-0.2016,-8.0241,32.0366,22.9537,31.5605
13.6806,0.1312,1.1158,-9.7312,0.0177,-0.1164,-0.1369,-8.0213,32.4167,22.9475,31.5820
13.7046,0.1342,1.1158,-9.7225,0.0266,0.0489,-0.1441,-9.0467,31.6462,22.9773,31.5605
13.7211,0.1173,1.1369,-9.7563,0.0713,0.0377,-0.1588,-9.0439,32.0263,22.9712,31.5879
13.7446,0.1261,1.1278,-9.7302,0.0825,-0.0087,-0.2034,-8.3740,30.8955,22.9875,31.5684
13.7603,0.1362,1.1300,-9.7495,-0.0361,-0.0070,-0.2034,-8.3756,32.7617,24.1643,31.5312
13.7846,0.1251,1.1217,-9.7313,-0.0289,-0.0015,-0.1441,-8.3762,32.0131,23.7751,31.5547
13.8004,0.1295,1.1290,-9.7589,-0.0289,-0.0159,-0.2051,-9.0315,32.0466,22.1550,31.5996
13.8245,0.1052,1.1733,-9.7328,0.0232,-0.0697,-0.2627,-9.0463,32.3947,23.3659,31.5801
13.8403,0.1122,1.1444,-9.7204,0.0241,0.1108,-0.2060,-8.3724,31.6423,23.3697,31.5664
13.8646,0.1226,1.1489,-9.7253,0.0719,0.0488,-0.1511,-8.3710,32.0241,23.3701,31.6016
13.9261,0.1115,1.1376,-9.7325,-0.0291,-0.0052,-0.2051,-9.3739,33.1608,22.9485,31.5547
13.9303,0.1698,1.1098,-9.8046,0.0238,-0.0061,0.0337,-6.6669,32.7868,23.7174,31.5957
13.9314,0.1479,1.1217,-9.7804,-0.0939,-0.0086,-0.0230,-7.3578,32.3916,24.1495,31.5762
13.9444,0.1297,1.1445,-9.7995,0.1306,-0.0679,0.0884,-8.0268,31.6572,22.9600,31.5859
13.9606,-0.0212,1.1007,-9.8676,-0.0235,0.1175,0.0809,-6.6596,32.4301,22.9212,31.6074
13.9844,0.2693,1.1312,-9.6905,-0.0235,0.2664,-0.0558,-7.6664,33.1875,22.5091,31.6211
14.0085,-0.0332,1.1373,-9.7635,0.0301,0.2766,0.0489,-6.6654,32.4194,23.3260,31.5898
14.0270,0.3281,1.0950,-9.8100,0.3353,-0.0410,0.0052,-7.6889,32.7783,23.7420,31.5938
14.0567,0.2387,1.0347,-9.8198,-0.1891,-0.1753,0.1102,-7.6687,33.5561,22.9046,31.6113
14.0649,0.0374,1.1713,-9.8012,-0.3819,-0.2632,0.0199,-7.0037,32.0483,22.9365,31.6074
14.1227,0.1771,1.1099,-9.7762,-0.0103,-0.2199,-0.1149,-7.6985,32.3896,24.1592,31.5801
14.1242,-0.0637,1.1237,-9.7217,0.0257,-0.0668,0.0956,-6.6555,32.8086,22.9062,31.5703
14.1283,0.2288,1.1948,-9.7863,-0.1884,0.2394,-0.1173,-7.3499,32.7833,23.7397,31.6230
14.1443,0.1494,1.0549,-9.9832,0.0843,0.0539,0.2176,-7.6670,33.1884,22.5093,31.6191
14.1688,0.2198,1.2364,-9.7486,-0.0987,0.2369,-0.1483,-7.6676,32.4398,22.1201,31.6016
14.1888,0.2420,1.1311,-9.7903,-0.0364,-0.1591,0.0347,-8.3595,33.9095,23.7256,31.5508
14.2097,0.0484,1.4448,-9.7958,0.2064,-0.2512,-0.0263,-8.0016,32.4467,21.7178,31.6191
14.2244,0.1960,0.7387,-9.9464,1.0604,-0.3122,0.9497,-7.0123,32.4066,23.7393,31.5859
14.2485,0.2133,1.5708,-9.9308,3.3182,0.2977,0.8887,-7.0032,32.0475,22.9331,31.6094
14.2644,0.0356,0.6347,-10.2247,9.2361,0.2977,0.7057,-7.0013,33.5436,23.7080,31.5781
14.2914,0.4904,0.8142,-10.1742,20.0955,-0.0073,0.4006,-7.3365,32.8029,22.9199,31.5605
14.3044,0.0446,0.7378,-10.1566,32.9705,-0.3124,-0.1483,-7.0020,32.7953,23.3188,31.5938
14.3284,0.4411,0.2693,-10.3572,47.4315,-0.7394,-0.6976,-8.0177,32.0483,22.5454,31.6035
14.3443,0.0202,0.6519,-10.4099,62.9315,-0.9836,-1.6737,-9.0343,33.1654,22.9429,31.5938
14.3686,-0.1211,0.0415,-10.3123,77.5799,-1.1666,-2.6502,-8.6883,32.4306,22.1401,31.5371
14.3937,0.1574,0.0534,-10.1265,92.2830,-0.8616,-3.8699,-9.3729,32.7946,22.5566,31.5723
14.4084,-0.1790,-0.1773,-10.3560,105.8299,-1.0446,-4.9071,-10.3856,32.7925,22.1602,31.5801
14.4243,0.5012,-0.8453,-10.3697,118.2752,-1.2276,-6.0662,-11.7420,32.4077,21.7790,31.6191
14.4485,-0.0804,-0.7697,-10.2199,129.2596,-1.8379,-7.5916,-12.7347,32.0686,19.7673,31.5879
14.4724,0.1928,-1.4704,-9.9775,139.1424,-2.3260,-9.0565,-13.7718,32.4090,21.0046,31.5918
14.4961,0.0327,-1.8279,-9.9690,148.5955,-2.8140,-10.3377,-14.7567,32.8274,18.9714,31.6211
14.5127,-0.1848,-2.2340,-9.8727,156.4557,-3.2418,-11.6841,-15.7707,32.4572,18.1792,31.6172
14.5288,0.2868,-3.1291,-9.7225,162.8620,-3.4249,-12.4771,-16.4445,32.4604,17.7829,31.6191
14.5367,0.7585,-4.0241,-9.5722,169.2682,-3.6080,-13.2700,-17.1184,32.4636,17.3867,31.6211
14.5443,0.3423,-4.1259,-9.2118,174.5768,-4.3399,-13.6362,-18.4602,32.4800,16.1865,31.6191
14.5768,0.9228,-4.9931,-8.9501,178.9089,-5.1329,-13.7583,-19.0983,32.9119,13.7392,31.5703
14.5994,0.8291,-5.5063,-8.5895,181.8366,-6.0479,-13.3924,-20.4401,32.9284,12.5391,31.6055
14.6084,0.4927,-5.7592,-8.2753,184.2155,-7.0850,-12.9651,-21.7917,32.5556,11.7563,31.6172
14.6328,0.7398,-6.6235,-7.8637,186.4714,-7.6338,-12.1721,-22.1096,32.9616,10.5298,31.6211
14.6484,0.5082,-6.6985,-7.4450,188.1803,-8.3052,-11.5618,-22.7756,31.1090,8.5493,31.5723
14.6726,0.6498,-7.4383,-7.1047,190.0719,-9.0372,-10.6467,-24.0998,31.9059,6.5181,31.5898
14.6887,0.9979,-7.7915,-6.6088,192.3298,-10.0743,-9.6096,-24.7648,31.5499,5.3159,31.6016
14.7125,0.5858,-7.9677,-6.3044,195.2555,-11.2325,-7.8411,-24.7419,32.7081,4.4722,31.6133
14.7285,0.9232,-8.5741,-5.6677,198.1208,-11.9644,-6.5598,-25.7346,32.3690,2.4604,31.5703
14.7524,0.7920,-8.7202,-4.8664,198.4914,-13.0025,-5.3382,-25.7015,33.1669,0.8100,31.5801
14.7683,0.4258,-9.1980,-4.1960,194.3508,-13.3687,-4.9710,-26.3573,32.4520,-1.1978,31.6152
14.7927,0.3436,-9.4514,-3.5939,189.0461,-13.4299,-3.8772,-26.3374,32.4813,-2.4204,31.6289
14.8084,0.5932,-9.8335,-3.0690,183.5617,-13.3081,-4.1765,-26.2905,32.1827,-5.6743,31.5703
14.8327,0.8061,-9.8310,-2.4484,178.0070,-13.5505,-3.6297,-25.9365,33.7032,-5.7175,31.6191
14.8483,0.8332,-10.0760,-1.7878,172.3234,-14.4661,-3.3257,-26.2371,33.3922,-8.5573,31.5586
14.8725,0.7365,-10.1322,-1.2175,166.9640,-15.5012,-2.8406,-24.8708,32.6676,-9.3776,31.6211
14.8891,0.6667,-10.3404,-0.9189,161.1672,-15.9910,-2.7742,-24.8447,32.7069,-11.0075,31.5352
14.9124,0.5579,-10.3380,-0.5129,155.6828,-15.9333,-2.4112,-24.1294,33.1434,-13.0681,31.5586
14.9284,0.3550,-10.2147,-0.0661,150.1750,-15.3317,-2.2299,-23.4351,32.0545,-14.6853,31.5508
14.9526,0.4692,-10.6972,0.6580,143.9054,-14.5456,-1.8148,-23.0798,32.8246,-15.1137,31.5215
14.9683,0.6935,-9.7328,1.3192,138.7922,-14.1064,-1.4892,-22.7122,33.9974,-16.3754,31.5977
14.9923,0.8046,-10.7348,1.7325,134.0539,-14.1659,-0.6493,-22.0227,33.6454,-17.1933,31.5664
15.0085,0.6172,-9.6771,2.1151,129.7453,-13.8819,-0.8418,-21.6795,32.5301,-17.9843,31.5488
15.0328,0.4798,-10.6093,2.4310,123.0656,-13.6158,0.0220,-21.3142,32.5739,-19.6210,31.5566
15.0484,0.6428,-9.8505,2.9093,118.5187,-12.7692,-0.1449,-20.2830,33.3561,-20.0729,31.6055
15.0730,0.6416,-9.8719,3.2056,114.0539,-12.2457,0.0492,-19.5730,33.0321,-22.1081,31.5293
15.0891,0.6578,-10.3668,3.5958,109.7140,-11.5948,0.7318,-18.2068,32.3075,-22.9284,31.5781
15.1122,0.1398,-8.4869,3.8338,98.4827,-10.8394,1.4432,-17.1913,32.3044,-22.5482,31.6348
15.1366,0.4484,-9.3067,4.2788,93.8459,-10.3365,2.2855,-16.5160,31.9341,-22.5566,31.5176
15.1526,0.3010,-8.4308,4.3122,89.5334,-9.8780,2.2634,-15.1459,32.3371,-22.9970,31.5645
15.1764,0.3810,-8.7415,4.5258,85.8264,-9.6633,3.2761,-15.4643,31.9949,-24.6133,31.5488
15.1923,0.2046,-8.5123,4.4690,81.4358,-9.1753,3.3616,-14.4584,33.1013,-23.0244,31.5371
15.2164,0.2321,-8.1622,4.5835,78.0725,-8.9153,4.2801,-13.7704,32.0017,-24.2344,31.5547
15.2324,-1.3451,-8.8184,5.6489,69.7053,-6.4953,1.9070,-13.7419,33.1706,-25.4892,31.5547
15.2566,0.0817,-8.0772,5.6021,63.3577,-4.6360,3.4832,-11.3649,31.3181,-26.2959,31.6074
15.2724,1.2213,-7.9310,5.4425,60.2209,-3.5500,2.9641,-11.0297,32.0588,-25.5014,31.5391
15.2969,-0.1429,-8.1947,5.9268,59.0618,-3.4279,1.8050,-11.3503,32.8342,-26.3301,31.5684
15.3156,-0.0471,-7.5877,6.2515,53.2649,-2.0197,2.9270,-10.3395,32.4543,-25.9270,31.5625
15.3364,0.6467,-8.1673,5.6739,49.9075,-1.2927,4.2454,-9.6340,32.5015,-27.5696,31.5566
15.3528,0.2663,-8.0972,6.3067,48.0774,-0.6218,2.5979,-9.9850,32.1109,-27.1540,31.5703
15.3765,-0.2830,-7.6861,6.5427,44.4778,-0.4387,3.2688,-9.9970,32.8389,-25.9489,31.5605
15.3924,0.2697,-7.5580,6.4203,41.1223,0.2937,4.3059,-9.6352,31.7540,-27.9626,31.5449
15.4177,0.1732,-7.1361,6.2615,38.3157,1.0867,4.0008,-8.2837,32.8760,-26.7947,31.5820
15.4326,0.1912,-7.8036,6.6604,34.1672,1.7576,2.5974,-7.9514,32.4871,-26.3728,31.5605
15.4565,0.1660,-7.0673,6.7152,30.5676,2.6116,4.2449,-7.5969,32.1436,-27.5993,31.5254
15.4729,0.3945,-7.0597,6.7352,27.7004,2.9165,4.5498,-7.2632,32.8863,-26.8117,31.5312
15.4967,-0.1084,-7.3912,6.7068,24.8333,3.3438,3.8179,-7.5866,32.5318,-28.0129,31.5859
15.5202,-0.0004,-6.9787,6.9893,21.4778,3.7708,3.3909,-7.6096,32.1234,-26.7844,31.5566
15.5368,-0.0742,-7.1906,6.8668,18.1223,4.3201,4.4280,-6.5861,32.5140,-26.8148,31.5605
15.5523,-0.0823,-6.9193,7.2007,15.7434,4.9910,4.3669,-6.9223,32.1392,-27.2001,31.6035
15.5764,-0.0384,-7.2147,7.0729,12.2649,5.3572,3.2077,-6.5827,32.8931,-26.8241,31.5293
15.6009,0.0959,-7.0525,6.8724,9.2747,5.6624,3.5737,-6.2231,32.9258,-28.0497,31.5859
15.6088,0.2302,-6.8903,6.6718,6.2844,5.9676,3.9396,-5.8635,32.9584,-29.2753,31.6426
15.6228,0.1588,-6.5021,6.9555,3.7825,6.2725,4.2446,-5.5297,32.9518,-28.8734,31.6426
15.6325,0.0352,-6.9547,6.9710,0.9153,6.1505,4.1836,-6.2202,32.5565,-28.4484,31.6074
15.6569,0.0057,-6.7448,6.8731,-1.8308,6.2726,3.5737,-5.2036,32.9371,-28.0709,31.6426
15.6726,-0.2484,-6.7619,6.8849,-5.0652,6.4555,3.4517,-5.2007,32.5680,-28.4696,31.6191
15.7097,-0.0591,-6.7607,6.8763,-7.8113,6.3335,3.4516,-5.5552,32.9115,-27.2430,31.6387
15.7781,-0.2431,-6.8479,7.0410,-7.5449,5.5474,2.6591,-6.5679,33.2820,-27.2378,31.5625
15.7790,-0.1851,-7.1966,7.0284,-10.5351,5.2424,2.5371,-6.2466,33.2552,-26.0200,31.6074
15.7797,-0.2529,-6.8853,6.9620,-13.2187,4.6936,2.3540,-6.2494,33.6243,-25.6215,31.5488
15.7799,-0.3257,-7.2369,6.8989,-16.2089,3.7786,2.1100,-5.5595,33.2711,-26.4360,31.5469
15.8006,-0.2358,-7.6404,6.7784,-19.5644,3.1687,1.6829,-6.2582,33.2329,-25.1977,31.6133
15.8167,-0.4185,-7.1121,6.8071,-26.3378,2.7412,0.4017,-6.9408,31.7309,-25.9712,31.5762
15.8404,-0.2316,-8.0008,6.6900,-30.1230,1.9482,-0.8796,-6.2592,33.9829,-24.8188,31.5527
15.8564,-0.5153,-6.8211,6.4374,-23.6621,1.4602,-1.3681,-7.5873,34.0173,-26.8266,31.5586
15.8804,-0.1515,-7.2603,5.4911,-3.0996,0.1789,-0.9411,-6.5937,32.4919,-25.9946,31.5312
15.8964,0.1915,-7.1279,5.7821,22.8067,-0.6746,0.0941,-7.2606,33.2537,-26.4094,31.5859
15.9295,0.0565,-6.3930,5.9773,45.9942,-2.0144,2.1078,-7.6071,33.2401,-25.9958,31.5723
15.9366,0.1589,-7.7543,6.4458,71.0879,-3.0535,4.7230,-6.2594,33.2338,-25.2033,31.5547
15.9608,-0.4632,-5.9858,6.3904,88.9942,-3.7244,6.3167,-5.8969,33.6466,-26.4416,31.5449
15.9764,-0.1509,-6.9907,6.9382,102.8770,-3.9105,8.3890,-4.5492,32.8917,-26.0385,31.5801
16.0005,-0.9937,-5.9711,7.1548,111.9551,-3.7265,9.6107,-4.5331,34.0402,-26.4780,31.5781
16.0164,-0.3223,-6.0399,7.4414,119.1075,-3.4218,10.7064,-2.1523,33.3151,-26.9045,31.5645
16.0406,-0.6287,-6.0465,7.4611,125.2012,-2.9943,11.8548,-0.7919,33.3289,-26.9278,31.5527
16.0564,0.0280,-4.9342,7.5631,132.9356,-3.0570,13.0716,-0.4367,32.9844,-28.1515,31.5684
16.0804,-0.2891,-5.0361,7.5712,143.9200,-3.0570,15.1302,2.6063,33.7324,-26.5880,31.5430
16.0964,-0.3563,-3.9307,7.9509,158.5137,-2.5739,16.5579,3.6170,32.6045,-26.5739,31.6016
16.1217,-0.4620,-2.9741,7.9440,177.3575,-1.7340,18.9408,4.6473,33.7549,-26.6265,31.5762
16.1363,-0.5359,-2.4482,8.5031,205.2794,-0.9303,20.9681,6.6629,33.7332,-25.0240,31.5215
16.1605,-0.4868,-1.1865,9.4772,232.9356,0.2914,22.9603,8.3592,32.6238,-25.4363,31.5703
16.1765,-0.4768,-0.9792,9.7868,253.4512,1.0785,23.9364,10.3807,32.6153,-24.2518,31.6016
16.2008,-0.3676,-0.0598,9.6431,268.1153,2.1888,24.9300,13.7576,33.3570,-22.2869,31.5723
16.2101,-0.2583,0.8596,9.4995,282.7794,3.2992,25.9237,17.1346,34.0987,-20.3221,31.5430
16.2164,-0.4014,2.1819,8.8310,295.1231,4.5013,26.9764,19.8416,33.3580,-19.9422,31.5332
16.2404,-0.7019,2.8962,8.7470,312.2481,5.9486,28.2743,20.8177,33.2988,-17.1082,31.5215
16.2646,-0.5383,4.7507,8.8638,333.9825,7.6713,30.0077,23.1575,33.6316,-14.3035,31.5410
16.2806,-0.5785,5.2014,8.7584,351.7325,8.6312,31.5399,24.8167,32.4597,-12.2645,31.4980
16.3050,-0.4873,6.7336,8.4948,359.5333,10.5297,32.9891,26.7982,32.7568,-8.2293,31.5137
16.3204,-1.3470,6.3347,5.5035,354.0429,9.6758,33.4403,24.7534,30.8421,-8.1436,31.5410
16.3466,-0.3577,8.5437,6.8453,355.3974,13.6230,32.7660,27.0678,30.3882,-4.1006,31.5742
16.3606,-0.1009,10.0964,8.4254,346.6630,16.6777,38.7269,28.3315,30.6191,2.3916,31.5938
16.3848,-3.4895,10.1966,7.4117,346.8284,17.8740,41.2289,27.6074,30.5407,5.2568,31.5781
16.4005,0.1335,9.2503,6.4440,356.8362,19.2168,39.8861,28.5708,29.7131,8.5205,31.5312
16.4248,-0.3091,8.0081,3.0280,364.0354,22.9394,45.0111,27.8330,28.8669,11.8135,31.5625
16.4421,-0.9053,11.0374,2.4703,375.1370,25.9297,35.7377,26.0468,28.3396,17.1533,31.5430
16.4647,-1.3260,12.0637,0.9957,373.8557,27.2109,27.4408,23.9609,27.4992,19.6514,31.5859
16.4807,-0.8860,10.2727,0.3463,366.3518,26.7229,60.0033,22.1963,25.8850,22.9834,31.5156
16.5044,0.4694,8.6673,-1.2035,369.5862,29.8342,55.7338,20.0810,25.7434,27.9131,31.5977
16.5208,3.2898,10.9739,-2.7806,370.3797,36.9123,57.9310,16.9931,24.1750,28.8144,31.5352
16.5444,-0.7845,3.8919,-1.1869,404.5984,37.7663,62.6888,12.8603,23.6731,32.1504,31.5430
16.5608,4.7273,9.6692,-9.8978,378.2390,40.6941,72.3295,9.7783,22.8640,33.0415,31.5352
16.5848,2.3093,11.3557,-15.2220,380.6785,36.3620,77.3920,6.6884,23.1618,35.1235,31.5703
16.6009,2.4621,8.8577,-8.2455,381.2278,43.3191,78.4906,1.5752,21.9714,35.2342,31.5527
16.6480,3.6125,5.3010,-3.3861,380.0686,44.5398,86.2406,0.9052,22.3530,34.8241,31.5391
16.6820,1.8498,4.2776,-6.6088,385.6233,46.7937,94.0492,-5.5791,20.7612,35.3846,31.5117
16.6824,5.3420,2.4260,-12.9760,385.9895,46.0036,100.5726,-10.3409,20.7136,35.4711,31.5547
16.6828,4.3879,2.9270,-14.3051,378.9817,42.7126,108.0140,-12.6807,20.3808,32.6664,31.5762
16.7047,2.9348,1.8548,-10.1761,376.1087,40.4529,110.4008,-17.7705,19.9826,31.5570,31.5410
16.7209,4.6066,0.3079,-6.2777,373.1751,40.6334,117.9633,-20.4639,20.7419,30.3490,31.5586
16.7495,2.0481,-1.7214,-8.2660,374.3304,38.6793,123.0297,-22.7920,21.1782,27.1224,31.5156
16.7607,4.0793,-2.2126,-10.6918,367.4397,39.2281,128.0922,-24.1104,22.7192,25.4672,31.5391
16.7851,3.6189,-2.7012,-11.0228,360.6741,36.4234,132.9047,-26.4366,22.0380,21.4515,31.5215
16.8014,2.9055,-2.9035,-6.7533,352.3694,35.8136,135.7230,-27.7325,23.6220,18.1761,31.5176
16.8245,3.7165,-4.8244,-4.6849,346.4280,35.0177,142.9222,-28.6763,25.2294,14.0785,31.5156
16.8406,2.4148,-5.9768,-5.0023,342.6057,34.7724,144.6293,-28.6327,26.0493,11.6156,31.5254
16.8644,2.1323,-6.7356,-6.6058,333.0901,37.1299,150.9379,-27.8827,28.0317,8.2933,31.5391
16.8818,1.8833,-7.5647,-5.6049,324.0823,40.4560,152.7992,-27.8545,29.2006,7.0433,31.5098
16.9044,0.0034,-6.9294,-2.8256,313.4651,45.9560,158.6195,-26.7783,31.1664,4.5316,31.5762
16.9204,0.5731,-8.2324,-0.6554,304.6822,52.9142,162.8283,-25.3789,32.0199,1.2322,31.5410
16.9539,1.5087,-8.0430,0.8016,297.9283,59.0275,167.9377,-22.9746,33.2006,0.3479,31.5488
16.9607,-0.6925,-8.5918,0.8859,290.3814,65.4611,172.9221,-21.9121,35.1479,-1.3474,31.5156
16.9845,-1.2560,-8.7095,0.9647,278.5923,74.2111,179.8205,-17.7949,37.1166,-2.6872,31.5000
17.0007,-1.3865,-7.5249,1.3636,267.5298,83.0392,185.9416,-17.4538,37.1190,-2.6927,31.5234
17.0245,-2.0769,-7.6118,2.7845,261.2681,90.4338,191.0666,-14.0261,38.6912,-3.6044,31.4766
17.0403,-3.0935,-6.3032,3.3650,251.5650,101.0509,201.6213,-10.6237,39.4730,-3.2733,31.4961
17.0645,-3.2043,-6.3294,3.7225,244.1197,113.4338,209.5549,-7.9304,39.8294,-1.2909,31.5000
17.0805,-4.9045,-5.5989,4.3797,234.4791,126.7931,220.2346,-4.8855,40.2105,-0.1297,31.5332
17.1047,-4.3913,-2.7180,2.8602,214.4009,143.4494,208.2112,-1.8698,40.5392,3.0695,31.5469
17.1204,-8.2917,-3.2781,2.2615,191.0884,172.1056,234.4768,1.5188,41.3018,4.2150,31.5117
17.1450,-7.1179,-1.9929,3.7850,186.7681,183.3634,243.1174,4.1653,39.3429,7.8849,31.5254
17.1604,-11.9577,-2.0563,4.5189,181.0338,207.0353,249.2190,8.5091,38.1388,12.3185,31.4961
17.1845,-8.5768,-3.2087,7.4075,144.0650,227.1759,258.6174,11.1556,35.4317,15.5978,31.5000
17.2006,-10.1735,-0.8298,6.6912,91.9713,238.8947,271.3049,13.7864,33.0743,20.0900,31.4590
17.2245,-13.0934,1.1263,8.2254,100.3931,249.2697,283.7502,17.4309,29.9669,24.5822,31.4727
17.2405,-8.3239,-4.0886,8.6392,75.6275,256.6525,287.0451,19.3841,26.4845,28.3029,31.4961
17.2644,-6.7848,1.1185,3.8619,31.6900,266.0509,292.4748,21.3518,21.1563,30.0294,31.5098
17.2808,-6.2717,2.6048,1.4849,30.4693,269.1017,293.6945,22.9700,16.1837,32.5665,31.5078
17.3048,-11.7209,0.6468,0.2798,-2.2182,275.5705,297.1106,25.6282,11.2501,33.8644,31.5391
17.3205,-5.5959,3.7640,-0.0849,-50.0620,279.7189,288.8762,26.9085,5.1563,35.6212,31.5312
17.3504,-1.7658,5.6146,-0.6518,-93.4370,278.7428,287.0461,27.5374,0.2227,36.1481,31.5352
17.3632,-7.3322,9.0989,-1.9848,-126.3745,276.6686,284.8488,28.8616,-5.8007,35.0368,31.4746
17.3845,-6.2404,11.7454,-5.8852,-117.2963,276.4856,278.1965,29.5389,-9.5351,33.0895,31.5039
17.4005,-3.4611,2.7376,-3.7309,-140.2807,275.3870,268.0715,29.5249,-15.1640,30.7789,31.5000
17.4246,-6.3224,12.6985,-4.4077,-209.5307,272.8870,237.5871,29.5320,-21.8788,26.4625,31.4922
17.4406,-1.6818,10.7259,-2.9702,-202.6791,257.9417,239.0695,28.2234,-27.0390,20.0993,31.5273
17.4658,1.2381,5.8587,-0.0405,-232.3979,249.5276,213.1789,27.5979,-29.1991,15.2711,31.4922
17.4809,0.4446,11.9017,-0.0678,-279.8979,232.4495,191.8195,26.5931,-33.6679,11.7282,31.5078
17.5046,-0.9997,8.3177,-0.5702,-257.4916,214.9183,179.3352,24.3001,-35.0478,5.2868,31.5098
17.5207,0.7639,11.2932,0.9314,-270.0884,203.7707,157.6723,23.6675,-36.1457,2.4778,31.4863
17.5446,-0.1145,7.7834,0.6749,-301.0884,188.8488,135.0004,21.0249,-36.4214,-2.7644,31.4922
17.5682,0.0138,10.9143,2.3516,-315.4400,175.1613,118.9848,19.0464,-36.3419,-6.8073,31.5234
17.5849,-1.5672,7.7482,2.9820,-327.2603,164.1457,101.8286,15.7241,-36.6241,-12.0339,31.4883
17.6091,2.7687,9.8459,4.1177,-330.2720,155.8566,73.0004,11.0757,-36.4914,-19.2917,31.5020
17.6250,4.3927,9.7756,4.5647,-309.3970,143.2550,62.4692,7.7280,-35.3186,-22.1179,31.5254
17.6404,-1.0135,0.0881,8.4886,-289.1314,136.1730,53.1332,4.3687,-34.1653,-24.1257,31.4824
17.6709,-3.4940,5.9202,12.3069,-374.2564,135.9837,16.9770,2.6939,-33.3938,-25.3386,31.5234
17.6805,4.2091,7.8440,14.6058,-326.1939,131.3001,15.2631,-0.6558,-31.1028,-27.3737,31.4805
17.7048,-1.0174,2.7151,18.9495,-338.7095,137.0696,6.9037,-4.3589,-30.3318,-29.3630,31.4883
17.7204,-4.3358,8.7659,15.0804,-341.3853,130.3430,-16.1588,-8.0737,-28.0837,-29.7624,31.5215
17.7445,4.5080,1.2424,13.6966,-314.6822,131.2102,-31.6509,-11.4780,-27.0007,-28.9167,31.5176
17.7728,-2.5233,4.7249,9.2864,-339.4790,143.1321,-40.3775,-16.5561,-25.8953,-29.6726,31.5371
17.7845,-5.4198,2.4749,6.9603,-316.2447,140.5598,-58.7994,-18.9155,-22.8953,-29.2988,31.5020
17.8085,-0.5252,-0.5447,10.8196,-345.6822,147.9231,-72.9791,-20.6323,-24.0603,-28.8300,31.4668
17.8245,-3.3436,-0.4451,12.6155,-317.7603,153.6770,-82.7134,-24.3823,-22.2419,-27.1865,31.4922
17.8486,-8.8514,-0.9681,15.1058,-316.4751,157.4173,-100.0259,-25.4233,-21.9133,-25.5439,31.5215
17.8648,-8.0628,-0.0022,13.8030,-306.0454,161.1399,-102.4673,-27.8393,-22.3669,-23.4599,31.4863
17.9357,-0.0863,-2.4515,13.3255,-286.5142,165.6555,-128.2798,-29.2026,-22.0117,-23.0383,31.4863
17.9413,7.8903,-4.9007,12.8479,-266.9829,170.1712,-154.0923,-30.5659,-21.6565,-22.6167,31.4863
17.9448,2.9215,-4.5284,7.6526,-256.2486,183.1087,-166.4205,-31.6108,-20.9587,-20.5796,31.5156
17.9664,1.5182,-5.8897,5.7903,-244.0454,194.0305,-182.1627,-31.9814,-21.0126,-18.5327,31.4902
17.9671,2.0622,-5.7322,4.8318,-240.4458,204.8274,-195.2798,-32.6846,-22.1766,-17.6777,31.5234
18.0008,1.6422,-8.3631,5.7342,-217.0240,215.4446,-213.9517,-32.6960,-23.3143,-17.6523,31.4805
18.0019,1.2626,-7.1824,7.3846,-202.3208,227.7727,-226.5220,-32.3461,-22.9215,-18.0752,31.4902
18.0084,1.8417,-8.7410,6.0750,-180.2271,237.7180,-238.2955,-31.3422,-24.0582,-17.6570,31.4727
18.0246,4.4315,-7.6766,4.9764,-155.1490,247.6634,-250.4986,-31.3509,-24.4474,-17.2375,31.5273
18.0492,6.2245,-9.3680,3.2596,-128.3677,258.1555,-261.8502,-29.6683,-26.3263,-17.2226,31.5664
18.0647,5.6293,-8.2879,1.7684,-103.6021,266.4524,-272.2798,-27.5960,-25.5069,-18.9072,31.4590
18.0901,5.6331,-8.4012,0.1570,-74.1958,274.5071,-277.5259,-26.1888,-25.7919,-22.1825,31.5039
18.1051,7.9963,-8.4984,0.1620,-50.2740,279.0852,-290.8853,-24.1263,-26.1100,-23.8349,31.5156
18.1285,1.6860,-6.9870,-0.6690,-54.0551,277.9471,-259.3044,-21.3902,-25.6611,-25.5311,31.4434
18.1371,1.6860,-6.9870,-0.6690,-54.0551,277.9471,-259.3044,-21.3902,-25.6611,-25.5311,31.4434
18.1447,2.8013,-6.2580,-0.9410,-27.0239,278.4353,-261.3786,-19.6461,-25.5734,-28.4178,31.4844
18.1693,2.7138,-6.2688,-1.4927,10.1949,276.4832,-258.3884,-17.5601,-23.9855,-30.5233,31.4453
18.1845,4.2792,-5.6155,-1.3498,42.8824,267.8191,-255.9470,-16.1422,-22.3840,-33.4373,31.4902
18.2088,3.7519,-6.5632,-0.8337,55.9995,258.6082,-244.7282,-11.6578,-19.2453,-36.0389,31.4863
18.2246,4.4887,-4.8845,0.4573,71.4839,246.6082,-236.8102,-10.2437,-16.1574,-37.7567,31.4844
18.2485,5.8832,-4.6841,2.0257,108.7964,235.0613,-228.2009,-6.7808,-14.1574,-40.7196,31.5215
18.2646,8.6762,-5.1077,3.4056,137.1870,218.8894,-218.7399,-5.4029,-11.4992,-40.4007,31.4512
18.2887,2.5825,-4.7896,4.3333,148.3589,204.6863,-209.5290,-1.9459,-8.0109,-42.1732,31.5234
18.3046,5.6137,-3.0698,6.1771,147.9988,193.1472,-202.0290,-0.8892,-6.8234,-43.8431,31.4668
18.3291,8.1039,-1.2739,6.1873,149.4031,182.2801,-192.2009,2.5365,-3.3859,-43.5899,31.5176
18.3446,4.3168,-3.2466,8.2068,182.3406,173.1863,-179.4431,4.2494,-0.7355,-42.8634,31.4609
18.3685,5.7065,-2.2788,9.4764,176.2469,162.4754,-172.7399,7.9955,1.1785,-42.1593,31.4355
18.3892,8.6752,-1.0064,7.9939,194.5281,154.2722,-160.9821,11.4194,6.4793,-40.7179,31.5020
18.4088,5.3491,-1.5112,7.7697,203.7000,145.8035,-152.0524,14.1322,8.3641,-39.1915,31.4570
18.4246,4.6948,1.6919,6.5422,205.8230,135.5613,-142.7868,15.5014,10.6317,-38.4449,31.4902
18.4488,8.3061,0.6128,8.2219,215.8230,127.4519,-133.4040,19.5717,13.6473,-36.1539,31.4590
18.4645,3.0717,2.6108,9.1354,218.7058,120.4168,-125.1462,20.5531,15.4608,-32.5367,31.4590
18.4903,5.5776,2.8033,10.4811,229.2605,111.3699,-116.4665,21.9115,16.5936,-31.7813,31.4766
18.5046,6.0385,4.2731,9.4557,231.0603,105.1746,-109.5798,22.5693,19.5526,-28.6075,31.5234
18.5288,1.5307,4.1686,8.6003,244.0291,96.9871,-101.4782,24.5829,21.3992,-25.8360,31.4727
18.5525,5.4623,6.1598,7.6232,239.0525,89.5613,-96.1852,27.5946,22.8455,-21.8458,31.4551
18.5712,2.8705,5.6115,7.5537,253.0135,83.6043,-87.8649,26.8749,24.6453,-18.2169,31.4609
18.5926,2.0068,7.0949,7.6924,247.8963,76.5496,-83.3024,28.5331,26.0867,-14.6095,31.4492
18.6171,4.3622,7.7038,7.7620,256.5213,69.8074,-76.9938,29.4779,25.9763,-9.7384,31.4922
18.6326,1.1494,7.6451,7.4775,259.4939,64.0574,-72.1813,29.8129,27.4655,-8.5577,31.4785
18.6484,1.6899,9.1128,6.4995,264.4549,56.6394,-67.2595,29.0888,27.3890,-5.6944,31.4434
18.6725,2.5693,8.4263,5.6953,269.1033,51.2449,-62.4626,29.3786,27.3120,-2.4405,31.5020
18.6944,-0.0460,9.5552,4.5381,270.6805,45.4637,-57.2087,27.9723,29.0932,1.6103,31.4629
18.7126,1.4306,10.1705,3.6914,275.8328,38.4871,-54.4509,27.2550,29.7748,4.4560,31.4883
18.7285,1.7605,9.2944,3.1897,280.8431,33.3210,-50.4490,26.4887,29.2494,11.0155,31.5137
18.7527,-0.0530,10.9213,2.4348,279.0404,27.4616,-47.1639,25.8056,29.6107,11.4237,31.4844
18.7686,0.3823,10.5280,1.6072,286.9506,22.0319,-45.8797,23.7353,31.0375,14.2752,31.4746
18.7996,0.9492,10.0651,1.3354,293.4154,16.4226,-42.9891,23.0268,31.3595,16.3162,31.4746
18.8086,-0.0503,9.5187,0.1772,292.8275,10.0437,-41.8319,19.9155,31.2505,19.6385,31.4590
18.8326,0.7573,9.6557,-0.5264,299.4095,5.9030,-42.8768,17.1694,31.1809,21.3104,31.4336
18.8486,0.7750,8.2104,-0.7454,306.6635,-0.7532,-48.5643,14.0834,31.1078,22.9871,31.4238
18.8726,-0.5317,7.2284,-0.5775,299.2806,-4.9056,-49.7694,11.6830,31.0535,24.2508,31.4844
18.8888,0.1578,6.0282,0.4195,279.4994,-10.0618,-26.3475,8.9370,30.9856,25.9276,31.4453
18.9126,-7.2289,7.9843,-9.0101,257.0463,-4.0813,-53.6756,5.5620,31.7395,24.7449,31.4609
18.9284,7.9976,8.8769,-10.1361,331.2963,-7.7415,-44.1600,2.4799,30.9309,25.6346,31.4785
18.9525,1.3726,9.9863,-13.6517,302.5619,-17.1946,-45.0750,-0.2505,30.5132,26.0946,31.4805
18.9765,-11.8852,11.7861,-7.9721,298.5951,-15.3030,-44.2821,-3.2896,30.1433,24.5262,31.4922
19.0016,9.7711,6.4462,-0.9994,296.8256,-5.1155,-45.6854,-8.0357,30.4944,23.7835,31.4688
19.0085,1.5133,1.8407,0.2633,312.7552,-15.6077,-52.5174,-10.0728,31.6009,24.1981,31.4883
19.0326,-7.2758,5.7431,-12.1586,316.8412,-16.2181,-43.4237,-12.4166,30.8899,21.4071,31.4609
19.0486,5.3805,0.1572,-15.2445,305.0677,-18.1702,-51.2947,-16.8033,31.2737,19.4324,31.4551
19.0727,-4.8149,2.6142,-12.5863,311.1068,-15.3030,-55.3221,-18.4849,30.5374,17.8475,31.4473
19.0888,-2.4574,4.2538,-5.5980,300.5521,-9.5061,-55.3225,-21.1841,30.1717,16.2752,31.4531
19.1127,0.5172,-3.9337,-2.7562,303.8470,-12.1897,-55.3225,-24.5045,30.2681,11.0369,31.4902
19.1285,-5.6859,-0.8438,-7.9359,309.9486,-13.7151,-52.1506,-26.1871,29.5327,9.4549,31.5020
19.1525,0.4937,-2.7100,-16.1625,300.4330,-12.2513,-57.2131,-27.5015,29.2212,6.2283,31.4395
19.1694,-2.2270,-4.3409,-14.1332,296.5873,-10.9085,-57.8830,-27.7750,28.9485,1.7596,31.4355
19.1934,-2.4505,-0.2081,-5.6566,288.5326,-8.4690,-57.9458,-29.4566,28.2122,0.1776,31.4805
19.2086,-0.8821,-7.5948,-2.5453,289.3207,-9.1380,-58.2496,-30.0919,27.9085,-3.0627,31.4180
19.2328,-2.3890,-4.1749,-5.2504,289.4442,-9.2013,-55.9937,-30.3743,27.9948,-6.7248,31.4414
19.2484,-2.6839,-7.9171,-10.7582,279.6239,-8.2863,-59.5289,-30.6688,26.1959,-10.7482,31.4766
19.2727,0.8220,-7.0758,-8.3656,270.3583,-5.1750,-59.2256,-29.9803,25.8446,-11.5671,31.5020
19.2888,-2.7054,-5.9791,-2.7758,260.8505,-6.1496,-62.3331,-29.5818,26.6859,-14.8503,31.4629
19.3127,0.6071,-9.8424,-0.2387,263.2059,-7.0041,-56.3721,-28.2010,26.3617,-16.4968,31.4766
19.3285,2.3810,-7.7204,-3.5023,259.4893,-12.1590,-61.1721,-27.8289,25.3154,-20.1490,31.4590
19.3528,-3.5370,-9.5016,-4.6283,248.3018,-13.3885,-54.3869,-26.7712,25.0198,-23.0181,31.4941
19.3796,1.6896,-7.8170,-1.4837,240.7081,-12.2137,-61.6681,-25.0388,25.0874,-25.0846,31.4375
19.3934,-0.1513,-8.9616,1.7604,234.8018,-14.0262,-59.0334,-23.9822,24.0278,-27.9166,31.4551
19.4165,0.9542,-9.6564,2.5539,231.9503,-14.9027,-60.9699,-22.2742,24.0543,-28.3494,31.4707
19.4330,1.2286,-7.9621,1.8351,228.6476,-19.2113,-58.4328,-20.8904,24.1101,-30.0106,31.4980
19.4565,1.2645,-10.6203,0.7228,220.8116,-22.2074,-62.7531,-19.5056,22.6677,-32.4422,31.3945
19.4727,0.5243,-7.1535,1.7443,214.6280,-22.8763,-60.2785,-17.7859,22.7152,-33.6942,31.4492
19.4965,1.7421,-9.4054,3.6818,205.6983,-23.9388,-61.5031,-15.4128,21.2318,-34.1007,31.4277
19.5142,1.5691,-8.0949,5.2326,206.5963,-26.0150,-60.8586,-12.3074,21.3325,-37.0011,31.4824
19.5367,1.2937,-7.5875,5.3233,198.9439,-28.3216,-63.9484,-11.6306,20.9601,-37.0034,31.4375
19.5525,1.4473,-8.6608,4.9466,196.2564,-30.2113,-63.6745,-9.5935,19.4855,-37.8261,31.4609
19.5769,1.6847,-5.9557,5.1006,187.7721,-30.6229,-66.8913,-7.8923,19.5028,-37.8553,31.5039
19.5925,2.6500,-8.1452,5.8374,183.6822,-32.7792,-66.3708,-5.1677,19.1612,-38.3001,31.5098
19.6194,3.1093,-5.0905,6.5029,177.9322,-36.1444,-67.7175,-4.4690,18.4498,-39.9232,31.4570
19.6327,3.3246,-6.0143,6.8591,176.1871,-41.0741,-67.2929,-2.0862,18.8538,-39.9787,31.4824
19.6568,3.4218,-5.2199,7.3479,173.6910,-45.5897,-69.0820,0.2751,18.1004,-39.1911,31.4688
19.6732,3.4646,-3.7111,7.4711,170.7789,-50.6288,-69.5224,3.6853,17.0262,-40.4333,31.4785
19.6969,4.0003,-5.1378,7.7392,168.1949,-55.0624,-71.9677,4.3528,16.2640,-40.0134,31.5332
19.7183,3.7208,-3.1427,7.8648,163.6715,-60.0663,-73.6718,6.7200,16.2696,-39.2497,31.4883
19.7366,3.1524,-3.5004,8.6109,153.7965,-63.8905,-80.9492,7.7532,16.2993,-40.0769,31.4785
19.7525,3.9600,-3.1774,8.1026,148.3473,-66.5584,-80.7872,9.7649,14.4028,-39.2449,31.4297
19.7799,5.8389,-0.9938,8.0661,144.3863,-71.3202,-88.5215,11.1311,13.6792,-40.0701,31.4980
19.8010,6.0940,-2.0836,8.5014,147.1539,-77.1600,-89.8448,12.4729,13.6620,-38.8659,31.5156
19.8209,3.1624,-2.2362,7.9589,147.8316,-81.7264,-94.9698,13.8079,12.8871,-37.6482,31.4414
19.8407,5.0579,-1.8197,4.3359,138.9254,-87.7616,-102.3487,15.8508,12.5387,-38.0813,31.4531
19.8565,3.7991,1.0162,2.9208,144.7887,-92.7420,-108.5479,18.5559,12.1664,-37.2986,31.4434
19.8807,13.5647,1.9146,2.9245,139.5074,-105.3905,-113.1104,19.2200,11.7741,-36.4861,31.4609
19.8964,14.6663,5.1900,4.8083,154.3980,-116.9686,-107.0713,19.8708,10.6139,-35.2527,31.4453
19.9251,6.0413,3.4986,7.4020,185.2418,-127.5233,-107.4949,21.5583,9.8620,-34.8511,31.4824
19.9364,-2.1810,0.7930,14.6044,85.6555,-127.4483,-130.0313,22.5906,9.8582,-34.4704,31.4727
19.9606,18.6784,8.3673,16.9325,117.2649,-131.2921,-129.6653,22.9111,9.0833,-33.6428,31.4531
19.9792,0.4284,-1.8749,13.6884,140.6399,-125.2530,-126.3704,24.5908,10.1878,-31.6662,31.4648
20.0007,0.9445,4.7579,4.3446,108.7805,-134.3468,-137.2298,25.6045,9.4378,-31.6523,31.4238
20.0256,10.8273,4.5515,5.0932,158.6867,-140.7530,-141.3157,26.2686,9.0472,-30.8525,31.4863
20.0405,6.3429,0.6960,0.2651,80.6242,-140.1432,-146.5032,27.6104,9.0308,-29.6532,31.4414
20.0565,3.1046,10.2507,-1.0299,83.5520,-155.0885,-150.5305,26.9268,8.6453,-29.6362,31.4570
20.0806,11.9484,4.4187,1.5092,114.9113,-162.5338,-156.8743,28.9424,8.6238,-28.0298,31.4648
20.0964,10.8351,5.4138,1.5097,85.3176,-172.1744,-163.4641,29.2798,8.9971,-27.6411,31.4746
20.1280,0.8742,9.6989,0.6918,93.1887,-183.0338,-169.0149,29.2793,8.2496,-28.0337,31.4590
20.1365,8.8195,2.8903,4.2113,91.1770,-191.2057,-181.1555,30.2998,8.2593,-28.0474,31.4902
20.1608,6.3253,9.8981,3.9513,38.3332,-190.8404,-180.1204,29.9436,7.8560,-27.2134,31.4141
20.1764,4.7121,8.3874,1.1310,52.3567,-199.8717,-185.4915,28.9231,7.8457,-27.1960,31.4570
20.2007,2.5812,4.6042,4.4767,52.3090,-202.0084,-196.6477,29.9660,8.2678,-28.4606,31.4609
20.2171,3.2589,7.1960,1.3009,-10.0660,-200.7887,-191.0383,28.6154,8.6413,-28.8427,31.4707
20.2406,2.6383,9.9265,-1.0135,-34.7848,-200.0567,-206.6555,27.9323,9.0036,-28.4328,31.4531
20.2569,1.7081,10.9064,-0.3846,-47.1754,-197.1895,-199.5188,27.5974,7.5134,-29.6125,31.4648
20.2809,-1.1473,8.4182,-1.0858,-67.7223,-195.2979,-175.6594,25.9216,7.5370,-31.2179,31.4629
20.2966,-0.9454,9.0046,-2.2997,-101.2848,-184.8683,-171.3938,25.2595,6.8119,-32.8175,31.4316
20.3207,-0.7074,8.5361,-1.5179,-134.4723,-171.5167,-164.8626,22.8982,7.5648,-33.6012,31.4590
20.3364,0.2775,9.6406,0.0446,-155.3160,-163.7706,-144.6907,21.2077,4.5765,-35.9567,31.4336
20.3606,2.0607,9.7520,0.3346,-174.9567,-157.1065,-114.2063,18.1433,4.9130,-35.4916,31.4043
20.3764,-0.1620,9.0694,0.9098,-183.5895,-149.5479,-87.7844,16.4480,4.1576,-36.2587,31.4297
20.4005,0.5939,8.8501,1.8073,-191.5778,-145.3917,-51.2844,14.4089,2.2719,-37.4042,31.4590
20.4165,-6.2381,6.7173,4.3756,-197.1168,-138.3800,-34.5657,12.0437,0.4017,-39.3495,31.4512
20.4406,1.4181,6.0142,6.5612,-252.2106,-132.5870,0.7156,9.6491,-1.1383,-39.2821,31.4512
20.4565,0.2619,11.6118,4.9870,-261.8121,-132.5817,39.1843,4.2038,-4.1871,-40.7498,31.4883
20.4807,7.8829,7.1275,7.6432,-212.0934,-139.0271,52.9577,1.1648,-4.5575,-42.3123,31.4609
20.5046,1.1564,8.3101,10.9381,-247.0934,-136.2341,93.7390,-2.2923,-7.2958,-40.1502,31.4434
20.5206,0.2687,9.2036,9.9635,-236.1637,-147.6638,113.8640,-6.4095,-9.2635,-38.8055,31.4902
20.5446,6.7789,3.4138,12.4245,-207.7398,-156.8403,133.6378,-7.1184,-10.0558,-37.9510,31.4004
20.5607,6.6788,8.6130,8.7546,-204.3902,-160.6079,161.4191,-10.9035,-12.7785,-36.6092,31.4551
20.5846,-0.8876,6.2868,7.2956,-180.3902,-171.2486,182.9816,-13.6340,-12.4469,-35.7567,31.4434
20.6009,11.2139,8.6228,6.8850,-198.7809,-180.7720,200.6691,-18.1145,-14.8278,-33.1746,31.4336
20.6251,5.1475,7.2165,7.5554,-149.2496,-191.4204,218.4972,-20.5266,-16.0192,-31.8924,31.4766
20.6406,4.3980,4.8161,8.5944,-146.2496,-198.3462,229.9113,-24.3371,-16.9166,-27.7283,31.4199
20.6647,9.4879,4.3423,8.4620,-124.7496,-206.7290,241.5441,-26.0656,-16.6051,-25.6717,31.4434
20.6807,10.4439,3.3564,9.0006,-97.9684,-210.7603,251.6456,-28.4680,-15.5416,-23.6248,31.4316
20.7048,4.4283,2.4736,8.3380,-82.1871,-215.3032,256.2238,-29.1755,-14.4713,-21.1971,31.4609
20.7208,9.1314,2.1470,7.2413,-57.6715,-218.8970,260.8800,-31.5505,-13.3688,-20.7737,31.4160
20.7447,11.3834,2.0211,6.4459,-42.0543,-220.4946,262.9581,-33.6345,-13.0805,-17.9007,31.4316
20.7605,6.5670,2.9845,4.3170,-27.5543,-220.4385,263.4201,-34.6677,-12.3627,-16.6819,31.4570
20.7849,7.4722,0.1661,4.2187,0.0238,-223.6729,262.9931,-35.6863,-9.7592,-15.0950,31.4863
20.8010,11.2066,-1.9940,4.0298,7.3481,-223.0020,259.8192,-36.3464,-7.8588,-15.5443,31.4551
20.8246,9.0445,-0.7382,2.4263,24.0668,-223.1240,254.7567,-36.3429,-6.3627,-14.7620,31.4688
20.8449,5.2965,-3.7421,2.5098,55.3637,-223.3682,250.9130,-35.6471,-4.0912,-14.4200,31.4355
20.8657,8.8472,-4.5136,2.4434,44.1996,-220.3779,242.8583,-36.2868,-1.4135,-15.7003,31.4355
20.8806,8.5447,-3.3134,1.5777,51.9496,-220.7439,233.8270,-35.5778,0.1295,-16.5596,31.4766
20.9046,6.9959,-4.8817,1.7758,81.5434,-219.5242,227.2997,-34.8693,1.3043,-17.8243,31.4453
20.9205,6.6256,-6.4569,1.2597,74.0395,-218.1209,218.8778,-33.8410,2.0724,-17.8579,31.4434
20.9476,4.6832,-6.4554,0.1044,66.9613,-217.7547,209.2372,-33.1315,3.2472,-19.1196,31.4629
20.9605,6.1910,-7.0394,-0.8194,84.4770,-218.2429,200.5106,-32.7450,4.8175,-21.1978,31.4395
20.9847,6.2095,-6.8234,-1.1224,99.4848,-218.7310,192.6395,-31.0311,5.6031,-21.6531,31.4277
21.0006,2.6529,-7.5900,-0.8793,103.2680,-216.9614,187.9403,-29.9774,6.0436,-23.7195,31.4316
21.0247,3.9527,-8.2351,0.3726,92.6508,-215.8638,183.2411,-28.9462,4.5777,-25.3298,31.4277
21.0496,4.1397,-8.9914,-0.2851,70.6820,-215.3145,176.2255,-28.5944,4.6019,-26.1545,31.4453
21.0645,3.1163,-7.9299,-1.0424,67.9340,-214.2168,170.9794,-27.5719,3.4944,-26.9592,31.4434
21.0805,2.6666,-8.8771,0.4888,79.7699,-212.2647,164.8778,-25.8590,3.5318,-27.8035,31.4590
21.1047,1.5670,-9.5954,0.9835,80.3813,-210.5557,162.6806,-25.5255,2.0279,-28.1755,31.4414
21.1206,0.7545,-8.5466,1.3492,75.9281,-207.6885,161.1542,-23.8136,1.6851,-29.0022,31.4590
21.1521,0.9632,-9.3315,1.5633,71.4349,-203.8040,160.2522,-23.8234,-0.1844,-29.7750,31.4141
21.1606,0.1961,-9.1193,1.9380,60.0911,-200.0208,161.7161,-22.4465,0.2282,-30.6183,31.4512
21.1847,-1.2541,-9.1667,1.5008,46.3099,-195.3840,153.7278,-22.1176,-0.9056,-30.6004,31.4688
21.2006,-2.0129,-9.3050,1.4845,44.2904,-189.8958,157.1438,-21.4535,-1.2979,-29.7879,31.4160
21.2247,-0.7736,-9.1947,1.6319,41.1165,-185.2551,158.8469,-21.4771,-3.2041,-29.3337,31.4805
21.2411,-1.1955,-9.3797,1.6999,35.1986,-180.2551,156.5911,-21.4926,-5.1006,-29.2789,31.4453
21.2649,-2.4758,-8.3582,2.0320,26.9720,-175.1340,155.7439,-21.8335,-5.1037,-29.2772,31.4590
21.2807,-3.8049,-8.3632,2.4577,20.8665,-169.6379,160.5525,-21.5144,-6.6272,-28.8421,31.4629
21.3048,-2.7736,-7.2109,2.4429,25.4798,-164.2708,159.0925,-21.1687,-7.3620,-29.6444,31.4023
21.3205,-3.1491,-7.9702,3.3306,26.7816,-157.4504,161.2214,-21.8659,-7.7680,-28.8123,31.4902
21.3450,-3.8688,-8.2377,3.5718,17.6956,-150.4153,160.9836,-22.2058,-8.5200,-29.1912,31.4004
21.3687,-4.6306,-6.7563,3.5716,17.9925,-144.3840,163.8469,-22.9030,-8.5455,-28.3841,31.4316
21.3846,-4.8869,-7.6777,4.0006,20.5530,-137.7942,167.2004,-22.9147,-8.9464,-27.5399,31.4473
21.4087,-4.6501,-7.1708,4.2424,14.7405,-130.6926,168.8333,-22.9176,-8.5773,-27.1417,31.4395
21.4247,-4.9953,-6.1640,3.9580,13.0277,-124.0989,169.5940,-24.6178,-8.5945,-27.1125,31.4258
21.4595,-5.9274,-6.1072,4.4387,18.9847,-117.3840,169.3381,-24.6329,-8.9942,-26.2844,31.4590
21.4647,-6.8220,-6.0122,4.7531,17.2620,-110.1653,172.7092,-24.6241,-8.6045,-26.7048,31.4805
21.4887,-5.8610,-5.5523,4.6469,15.0257,-102.8645,173.1597,-24.9485,-7.0918,-26.7288,31.4355
21.5048,-5.6606,-5.4617,4.8579,18.7718,-95.7278,175.4976,-25.6492,-7.1283,-25.5023,31.4102
21.5287,-5.9284,-4.7610,5.4404,17.2034,-88.4543,175.4347,-25.6360,-6.3597,-25.9285,31.4473
21.5449,-6.9025,-4.4040,5.6909,16.2518,-81.5911,177.4952,-26.3152,-6.3670,-25.9133,31.4141
21.5687,-7.3679,-3.3445,6.2510,21.1619,-74.3020,177.6268,-27.3465,-5.2693,-24.7121,31.4375
21.5845,-6.8940,-3.4461,6.4304,21.8968,-68.0090,178.2938,-26.6438,-4.4851,-25.5470,31.4395
21.6088,-7.4008,-2.8534,6.0903,22.5482,-61.1653,179.2089,-27.6345,-1.8308,-26.0060,31.4551
21.6329,-6.9863,-2.1346,5.6411,24.1986,-53.9153,179.7606,-27.2808,-1.8077,-26.8229,31.4043
21.6486,-6.7996,-2.2700,6.0774,26.0784,-46.8059,180.3397,-27.9449,-1.4153,-27.6354,31.4141
21.6644,-7.1500,-1.2456,6.5000,25.0667,-39.6809,180.7201,-27.9373,0.0915,-27.2653,31.4141
21.6886,-7.7149,-0.7036,6.6178,26.1165,-32.9622,180.7610,-28.2640,2.3532,-26.9118,31.4336
21.7047,-7.2606,-0.4189,6.8023,29.4974,-25.8176,181.0855,-26.9124,2.7260,-26.1296,31.4141
21.7287,-7.4825,0.5088,6.6939,29.1436,-18.4817,181.3611,-27.2223,3.8901,-27.3708,31.4629
21.7447,-7.6496,0.6037,6.3033,30.0523,-14.0450,181.4311,-25.8313,6.2029,-28.2682,31.4375
21.7687,-7.2321,0.9387,6.2754,33.1031,-6.7833,181.1870,-25.8367,6.1923,-27.8568,31.4277
21.7847,-7.0170,1.6384,6.4734,32.5601,2.7714,181.3688,-24.7849,8.8661,-28.3431,31.4414
21.8092,-7.4496,1.9162,6.6842,34.2017,8.0409,181.0041,-24.0950,9.6439,-28.7968,31.3887
21.8245,-7.2138,2.7453,6.8380,35.0562,15.6073,180.4547,-23.3835,10.8168,-30.0507,31.4453
21.8487,-6.6752,3.2541,6.3861,35.9717,22.8691,180.1496,-22.6970,13.4476,-28.9013,31.4727
21.8688,-7.3305,3.8552,5.8290,37.4971,30.2519,179.9054,-20.2810,14.6498,-30.5995,31.4453
21.8887,-6.4579,4.3699,5.5836,37.8631,37.3300,179.0509,-19.5862,16.9213,-30.2596,31.4570
21.9128,-6.4138,4.6304,5.8937,40.0799,46.2753,178.2228,-17.5413,18.0697,-29.9152,31.4355
21.9288,-6.5739,5.2495,5.9871,39.2044,51.4276,177.4645,-16.8494,19.9613,-29.5621,31.4316
21.9527,-6.1606,5.4393,5.9653,42.6829,57.9550,176.3659,-15.4519,22.6488,-30.4655,31.4316
21.9713,-5.8796,5.9955,5.4954,43.4153,64.7284,175.2672,-14.0974,22.6525,-30.0814,31.4023
21.9927,-5.6237,6.5887,4.7756,44.6966,71.0761,173.8639,-11.0349,24.1809,-29.3602,31.3965
22.0089,-5.4033,6.9288,4.4224,48.1145,77.2987,171.9723,-9.6863,25.6711,-27.7909,31.4609
22.0326,-5.1612,7.2555,4.2025,47.9925,83.7050,170.9352,-7.2820,27.6027,-28.2897,31.4102
22.0485,-4.8780,7.6986,4.1288,51.3480,89.7441,168.5563,-5.9490,28.6935,-25.8971,31.4160
22.0742,-4.6444,8.0296,4.1434,54.0941,95.6034,166.6032,-3.8982,29.1015,-26.3419,31.4453
22.0887,-4.3914,8.2245,3.8274,56.1683,101.8886,164.2848,-1.1794,30.9960,-25.2169,31.4062
22.1127,-3.9920,8.6378,3.4903,61.6605,107.4394,162.0270,0.4934,32.0908,-22.8302,31.4414
22.1293,-3.5438,8.7121,2.9932,65.0160,113.6034,159.4040,2.5286,32.8505,-22.0719,31.4277
22.1528,-3.0982,9.2619,2.4581,68.3714,119.4589,156.7204,5.5872,33.2497,-21.7233,31.4414
22.1759,-2.6866,9.3420,2.1067,73.6800,125.1933,153.8532,6.9065,32.8239,-19.2936,31.4062
22.1926,-2.3145,9.5836,1.8982,78.9886,130.8066,150.7419,9.5960,33.5505,-16.9166,31.4062
22.2087,-2.0147,9.5678,1.6119,83.1371,136.4198,147.9352,12.6448,34.3088,-15.7633,31.4688
22.2327,-1.5924,9.6168,1.1270,86.8597,141.8495,144.8844,14.2952,34.2455,-12.5328,31.4258
22.2485,-1.2293,9.8929,0.5933,91.4339,147.1581,142.9928,16.6467,33.8532,-10.9391,31.3906
22.2785,-0.6805,10.1534,-0.1323,99.3675,151.9159,140.9186,19.0003,34.2030,-8.9479,31.3848
22.2966,-0.1429,9.9110,-0.3469,107.5394,156.1855,139.5153,20.6301,32.6151,-5.2741,31.4336
22.3127,0.3654,9.8281,-0.3860,112.4808,160.3964,137.7458,22.9661,32.5678,-2.4616,31.4414
22.3368,0.5795,9.8070,-0.5148,116.8128,164.4237,138.0507,24.6087,30.9956,0.3998,31.4473
22.3526,0.9208,9.9050,-0.2908,124.5343,168.0837,138.0961,25.6233,30.6041,1.6253,31.3730
22.3811,1.1786,9.6790,-0.8157,132.5265,171.3787,135.1059,28.2385,29.3453,7.7190,31.4277
22.3926,1.5287,8.9906,-0.0994,133.3810,174.9177,135.5936,29.2102,27.4098,9.7854,31.4277
22.4503,4.9994,7.3900,-0.3425,124.4122,175.8943,141.2069,29.8162,24.6832,13.0999,31.4102
22.4518,5.3851,8.5033,-0.4699,118.8575,176.5657,150.5429,30.7698,23.4644,16.7757,31.4141
22.4593,6.6254,7.9266,-4.4972,130.8107,172.0500,157.8632,31.3806,19.2496,18.9007,31.4688
22.4728,7.3656,7.9004,-4.1918,189.0919,164.2375,152.6796,32.3078,16.4957,23.4358,31.4004
22.4967,7.3044,6.3408,-2.6185,190.4982,156.0032,149.7518,31.6013,14.9517,24.2967,31.4277
22.5126,4.1794,5.4204,-3.9525,140.1544,150.8782,159.0253,31.5434,13.3639,27.1814,31.4238
22.5368,5.3825,12.5376,-7.0248,134.2325,143.1321,174.1503,30.7617,8.3365,30.9861,31.4180
22.5527,7.7224,3.2720,-1.8451,173.8263,129.3430,178.3651,29.3291,4.4713,33.5525,31.4023
22.5863,9.0124,4.5747,-1.3090,148.1544,122.0188,179.2792,26.8916,0.9947,35.3172,31.4395
22.5926,7.8874,8.2134,-4.0082,158.7325,105.9250,182.7616,26.5442,-0.5160,34.9385,31.4277
22.6252,8.3684,0.9439,-2.7640,162.4923,92.8625,186.9686,25.1057,-4.3930,37.9073,31.3730
22.6412,11.2903,6.9907,-4.3861,133.5079,74.4407,191.3007,22.6877,-6.3432,39.2276,31.3984
22.6567,7.8879,1.1431,-1.8431,161.9298,55.2219,191.4841,20.6077,-9.4174,40.1416,31.4277
22.6881,9.0715,0.9424,-0.6224,155.6486,46.0032,193.2527,18.5803,-9.4180,39.3619,31.4297
22.6969,11.3879,5.7354,-4.5990,144.9064,26.3000,194.2898,16.4885,-11.7637,41.4888,31.4414
22.7207,7.4934,0.3096,-4.0804,153.4142,6.6125,194.5321,11.6877,-13.3691,43.2496,31.3906
22.7366,9.9231,0.8184,-2.6683,143.1329,-9.3328,192.8886,9.2971,-14.5303,43.3068,31.4238
22.7697,11.7082,-1.0937,-2.8627,146.9630,-27.0671,190.8808,7.2561,-14.5510,43.3534,31.4102
22.7790,8.6340,-1.2587,-1.6127,152.4982,-40.5046,189.2938,3.5061,-14.9782,43.8229,31.4160
22.8491,9.1931,-1.0623,-1.7445,139.2325,-57.3171,185.5145,3.1821,-13.8347,43.3990,31.3770
22.8501,9.5251,-2.8738,-2.4335,146.3458,-71.0203,181.7470,0.1001,-14.2751,44.6773,31.4355
22.8505,8.8659,-2.1877,-2.3091,157.6974,-83.3718,176.7274,-2.5874,-13.1247,43.0836,31.3789
22.8569,7.9939,-5.4944,-3.5904,141.7677,-96.3562,171.9110,-5.3140,-12.0456,44.3072,31.4160
22.8727,8.6511,-5.1204,-4.0928,149.9005,-109.6140,165.2274,-9.0269,-9.7995,43.9020,31.4180
22.8969,7.8703,-5.0115,-3.0020,143.7443,-121.6765,161.5224,-11.6987,-6.3835,42.6539,31.4121
22.9125,6.4582,-5.7093,-1.9669,141.3712,-131.8171,155.4755,-12.7183,-5.6457,43.0602,31.4355
22.9366,6.8066,-5.9288,-1.1788,142.9259,-141.4968,148.2372,-14.7300,-2.6340,43.0090,31.4316
22.9608,6.9981,-6.2797,-2.4966,141.5025,-150.1713,141.7511,-17.0964,-0.3710,42.1935,31.4434
22.9768,4.9991,-7.5121,-2.4525,142.4859,-157.4057,134.5089,-18.0783,2.6720,41.3326,31.4316
23.0006,3.7979,-7.0417,-3.1014,134.7398,-161.0737,130.4464,-19.7063,6.5060,38.8190,31.3945
23.0165,5.4102,-8.1960,-2.3744,128.2984,-165.2534,125.4386,-21.0275,8.7970,37.5641,31.4004
23.0407,4.4703,-7.6027,-1.6996,124.8238,-171.7026,119.1534,-22.6828,10.3468,35.5191,31.4121
23.0567,2.8863,-8.5383,-1.3749,122.1324,-174.3881,114.1065,-23.6257,14.2003,32.5953,31.4277
23.0808,3.0853,-8.5738,-1.3719,117.3394,-175.0200,110.3136,-23.2426,16.8878,31.3014,31.4316
23.0981,3.5547,-8.6508,-1.6764,112.8316,-176.7934,105.8878,-23.5407,18.4396,29.6275,31.4004
23.1208,2.2823,-9.1327,-1.4212,106.4917,-177.5004,101.6104,-24.1569,20.7794,26.7350,31.4238
23.1394,1.5879,-8.7936,-0.9288,102.3902,-176.8144,99.3526,-23.7578,23.8673,24.6178,31.4004
23.1608,1.5257,-9.6569,-0.3810,97.5113,-175.1669,97.2784,-24.7329,25.0568,22.1725,31.4375
23.1766,1.4238,-9.4708,-0.3108,91.3472,-172.6044,94.1046,-23.3139,27.4064,19.6471,31.4277
23.2011,0.9978,-9.3995,-0.2298,87.2613,-169.6142,91.1768,-22.9138,30.4923,17.5260,31.4062
23.2167,0.4475,-9.5093,-0.2623,82.1363,-165.4658,91.4818,-22.5058,31.7228,13.8229,31.4102
23.2407,0.4106,-9.3986,-0.0505,76.8902,-160.7666,91.0548,-22.7978,32.9171,11.3561,31.4277
23.2566,0.3742,-9.5629,0.2520,71.2144,-156.3134,91.9698,-21.7568,33.7042,10.5021,31.4375
23.2809,0.3691,-9.2931,0.9019,69.2007,-152.1650,92.2750,-20.0039,34.9318,7.5958,31.3867
23.3024,-1.5401,-9.3718,1.4263,65.9663,-147.6494,92.8853,-18.5947,36.1427,5.0997,31.4629
23.3207,-1.6610,-8.5490,2.1475,58.1538,-140.3251,83.4869,-18.5513,35.4650,1.8595,31.3906
23.3366,-2.0570,-9.1169,2.2657,49.5523,-131.3564,90.5650,-17.5063,35.5166,0.2120,31.4434
23.3607,0.0074,-9.4377,1.9354,42.1695,-124.8876,88.3072,-15.4341,37.0850,-1.0829,31.3945
23.3766,-0.9828,-8.0012,2.1306,39.9117,-119.6416,89.1617,-14.7251,37.5112,-2.7343,31.3828
23.4050,-3.6547,-9.6467,2.3795,38.6304,-112.9892,89.7720,-13.9961,37.9656,-5.6054,31.4551
23.4195,-1.9945,-6.8947,3.0030,42.1695,-106.3369,89.5888,-11.9531,37.6182,-6.0392,31.4141
23.4408,-1.3178,-7.9387,2.3981,31.3726,-99.9306,89.2844,-11.2339,38.4326,-8.1056,31.4688
23.4566,-2.6459,-7.5099,2.3175,21.4273,-92.5478,93.2492,-9.8862,37.6782,-7.7028,31.4355
23.4809,-2.8151,-7.7807,2.8736,21.4275,-85.9580,88.9797,-9.8554,37.7296,-9.7399,31.4395
23.5108,-4.0289,-9.2631,3.5192,22.4035,-78.6337,92.8234,-7.4296,37.8220,-12.6286,31.3848
23.5230,-3.1842,-8.6899,3.5623,14.5324,-71.7978,91.3586,-5.7363,37.0808,-12.6390,31.4219
23.5447,-3.5155,-9.3124,3.3450,5.7512,-66.1845,93.4934,-4.7021,37.4937,-13.4857,31.4277
23.5606,-3.1165,-8.8204,3.4438,0.9998,-61.2253,94.1508,-4.0284,36.7438,-13.0906,31.4004
23.5850,-3.5367,-7.9874,3.7690,-2.2346,-55.9793,93.9677,-2.2803,37.2108,-15.9812,31.4062
23.6096,-4.3033,-8.4518,3.7200,-5.8342,-50.4285,95.6151,-1.6128,37.1976,-15.1780,31.3906
23.6413,-4.9693,-7.3727,3.5842,-10.9592,-44.5730,93.0526,0.0913,36.8445,-15.6033,31.4375
23.6413,-5.0840,-7.7992,3.4503,-13.0939,-39.3855,94.8222,0.4309,36.8491,-15.6112,31.4336
23.6647,-4.6756,-7.4733,3.5565,-13.8254,-34.6902,92.8104,2.1145,34.9702,-15.5937,31.4180
23.6818,-4.8395,-7.7929,3.5013,-15.9601,-29.8074,92.6267,3.1545,35.7592,-16.4448,31.4512
23.7121,-4.1193,-8.2472,2.3675,-19.1301,-26.0867,94.3953,3.4941,34.2641,-17.2236,31.4355
23.7206,-5.6496,-8.3663,2.7411,-21.6789,-20.7820,90.2586,4.5293,34.6760,-18.0698,31.4375
23.7447,-6.2458,-8.9533,3.4622,-22.2892,-15.0515,90.6721,5.5468,35.0544,-17.6867,31.4570
23.7606,-5.3268,-7.0294,3.1336,-24.3068,-9.9226,88.0510,6.5537,34.2961,-17.2780,31.4258
23.7847,-6.7604,-7.0802,3.0968,-30.8381,-5.6453,89.3958,6.5663,34.3162,-18.0930,31.4277
23.8011,-6.7673,-6.9885,3.3174,-44.1193,-0.7078,90.6126,8.2762,34.7237,-18.5412,31.4277
23.8246,-5.8718,-5.6408,3.8525,-50.9201,3.3235,89.7019,8.5931,33.5704,-17.7062,31.4414
23.8407,-6.8547,-6.2253,3.5637,-46.5842,6.8450,89.8372,9.2694,32.4502,-18.0974,31.4258
23.8648,-7.0806,-6.0732,4.6555,-42.8752,10.2082,88.7415,9.9598,32.8443,-18.5209,31.4492
23.8809,-6.8792,-6.3611,4.3535,-50.7306,12.4739,88.4216,10.6234,32.4539,-17.7133,31.4238
23.9048,-6.5621,-5.5588,3.4389,-51.1801,14.9133,85.2595,11.3060,31.3436,-18.5121,31.4102
23.9206,-5.9849,-4.6399,3.0715,-47.8930,17.1672,80.9275,11.9847,32.4656,-17.7324,31.4258
23.9446,-9.2525,-5.0595,2.4958,-56.0805,20.0852,82.3416,11.6302,30.9471,-17.6939,31.4355
23.9687,-9.0124,-4.4868,1.5945,-62.9477,23.3938,82.9973,11.9803,30.5884,-18.4981,31.4492
23.9847,-6.2136,-4.5283,1.9038,-60.6645,26.7336,82.6375,13.0008,31.3492,-18.1316,31.4648
24.0011,-7.1887,-5.5205,2.4384,-65.2660,29.1536,79.0964,12.9749,29.8101,-17.2747,31.4180
24.0248,-10.0539,-4.8613,2.3768,-73.5004,32.8567,79.2440,13.6507,28.6910,-17.6680,31.4453
24.0407,-8.5295,-4.0825,1.9796,-70.7797,35.8645,77.4061,13.3436,30.2330,-18.9190,31.4258
24.0647,-7.7175,-4.5803,1.7853,-67.5610,38.4309,75.7528,14.0071,29.8426,-18.1114,31.4570
24.0887,-9.1335,-4.5299,1.4933,-76.2328,42.6926,75.2377,15.6956,29.8378,-17.3208,31.4668
24.1046,-9.0826,-4.0787,0.8820,-86.4047,46.5950,73.0131,14.6751,29.0780,-17.6897,31.3984
24.1288,-8.6180,-3.5601,0.2785,-88.8930,50.9973,71.9096,14.7035,29.4984,-19.3304,31.4668
24.1447,-9.0535,-3.1187,-0.0919,-87.6733,55.9895,69.9867,14.6800,28.3441,-18.4949,31.4648
24.1687,-10.3372,-3.2983,-0.4675,-88.4722,63.3947,67.5805,14.6745,29.0679,-17.2889,31.4531
24.1847,-8.9105,-2.6787,-0.6963,-88.4340,69.7775,65.6752,14.9853,27.9049,-16.0467,31.4707
24.2087,-9.0562,-2.8063,-0.7442,-88.7258,75.6720,63.7143,14.3594,29.1060,-18.9158,31.4746
24.2245,-9.8932,-2.7306,-0.5674,-93.2766,83.5275,61.5502,14.6709,28.6900,-17.2820,31.4902
24.2487,-9.3028,-2.3163,-0.7944,-100.8234,92.6447,58.0678,15.0012,28.3043,-16.8712,31.4512
24.2646,-8.8973,-1.8094,-1.3481,-100.1330,97.8205,56.8617,14.6521,28.6590,-16.0577,31.4512
24.2888,-9.6073,-1.6617,-1.9267,-97.2658,106.1173,53.8109,14.9868,30.1502,-14.8809,31.4219
24.3047,-9.9068,-1.8433,-2.5093,-100.1935,116.0001,50.3324,14.6111,28.9695,-13.2169,31.4531
24.3288,-8.5767,-1.2432,-3.1645,-104.9514,125.7033,46.1215,14.2805,29.3563,-13.6297,31.4434
24.3447,-9.2149,-1.0610,-3.6826,-107.3303,135.6486,42.5824,14.2651,29.7051,-12.4168,31.4609
24.3690,-9.5147,-0.8934,-3.9800,-109.0998,145.8986,38.0668,14.2663,31.2022,-11.6390,31.4668
24.3846,-8.3897,-0.4027,-4.1684,-110.4426,155.4767,33.0629,13.9067,30.4205,-10.7996,31.4785
24.4096,-8.2830,-0.1422,-4.4129,-110.0766,163.9533,28.3637,12.8744,30.3881,-9.9647,31.4785
24.4288,-8.6936,0.3258,-4.8763,-111.1137,171.9455,22.3246,13.5297,31.1049,-7.9608,31.4590
24.4487,-7.5139,0.8090,-5.5877,-111.1137,179.2072,16.4066,12.8276,30.6877,-6.7166,31.4609
24.4646,-8.0681,0.5499,-5.9786,-114.3481,185.2462,7.9848,11.7826,31.3854,-4.6815,31.4785
24.4898,-7.5530,0.9249,-6.1700,-121.7309,190.7970,0.2348,12.4438,31.3621,-3.4705,31.4648
24.5046,-6.1487,1.6525,-6.2766,-122.6464,195.5548,-7.9996,11.7426,32.4422,-1.4490,31.4277
24.5314,-2.3929,1.5449,-6.7173,-123.0124,196.5314,-10.9293,11.6920,31.6126,1.4221,31.4160
24.5455,-5.6995,2.1669,-8.1128,-120.6940,197.5685,-16.6051,11.0118,32.3558,1.8232,31.4102
24.5694,-6.3904,2.5439,-8.8677,-119.3522,199.2765,-22.4020,11.3172,31.9288,3.8642,31.4434
24.5846,-1.7498,2.5983,-8.9674,-119.9011,199.2157,-28.8707,10.9300,31.4747,6.7314,31.4277
24.6100,-4.7381,3.7233,-8.0099,-112.5807,196.2880,-33.4449,11.5941,31.0823,7.5439,31.4727
24.6178,-7.7263,4.8483,-7.0524,-105.2604,193.3602,-38.0191,12.2581,30.6900,8.3564,31.5176
24.6414,-6.9231,4.1882,-6.0944,-100.3776,192.6888,-46.1363,11.5555,30.2747,9.6005,31.4609
24.6494,-4.3704,2.8991,-4.6637,-113.1276,192.6278,-51.6871,10.8328,29.0814,11.6806,31.5195
24.6728,-5.4016,5.9421,-7.4645,-118.8034,191.8954,-56.5660,10.4393,28.6172,14.9540,31.4785
24.6890,-3.5960,1.3483,-8.0002,-73.3347,187.5048,-57.1153,9.7454,27.0938,15.0030,31.5020
24.7127,-1.4573,5.2702,-12.3908,-92.4284,187.0775,-67.7950,9.7058,28.1495,18.2335,31.5020
24.7394,-5.4182,4.5173,-7.3634,-87.3659,180.8549,-67.0021,9.6788,25.8643,18.6969,31.4727
24.7529,-2.1018,6.7634,-5.5148,-88.8298,180.5499,-76.2755,9.9742,25.0489,21.1539,31.4668
24.7768,1.1719,5.8506,-6.5800,-80.7266,178.9482,-70.7051,8.9325,24.2574,22.0173,31.4766
24.7930,2.0806,6.8935,-8.7870,-81.8858,177.9716,-77.6622,7.8827,23.0796,23.2849,31.4492
24.8093,-0.5600,5.7383,-9.4716,-75.7217,172.7256,-77.7842,8.8558,22.6397,26.1247,31.3906
24.8385,2.8795,7.3310,-7.7274,-75.7214,168.9424,-83.3350,8.5055,21.4991,26.1585,31.4258
24.8497,0.4439,5.4219,-6.1054,-69.8659,161.5595,-81.5645,8.4753,19.5840,27.0237,31.4336
24.8728,2.1129,7.3818,-6.5495,-67.5476,156.6181,-83.0303,8.4383,19.5223,29.4593,31.4512
24.8967,3.7769,6.6470,-7.0092,-62.9734,145.9384,-85.4092,8.7477,16.8622,29.9302,31.4434
24.9128,2.3443,6.7171,-7.0660,-58.7038,136.6650,-86.5684,7.7037,14.9461,30.4058,31.3965
24.9413,0.9312,8.1312,-6.8232,-57.7278,129.4033,-86.4462,8.0118,14.1507,32.0484,31.4297
24.9528,2.2955,6.7337,-5.6484,-57.1784,122.5674,-84.7382,7.6573,13.3802,32.4935,31.4121
24.9768,2.9000,8.1067,-5.8584,-53.7624,113.0517,-86.1396,7.6430,12.9789,33.3001,31.4316
24.9926,1.8765,7.4568,-5.1684,-51.8698,104.4502,-83.7021,7.2951,12.2181,33.3336,31.4414
25.0197,2.3753,8.0618,-5.8056,-51.1374,95.7861,-82.9077,7.9557,10.6976,33.7623,31.4277
25.0332,3.1033,8.5418,-4.7168,-51.9304,86.8174,-81.9931,7.6054,10.3053,34.1896,31.4395
25.0567,2.5657,7.9783,-4.8480,-50.6501,76.6845,-81.8090,8.6230,9.9359,34.1768,31.4121
25.0728,1.6224,8.7230,-4.0233,-50.8918,70.0947,-79.3696,7.5829,9.1468,35.0279,31.4082
25.0970,2.0582,8.3917,-5.0780,-50.2854,63.2627,-77.2973,8.2694,9.1638,34.6087,31.4512
25.1128,1.8520,8.6839,-4.8629,-52.4768,58.3174,-75.1606,9.2792,8.7854,35.0127,31.4062
25.1458,1.4619,9.1976,-4.7603,-53.3371,52.9033,-71.2661,8.9157,7.6252,35.8662,31.4453
25.1528,1.7819,8.5296,-3.4762,-56.2961,50.0341,-68.7719,9.2565,7.6278,35.8507,31.4590
25.1768,1.7914,9.5296,-3.1632,-55.7761,45.8740,-65.3422,10.6256,6.5341,34.6281,31.4512
25.1927,1.6007,8.6858,-3.0289,-56.6233,43.0029,-64.2407,11.2799,5.7528,35.8625,31.4590
25.2171,1.0158,9.4520,-3.7398,-56.6896,40.7490,-59.7993,11.2670,5.7331,36.6823,31.4023
25.2333,1.1104,9.2969,-3.8489,-60.2834,40.7409,-57.1020,11.6112,6.1149,36.6572,31.4609
25.2569,1.0360,9.1393,-3.2454,-61.1344,40.0114,-52.3168,11.6210,6.5041,36.2405,31.4043
25.2728,0.4281,9.7248,-2.5476,-64.3493,40.8547,-49.0043,12.2938,5.7531,36.2524,31.4590
25.2968,1.0218,9.0607,-1.9485,-63.3385,41.1074,-44.4145,12.9955,4.6730,34.2270,31.4570
25.3129,0.9672,9.9074,-2.0545,-65.2467,42.6103,-40.9770,13.6312,4.6098,37.0727,31.4668
25.3371,0.1762,9.6501,-2.1312,-64.9882,44.9677,-36.6645,15.3480,5.0263,36.2191,31.3828
25.3544,0.5021,9.6227,-1.7169,-67.0761,49.2256,-33.2368,14.6644,4.6403,36.2401,31.4141
25.3776,0.0699,9.7764,-1.6041,-67.1908,53.0527,-28.5990,15.6772,3.5048,36.2517,31.4453
25.4009,0.0046,9.6402,-1.7683,-68.1239,58.0214,-24.8549,16.0063,2.3710,36.2836,31.4395
25.4172,0.3969,10.0098,-1.5641,-69.2372,62.3574,-21.1478,17.0551,2.8004,34.6225,31.4277
25.4329,0.2840,9.6209,-1.0719,-70.1132,66.2304,-17.8978,18.0659,2.4208,35.0124,31.4180
25.4568,0.2460,10.0704,-0.1427,-71.0472,70.9140,-15.3764,18.3886,0.5282,35.0532,31.4473
25.4814,0.5283,9.7554,0.3361,-70.3090,74.5956,-12.2064,19.0820,1.3036,34.6201,31.4707
25.4970,0.0595,9.8596,0.1412,-70.3037,78.2831,-9.4018,20.4218,-0.2091,35.0510,31.4531
25.5208,-0.0661,9.9990,-0.3968,-71.2808,83.8066,-5.3939,21.0903,-0.2234,35.8352,31.4707
25.5373,0.0281,9.6867,-0.3883,-72.0659,88.1425,-1.6576,21.7817,-0.9441,34.6341,31.3984
25.5607,-0.0131,9.8985,0.0927,-72.5767,93.5058,4.7604,22.7885,-2.4509,34.6539,31.4043
25.5767,0.4508,9.6182,0.7958,-70.8296,98.9238,13.7213,23.7983,-3.5779,34.6597,31.4277
25.6009,0.3128,9.7760,0.9629,-69.6753,101.8886,20.3775,24.8178,-4.3157,34.2535,31.4258
25.6167,-0.1298,9.6074,1.1215,-68.6978,105.3671,27.8150,25.4960,-6.5539,33.0806,31.4336
25.6579,-2.4599,9.3066,2.8041,-83.2290,113.9609,27.3819,25.5116,-6.9031,31.8638,31.4121
25.6649,-0.3778,9.9433,3.1876,-77.7524,120.0077,41.6241,27.5330,-10.2741,31.1021,31.4355
25.6810,2.1378,8.8925,2.9093,-78.9634,121.4980,46.5577,27.8658,-11.7771,30.7178,31.4453
25.7047,2.0366,9.9042,2.0939,-78.6511,122.4789,49.9190,28.5494,-11.3911,30.6968,31.4668
25.7374,0.0649,8.9887,3.5421,-75.7332,123.7651,58.7472,28.8751,-13.6528,30.3438,31.4395
25.7448,-0.2095,9.3132,3.3571,-86.8582,129.1088,68.7237,28.2286,-14.7270,27.5391,31.4551
25.7608,1.3784,9.0965,2.8317,-85.9822,131.5287,78.0050,29.6007,-16.1899,25.9161,31.4199
25.7851,2.7983,8.6651,2.8941,-92.1580,132.4741,85.0909,29.9298,-18.0727,25.5496,31.4492
25.8007,0.2553,9.0006,3.5557,-91.5530,132.8962,96.1144,29.6080,-18.7944,23.9441,31.4648
25.8248,0.3302,7.8912,4.8995,-97.4006,135.1891,105.0206,30.2662,-22.5600,23.2112,31.4434
25.8408,1.7276,8.3946,4.6679,-104.2678,136.6804,109.6690,30.3090,-23.9858,19.5823,31.4688
25.8652,3.3292,8.2918,5.4013,-97.0686,135.3434,118.7628,30.9970,-25.8345,17.9876,31.4102
25.8810,-0.4989,7.5257,7.0077,-94.8557,135.2848,126.6456,29.9784,-27.7104,16.8323,31.4551
25.9048,3.0616,7.6833,6.9278,-98.6545,136.0705,129.9230,28.3183,-28.0361,14.0159,31.4688
25.9206,3.2318,6.9440,7.1241,-101.4006,135.5825,139.0167,27.6425,-30.2783,12.4554,31.3887
25.9448,1.6253,7.3666,7.0893,-114.1663,134.0795,147.4230,26.3115,-32.4873,9.2776,31.4844
25.9648,3.5833,7.2520,6.1454,-115.7415,132.0444,150.6730,24.9745,-34.7041,6.5042,31.4648
25.9849,3.1238,5.9366,6.4578,-113.1362,128.6552,155.7352,22.9880,-35.4026,2.8771,31.4258
26.0031,2.5925,6.0973,7.3602,-128.4487,125.3603,160.2509,21.3054,-36.1385,1.2961,31.4160
26.0251,3.0356,5.1954,7.9085,-127.1674,121.3935,163.9735,19.3142,-36.8274,-2.3172,31.4922
26.0410,2.0337,4.9110,9.0032,-125.9467,117.1826,165.8036,16.9392,-39.0853,-3.8494,31.4492
26.0674,3.4175,4.0931,9.7357,-144.5561,113.2763,169.2216,14.6013,-37.9212,-5.8729,31.3926
26.0806,2.4307,3.8498,10.1036,-144.0681,107.2372,170.6249,12.2634,-39.3714,-9.4608,31.3809
26.1051,3.1733,3.7017,9.9949,-148.3376,100.9521,170.6249,8.5505,-38.9905,-11.0389,31.4102
26.1210,3.0249,3.0435,8.6024,-154.3181,93.6904,171.1737,6.2185,-38.5640,-13.8533,31.4512
26.1451,2.3740,2.6568,9.5579,-157.9782,85.2685,170.0761,2.4724,-39.7300,-14.1705,31.4648
26.1699,2.5483,2.2777,10.3436,-165.9704,76.6044,169.0390,-0.5510,-38.9527,-16.1763,31.4258
26.1847,1.9824,0.9056,10.8524,-164.0173,66.8466,167.0253,-4.2932,-38.2427,-15.7256,31.4688
26.2089,1.8694,1.7567,10.3270,-170.7907,58.1201,164.9511,-6.9710,-37.0826,-17.7413,31.4180
26.2249,1.9545,-0.1134,9.9312,-170.4858,48.1747,162.2655,-10.3518,-36.3384,-18.5167,31.4492
26.2408,1.6964,0.3077,10.0338,-175.1850,38.0497,159.3378,-13.0999,-36.0372,-16.4424,31.4219
26.2721,1.9357,-1.0693,10.3095,-173.7211,27.3701,155.9218,-14.4495,-34.9131,-16.4471,31.4062
26.2807,1.2740,-1.6230,10.5042,-175.7934,17.3701,152.8104,-19.5471,-34.5855,-16.3666,31.4336
26.3049,1.2034,-2.4335,10.3107,-174.2690,7.2372,148.7831,-21.9300,-32.7437,-15.1527,31.4258
26.3291,1.5371,-0.8730,8.3849,-161.7065,-1.7940,145.3671,-24.3245,-31.6705,-13.5102,31.4336
26.3450,-0.9043,-1.3178,7.8624,-170.3627,-7.7745,142.6815,-26.7014,-30.5669,-13.0900,31.4180
26.3748,-0.3330,-3.0541,8.5519,-176.6440,-15.0948,137.5565,-28.0960,-30.2620,-10.6310,31.4531
26.3850,0.0918,-4.2318,11.1495,-163.0971,-22.7823,132.7362,-30.1467,-28.8060,-9.0021,31.4102
26.4089,-1.0303,-5.3529,11.8185,-163.3436,-27.6612,128.1620,-30.1448,-27.6790,-8.6254,31.4336
26.4248,0.4102,-5.4563,9.1740,-160.0584,-33.8878,121.5761,-32.5432,-26.9852,-6.9721,31.4277
26.4489,-0.5181,-4.2239,6.7130,-151.0350,-39.9776,117.0683,-33.2522,-24.0496,-3.3686,31.4492
26.4649,-1.9194,-6.7239,6.3336,-150.4554,-44.7354,111.5800,-34.6350,-24.4727,-2.1137,31.4590
26.4889,-0.5718,-5.0179,7.2306,-151.0897,-48.9503,106.3261,-35.3254,-23.0030,-0.5092,31.4570
26.5049,0.1387,-6.3597,8.0558,-137.9022,-54.7784,100.7909,-36.3928,-21.9669,3.1471,31.4199
26.5288,-2.2637,-7.0013,8.2231,-136.5301,-58.9893,95.4354,-36.4049,-22.3563,3.5643,31.4707
26.5456,-0.4297,-6.5369,5.6509,-132.4988,-63.8331,90.0331,-36.4110,-19.7527,5.5360,31.4375
26.5796,-0.8760,-7.4793,5.0894,-120.8817,-67.5928,85.2167,-37.7919,-19.4275,7.1786,31.4355
26.5850,-2.8034,-8.1339,5.2300,-119.6905,-71.9346,81.8345,-36.7908,-16.7869,8.3191,31.3789
26.6091,-0.2253,-7.5377,6.2515,-110.1358,-75.8799,76.2525,-36.1253,-15.6824,9.9090,31.4160
26.6250,-1.3913,-7.8080,5.9778,-103.4757,-79.5694,73.6568,-36.8651,-15.0315,13.9793,31.4102
26.6571,-2.8718,-7.8478,5.3367,-100.3194,-84.1944,68.6763,-35.8279,-13.5042,13.9193,31.4316
26.6653,-0.6765,-7.5612,4.2039,-92.2100,-86.8135,66.4693,-35.1624,-12.3997,15.5091,31.4082
26.6888,-2.0397,-8.0817,3.8846,-86.5225,-89.9522,64.3521,-35.8514,-11.2991,16.7152,31.4355
26.7048,-2.6032,-7.6569,4.1377,-79.7335,-93.5928,61.8228,-36.1961,-10.1848,17.5125,31.4395
26.7289,-1.3434,-8.3161,4.7827,-73.4874,-97.0303,60.5679,-34.8484,-9.0745,19.0867,31.4316
26.7465,-2.0168,-8.5086,4.5049,-68.3897,-100.1749,60.2847,-34.8393,-7.9368,19.0612,31.3945
26.7540,-2.6901,-8.7011,4.2271,-63.2921,-103.3194,60.0015,-34.8301,-6.7991,19.0356,31.3574
26.7690,-3.8112,-8.5569,3.8079,-56.3975,-106.7002,59.1002,-33.7989,-5.2825,19.3808,31.3457
26.7864,-1.9118,-7.5130,2.9715,-50.0147,-109.2784,58.8385,-34.1365,-3.4094,20.1597,31.3809
26.8089,-2.8249,-7.9942,2.9070,-46.4757,-111.5967,60.7301,-33.4759,-3.0642,21.7632,31.3906
26.8248,-3.4074,-8.1184,3.4983,-42.0225,-114.0987,61.4014,-32.7766,-0.0330,22.0898,31.4102
26.8489,-2.4557,-8.6419,4.0075,-34.1514,-117.2100,63.9639,-32.7766,-0.0330,22.0898,31.3906
26.8651,-2.7060,-8.3157,3.7667,-31.1612,-119.7725,66.7100,-32.4358,2.2151,23.2529,31.3613
26.8888,-3.9306,-8.0408,3.4330,-25.0596,-122.7022,69.8214,-32.4146,3.7414,22.8052,31.3555
26.9048,-2.5527,-8.3408,3.4053,-22.0089,-125.2647,72.9327,-31.7061,6.0325,22.3271,31.3613
26.9289,-3.1581,-8.1948,3.5387,-17.2510,-127.7061,77.9952,-31.3460,7.5627,21.8764,31.4219
26.9447,-3.4440,-8.3616,3.7439,-12.8604,-129.5977,82.0225,-29.9642,9.1028,21.4055,31.4180
26.9694,-2.9626,-8.2754,3.6322,-9.6260,-131.9161,87.0264,-29.9285,11.7766,20.5281,31.3926
26.9927,-3.5139,-7.9614,3.5882,-5.7823,-134.1133,91.9678,-29.2230,13.3205,19.6667,31.3750
27.0091,-3.8102,-8.1583,3.6309,-1.7550,-136.1875,97.6436,-27.8450,15.2307,19.5967,31.3750
27.0251,-3.5065,-7.7320,3.9888,1.9072,-137.6524,102.9522,-27.8163,17.1477,18.7378,31.3594
27.0491,-3.8730,-7.8438,4.2972,6.2392,-139.1778,109.4796,-27.0980,19.0793,17.4527,31.3770
27.0650,-4.3339,-7.5799,4.6170,9.2294,-140.5196,115.1553,-26.0326,21.4055,15.7515,31.4648
27.0915,-4.1193,-7.4494,4.6839,13.2568,-141.5567,121.5616,-25.3231,22.5803,14.4898,31.4082
27.1050,-4.6647,-6.8683,4.7274,18.1357,-142.1055,127.5421,-23.2489,24.1467,13.1939,31.3594
27.1290,-4.5883,-7.0883,4.6491,21.3700,-142.1058,133.9483,-23.1832,26.4905,10.2857,31.4004
27.1529,-4.8282,-6.1425,5.0956,26.0068,-141.6175,139.9288,-21.1129,28.0598,8.9937,31.4023
27.1691,-4.5630,-6.1799,5.4977,30.2177,-140.6414,146.3975,-19.6998,29.6496,6.4878,31.4297
27.1938,-4.5649,-5.5204,6.2301,30.5400,-136.2985,152.0117,-18.6503,29.3384,4.8483,31.4277
27.2091,-4.1835,-4.9760,6.4573,35.6025,-134.0407,158.3594,-16.2461,31.2681,4.3527,31.3867
27.2335,-4.9672,-5.4323,6.5164,40.1142,-131.7223,163.5430,-14.4951,32.8638,1.8429,31.4414
27.2492,-4.8431,-4.5958,6.8028,45.9111,-128.3063,168.6680,-12.4052,34.8306,-0.2762,31.4355
27.2731,-4.6269,-4.7374,6.8268,50.5478,-124.8278,173.1250,-9.6416,34.1802,-3.5633,31.4609
27.2961,-5.2690,-4.3016,7.1564,56.5868,-120.1911,177.2735,-6.9013,34.2370,-4.8319,31.4375
27.3129,-4.9424,-3.4667,7.4084,60.9189,-115.6129,180.6914,-4.1611,35.0431,-5.7122,31.3887
27.3289,-5.3083,-3.2366,7.7866,68.4814,-110.1832,183.5586,-1.4404,33.9572,-6.5492,31.4238
27.3541,-5.2435,-2.2542,8.1284,73.3017,-104.2692,185.9375,-0.3867,34.0138,-8.5999,31.3945
27.3696,-5.1393,-1.9941,8.4035,78.9775,-98.2262,187.3418,2.7110,34.1063,-11.0980,31.3984
27.3986,-5.1868,-1.6533,8.7319,85.3056,-91.8395,188.8643,5.7364,33.7079,-9.1038,31.4531
27.4087,-5.1461,-0.8237,9.1428,89.3251,-85.0895,189.4126,9.5157,33.0580,-12.0023,31.3691
27.4328,-4.9215,-0.7140,9.2889,95.6845,-78.4645,189.3562,11.9082,32.3539,-13.2464,31.3809
27.4488,-5.1523,0.2206,9.5058,100.3876,-71.1442,188.9297,15.2657,28.9554,-12.4056,31.4121
27.4744,-4.6643,0.5077,9.3117,104.4618,-63.8356,187.7139,18.3321,28.2474,-13.2528,31.4043
27.4891,-4.9646,0.8461,9.3713,109.2353,-55.6403,186.1846,19.6690,27.1048,-12.4349,31.4141
27.5131,-4.4377,1.6219,9.2051,112.0224,-47.0934,184.1846,22.0225,25.5922,-11.6234,31.3633
27.5295,-4.6892,1.7787,9.5144,115.8056,-37.8825,181.6241,25.4131,24.4896,-11.6537,31.4102
27.5528,-4.1975,2.6766,9.3902,117.4130,-29.1012,178.6201,26.4102,22.5941,-11.2172,31.4316
27.5695,-4.3267,2.9637,9.4146,120.0693,-20.0700,175.5498,29.0625,19.8968,-8.3461,31.4238
27.6034,-3.8636,3.3668,9.0545,121.6083,-11.4606,171.6299,31.7305,17.5980,-6.2992,31.4219
27.6088,-3.6412,4.1027,9.0478,121.7018,-2.4996,167.9307,33.0518,15.3070,-5.0453,31.4219
27.6329,-3.4345,4.0336,8.8906,122.9098,5.5550,163.3838,33.6993,13.7670,-3.7972,31.4023
27.6652,-3.3793,4.9803,8.9315,121.1070,14.3910,159.2119,34.3658,12.2562,-3.7711,31.4219
27.6733,-2.8918,5.0077,8.5985,121.7599,22.0043,154.0674,35.6617,10.6732,-0.4977,31.3730
27.6887,-2.7945,5.3102,8.3617,119.9347,30.2855,149.3057,36.9703,9.1097,1.9613,31.4043
27.7130,-2.2642,8.7419,7.6957,123.7277,38.6839,140.8916,36.5801,5.6625,3.2728,31.3984
27.7290,-2.1211,6.8132,7.5264,114.8214,45.5004,138.0030,37.9053,4.4994,4.9076,31.3945
27.7530,-1.4229,3.4557,7.5594,111.6788,50.3949,134.5049,37.8560,1.8041,6.6029,31.4043
27.7696,-1.9903,6.1315,7.2598,108.1398,57.2894,129.5010,37.1246,0.9681,9.4838,31.3711
27.7930,-0.8881,7.5547,7.3146,103.4776,62.6762,123.0204,37.1062,-0.9769,11.1633,31.3926
27.8088,-1.2248,6.3379,6.7658,102.8067,68.4731,116.9189,37.3806,-4.0687,13.6731,31.4277
27.8329,-2.1091,7.8330,6.2492,98.9630,74.6371,110.5712,37.0100,-6.7367,14.1516,31.4434
27.8496,-1.1232,6.5850,5.9709,97.8038,80.0043,105.5673,36.6604,-7.1293,14.5762,31.3828
27.8729,-1.4477,8.4658,6.1763,90.8467,84.8246,99.1610,35.9246,-9.8402,16.6895,31.4102
27.8893,-1.3066,7.7783,5.8084,86.2100,88.8520,93.4853,36.5564,-11.7796,18.7637,31.3770
27.9128,-1.0671,7.6067,5.8835,85.2339,93.4262,89.1532,34.8494,-11.8071,19.1978,31.3965
27.9288,-0.3791,8.3552,5.1516,75.5308,97.8168,84.3954,33.7996,-12.9848,20.4653,31.3828
27.9529,-0.9548,7.4202,4.5485,73.6998,101.3559,78.5400,34.1099,-14.8979,21.3237,31.4062
27.9691,0.2572,8.9309,5.0217,63.3248,105.0785,75.5497,33.0786,-16.7944,20.9776,31.3594
27.9928,-0.5031,7.3987,4.9880,62.1656,108.1293,71.8876,32.0523,-16.8148,21.4024,31.3730
28.0195,-0.0646,8.8704,5.0217,57.2867,111.3012,67.9208,31.3320,-19.8753,22.3037,31.3477
28.0329,0.4764,8.3323,4.2605,51.2476,114.2309,64.6259,31.3177,-22.1409,21.9553,31.4121
28.0573,-0.1652,8.1624,4.0188,46.9156,116.7934,63.4052,30.3060,-23.2581,20.7756,31.3633
28.0728,0.3626,9.2092,3.8800,37.8843,119.4164,60.0497,29.6062,-24.0433,21.6209,31.3887
28.0968,0.3736,7.8450,4.1725,35.3218,121.6742,59.0126,29.2581,-26.3011,20.8762,31.3945
28.1157,0.3685,9.3977,4.5082,28.0601,124.7250,58.2802,28.5784,-25.5589,21.2656,31.4141
28.1372,0.2916,8.1594,4.0231,24.5211,126.4945,57.1210,26.8851,-28.1800,19.3233,31.3965
28.1534,0.9039,8.6172,4.0027,20.9214,128.6918,56.7550,26.8753,-28.5692,19.7400,31.4180
28.1795,0.4298,8.8042,3.6460,12.8121,130.5834,57.2428,25.2025,-29.6629,17.3533,31.4062
28.1929,0.3742,8.3081,3.7053,10.2476,132.6576,58.2799,25.8753,-31.1629,16.9717,31.4160
28.2179,1.0460,9.1694,3.9553,2.9937,134.4262,58.8893,25.2176,-30.7603,15.7520,31.3672
28.2328,0.5646,8.1748,3.8414,-1.3383,135.7680,60.3542,24.5482,-32.9908,13.7832,31.3984
28.2572,1.1456,8.6616,4.1859,-5.3012,137.2934,62.3044,23.5296,-34.8668,12.6250,31.4102
28.2729,0.9800,8.8652,4.0975,-10.4262,138.8188,64.3766,23.8629,-35.6217,12.6378,31.4355
28.2972,0.8575,7.8193,4.0032,-14.6450,139.8588,67.0641,22.5650,-35.5351,8.5910,31.3750
28.3203,0.9326,8.4097,4.1448,-21.5395,141.2621,69.5055,21.8873,-36.6591,7.8161,31.3828
28.3368,1.3688,7.8779,4.3671,-24.5903,142.0551,73.0426,21.9154,-36.9877,5.7887,31.3945
28.3529,1.1682,8.5708,4.6135,-28.9184,142.7870,76.2731,19.9017,-38.0854,3.4079,31.4414
28.3796,1.5534,8.1196,4.6127,-35.4926,143.5165,79.8024,18.9188,-38.0357,0.9821,31.3926
28.4011,0.9755,8.1450,4.6826,-38.4800,143.9120,83.4638,17.5825,-38.7614,-1.4283,31.4160
28.4228,1.5825,8.3649,4.8800,-44.5191,144.0344,87.3622,17.2651,-38.3549,-2.6529,31.3965
28.4329,1.1769,7.7897,4.9552,-49.2105,143.9746,91.6942,16.9367,-39.0868,-3.8512,31.3848
28.4568,1.5480,7.9999,5.4327,-55.0972,143.9123,95.8270,14.6047,-38.6610,-6.6695,31.4023
28.4810,1.5754,7.7228,5.6103,-59.3472,143.0031,99.9911,13.2590,-39.7723,-8.2486,31.4043
28.4969,1.9140,7.5094,5.9965,-65.1988,142.4055,103.7431,11.9621,-38.9369,-11.9088,31.3555
28.5133,1.7925,7.4682,6.1565,-71.3746,141.2209,108.1845,9.9504,-38.5382,-13.5123,31.3555
28.5374,1.7508,6.9266,6.3415,-75.3980,139.9514,111.7958,7.6105,-38.1224,-15.9225,31.4121
28.5533,1.8809,7.0957,6.6787,-82.0465,138.3791,115.6942,5.9445,-37.7108,-17.9439,31.3945
28.5769,1.8089,6.5005,6.9394,-88.0386,136.3967,119.3602,3.9367,-36.9325,-19.5543,31.4434
28.6008,1.7503,6.4543,7.3191,-92.9097,134.3889,122.7528,2.3068,-35.3427,-23.2281,31.3945
28.6272,2.0325,6.4377,7.6662,-99.2965,131.9162,125.4657,-0.7479,-33.8671,-22.8089,31.3594
28.6408,1.8569,5.4758,7.8648,-103.7613,129.1662,128.1591,-2.3963,-32.3075,-25.2582,31.4258
28.6740,2.0137,5.9724,8.2938,-111.6636,126.1623,129.9374,-5.4197,-32.2783,-27.6527,31.3926
28.6814,1.8847,4.7575,8.3606,-115.5914,122.4709,131.9725,-7.7694,-29.6377,-28.0846,31.3828
28.6971,1.6301,4.8820,8.7212,-121.8258,119.2756,132.6630,-11.4647,-27.3603,-29.7018,31.3770
28.7307,1.7979,4.5913,8.9715,-128.3765,114.9904,133.3065,-13.4920,-25.8642,-29.7083,31.3789
28.7371,1.3878,3.8081,9.4336,-132.8336,111.4768,133.3671,-15.8494,-24.7304,-30.5061,31.3711
28.7609,1.3266,3.9962,9.7884,-139.0015,107.3244,132.9167,-17.5330,-22.8515,-30.5279,31.3750
28.7771,1.4959,2.9327,9.8913,-142.9117,102.9065,132.1677,-19.5486,-20.9658,-30.9427,31.4004
28.8011,0.9129,2.7496,10.1757,-147.5523,99.2268,130.8405,-21.5858,-19.1103,-30.1439,31.3594
28.8168,1.1126,2.3668,10.0901,-152.8101,93.8283,128.5163,-23.2625,-17.2217,-30.5687,31.3652
28.8411,0.7301,1.5875,10.2954,-155.4488,89.8928,126.5632,-27.3328,-15.0088,-29.7357,31.3770
28.8593,0.3050,2.0091,10.2897,-159.8433,86.5588,124.4694,-28.3680,-13.1728,-27.7318,31.4316
28.8821,0.4213,0.7865,10.4684,-161.5523,81.3127,121.2956,-29.7322,-11.7002,-26.5199,31.4316
28.8969,0.0172,0.7551,10.4972,-165.5797,76.9182,117.8796,-31.4461,-10.2402,-24.9056,31.3340
28.9212,-0.1945,0.1120,10.4967,-168.0816,71.7307,113.9753,-33.1287,-7.2441,-24.1258,31.3867
28.9369,-0.2899,-0.6990,10.4567,-168.9971,66.9729,109.8269,-34.8621,-5.8144,-21.2899,31.3262
28.9610,-0.7113,-0.5649,10.3231,-172.2315,62.1526,105.5573,-36.5740,-4.3554,-19.6688,31.3633
28.9769,-1.0089,-1.7084,10.2123,-170.9503,56.9065,100.9831,-36.9146,-2.4931,-18.4852,31.3438
29.0010,-1.2252,-1.4381,10.0954,-173.3168,52.0561,96.2260,-38.6992,-1.8545,-14.0000,31.3438
29.0171,-1.5560,-2.4449,9.8965,-170.9985,47.0522,91.4682,-39.0270,0.0273,-13.6316,31.3691
29.0407,-1.9192,-2.5693,9.6897,-171.7914,42.5366,86.5268,-39.3952,0.3528,-11.5984,31.4219
29.0570,-2.0613,-3.1122,9.2873,-169.3520,37.9623,81.5229,-39.4294,2.1682,-8.3875,31.3594
29.0811,-2.3975,-3.7983,8.9802,-167.5825,33.7514,76.5190,-39.4603,2.8659,-5.9617,31.3613
29.0968,-2.6846,-3.6240,8.5813,-165.7524,29.9077,71.5776,-39.4745,4.7116,-3.9715,31.3906
29.1236,-2.8882,-4.6620,8.4583,-161.7250,26.3081,66.3901,-39.8397,4.6679,-2.3367,31.3574
29.1619,-3.1722,-4.2175,8.1846,-159.8940,23.0131,61.8159,-38.8597,4.9870,0.4875,31.3906
29.1623,-3.3257,-5.1804,7.7090,-154.4018,19.4135,56.9330,-39.2347,6.0505,3.3176,31.3789
29.1853,-3.4615,-5.0305,7.2742,-151.5952,16.5463,52.4799,-37.8920,6.0336,4.5158,31.4062
29.2009,-3.7571,-5.6066,6.9837,-145.9194,13.4350,48.0268,-37.9056,8.6274,6.8947,31.3359
29.2249,-3.7489,-5.8517,6.6116,-142.1362,10.3842,44.1830,-36.2542,7.0795,8.9436,31.3867
29.2421,-3.9243,-5.8926,6.2796,-136.7065,7.6987,40.7045,-36.2626,7.8061,10.1438,31.3750
29.2653,-4.1918,-7.2168,5.9134,-131.3979,4.9526,37.2885,-34.5907,9.2690,12.9270,31.3828
29.2808,-4.1501,-6.8313,5.3211,-127.2495,2.6342,35.2143,-36.3007,8.4946,12.9781,31.3223
29.3049,-4.1723,-7.6511,5.1734,-121.2104,0.1948,32.4077,-33.2519,10.0024,14.5201,31.3555
29.3210,-4.2293,-7.0779,4.7122,-115.8393,-2.6724,30.8207,-32.2602,9.2128,16.1451,31.3867
29.3452,-4.3762,-7.0161,4.5469,-111.2026,-5.1119,29.4789,-31.2553,10.3203,17.7291,31.4043
29.3610,-4.4048,-7.2986,4.2852,-105.9604,-7.4283,28.7465,-30.5844,10.6862,18.5226,31.3652
29.3850,-4.6172,-6.5672,4.1132,-100.8354,-9.5630,28.3801,-29.9052,10.6936,18.5133,31.3867
29.4012,-4.7642,-7.5349,3.5473,-96.3198,-12.0044,28.3809,-29.2397,11.7972,20.1032,31.3633
29.4254,-4.6145,-6.9285,3.4211,-91.3120,-14.0181,29.2344,-29.2334,11.8072,19.6957,31.3672
29.4467,-5.0598,-7.5257,3.1730,-88.0776,-16.2134,30.6367,-28.2383,11.7773,21.3080,31.3672
29.4649,-5.0079,-7.6233,2.9629,-83.9330,-18.4693,32.3428,-26.5332,12.9218,21.6581,31.3789
29.4814,-4.8173,-7.4052,2.8355,-81.4975,-20.1675,34.4014,-25.5312,13.6504,23.2509,31.4121
29.5048,-5.0081,-7.8293,2.5791,-78.0366,-21.8189,36.7197,-24.8633,12.8882,23.6620,31.3379
29.5209,-5.1276,-7.2072,2.4453,-76.3012,-23.7779,39.5401,-23.4961,14.4087,24.0119,31.3809
29.5490,-5.0939,-7.7834,2.1634,-75.0854,-25.7877,42.7666,-22.4453,15.2182,22.3497,31.3926
29.5612,-5.2382,-7.5036,2.2629,-73.6791,-27.4966,46.0010,-22.1318,14.8010,23.9767,31.3438
29.5851,-5.2630,-7.4315,2.1426,-73.7983,-29.2623,49.1045,-20.4443,15.5471,25.1544,31.3125
29.6092,-5.4293,-7.7032,2.0108,-72.4320,-31.1282,52.6955,-19.3986,17.0926,24.7040,31.4023
29.6251,-5.5858,-7.0255,1.9950,-72.8392,-32.6985,56.0764,-19.7224,16.7396,23.4941,31.3809
29.6514,-5.9053,-7.5699,1.6645,-73.6463,-34.2044,60.0959,-17.0232,17.8538,25.4560,31.3398
29.6738,-6.0016,-7.0961,1.5915,-74.0015,-35.4563,64.5725,-15.9734,19.7806,24.5771,31.3516
29.6890,-6.0781,-7.1790,1.3446,-76.6617,-36.3714,68.3947,-14.6032,20.9329,24.5290,31.3750
29.7050,-6.2803,-7.0893,1.1446,-77.8375,-37.1536,72.5354,-14.2658,20.5565,24.5292,31.3613
29.7296,-6.4457,-6.6345,1.0928,-80.2164,-37.6414,76.4807,-11.8889,21.6991,25.2788,31.3555
29.7541,-6.7187,-6.8506,0.9966,-82.4527,-37.7778,80.3459,-10.8625,22.4686,25.2460,31.3457
29.7692,-6.8912,-6.2906,0.9915,-84.2740,-37.4946,84.1779,-9.4807,23.2586,24.3793,31.4258
29.7849,-7.1394,-6.2620,0.9416,-87.3775,-36.9198,88.4553,-7.4475,24.0184,25.1435,31.3770
29.8089,-7.2506,-6.0045,0.9281,-89.6353,-35.8603,92.2561,-5.7287,24.0666,23.8954,31.3574
29.8249,-7.8575,-5.4957,0.8343,-93.0552,-34.3115,96.0510,-2.6701,25.2150,24.6298,31.3516
29.8562,-8.5035,-5.9019,0.6932,-99.1607,-32.3886,101.3439,-2.3330,25.5876,25.0221,31.3789
29.8648,-7.6602,-5.2930,0.5479,-106.3990,-29.6855,103.9533,0.4248,27.5407,23.7038,31.4023
29.8893,-7.6201,-5.0027,0.3625,-116.4381,-25.6816,108.0236,1.4414,27.1728,23.6988,31.3965
29.9050,-9.1630,-4.5120,0.0810,-120.0748,-22.9570,110.1252,4.8516,26.8473,22.8321,31.4004
29.9136,-10.7060,-4.0213,-0.2005,-123.7115,-20.2323,112.2268,8.2618,26.5219,21.9655,31.4043
29.9290,-11.0903,-3.1473,-0.8524,-124.8707,-14.0097,113.9357,10.9922,26.9379,21.4991,31.3496
29.9452,-10.1884,-3.0095,-1.8314,-116.1441,-6.1386,116.2541,11.3260,26.9313,21.9005,31.3574
29.9689,-10.3695,-3.1443,-1.9412,-109.9215,1.9786,118.5725,14.7439,26.2492,20.2374,31.3984
29.9850,-11.5150,-3.5740,-2.0067,-122.0621,12.1661,119.6711,16.0848,25.4835,21.0446,31.4160
30.0090,-10.5140,-2.7010,-1.9908,-137.4371,21.8692,120.4035,18.1336,25.1459,20.2071,31.3457
30.0249,-10.3591,-1.3572,-1.7910,-143.1715,30.1661,120.7087,22.2273,24.0893,18.5333,31.4062
30.0492,-12.1130,-1.5787,-1.6469,-138.2300,38.7052,121.1970,23.9246,23.7274,18.5135,31.3750
30.0651,-11.2404,-1.6634,-1.3957,-140.0601,47.7989,120.2819,25.2771,22.2343,18.1202,31.3418
30.0893,-10.0227,-1.2635,-1.7118,-151.2242,55.6114,118.8786,27.6697,21.5312,16.8790,31.4453
30.1050,-11.7258,0.1662,-2.3647,-155.1304,62.6895,117.6589,29.3592,19.6620,16.4866,31.3867
30.1290,-11.8029,0.7390,-2.9052,-154.9475,70.6231,115.2175,31.7517,18.2108,14.8558,31.3613
30.1451,-10.1271,1.1520,-3.4350,-154.3371,78.4317,112.4714,33.4383,16.7118,14.8640,31.3672
30.1689,-10.9216,2.0627,-3.7604,-154.8859,85.9981,109.3601,34.8103,15.2489,13.2468,31.3652
30.1849,-11.7966,0.4484,-3.3261,-168.1906,94.3575,105.0905,36.5408,13.8192,10.4030,31.3711
30.2091,-8.1077,1.0495,-3.0467,-176.3068,100.1514,97.8131,34.5020,12.6386,11.2768,31.3418
30.2249,-8.6521,2.0681,-3.6844,-176.6127,107.9639,94.2741,35.8741,11.9242,10.0502,31.3652
30.2494,-9.0000,2.7956,-4.4217,-167.6439,116.0186,89.8210,35.5516,10.4545,8.0570,31.3633
30.2730,-7.9365,3.7444,-4.4756,-162.3978,124.3780,83.9655,37.6160,9.0199,5.6176,31.3340
30.2889,-7.5049,2.8684,-3.9717,-171.7338,133.1592,77.9850,37.6249,7.9135,4.4252,31.3906
30.3130,-7.7786,5.9973,-5.3389,-167.2220,142.0655,71.0280,38.3056,5.3061,2.8481,31.3516
30.3296,-7.8365,3.6770,-5.4396,-165.6937,152.1905,65.4147,38.6798,4.9904,0.4086,31.3867
30.3532,-6.1920,5.2033,-5.7394,-171.9789,162.8076,55.8991,38.7387,7.3263,-2.0914,31.3301
30.3689,-6.7321,5.5574,-5.2756,-160.8773,171.0420,52.5417,39.0993,5.4943,-4.4957,31.3965
30.3930,-6.7586,5.0954,-5.7377,-165.8773,182.3311,42.1667,38.7863,4.4132,-6.9059,31.3945
30.4088,-6.0047,6.9128,-4.7709,-161.1195,191.7842,34.1120,38.1144,3.2990,-8.0885,31.3418
30.4330,-5.6195,5.9377,-4.3901,-158.6195,200.1983,25.7604,37.4821,4.4894,-10.5475,31.3535
30.4489,-5.2777,7.4905,-4.4000,-155.5082,208.6826,16.7292,37.8673,5.3127,-13.0182,31.3809
30.4729,-4.6463,7.1745,-4.6201,-150.5707,216.2451,8.3776,36.2052,6.1051,-15.0475,31.3770
30.4892,-1.6288,7.2668,-5.8896,-139.0082,220.0909,5.9889,35.8844,6.8795,-15.8731,31.3574
30.5131,-4.8280,8.0505,-6.7656,-136.7113,225.3330,-1.5619,34.5592,8.0426,-17.5030,31.3652
30.5290,-4.8623,7.3757,-5.7724,-129.6488,233.6846,-9.0697,34.2423,9.1969,-18.3424,31.4062
30.5529,-1.5225,8.0417,-3.2822,-122.8090,238.8252,-14.9994,33.9550,12.2672,-20.0406,31.3867
30.5728,-4.2842,8.2037,-4.1157,-111.0980,241.4502,-19.6361,33.6083,12.2524,-19.6222,31.3789
30.5930,-2.1299,8.6239,-4.9966,-104.2035,245.9619,-27.3197,32.9521,14.1518,-20.0672,31.3809
30.6093,-1.3775,8.7844,-5.4016,-95.2582,247.4278,-30.9798,30.9462,17.9214,-20.1229,31.3516
30.6330,-2.6099,8.3093,-4.4534,-87.2660,248.2159,-33.9681,30.9406,18.6601,-19.3295,31.3359
30.6494,-2.0078,8.8420,-4.2154,-78.3519,250.2334,-40.7962,29.9357,21.6621,-18.5721,31.4023
30.6815,0.2148,8.5212,-4.0226,-67.8519,249.8084,-42.3324,29.9342,23.5283,-17.3993,31.3867
30.6973,-2.1895,9.1164,-4.3055,-59.0551,248.2820,-45.9925,29.2452,24.6279,-16.1913,31.3652
30.7132,-0.4971,8.9356,-4.5320,-49.6722,247.1873,-48.1273,28.2296,26.4922,-15.4037,31.3809
30.7371,-0.2241,8.8837,-3.9568,-40.6332,244.9295,-50.1410,27.8651,27.1987,-13.3842,31.3535
30.7528,-1.5210,9.3612,-3.5452,-30.7426,242.9138,-50.2649,26.4774,28.2632,-10.9467,31.3711
30.7781,0.1675,8.5639,-3.4093,-21.1879,240.7244,-52.5774,26.4792,30.5054,-9.7777,31.3633
30.7931,0.4360,9.2875,-4.1666,-10.8051,236.0564,-52.0310,25.4109,32.6597,-5.3363,31.3633
30.8196,-0.3994,8.8559,-4.4703,-2.0033,231.8715,-53.4906,25.0327,32.9846,-2.9015,31.3867
30.8329,0.5239,9.1196,-4.4208,5.8678,227.4809,-52.5204,24.3091,33.6555,0.3504,31.3496
30.8571,-0.0147,8.9254,-3.8598,15.1256,222.4887,-52.9418,23.9438,33.6128,1.9862,31.3672
30.8807,0.1652,8.8231,-3.5605,24.5474,217.5317,-51.3597,23.9063,33.5495,4.4295,31.3926
30.8970,0.6842,9.1913,-3.7784,33.5865,212.3793,-51.7787,23.8936,33.5313,5.2459,31.3691
30.9129,0.9000,8.7010,-4.3467,43.1881,205.7153,-49.5970,22.8164,33.4314,8.9315,31.4082
30.9395,0.7609,9.0465,-4.6495,50.5435,198.7426,-50.3822,22.4234,33.7146,12.5916,31.3359
30.9528,1.1092,8.8164,-4.5472,58.7310,191.2778,-48.5150,20.9771,32.4421,17.5291,31.3828
30.9827,1.0427,8.6971,-4.3311,67.3248,183.8989,-48.6112,20.2681,32.0158,19.1795,31.3711
30.9928,1.0935,8.8305,-4.3489,76.0357,176.0825,-46.8085,18.5259,31.5591,21.6620,31.4238
31.0169,1.3387,8.5432,-4.7163,84.2310,167.9184,-46.9117,18.8494,30.4155,22.0914,31.3613
31.0329,1.4877,8.4817,-5.2227,92.7701,159.0200,-45.5113,17.4256,29.5527,25.8004,31.3750
31.0571,1.5473,8.3782,-5.5925,99.9146,150.3559,-45.4471,16.0252,27.2343,27.1012,31.3613
31.0735,1.8615,8.0334,-5.6055,106.6451,141.3637,-44.5223,14.6316,28.2871,29.9469,31.3633
31.0972,1.9271,8.1103,-5.6389,114.7076,130.2778,-44.5999,13.5652,25.9609,31.6500,31.3711
31.1209,2.0450,7.5825,-5.8788,122.9185,119.5434,-44.4533,12.5213,24.0449,32.1214,31.3926
31.1399,2.1903,7.6224,-6.3273,128.9849,109.6450,-44.9520,9.4178,23.5757,34.6371,31.3652
31.1609,2.2584,7.2139,-6.8424,136.5045,97.1137,-45.6488,7.7146,22.4292,34.2728,31.4219
31.1875,2.2401,7.0555,-7.0259,141.0318,88.3012,-46.1747,5.9598,21.2046,37.1810,31.3672
31.2013,2.4332,6.8685,-7.0612,147.0084,76.7387,-47.2470,4.2430,20.0395,37.6454,31.4473
31.2169,2.4106,6.3956,-7.2220,153.8795,62.9965,-48.9374,2.5359,20.0128,38.0870,31.3906
31.2411,2.5290,6.2366,-7.5272,158.2935,54.2309,-50.4559,0.1590,19.6190,37.7247,31.4277
31.2598,2.5206,5.8301,-8.0521,163.4303,41.8637,-52.6180,-1.9016,18.0722,38.2096,31.4160
31.2897,2.5229,5.5772,-8.0071,166.9439,32.8872,-54.5712,-4.3059,16.8915,39.0982,31.4102
31.2990,2.3616,5.2928,-8.2688,170.6236,25.1567,-56.4227,-8.0266,18.3788,38.7071,31.3730
31.3212,2.2431,4.4988,-8.9690,172.4547,16.0083,-59.1083,-9.7297,16.1171,37.5753,31.3496
31.3395,2.6222,4.1627,-9.3553,174.9566,6.9145,-61.7313,-12.0988,15.3651,36.4181,31.4258
31.3611,2.1149,3.4454,-9.5435,177.3355,-1.5621,-64.7821,-14.8215,16.0868,36.8634,31.4180
31.3770,2.3922,3.1846,-9.2881,179.2877,-9.4957,-68.2001,-16.4572,16.1691,32.8087,31.3945
31.4012,2.2589,2.4688,-9.2080,180.9351,-17.6128,-71.1903,-20.1916,16.1412,32.4654,31.3613
31.4171,1.9378,2.0770,-9.5561,180.2598,-24.4210,-74.3673,-22.2345,14.6376,30.9154,31.3945
31.4414,1.8927,1.5170,-9.3286,180.0767,-30.5850,-77.1133,-24.2442,15.4165,29.3100,31.3750
31.4594,1.7306,0.7714,-9.7141,179.5884,-36.4405,-80.2247,-26.2481,15.0759,26.9018,31.3828
31.4814,1.8993,0.8671,-10.0034,178.2457,-41.5030,-83.3360,-28.2462,15.1262,24.0893,31.3965
31.5050,1.4547,-0.2579,-9.9370,175.1343,-45.6514,-85.8985,-29.9444,15.1078,24.1120,31.3945
31.5211,1.5830,-0.2017,-9.7499,172.8765,-49.2510,-88.2774,-31.6183,14.0141,21.7292,31.3906
31.5373,0.9043,-1.0338,-9.4553,169.3980,-52.0577,-89.7423,-33.2677,12.2123,17.3269,31.3770
31.5613,1.3159,-1.6778,-9.5872,166.0425,-54.1924,-91.8165,-34.9493,11.4765,15.7429,31.3633
31.5769,0.9341,-1.8686,-9.5284,161.9566,-55.8399,-92.6099,-35.5958,11.8996,13.7097,31.3789
31.6014,0.7565,-2.8784,-9.5009,157.6246,-56.9385,-93.5255,-37.9513,11.1667,11.7302,31.3867
31.6197,0.9944,-2.7445,-8.9584,152.9878,-57.9146,-93.8306,-38.2674,9.7067,9.3298,31.4121
31.6415,0.4822,-3.8138,-8.8786,147.9839,-58.9517,-93.6477,-38.5853,10.1127,8.1042,31.3691
31.6652,0.8887,-3.6920,-8.6598,142.8589,-59.3790,-93.3425,-39.5853,8.2670,5.7253,31.3633
31.6999,0.5188,-4.5367,-8.6642,137.4878,-60.1114,-92.2448,-40.2430,7.1723,3.7273,31.3574
31.7050,0.6730,-4.7474,-8.2817,131.6285,-60.4166,-91.2683,-41.5672,5.7221,0.5300,31.3574
31.7209,0.7691,-5.0743,-7.9120,125.8941,-61.0875,-89.8044,-40.1834,5.0282,-1.5110,31.3203
31.7451,0.6372,-5.6143,-7.7287,119.7300,-62.0025,-88.2790,-40.1690,4.2992,-2.7132,31.3633
31.7612,0.9761,-5.6035,-7.5567,113.7496,-63.3443,-86.4489,-39.8333,2.0590,-3.8860,31.3477
31.7850,0.7364,-6.2930,-7.4335,107.2808,-65.2974,-84.3747,-40.8558,0.1723,-4.6350,31.3633
31.8020,1.0603,-6.1370,-7.0609,100.3902,-67.1275,-82.6061,-39.7952,0.6225,-7.1057,31.3184
31.8250,0.9160,-6.6682,-6.8677,93.8003,-69.8736,-80.5925,-39.8068,-2.0123,-7.8548,31.3691
31.8413,0.9745,-6.6967,-6.5993,86.8472,-72.5572,-78.8229,-39.1169,-2.7330,-9.0725,31.3105
31.8651,1.0088,-6.8582,-6.4764,79.8941,-75.5455,-77.1149,-39.1112,-3.4713,-9.8684,31.3906
31.8814,1.0987,-7.1904,-6.2871,72.7535,-78.4752,-75.5280,-39.1088,-3.4719,-9.8655,31.3691
31.9049,0.9190,-7.1035,-6.0747,65.5738,-81.5181,-74.3102,-37.4174,-5.7083,-10.6550,31.3359
31.9209,1.0927,-7.5183,-5.8518,58.5152,-84.6802,-73.1560,-38.0902,-6.8225,-11.8386,31.3418
31.9451,0.9499,-7.3174,-5.7750,51.0972,-87.7466,-72.3561,-36.0648,-7.9495,-11.4365,31.3535
31.9610,1.0220,-7.7656,-5.8371,43.5933,-90.7369,-71.8679,-35.7076,-9.0432,-13.0401,31.3750
31.9851,1.0420,-7.5936,-5.6978,36.2105,-93.4830,-71.8669,-35.7323,-10.9485,-12.5879,31.3477
32.0066,1.0115,-7.7332,-5.5004,28.8199,-96.4146,-71.8670,-34.3954,-11.3438,-11.3819,31.3574
32.0099,0.9809,-7.8727,-5.3030,21.4292,-99.3463,-71.8671,-33.0585,-11.7390,-10.1758,31.3672
32.0256,0.9920,-7.7147,-5.4212,21.1952,-99.1128,-72.4082,-34.3977,-13.2187,-12.5715,31.3711
32.0370,0.9920,-7.7147,-5.4212,21.1952,-99.1128,-72.4082,-34.3977,-13.2187,-12.5715,31.3711
32.0411,1.0270,-7.6552,-5.5118,13.9062,-101.7437,-72.8391,-35.4319,-13.2490,-11.7410,31.3555
32.0650,0.9505,-7.8626,-5.5953,6.1991,-104.0698,-73.8167,-33.0979,-15.5400,-10.0964,31.3711
32.0812,0.9958,-7.6483,-5.6375,-0.9024,-106.3550,-74.7801,-33.1227,-17.8251,-9.6301,31.3711
32.1092,0.9780,-7.7594,-5.6020,-8.7618,-108.5698,-76.0066,-32.1349,-17.8650,-7.6125,31.3574
32.1210,0.8794,-7.6278,-5.6532,-16.0274,-110.5103,-77.3328,-31.4684,-19.3748,-7.5869,31.3633
32.1452,1.0485,-7.5399,-5.7301,-23.4767,-112.3120,-78.7254,-31.4786,-19.0157,-6.7827,31.3633
32.1610,0.8206,-7.5509,-5.9840,-30.8595,-113.7544,-80.2615,-30.8443,-21.3243,-5.1089,31.3672
32.1852,0.9010,-7.2877,-6.0590,-38.4415,-114.8120,-81.8543,-30.1827,-22.0957,-4.2866,31.3574
32.2113,0.8046,-7.3155,-6.1639,-45.4571,-115.5112,-83.2537,-30.2273,-22.9146,-1.8237,31.3691
32.2249,0.7487,-7.0223,-6.3176,-53.8009,-115.6626,-84.9490,-28.5613,-24.8238,-0.5835,31.3340
32.2491,0.7599,-6.9403,-6.5457,-61.4337,-115.1956,-86.5789,-27.5862,-25.2532,1.8521,31.3535
32.2649,0.6426,-6.7723,-6.7080,-68.3243,-113.8225,-87.6424,-26.6052,-26.0516,3.8911,31.3789
32.2890,0.4278,-6.4715,-6.9045,-76.6212,-110.4553,-89.2566,-26.3172,-26.8772,6.7564,31.3438
32.3139,0.4780,-6.3656,-7.0815,-82.2188,-107.5276,-90.1443,-24.9636,-27.6219,6.7517,31.3711
32.3292,0.4910,-6.0421,-7.3118,-89.4767,-103.5608,-91.2137,-24.3167,-28.0442,8.7849,31.3594
32.3451,0.2702,-5.7687,-7.6619,-97.9376,-98.3460,-92.2849,-22.9876,-26.5843,11.5779,31.3672
32.3695,0.3491,-5.4925,-7.7423,-103.2579,-94.7424,-93.0432,-20.9661,-29.5862,11.2075,31.3633
32.3853,0.1666,-5.0851,-7.9828,-110.6095,-89.3714,-93.6043,-19.6497,-29.6429,14.0357,31.3203
32.4163,0.1357,-4.8089,-8.2611,-116.1602,-84.5198,-94.0467,-17.9934,-28.9481,17.2485,31.3008
32.4249,0.1532,-4.4657,-8.5099,-120.6446,-80.2151,-94.1974,-15.2942,-29.3294,18.4282,31.3691
32.4490,-0.0194,-4.1141,-8.8002,-126.7462,-74.3557,-94.5026,-13.6311,-29.7423,20.4517,31.3398
32.4650,-0.0632,-3.6551,-8.9365,-131.8712,-67.8284,-94.5026,-11.2561,-28.9801,21.2070,31.3848
32.4895,-0.0754,-3.1913,-9.0559,-136.8751,-61.0549,-94.5026,-9.2483,-29.0102,23.2149,31.3711
32.5053,-0.2472,-2.8060,-9.2379,-141.2071,-54.0393,-94.3195,-8.2385,-29.0193,24.0034,31.4180
32.5291,-0.1137,-2.2469,-9.4310,-145.3556,-46.7190,-94.1364,-5.1839,-28.9981,24.3552,31.3906
32.5449,-0.2770,-1.7972,-9.6696,-148.8341,-39.1526,-93.7702,-4.1692,-27.5010,25.5252,31.3750
32.5691,-0.2739,-1.2972,-9.7703,-151.8849,-31.4651,-93.4650,-1.4680,-28.2520,26.3152,31.3770
32.5849,-0.2412,-0.7269,-9.8073,-154.5079,-23.4729,-93.0988,1.2468,-27.4858,27.0613,31.3633
32.6097,-0.4111,-0.2914,-9.8430,-156.3390,-15.2385,-92.6715,3.6140,-28.2300,27.4429,31.3320
32.6334,-0.3074,0.3162,-9.8885,-157.7529,-6.8429,-92.3116,6.7185,-27.4152,26.1657,31.3281
32.6495,-0.3919,0.8421,-9.9664,-158.5463,1.2743,-91.9454,9.0916,-27.4016,26.5392,31.3516
32.6651,-0.3098,1.3213,-9.9328,-158.7294,9.6337,-91.7623,10.8211,-26.9646,24.8644,31.3945
32.6904,-0.2978,1.8843,-9.7974,-158.4245,17.3837,-91.3963,12.8738,-26.9239,24.0178,31.3203
32.7051,-0.3247,2.3052,-9.7255,-157.3874,24.9501,-91.1522,15.2801,-26.1114,22.7394,31.3398
32.7291,-0.2071,2.9058,-9.6651,-155.9225,31.9071,-90.7862,18.3387,-26.4593,22.6933,31.3516
32.7450,-0.3000,3.3331,-9.5384,-153.9089,38.3720,-90.3592,20.0779,-25.6332,20.6093,31.3379
32.7696,-0.0798,3.8091,-9.3659,-151.2858,44.2314,-89.9320,22.1404,-24.4545,19.7290,31.3633
32.7930,-0.1045,4.3570,-9.1825,-148.2350,49.4189,-89.3827,22.8675,-24.7460,16.4653,31.3320
32.8091,-0.0511,4.6797,-9.0077,-145.0632,54.2392,-88.7728,25.2893,-22.7860,14.7524,31.3887
32.8333,0.0675,5.0994,-8.7438,-141.1589,58.4501,-87.8577,26.3470,-22.7154,12.2934,31.3047
32.8491,-0.1289,5.4842,-8.5271,-136.8893,62.2333,-86.6370,27.3704,-23.0738,11.8715,31.3379
32.8731,0.0927,5.7776,-8.2961,-132.3776,65.8329,-85.4173,28.7815,-22.2311,8.9790,31.3262
32.8891,-0.0406,6.1873,-8.1095,-127.6198,69.1278,-83.8919,29.8177,-21.8214,8.1381,31.3750
32.9130,0.0301,6.4595,-7.7884,-122.4948,72.1181,-82.3656,30.5520,-20.6066,5.2456,31.2910
32.9294,0.0922,6.7386,-7.4874,-117.0651,75.0458,-80.4134,31.2810,-18.6534,3.1499,31.3477
32.9533,-0.0399,7.0594,-7.2492,-111.5729,77.8524,-78.6439,31.9866,-18.6063,1.5083,31.3633
32.9690,0.1307,7.2137,-6.9704,-105.5964,80.4755,-76.6917,32.3748,-17.4051,-0.9703,31.3691
32.9931,-0.0710,7.5330,-6.7901,-99.6823,82.9755,-74.6800,32.7405,-16.6131,-2.2163,31.3496
33.0090,-0.0689,7.6595,-6.5274,-93.5768,85.4169,-72.7269,32.7549,-14.3475,-1.8650,31.3809
33.0335,0.0145,7.8285,-6.2833,-87.3112,87.9716,-70.5374,33.4912,-14.9984,-5.9314,31.3652
33.0491,-0.1974,7.9737,-6.0956,-80.8698,90.4013,-68.4691,34.2300,-12.6566,-8.4451,31.3691
33.0731,0.0027,8.1259,-5.8802,-74.3620,92.9189,-66.7474,34.2561,-11.1204,-9.2947,31.3672
33.0893,-0.0985,8.2180,-5.6044,-67.8386,94.9911,-64.7357,33.2590,-9.9730,-10.1228,31.3184
33.1132,-0.2271,8.3555,-5.4410,-61.0651,97.2470,-63.2093,33.9988,-9.4967,-13.8064,31.3672
33.1333,-0.1069,8.4037,-5.2334,-54.4675,99.2021,-61.6214,34.0166,-6.8521,-13.4644,31.3594
33.1533,-0.2263,8.4836,-5.1703,-47.6159,101.0829,-60.3470,34.3701,-6.0802,-13.8982,31.3555
33.1692,-0.2511,8.5457,-5.1107,-40.7565,103.2841,-59.3050,33.7124,-5.6771,-15.1219,31.3848
33.1931,-0.1920,8.6402,-5.0076,-33.7839,105.0605,-58.3866,33.7442,-4.8792,-16.7664,31.4102
33.2091,-0.3463,8.6351,-4.8637,-27.4011,106.9257,-57.7777,33.4449,-1.8284,-17.6595,31.4102
33.2354,-0.3005,8.7181,-4.7130,-20.1074,108.6849,-57.2791,33.4701,-0.3037,-17.7024,31.3789
33.2490,-0.3030,8.6925,-4.7064,-13.0801,110.3216,-57.0368,34.1859,0.8808,-19.3713,31.3555
33.2730,-0.3391,8.6788,-4.7522,-6.2324,111.5862,-57.0838,33.8324,0.1084,-18.9368,31.3379
33.2894,-0.3169,8.7257,-4.7895,0.7129,113.0687,-57.2723,33.1420,2.3271,-16.9514,31.3789
33.3132,-0.3976,8.6593,-4.7902,7.1387,114.0013,-57.6219,34.2006,3.1455,-19.0198,31.3887
33.3388,-0.3806,8.6781,-4.7810,13.5879,115.0149,-58.3197,33.8844,5.7959,-19.0742,31.3594
33.3533,-0.3701,8.6382,-4.8547,21.1621,115.8265,-59.0365,34.2326,7.3076,-18.7175,31.3770
33.3772,-0.4284,8.5841,-4.9580,28.0723,116.5428,-59.9373,34.2239,8.4140,-17.5212,31.3926
33.3929,-0.3686,8.5966,-5.0150,34.1035,116.8431,-61.0506,33.9011,10.3066,-17.5620,31.3965
33.4175,-0.4136,8.4418,-5.1559,41.6816,117.1165,-62.2420,34.2337,12.1670,-15.9888,31.4023
33.4403,-0.4161,8.4610,-5.2703,47.1621,117.0866,-63.1722,33.5530,12.1588,-15.9729,31.3711
33.4570,-0.3154,8.3222,-5.4935,54.7402,116.7944,-64.5892,33.8946,13.6598,-15.2034,31.3633
33.4732,-0.3891,8.2240,-5.7237,62.1309,116.2153,-66.0785,33.8801,15.5045,-13.2092,31.4219
33.4970,-0.3297,8.1515,-5.8019,67.3848,115.6484,-67.0457,34.5617,16.2623,-12.8389,31.3574
33.5131,-0.2933,7.9581,-5.9839,74.9473,114.3339,-68.4188,34.2070,18.1031,-10.8389,31.3652
33.5430,-0.2641,7.8490,-6.1771,80.7441,113.0195,-69.5477,34.5058,17.6671,-8.3916,31.3516
33.5532,-0.0550,7.7765,-6.6815,85.7441,111.6249,-70.4569,34.5048,20.2804,-6.8272,31.3594
33.5777,-0.1958,7.6928,-6.6879,91.9668,110.0380,-71.3724,33.1356,21.3732,-5.6094,31.3711
33.5931,0.0134,7.3869,-6.7116,98.3105,107.7802,-72.4710,33.4547,22.4640,-3.6074,31.3613
33.6173,0.0004,7.1968,-7.0963,104.9004,104.9130,-73.0814,33.4169,22.4028,-1.1621,31.3301
33.6334,0.0735,6.8736,-7.4296,111.0645,101.8017,-73.6917,32.7035,23.4653,1.6738,31.3828
33.6575,0.2024,6.5435,-7.7721,116.7402,98.0185,-73.9969,33.0223,24.5542,3.6758,31.3633
33.6735,0.1691,6.3733,-7.9024,122.1699,94.0517,-74.3021,30.9755,25.2714,4.5068,31.3496
33.6981,0.5035,5.9063,-8.1059,127.4785,89.2939,-74.3631,32.2889,25.5839,7.7334,31.3770
33.7134,0.4939,5.6928,-8.3020,132.4824,84.1064,-74.3631,30.2245,26.2705,9.7861,31.3438
33.7477,0.5867,5.2013,-8.6363,136.9355,78.4931,-74.1801,28.8270,26.9463,12.6455,31.3887
33.7612,0.7993,4.9809,-8.8429,141.1465,71.9658,-73.9360,28.1288,27.6577,14.2685,31.3691
33.7775,0.7451,4.5790,-9.0679,144.6855,64.7665,-73.6919,25.7362,28.3608,15.5107,31.3887
33.7931,1.0193,4.0414,-9.0979,148.1641,56.8330,-73.5698,23.9882,27.8947,18.4033,31.3633
33.8175,0.9652,3.7101,-9.1667,151.0313,48.4111,-73.2646,23.2992,28.2453,19.2153,31.3789
33.8333,1.1707,3.0519,-9.4332,153.3432,39.6661,-73.2686,22.2518,28.5835,20.8690,31.4102
33.8573,1.2448,2.7348,-9.7557,155.1743,30.8224,-73.3296,20.1815,29.2608,23.3300,31.4238
33.8730,1.2037,2.2245,-9.7837,156.0893,21.5490,-73.4517,17.7792,28.8282,24.6054,31.3984
33.8971,1.2814,1.6747,-9.6868,156.8218,12.6427,-73.8176,16.0624,28.4117,25.4589,31.3828
33.9212,1.2042,1.3278,-9.6631,156.9439,3.6115,-74.1228,13.3358,29.1221,26.3017,31.3516
33.9381,1.3335,0.6579,-9.7994,156.5779,-5.0526,-74.7327,11.6219,28.3365,26.7570,31.3672
33.9613,1.2314,0.2848,-9.9210,155.6629,-13.2245,-75.4036,9.5868,30.1929,27.5641,31.4004
33.9771,1.2325,-0.2440,-9.8342,154.0154,-20.9745,-76.1970,7.1942,29.3995,28.0273,31.3887
34.0012,1.1432,-0.7315,-9.6148,151.8201,-28.1737,-76.9900,4.4911,31.2676,28.0273,31.3926
34.0176,0.9657,-1.1605,-9.5558,149.6853,-34.5800,-77.9661,2.7889,30.5030,27.6713,31.3965
34.0417,1.0760,-1.7098,-9.5810,146.3904,-40.1971,-78.7595,1.1278,32.0420,26.0297,31.4102
34.0573,0.7750,-2.0797,-9.5892,143.0975,-45.3807,-79.3694,-1.2570,31.6387,26.0798,31.3574
34.1156,0.8716,-2.6138,-9.3669,139.0701,-49.8964,-80.2849,-2.9376,32.4000,25.2756,31.3945
34.1186,0.7640,-2.9630,-9.0793,134.8631,-54.0448,-80.7119,-4.9650,32.3985,24.4924,31.3730
34.1196,0.6564,-3.3121,-8.7917,130.6561,-58.1932,-81.1389,-6.9923,32.3971,23.7092,31.3516
34.1278,0.5079,-3.8253,-8.6410,126.2654,-61.8534,-81.4438,-8.3468,33.1427,23.7172,31.3867
34.1378,0.6105,-4.2186,-8.5726,121.4451,-65.1503,-81.7490,-10.3702,32.7721,22.5366,31.3984
34.1613,0.3771,-4.5362,-8.4034,116.2732,-68.0721,-81.6276,-12.7238,33.1683,20.9418,31.3359
34.1774,0.4634,-4.9403,-8.1348,110.8631,-70.7499,-81.6882,-14.3839,33.5916,18.5200,31.3711
34.2014,0.3359,-5.2315,-7.8562,105.1014,-73.2030,-81.3227,-16.0646,33.6037,17.3247,31.3301
34.2179,0.2881,-5.5296,-7.6396,99.3670,-75.2772,-80.8957,-17.3937,34.3893,15.7016,31.3691
34.2416,0.3291,-5.8355,-7.4971,93.4490,-76.9862,-80.2858,-19.4269,33.6286,14.9360,31.3535
34.2598,0.1982,-6.0875,-7.4001,87.3436,-78.4520,-79.6139,-21.0939,34.0419,12.9204,31.3477
34.2813,0.2265,-6.3839,-7.1728,80.9764,-79.5438,-78.9474,-22.1076,34.0416,12.5305,31.3555
34.2974,0.1777,-6.6035,-6.9172,74.5467,-80.4032,-77.9084,-22.7697,33.3165,10.9309,31.3926
34.3213,0.1596,-6.8135,-6.7010,68.2459,-81.0155,-76.9299,-24.0831,34.1197,8.4894,31.3027
34.3373,0.2049,-6.9636,-6.5730,61.7420,-81.2549,-75.9699,-26.1105,32.2555,6.5363,31.3535
34.3623,0.1498,-7.1599,-6.4740,55.0428,-81.4414,-74.9831,-26.7843,32.2586,6.1406,31.3555
34.3771,0.1500,-7.2969,-6.3092,48.4451,-81.3228,-74.0153,-27.7911,31.5194,4.9540,31.3652
34.4012,0.1689,-7.3759,-6.1371,41.9998,-81.3856,-73.1633,-27.0817,32.6942,3.6923,31.3359
34.4173,0.1202,-7.4982,-6.0361,35.3162,-81.2634,-72.2389,-28.4430,31.1835,2.9384,31.3379
34.4415,0.3094,-7.2020,-6.2910,33.0789,-77.2092,-71.1827,-27.4415,31.9551,2.8971,31.3555
34.4644,0.2641,-7.2772,-6.2501,26.7235,-77.0626,-70.5958,-28.4523,29.3399,0.9420,31.3828
34.4815,0.2981,-7.3406,-6.1670,19.2235,-77.0926,-70.1634,-29.4489,30.1202,-0.2816,31.3711
34.5052,0.2883,-7.3357,-6.0970,12.7274,-77.0333,-69.9124,-30.4586,29.7498,-1.0697,31.3086
34.5214,0.3224,-7.3615,-6.0861,6.5750,-77.2480,-69.7903,-30.7990,28.2488,-1.8412,31.3691
34.5452,0.3238,-7.3538,-6.1318,-0.7414,-77.3348,-69.9053,-31.4865,26.7351,-2.1996,31.3496
34.5669,0.3130,-7.3672,-6.1490,-5.9484,-77.4006,-70.0966,-31.1303,27.1380,-3.0297,31.3086
34.5856,0.3514,-7.3182,-6.1655,-13.3625,-77.5068,-70.5712,-32.4955,26.7459,-2.9975,31.3184
34.6016,0.3552,-7.2681,-6.1944,-20.5851,-77.7010,-71.0610,-33.5326,24.8396,-2.9333,31.3594
34.6252,0.3309,-7.2319,-6.2632,-25.6906,-77.7966,-71.5956,-33.1679,25.2508,-4.1697,31.3945
34.6415,0.4104,-7.1137,-6.3737,-32.9680,-77.7484,-72.4018,-33.5138,23.3719,-4.9323,31.3281
34.6691,0.3219,-7.0446,-6.4862,-38.8117,-77.4892,-73.2421,-34.2072,22.5965,-4.4946,31.3887
34.6816,0.3768,-6.9409,-6.5770,-43.6594,-77.1554,-74.0004,-35.2238,22.2161,-4.8745,31.3223
34.7059,0.3751,-6.7610,-6.6925,-51.6555,-76.7570,-75.1655,-34.8981,19.9544,-5.2317,31.3496
34.7212,0.3355,-6.6736,-6.8293,-56.4758,-76.3012,-75.8915,-35.9059,19.9642,-6.0290,31.3711
34.7454,0.4140,-6.4331,-7.0156,-62.8234,-75.6298,-76.9902,-36.6256,19.1492,-3.9626,31.3691
34.7719,0.3284,-6.3190,-7.1734,-68.9250,-74.4706,-77.8447,-37.3278,17.9842,-3.1076,31.3184
34.7853,0.3734,-6.0509,-7.3768,-75.1476,-73.0673,-78.9433,-38.0075,17.2283,-3.4841,31.3320
34.8012,0.3141,-5.8582,-7.5553,-81.0656,-71.2362,-79.7978,-37.7111,15.2967,-1.8142,31.3555
34.8251,0.2637,-5.6038,-7.7702,-86.9836,-69.1015,-80.7133,-38.7511,13.7596,-1.3520,31.3281
34.8411,0.2776,-5.3084,-7.9291,-92.6594,-66.4784,-81.4457,-38.7740,12.6023,-0.5092,31.2676
34.8740,0.2158,-4.9993,-8.1849,-98.2101,-63.5487,-82.1777,-39.1427,12.1795,1.1353,31.3398
34.8811,0.2171,-4.6695,-8.3247,-103.3976,-60.3749,-82.6659,-39.1737,10.2635,1.9966,31.3535
34.9052,0.1883,-4.3745,-8.5410,-108.4601,-56.9589,-83.0932,-39.8915,10.1962,4.4517,31.3848
34.9211,0.1310,-3.9514,-8.7710,-113.4640,-53.2968,-83.4594,-38.8915,8.6796,4.8789,31.3320
34.9452,0.2016,-3.6026,-8.9953,-117.7961,-49.5741,-83.7035,-39.6142,6.7363,6.5664,31.3535
34.9610,0.0511,-3.1887,-9.1937,-122.0656,-45.3632,-83.7646,-38.6166,7.0859,8.1699,31.3301
34.9853,0.0404,-2.7796,-9.2823,-126.0324,-40.9725,-83.7036,-39.3397,5.8915,10.2481,31.3438
35.0012,0.0844,-2.3489,-9.3422,-129.5715,-36.3358,-83.7036,-38.3559,4.3437,11.8946,31.3438
35.0252,-0.0377,-1.9109,-9.5482,-132.6222,-31.3944,-83.3984,-37.6918,3.9513,12.7071,31.3633
35.0498,-0.0210,-1.4969,-9.7326,-135.4139,-26.1302,-83.0953,-37.0601,2.7506,15.1682,31.3691
35.0656,-0.0835,-1.0103,-9.8352,-137.8553,-20.3333,-82.6683,-36.0742,1.9630,16.8029,31.3516
35.0892,-0.0807,-0.5299,-9.7890,-139.6863,-14.3529,-82.3631,-35.4497,-0.7343,18.8928,31.3262
35.1056,-0.0886,-0.0113,-9.7923,-141.0897,-7.9466,-81.8138,-34.4614,-0.0258,21.3029,31.3555
35.1291,-0.1301,0.4523,-9.8806,-142.0657,-1.4818,-81.3868,-33.1304,-1.1791,22.5295,31.3223
35.1458,-0.1114,0.9311,-9.9518,-142.5543,5.1081,-81.1425,-31.7808,-1.9345,22.9262,31.3320
35.1703,-0.0175,1.4001,-9.8626,-142.6765,11.5768,-80.6543,-31.5054,-2.7797,26.6079,31.3027
35.1859,-0.0959,1.9055,-9.7663,-142.1276,17.9206,-80.3493,-29.1597,-3.1850,28.6118,31.3223
35.2094,0.0393,2.3527,-9.7013,-141.3342,23.6588,-79.9834,-26.8277,-6.2240,29.8715,31.3633
35.2174,0.1744,2.8000,-9.6363,-140.5407,29.3971,-79.6174,-24.4956,-9.2631,31.1313,31.4043
35.2250,0.1307,3.2731,-9.6087,-139.0768,34.7057,-79.1904,-23.8262,-8.5282,32.3188,31.3926
35.2515,0.2354,3.7038,-9.5149,-137.4304,39.5221,-78.9463,-22.4717,-9.6415,31.9243,31.3750
35.2654,0.2760,4.1259,-9.2630,-135.2936,43.8542,-78.2754,-21.1367,-10.0475,33.5278,31.3750
35.2908,0.2311,4.5478,-9.0970,-132.7390,47.6256,-77.7275,-18.8028,-12.3385,35.1762,31.3945
35.3053,0.3654,4.9494,-8.9992,-129.8718,50.8620,-77.1176,-16.7832,-13.8444,35.5859,31.4160
35.3294,0.3317,5.3703,-8.8803,-126.6315,53.8600,-76.2617,-14.4297,-14.6085,36.7900,31.3750
35.3452,0.3731,5.6547,-8.5878,-123.3386,56.6042,-75.3471,-12.4121,-16.4943,37.2092,31.4102
35.3694,0.4239,6.0226,-8.2668,-119.4948,59.0456,-74.3110,-10.3789,-15.7355,37.9753,31.3594
35.3863,0.3456,6.3232,-8.0957,-115.4636,61.3659,-72.9682,-8.6807,-16.8459,37.5571,31.3945
35.4096,0.4009,6.6066,-7.9678,-111.1589,63.4889,-71.6948,-8.0137,-17.6076,37.9714,31.4160
35.4260,0.4058,6.9350,-7.7357,-106.7526,65.5085,-70.2260,-5.9864,-19.1037,37.9737,31.3887
35.4494,0.3121,7.1352,-7.4066,-102.0456,67.6491,-68.5757,-3.9492,-19.4621,37.9481,31.4062
35.4652,0.3885,7.4096,-7.1244,-97.1706,69.6960,-66.9507,-1.9278,-21.3371,37.9646,31.4062
35.4891,0.3058,7.5857,-6.9656,-92.0104,71.6022,-65.2905,-0.2207,-21.3097,37.5281,31.4004
35.5051,0.3108,7.8154,-6.8314,-86.8034,73.7233,-63.5923,1.1484,-22.4035,36.3103,31.3555
35.5296,0.3220,7.9786,-6.6143,-81.6901,75.7643,-61.9751,2.1553,-23.1618,36.7236,31.3730
35.5453,0.2496,8.1076,-6.3062,-76.0690,77.8092,-60.2993,3.8789,-22.7350,35.4580,31.3906
35.5697,0.2108,8.3095,-6.0763,-70.4831,79.6745,-58.7817,5.9121,-23.4728,35.4462,31.3887
35.5852,0.2711,8.3795,-5.9261,-65.1120,81.3542,-57.4458,6.9502,-24.9289,33.4286,31.3477
35.6190,0.1549,8.5452,-5.8109,-58.7097,83.3337,-55.9233,7.2712,-25.7038,34.2519,31.3652
35.6336,0.1871,8.6385,-5.6244,-53.0300,85.1676,-54.6928,7.9729,-26.0358,32.6201,31.4180
35.6497,0.0471,8.2353,-5.5427,-48.1023,81.0257,-54.0060,8.7207,-24.8403,30.1446,31.3516
35.6738,-0.0041,8.3755,-5.3574,-41.5398,82.7718,-52.8537,8.4089,-25.1724,28.1192,31.3633
35.6934,-0.0155,8.3731,-5.2679,-35.9930,84.3206,-52.2999,9.7751,-25.1485,27.6885,31.3887
35.7150,-0.0235,8.4776,-5.2105,-29.9383,86.0296,-51.5993,10.7820,-25.9068,28.0972,31.3359
35.7290,-0.0792,8.4968,-5.1226,-23.1140,87.8333,-51.0665,10.4573,-26.2591,26.8902,31.3398
35.7533,-0.0636,8.5087,-5.0560,-18.4187,89.2337,-50.8383,11.4807,-25.8697,26.8669,31.3555
35.7692,-0.1202,8.5570,-4.9843,-11.3719,91.0023,-50.6253,12.1975,-26.5508,24.0251,31.3438
35.7962,-0.0957,8.5522,-4.9410,-5.7586,92.2532,-50.6875,12.8708,-28.0499,23.6371,31.3457
35.8090,-0.0801,8.5537,-4.9942,-1.0906,93.1912,-50.7473,13.9109,-27.2608,22.7831,31.3477
35.8641,-0.1306,8.5799,-5.0647,5.1320,94.2283,-51.2356,13.9323,-27.5999,21.1660,31.3340
35.8644,-0.0979,8.5395,-5.0232,11.3547,95.1439,-51.6018,14.6217,-27.9520,20.3491,31.3516
35.8731,-0.1463,8.5713,-5.0107,17.5188,95.7542,-52.0290,14.2802,-29.4520,19.5800,31.3496
35.8984,-0.1185,8.4871,-5.0815,23.5578,96.3035,-52.7615,16.3505,-28.2635,18.2900,31.3633
35.9136,-0.1585,8.4488,-5.2275,29.8430,96.6087,-53.5549,15.3329,-28.6434,17.9140,31.3105
35.9291,-0.1127,8.4116,-5.3395,36.0070,96.6697,-54.3484,17.4150,-28.9312,15.0351,31.3340
35.9532,-0.1240,8.3188,-5.4831,42.2297,96.6087,-55.2639,16.0448,-29.3340,15.4731,31.3027
35.9691,-0.1083,8.2758,-5.5363,48.0852,96.1205,-56.2405,16.7182,-29.3376,15.8727,31.3320
36.0005,-0.1227,8.1169,-5.6321,54.1242,95.3880,-57.2170,17.7826,-29.2564,12.9997,31.3301
36.0173,-0.0873,8.0910,-5.8588,61.7492,94.4066,-58.5032,18.7826,-30.0249,13.8190,31.3320
36.0334,-0.0705,7.9225,-6.1269,67.6047,93.2464,-59.4495,19.1479,-29.9812,12.1833,31.3633
36.0572,-0.0418,7.8177,-6.2984,71.9992,92.2762,-60.2068,19.1353,-30.0014,12.9982,31.3496
36.0736,-0.0316,7.6841,-6.4312,77.7961,90.8114,-61.0613,19.4922,-28.8500,12.5554,31.3945
36.1029,0.0626,7.4603,-6.5984,84.9328,88.4501,-62.1335,20.1919,-28.0648,11.7101,31.3535
36.1140,0.0155,7.3490,-6.8210,89.0227,86.7225,-62.7087,20.8877,-28.4069,10.4855,31.3066
36.1377,0.1684,7.1082,-7.1257,94.4524,84.0995,-63.4407,20.5342,-29.1793,10.9201,31.3672
36.1532,0.1583,6.9216,-7.3844,99.5774,81.1092,-64.0510,21.2383,-27.2662,10.4528,31.3848
36.1788,0.2069,6.6587,-7.5566,104.4602,77.8143,-64.7834,21.9087,-27.6488,10.8593,31.3867
36.1861,0.2555,6.3957,-7.7287,109.3430,74.5194,-65.5159,22.5791,-28.0314,11.2658,31.3887
36.1938,0.4475,6.2227,-7.8666,114.5305,70.8592,-65.8210,23.2886,-26.8566,10.0021,31.3438
36.2618,0.2192,5.9816,-8.1445,118.9250,67.3202,-66.1872,22.5630,-28.4308,12.0881,31.3320
36.2621,0.6538,5.5336,-8.3180,123.3156,63.4159,-66.6145,22.5895,-26.8937,11.2346,31.3223
36.2628,0.3079,5.4976,-8.5063,122.6426,62.3711,-65.9444,23.2754,-26.8871,11.2149,31.2949
36.2733,0.5699,5.2098,-8.7058,126.1816,58.2226,-66.1884,22.9365,-25.3940,11.9966,31.3535
36.3076,0.5875,4.7708,-8.8272,129.5996,53.2812,-66.1274,24.6172,-26.1552,12.8008,31.3359
36.3131,0.5705,4.5010,-8.9771,132.4668,48.4609,-66.1884,23.9150,-25.8234,14.4366,31.3418
36.3372,0.8603,3.9810,-9.1595,135.2734,43.0937,-66.2495,24.2690,-24.3029,14.3915,31.3633
36.3614,0.7506,3.6536,-9.4122,137.5312,37.6015,-66.1885,23.5757,-25.0783,14.8312,31.3379
36.3798,0.8326,3.2244,-9.5222,139.5449,31.8672,-66.1274,23.9109,-23.5881,16.0080,31.3496
36.3938,0.8992,2.7215,-9.5646,140.9482,25.8867,-66.0054,23.5640,-24.3498,16.0283,31.3340
36.4175,0.8819,2.3536,-9.6681,141.9853,19.7226,-66.2494,24.2319,-23.6149,17.2246,31.3438
36.4332,0.9779,1.8345,-9.7260,142.6567,13.6836,-66.1884,24.5342,-23.6719,19.6621,31.3457
36.4581,0.9395,1.3963,-9.8203,142.9619,7.3984,-66.2495,24.2014,-22.1689,20.0405,31.3652
36.4813,0.9030,1.0145,-9.8313,142.7179,1.2968,-66.4324,23.8489,-22.1924,20.8584,31.3477
36.4974,1.0494,0.4100,-9.7688,141.9860,-4.6836,-66.7376,24.1743,-21.0918,22.4511,31.3105
36.5215,0.8704,0.0799,-9.7803,141.0099,-10.3555,-66.9206,23.4727,-20.7598,24.0830,31.3262
36.5374,0.9558,-0.4909,-9.7878,139.4845,-15.7852,-67.1037,22.4434,-20.4112,24.9091,31.3242
36.5615,0.8600,-0.9211,-9.7608,137.7150,-21.0313,-67.5918,21.7700,-19.6597,24.9021,31.3184
36.5775,0.8384,-1.3268,-9.6353,135.2130,-25.7930,-67.7750,21.4053,-18.9551,26.9295,31.3516
36.6017,0.8764,-1.8723,-9.5276,132.5900,-30.2461,-68.1409,21.0151,-19.0390,30.1873,31.3008
36.6171,0.7132,-2.1911,-9.4610,129.8478,-34.3907,-68.2627,20.0093,-16.7851,30.5562,31.3281
36.6416,0.6789,-2.6950,-9.3683,126.4884,-38.1778,-68.3851,19.3208,-15.6845,31.7622,31.3359
36.6574,0.7180,-3.0751,-9.1530,122.8263,-41.6582,-68.5681,18.6318,-15.3324,32.5747,31.2734
36.6813,0.5427,-3.4206,-8.9841,118.8653,-44.7657,-68.5072,16.9316,-13.8529,33.3902,31.3105
36.7063,0.5819,-3.8261,-8.8689,114.7794,-47.6348,-68.4466,16.9093,-14.2624,34.6216,31.2988
36.7216,0.5056,-4.1191,-8.6903,110.3497,-50.1856,-68.2055,16.5729,-13.8866,34.6135,31.3203
36.7375,0.4500,-4.4714,-8.5487,105.6310,-52.6387,-68.0192,14.5026,-13.2094,37.0647,31.3105
36.7614,0.5175,-4.7538,-8.3301,100.8380,-54.7637,-67.5954,14.5120,-12.0717,37.0515,31.3008
36.7771,0.3036,-5.0297,-8.1280,95.8185,-56.7852,-67.1662,13.8397,-9.8237,37.8269,31.3340
36.8012,0.4070,-5.3283,-7.9331,90.5919,-58.5479,-66.6811,12.8211,-9.0859,38.2229,31.3047
36.8198,0.3457,-5.5483,-7.7887,85.2247,-60.1377,-66.1914,11.1180,-7.9862,39.0388,31.3535
36.8413,0.2079,-5.7907,-7.6227,79.8341,-61.5332,-65.3447,11.4678,-7.5937,38.6162,31.3613
36.8597,0.3624,-6.0364,-7.4350,73.9754,-62.9249,-64.7898,11.1279,-5.7138,39.3990,31.3086
36.8831,0.1998,-6.2011,-7.2746,68.3621,-64.1456,-63.9973,10.0957,-5.7444,40.2256,31.3242
36.9003,0.2629,-6.3619,-7.1346,62.6981,-64.9234,-63.3987,8.4199,-4.2239,39.4185,31.3027
36.9222,0.2536,-6.5485,-6.9705,56.6942,-65.7921,-62.5999,7.7412,-3.4827,39.8084,31.3359
36.9372,0.1556,-6.6779,-6.8938,50.7137,-66.5245,-61.9270,7.4026,-1.2405,40.9851,31.3477
36.9613,0.2204,-6.8040,-6.7572,44.8270,-66.9261,-61.2742,6.3791,-0.8819,41.4007,31.2988
36.9771,0.1870,-6.9114,-6.6379,38.7918,-67.5364,-60.6712,6.0432,0.2422,41.7859,31.3301
37.0014,0.1170,-6.9616,-6.5403,33.9442,-67.7567,-60.1433,5.7002,0.6079,42.1897,31.3379
37.0252,0.2197,-7.0815,-6.4472,26.6590,-67.9852,-59.6804,5.7178,1.7544,41.7432,31.2988
37.0416,0.1277,-7.1031,-6.4568,21.7098,-68.1838,-59.3838,5.7432,3.2915,40.9024,31.2930
37.0654,0.1306,-7.1877,-6.4253,14.7840,-68.2436,-59.1245,4.7198,4.3989,41.7178,31.2988
37.0814,0.1497,-7.1850,-6.3348,8.6512,-68.1996,-58.8657,4.7349,5.1660,41.2693,31.3066
37.1058,0.0889,-7.2146,-6.3251,2.4754,-67.9678,-58.8047,5.4317,7.0693,41.2166,31.3477
37.1269,0.0946,-7.2282,-6.3050,-1.2316,-67.7554,-58.7437,4.4004,6.6704,41.6619,31.3184
37.1456,0.1081,-7.1862,-6.3785,-8.8293,-67.4778,-58.8657,4.4386,9.3442,40.7649,31.3457
37.1619,0.0750,-7.1611,-6.4225,-14.8371,-67.0819,-59.0512,4.4547,9.7434,39.9412,31.3262
37.1854,0.1045,-7.0915,-6.4745,-19.4152,-66.6570,-59.4760,4.4412,10.4729,41.1609,31.3418
37.2014,0.0294,-7.1243,-6.4706,-25.2121,-66.3519,-59.6591,4.8082,11.2639,39.9031,31.3184
37.2292,0.1061,-6.9114,-6.6262,-32.8097,-65.1888,-60.3330,5.1575,11.6570,39.4858,31.3730
37.2412,0.0637,-6.9565,-6.6160,-37.1105,-64.5213,-60.5747,5.1587,13.1531,40.2632,31.3184
37.2654,0.0584,-6.7391,-6.7668,-42.9660,-63.7889,-61.3676,5.8521,13.9285,39.8254,31.3887
37.2738,0.0531,-6.5217,-6.9176,-48.8215,-63.0565,-62.1606,6.5455,14.7038,39.3877,31.4590
37.2811,0.1116,-6.4684,-7.1427,-54.7394,-62.0194,-62.6489,6.2156,15.0891,38.9714,31.4004
37.3051,0.0823,-6.3284,-7.1184,-60.2316,-60.7986,-63.3813,7.6141,16.6604,37.2869,31.3984
37.3318,-0.0017,-6.0968,-7.2998,-66.0285,-59.7010,-64.1132,7.2837,17.0461,36.8760,31.4258
37.3459,0.0997,-5.9738,-7.4903,-71.3371,-58.2977,-64.7846,7.9932,18.9700,36.0078,31.4180
37.3615,-0.0121,-5.7079,-7.7115,-76.9504,-56.8338,-65.3339,7.9890,20.4553,37.1826,31.3926
37.3853,0.0341,-5.5700,-7.8835,-82.1965,-54.8817,-66.1269,9.3816,20.5188,35.1182,31.4395
37.4015,-0.0111,-5.2480,-7.9785,-87.3840,-52.9295,-66.6757,9.0378,20.8857,35.5317,31.4043
37.4343,-0.0726,-5.0463,-8.1208,-92.3879,-50.7322,-67.2251,10.0818,22.0527,34.6665,31.3926
37.4414,-0.0072,-4.7734,-8.3652,-97.0871,-48.3533,-67.8354,10.4346,22.8252,34.2393,31.4062
37.4653,-0.0958,-4.7209,-8.4117,-96.0461,-46.3938,-67.4092,10.1226,22.5015,32.2164,31.3320
37.4814,-0.0334,-4.4267,-8.5700,-100.4407,-43.5266,-67.8975,10.8101,24.0152,32.5748,31.3281
37.5054,-0.0668,-4.0637,-8.7263,-104.7102,-40.4758,-68.2027,11.8375,24.7837,32.5386,31.3457
37.5214,-0.1157,-3.7807,-8.8664,-108.6770,-37.0598,-68.4467,11.8693,24.8333,30.4976,31.3184
37.5456,-0.1095,-3.3617,-9.0937,-112.3996,-33.5207,-68.7516,12.5597,25.9779,30.4579,31.3633
37.5613,-0.1244,-3.0707,-9.2976,-115.8157,-29.6164,-68.9957,13.6046,26.0300,28.8193,31.3496
37.5853,-0.1238,-2.5886,-9.3527,-118.9895,-25.5891,-69.0567,13.9674,26.4421,27.5781,31.3691
37.6093,-0.1248,-2.2287,-9.4466,-121.7336,-21.2570,-69.1787,13.9906,28.3493,27.1276,31.2910
37.6257,-0.1711,-1.8149,-9.5945,-124.2961,-16.9836,-69.2398,14.0001,27.9895,26.3185,31.2988
37.6493,-0.1086,-1.3239,-9.7524,-126.4309,-12.4094,-69.3008,14.3851,29.5607,24.2424,31.3516
37.6582,-0.0461,-0.8329,-9.9102,-128.5657,-7.8352,-69.3618,14.7701,31.1320,22.1662,31.4043
37.6658,-0.0217,-0.4936,-9.9532,-130.4573,-3.2610,-69.4228,15.4405,30.0002,22.1759,31.3809
37.6893,-0.1345,-0.0214,-9.9629,-131.9211,1.3758,-69.4228,16.1212,30.7561,22.5562,31.4160
37.7215,0.0101,0.4122,-9.9513,-132.9592,5.6492,-69.4229,15.4830,31.9367,20.5035,31.3848
37.7304,-0.0486,0.8792,-10.1158,-133.6911,9.8562,-69.3619,16.8668,33.1076,19.6373,31.3848
37.7453,0.0359,1.3643,-10.0993,-134.0571,14.0047,-69.4838,15.8590,33.1165,18.8370,31.4082
37.7698,0.0380,1.7762,-10.0001,-134.1184,17.8484,-69.3010,16.5484,33.5135,18.4115,31.3926
37.7854,0.0149,2.2293,-9.9502,-133.7524,21.4480,-69.2399,17.2442,33.9214,17.5809,31.3906
37.8093,0.1783,2.6712,-9.9033,-133.2036,24.9265,-69.0569,17.5877,33.5540,17.1715,31.4473
37.8252,0.0144,3.0960,-9.9036,-132.0454,28.1590,-68.7522,17.2603,34.3206,16.7564,31.4121
37.8503,0.2086,3.4986,-9.7126,-130.8862,31.0887,-68.6299,18.2847,34.7083,16.7243,31.4160
37.8652,0.1653,3.8951,-9.5811,-129.2407,33.7703,-68.0205,17.9600,34.3558,15.5173,31.4297
37.8894,0.1520,4.3018,-9.4119,-127.2983,36.4402,-67.5950,17.6234,34.7315,15.5138,31.4160
37.9058,0.2811,4.6827,-9.3481,-124.8530,38.7683,-66.8636,17.9832,35.5123,14.6720,31.3984
37.9292,0.1824,5.0601,-9.1728,-122.3628,40.9558,-66.2537,17.6363,34.7505,14.6965,31.3848
37.9483,0.3387,5.4046,-9.0103,-119.7397,43.0945,-65.4632,18.3394,35.9156,13.8445,31.4590
37.9691,0.2338,5.7142,-8.7158,-116.7710,45.0945,-64.4339,17.6622,35.5396,13.4580,31.3867
37.9852,0.2411,6.1082,-8.5153,-113.3354,46.8191,-63.3899,17.6593,35.9087,13.8559,31.4082
38.0094,0.3170,6.3565,-8.3570,-109.7964,48.5291,-62.2337,16.9748,35.5274,13.8881,31.4199
38.0251,0.2061,6.5939,-8.2085,-106.1030,50.3133,-61.0325,16.3185,36.6729,13.0458,31.4492
38.0491,0.2669,6.9001,-7.9324,-102.2573,52.0555,-59.7425,16.9884,35.5420,13.0621,31.3672
38.0733,0.1063,6.5995,-7.5397,-95.9219,49.1650,-58.2119,16.6341,35.8936,14.2725,31.3594
38.0896,0.1143,6.8849,-7.3134,-91.6836,50.9101,-56.9365,15.9408,35.1182,14.7102,31.3867
38.1052,0.1286,7.0336,-7.1670,-87.1758,52.6259,-55.4111,15.5726,35.4436,16.7434,31.3242
38.1295,0.0806,7.1829,-7.0598,-83.5176,54.0488,-54.2510,16.2835,34.7527,14.3059,31.3633
38.1508,0.1514,7.4093,-6.7726,-78.0683,56.0507,-52.6045,15.9344,35.1074,15.1150,31.3848
38.1695,0.0771,7.5009,-6.5494,-73.9941,57.2500,-51.3818,14.9071,34.3399,15.1533,31.3555
38.1933,-0.0017,7.7227,-6.2801,-68.1504,58.8681,-49.9189,14.5738,35.0948,15.1404,31.3672
38.2094,0.0701,7.8405,-6.1425,-63.0566,60.3300,-48.6230,15.2184,33.9239,16.7869,31.4082
38.2334,-0.0198,7.9258,-6.0710,-57.9160,61.5966,-47.4346,14.8888,35.0567,16.7624,31.3242
38.2531,-0.0235,8.0234,-5.9677,-54.6152,62.4902,-46.7217,14.2013,34.2935,16.7974,31.3965
38.2732,-0.0039,8.1061,-5.7505,-48.1191,64.1142,-45.3438,14.5418,34.2950,16.7869,31.3555
38.2894,-0.0732,8.2125,-5.5591,-42.5683,65.3955,-44.4609,15.5584,34.6754,17.1699,31.3711
38.3134,-0.0698,8.2542,-5.4415,-38.4473,66.3344,-43.9155,13.4959,34.2452,18.4365,31.3711
38.3292,-0.0889,8.2956,-5.4292,-32.8340,67.6157,-43.0000,13.4934,34.6134,18.8320,31.3418
38.3556,-0.1043,8.3706,-5.3629,-26.0644,69.3315,-42.4199,13.8039,33.4503,20.0791,31.3418
38.3692,-0.0770,8.4059,-5.3046,-22.0371,70.3618,-42.0850,12.7805,33.0590,20.1004,31.3594
38.3934,-0.1561,8.3913,-5.2368,-16.4238,71.6430,-41.7188,12.7670,33.0416,20.9236,31.3789
38.4092,-0.1047,8.4614,-5.1205,-10.7480,72.9243,-41.5356,11.7504,33.4105,20.9318,31.3750
38.4333,-0.1129,8.4663,-5.1364,-5.1348,74.1450,-41.4746,12.7524,33.3888,22.1310,31.3574
38.4578,-0.1547,8.4970,-5.1701,0.6621,75.2426,-41.7186,12.0400,33.3334,24.1857,31.4004
38.4733,-0.0899,8.4582,-5.2064,6.1543,76.1582,-41.8407,11.3471,31.8070,24.2246,31.3594
38.4893,-0.1967,8.4236,-5.2047,11.8301,77.0737,-42.1459,10.6332,31.0047,25.8985,31.3691
38.5136,-0.1306,8.4253,-5.1908,17.3809,77.7451,-42.5118,10.2924,30.2528,25.5154,31.3457
38.5297,-0.1456,8.3558,-5.2684,22.9942,78.2939,-43.0607,9.5971,30.5941,26.7371,31.3848
38.5374,-0.1605,8.2863,-5.3459,28.6074,78.8427,-43.6095,8.9018,30.9354,27.9588,31.4238
38.5606,-0.1537,8.2662,-5.4663,34.2207,79.1479,-44.1588,8.5429,30.9017,29.1873,31.4023
38.5693,-0.0989,8.2318,-5.5700,39.5918,79.3310,-44.8297,7.4980,28.2377,29.2740,31.4102
38.5934,-0.1649,8.0968,-5.6824,45.1426,79.2700,-45.4396,7.1405,28.2009,30.4859,31.3516
38.6092,-0.0994,8.1553,-5.7688,50.6348,79.0870,-46.2330,5.7470,28.1391,32.5581,31.4082
38.6334,-0.1360,7.8795,-5.8885,56.0059,78.7208,-46.9044,5.4064,28.1364,32.5683,31.4219
38.6494,-0.0833,7.9798,-6.0825,61.3145,78.1720,-47.6974,3.0060,26.5847,33.0497,31.4023
38.6733,-0.0343,7.7512,-6.1773,60.9966,76.9585,-47.8780,5.0530,26.2442,32.2193,31.3203
38.6893,-0.0153,7.7631,-6.3021,66.2427,76.1045,-48.6099,1.6096,24.2725,33.9498,31.3613
38.7303,0.0301,7.5787,-6.4791,71.4302,74.9453,-49.3423,0.9231,24.2556,34.3689,31.3809
38.7303,0.0714,7.4353,-6.6471,76.4302,73.6035,-50.1353,-0.1013,23.1188,34.0115,31.3574
38.7540,0.0980,7.2885,-6.8548,81.4341,72.2607,-50.6238,-1.8240,22.6916,35.2674,31.3320
38.7692,0.1335,7.0859,-7.1009,86.1333,70.3691,-51.2337,-2.8640,21.9035,36.1233,31.3379
38.7937,0.2536,6.8663,-7.3131,90.8325,68.4170,-51.7217,-3.5754,19.9816,37.0066,31.3652
38.8093,0.1783,6.6804,-7.4815,95.3482,66.1611,-52.0269,-4.9436,18.8283,37.0380,31.3398
38.8332,0.4171,6.3359,-7.6959,99.5591,63.4756,-52.5149,-6.2922,18.8353,36.2513,31.3340
38.8675,0.3325,6.1776,-7.9188,103.8911,60.4248,-52.6371,-8.3430,18.4253,36.7032,31.3789
38.8732,0.5145,5.8138,-8.1080,107.4868,57.1338,-53.0631,-10.4055,16.4976,37.1874,31.3203
38.8974,0.5163,5.6051,-8.3014,111.2720,53.4092,-53.0644,-11.7424,15.7764,35.1971,31.3691
38.9131,0.5011,5.2198,-8.5498,114.7525,49.6845,-53.3690,-14.4846,15.3394,36.4755,31.3496
38.9372,0.7084,4.9393,-8.7153,117.6782,45.7842,-53.4304,-15.8411,14.2076,35.7025,31.3223
38.9534,0.5695,4.6117,-8.9214,120.6079,41.6943,-53.4912,-15.8365,14.2187,35.3046,31.3555
38.9775,0.7078,4.2657,-9.0533,123.0454,37.3701,-53.7349,-17.8716,13.4604,34.5477,31.3301
38.9935,0.8022,3.8912,-9.1987,125.3072,32.9092,-53.7959,-19.5552,13.0932,33.3553,31.3379
39.0174,0.7031,3.5174,-9.3145,127.1284,28.2959,-53.8565,-21.2750,11.1811,33.4401,31.3418
39.0332,0.8516,3.1385,-9.4572,128.7232,23.6435,-53.9790,-23.6422,9.6791,31.8756,31.3691
39.0574,0.8627,2.7015,-9.5778,129.9400,18.7178,-53.9794,-24.6285,11.5961,30.6324,31.3418
39.0733,0.8258,2.3756,-9.6661,130.7373,14.1396,-54.2819,-26.3492,9.3032,30.7135,31.3867
39.0973,0.9113,1.8560,-9.7047,131.3413,9.2295,-54.4065,-28.0445,9.2964,30.3392,31.3145
39.1132,0.8310,1.4715,-9.7436,131.4728,4.5576,-54.7090,-29.0313,8.2193,27.5326,31.3555
39.1398,0.9227,1.0138,-9.8022,131.3516,0.0420,-55.0132,-31.3887,7.8553,25.9457,31.3320
39.1531,0.8645,0.6117,-9.8252,130.8775,-4.3135,-55.1351,-31.3705,7.1370,24.3353,31.3066
39.1773,0.8356,0.1934,-9.8080,129.9600,-8.5362,-55.4996,-32.3793,7.1472,23.5414,31.3223
39.1931,0.8642,-0.3031,-9.7941,128.8057,-12.6221,-55.8064,-34.3715,4.9617,19.1507,31.3516
39.2172,0.8058,-0.6598,-9.7575,127.1875,-16.3018,-56.1473,-34.7001,4.9788,18.3441,31.3633
39.2332,0.7560,-1.1283,-9.7006,125.3643,-19.8623,-56.4666,-35.3812,4.5918,18.3604,31.3438
39.2837,0.7742,-1.4518,-9.6491,123.6211,-22.5830,-56.6341,-36.0468,4.9846,17.5503,31.3848
39.2961,0.6848,-1.8984,-9.5529,120.8870,-26.4315,-57.0117,-37.4062,3.8660,15.9668,31.3496
39.2973,0.6616,-2.2304,-9.4520,118.6311,-28.7675,-57.1565,-37.3575,2.8182,12.3243,31.3750
39.3452,0.6415,-2.6342,-9.3032,115.2580,-31.9081,-57.3384,-39.0420,2.8319,11.1348,31.3691
39.3471,0.5268,-3.0490,-9.2065,112.0686,-34.3632,-57.3848,-38.3438,2.1210,9.5118,31.3633
39.3657,0.5571,-3.3637,-9.0746,108.6370,-36.6503,-57.5215,-39.3536,1.7511,8.7227,31.2930
39.3800,0.4952,-3.6406,-9.0081,106.3498,-37.8437,-57.5215,-39.3353,1.0328,7.1124,31.3008
39.4013,0.4725,-3.9838,-8.7992,101.4788,-40.2636,-57.3373,-39.6342,1.4689,4.6651,31.2969
39.4173,0.4260,-4.2971,-8.6118,97.4241,-41.9110,-57.2152,-39.6382,0.3419,4.2857,31.3340
39.4412,0.3620,-4.5317,-8.4655,94.3928,-43.0917,-57.0333,-40.6382,-0.7548,2.2945,31.3574
39.4597,0.4204,-4.8122,-8.3121,89.8772,-44.3730,-56.6671,-40.2808,-0.3524,1.4644,31.3633
39.4821,0.3553,-5.1157,-8.1271,84.3030,-45.8720,-56.2076,-39.2603,-2.2079,0.2720,31.3301
39.4973,0.2811,-5.3319,-7.9976,80.8479,-46.5082,-55.6910,-39.6016,-3.7079,-0.4995,31.3359
39.5212,0.3523,-5.5521,-7.8232,76.0276,-47.4232,-55.3859,-39.9131,-3.2919,-2.1323,31.2812
39.5371,0.2997,-5.7420,-7.6781,71.0237,-48.1557,-54.6539,-39.9452,-4.0907,-0.4838,31.3594
39.5613,0.2780,-5.9421,-7.5717,66.0823,-48.6439,-54.1656,-39.5611,-5.5136,-4.1186,31.3438
39.5843,0.2910,-6.0836,-7.4313,61.0198,-49.1320,-53.4337,-39.2154,-4.7514,-4.1438,31.2988
39.6014,0.2262,-6.2465,-7.2939,55.7737,-49.4982,-52.8844,-38.2047,-5.8783,-4.1326,31.3086
39.6177,0.2305,-6.4188,-7.0923,50.5862,-49.6203,-52.2130,-38.5587,-8.5150,-4.8777,31.3789
39.6428,0.2356,-6.5428,-6.9650,45.3401,-49.8034,-51.6031,-38.5305,-6.2299,-5.3403,31.3438
39.6575,0.2141,-6.6658,-6.8815,39.8479,-49.8644,-50.8102,-38.2041,-7.7435,-5.3089,31.3008
39.6871,0.2563,-6.7249,-6.8604,34.5393,-49.7424,-50.3219,-38.2059,-9.9877,-6.4749,31.3379
39.6974,0.2068,-6.8325,-6.7762,29.1682,-49.6203,-49.7726,-37.5345,-9.9904,-6.0811,31.3438
39.7296,0.2520,-6.8910,-6.7221,23.5549,-49.4982,-49.4064,-38.2191,-10.7561,-6.0488,31.3418
39.7456,0.2537,-6.9051,-6.6711,18.0627,-49.4372,-48.9181,-36.1683,-11.4631,-7.2880,31.3535
39.7617,0.2177,-6.9551,-6.6026,12.5120,-49.1931,-48.5519,-37.5541,-13.0139,-6.4116,31.3105
39.7891,0.2641,-6.9752,-6.5469,7.2659,-49.0710,-48.1857,-36.2259,-13.7985,-4.7866,31.3086
39.8013,0.2631,-7.0061,-6.6025,1.6526,-48.9489,-48.0636,-36.5626,-13.4228,-4.7901,31.3359
39.8264,0.2410,-6.9730,-6.6363,-3.8396,-48.7048,-47.8805,-35.8859,-13.7951,-4.7924,31.3359
39.8413,0.2895,-6.9346,-6.6562,-9.2693,-48.5827,-47.8805,-35.5338,-14.5197,-6.0014,31.3281
39.8653,0.2075,-6.8886,-6.6427,-14.6990,-48.3996,-47.9415,-35.5665,-16.0666,-4.7416,31.3516
39.8915,0.2901,-6.8500,-6.7686,-20.0575,-48.1637,-47.9390,-35.2377,-14.9741,-3.1526,31.3594
39.9063,0.2328,-6.8450,-6.7922,-25.4247,-47.7977,-48.1220,-34.5956,-17.6421,-2.2849,31.3359
39.9213,0.2192,-6.7179,-6.8454,-30.5497,-47.5537,-48.3051,-34.5921,-16.1460,-1.5066,31.3359
39.9453,0.2344,-6.6586,-6.9406,-36.0419,-47.1875,-48.6103,-33.9461,-18.4331,-0.6477,31.3398
39.9612,0.1612,-6.5106,-7.0685,-41.2294,-46.7602,-48.9155,-33.2621,-18.4161,-1.0674,31.3320
39.9940,0.2762,-6.3738,-7.1723,-46.4169,-46.1503,-49.3425,-33.2952,-19.2149,0.5810,31.3398
40.0014,0.1483,-6.2912,-7.2797,-51.2372,-45.4184,-49.6477,-32.9627,-20.7178,0.2051,31.3105
40.0255,0.1734,-6.0615,-7.3977,-56.2997,-44.5034,-50.1357,-32.6605,-20.7748,2.6445,31.3828
40.0415,0.2019,-5.9766,-7.5520,-61.2411,-43.7104,-50.5017,-31.6629,-21.9222,3.4702,31.3535
40.0653,0.1438,-5.7318,-7.7258,-65.9989,-42.5512,-50.9289,-31.3663,-22.7377,5.9272,31.3711
40.0815,0.2264,-5.5577,-7.8522,-70.8192,-41.3920,-51.3559,-31.0137,-21.5971,5.8922,31.3516
40.1053,0.1112,-5.3214,-8.0181,-75.2724,-39.9887,-51.6001,-31.3594,-21.9799,5.9086,31.3730
40.1293,0.1596,-5.0575,-8.2031,-79.8505,-38.3413,-52.1494,-29.3555,-22.7680,7.9281,31.3203
40.1453,0.1714,-4.8717,-8.4068,-83.9364,-36.6333,-52.3324,-29.3841,-23.1874,9.5668,31.3125
40.1612,0.0873,-4.5299,-8.5084,-88.0849,-34.7417,-52.6373,-27.7054,-23.5795,10.7689,31.3516
40.1856,0.1638,-4.3064,-8.6107,-91.9892,-32.7299,-52.8813,-28.4300,-25.5228,12.4603,31.4062
40.2011,0.0746,-3.9717,-8.7525,-95.7118,-30.5952,-53.1862,-26.7445,-25.1566,13.6439,31.3633
40.2253,0.0993,-3.6733,-9.0230,-99.2528,-28.2143,-53.3085,-25.4076,-25.1828,15.2465,31.3340
40.2493,0.0861,-3.3518,-9.2363,-102.6708,-25.4682,-53.6137,-24.0511,-25.5483,15.2344,31.3262
40.2654,0.0171,-2.9690,-9.2498,-105.8407,-22.7241,-53.6748,-23.0492,-25.9375,16.0449,31.3809
40.2900,0.0830,-2.6394,-9.2883,-108.5263,-19.6733,-53.6748,-22.7211,-25.2060,17.2432,31.3691
40.3053,-0.0277,-2.2527,-9.4265,-111.0263,-16.6245,-53.9184,-21.3763,-26.3398,17.6531,31.3359
40.3294,0.0998,-1.8984,-9.6631,-113.4540,-13.5288,-53.9781,-19.7025,-25.2451,20.0378,31.3457
40.3453,-0.0275,-1.5034,-9.7333,-115.4774,-10.0424,-54.0404,-18.3548,-25.9995,20.4407,31.3320
40.3773,0.0588,-1.0593,-9.6975,-117.2411,-6.8178,-54.1019,-17.0130,-26.7641,21.2483,31.3457
40.3881,0.0291,-0.6704,-9.7384,-118.6376,-3.7280,-54.1001,-16.3490,-27.1565,22.0608,31.3496
40.4142,0.0100,-0.2749,-9.9078,-119.9354,-0.4545,-54.2237,-13.3119,-27.1655,23.6350,31.3691
40.4253,0.1153,0.1345,-9.9025,-120.7226,2.6177,-54.1646,-12.6385,-27.1689,24.0337,31.3652
40.4493,0.0725,0.5645,-9.8901,-121.3363,5.6314,-54.2230,-11.9745,-26.8131,25.2378,31.3945
40.4653,0.1491,0.9727,-9.8025,-121.5838,8.3599,-54.3442,-9.5917,-28.6549,24.0181,31.3203
40.4897,0.1293,1.3924,-9.8486,-121.6201,10.9415,-54.1070,-7.8982,-27.5434,25.6015,31.4141
40.5063,0.1160,1.8077,-9.8410,-121.2609,13.5079,-54.1036,-5.5232,-28.6470,25.1845,31.3691
40.5294,0.1945,2.2376,-9.7495,-120.6457,15.9141,-54.0430,-4.1443,-28.6032,23.9423,31.3496
40.5453,0.1285,2.6060,-9.6003,-119.7673,18.0587,-53.9206,-3.4988,-29.0258,25.9774,31.3633
40.5696,0.2320,2.9810,-9.4903,-118.6042,20.1895,-53.6835,-1.0945,-29.3398,24.3065,31.3340
40.5853,0.2212,3.3780,-9.4703,-117.3054,21.8604,-53.3319,0.2581,-29.3365,24.6969,31.3691
40.6095,0.1869,3.6878,-9.3526,-115.6618,23.5860,-52.9882,0.9280,-29.7191,25.1054,31.3926
40.6255,0.2867,4.0853,-9.1552,-113.6726,25.3526,-52.5458,3.3049,-30.0738,25.0706,31.3848
40.6493,0.1705,4.4332,-8.9633,-111.6315,26.7276,-52.0729,5.0315,-29.2677,23.7972,31.3438
40.6652,0.2446,4.6622,-8.8748,-110.1472,27.6969,-51.7238,5.3731,-30.3819,23.0106,31.3770
40.6898,0.2159,5.0911,-8.7247,-106.3991,29.5709,-50.8981,8.4610,-29.5616,21.7118,31.3574
40.7108,0.1736,5.2626,-8.5868,-104.8376,30.4429,-50.5033,8.7998,-29.5589,21.7144,31.3867
40.7380,0.2636,5.6835,-8.2589,-100.6267,32.0338,-49.4467,10.1856,-29.5046,20.0581,31.3438
40.7538,0.1701,5.9227,-8.0707,-97.1657,33.2994,-48.5258,11.8828,-29.8664,20.0357,31.3184
40.7693,0.2131,6.1290,-7.9498,-94.3220,34.2916,-47.7514,12.9190,-29.4570,19.1964,31.4102
40.7933,0.1712,6.4210,-7.7812,-90.7829,35.5142,-46.8075,14.6289,-29.7988,18.3614,31.3340
40.8133,0.1361,6.6115,-7.4877,-86.3728,37.1295,-45.7948,14.2891,-29.8020,18.3648,31.3574
40.8334,0.1655,6.7696,-7.3292,-84.1521,37.7647,-45.2567,16.6914,-29.3681,17.0904,31.3496
40.8493,0.1079,6.9936,-7.1551,-79.9411,39.1680,-44.2196,17.3931,-29.7004,15.4605,31.3516
40.8734,0.0935,7.0900,-7.0151,-75.7302,40.6934,-43.3041,18.4360,-28.5324,14.6021,31.3418
40.8898,0.1631,7.3476,-6.8688,-71.4606,42.0362,-42.3275,19.4595,-28.8908,14.1827,31.3203
40.9163,0.0476,7.4211,-6.6465,-67.1286,43.3175,-41.3510,19.4972,-28.8304,11.7394,31.3809
40.9295,0.0603,7.6069,-6.4240,-62.4294,44.6593,-40.6190,20.5206,-28.4410,11.7140,31.3438
40.9534,0.0197,7.7269,-6.2690,-57.7927,45.7579,-39.7650,20.8888,-28.7665,9.6808,31.2988
40.9694,-0.0089,7.8080,-6.1542,-52.7888,47.0391,-38.9105,21.5788,-28.3702,9.2524,31.3105
40.9933,0.0270,7.9890,-6.0788,-48.1521,48.3809,-38.2396,21.2387,-28.3737,9.2582,31.3926
41.0179,-0.0290,7.9689,-5.9399,-43.3942,49.6622,-37.6293,22.2689,-27.9743,8.8251,31.3555
41.0333,-0.0454,8.1127,-5.7289,-38.3317,50.9434,-37.0805,22.9911,-26.7790,6.7470,31.3770
41.0493,-0.0345,8.1341,-5.6022,-33.2067,52.1641,-36.5922,23.0031,-27.5070,5.5438,31.4199
41.0734,-0.0890,8.1776,-5.5713,-28.3239,53.3848,-36.2260,23.6837,-26.7521,5.9215,31.3906
41.0893,-0.0460,8.2479,-5.6046,-23.2314,54.4975,-35.9762,23.7323,-26.3232,3.8643,31.3496
41.1204,-0.0941,8.2228,-5.4463,-18.0439,55.7172,-35.4881,24.4349,-25.9069,2.6211,31.3340
41.1293,-0.0721,8.2882,-5.3668,-12.7978,57.0590,-35.4881,25.4623,-25.1383,2.5850,31.3984
41.1534,-0.0774,8.2984,-5.3411,-7.5517,57.9135,-35.3660,25.8212,-25.1049,1.3574,31.3496
41.1693,-0.0839,8.2871,-5.3841,-2.4267,58.7675,-35.4881,25.4811,-25.1083,1.3631,31.3066
41.1932,-0.0506,8.3305,-5.4407,2.6983,59.4389,-35.6101,26.1617,-24.3529,1.7401,31.4043
41.2093,-0.0896,8.2869,-5.4501,7.8233,60.0492,-35.6711,26.1960,-24.6717,-0.6955,31.3633
41.2334,-0.1119,8.3220,-5.4377,12.8858,60.5375,-35.8541,26.8796,-24.2857,-0.7168,31.3535
41.2497,-0.1082,8.2568,-5.4397,18.1944,61.0256,-36.2201,27.2358,-23.8829,-1.5464,31.4062
41.2734,-0.1216,8.2452,-5.5203,23.1944,61.2085,-36.4029,27.2261,-24.2721,-1.1294,31.3340
41.2892,-0.0661,8.2197,-5.6233,28.3194,61.3306,-36.7081,27.9258,-23.4869,-1.9761,31.3613
41.3136,-0.0887,8.0893,-5.7654,33.1983,61.3307,-37.1348,28.2698,-22.3561,-1.6008,31.4062
41.3292,-0.0738,8.0827,-5.8284,38.0186,61.2697,-37.5621,28.2727,-22.7252,-1.9997,31.3789
41.3534,-0.0904,7.9584,-5.8727,43.0225,61.0866,-37.9893,28.6391,-21.1852,-2.8576,31.3691
41.3778,-0.0660,7.8916,-6.0539,48.1475,60.7814,-38.3555,29.3452,-20.3897,-4.1096,31.3770
41.3933,-0.0177,7.8194,-6.2154,52.9014,60.2326,-38.7213,29.6535,-21.1852,-2.4690,31.3926
41.4307,0.0037,7.6644,-6.3741,57.6592,59.6227,-39.1485,30.3376,-20.0504,-2.1003,31.3926
41.4353,0.0272,7.5976,-6.5024,62.2295,58.8913,-39.5753,31.0276,-19.6542,-2.5288,31.3691
41.4639,0.0372,7.4064,-6.6269,66.8428,58.0416,-39.8785,31.3493,-18.9325,-0.9233,31.3613
41.4738,0.0728,7.2888,-6.7792,71.4951,56.9420,-40.1243,32.0432,-17.4090,-0.9720,31.3789
41.5051,0.0919,7.1084,-7.0331,75.8116,55.7262,-40.4285,31.6963,-18.1708,-0.9476,31.3789
41.5136,0.1785,6.9269,-7.2505,79.9912,54.2741,-40.7301,32.0405,-17.0399,-0.5741,31.3535
41.5374,0.1731,6.7668,-7.4523,84.1905,52.6696,-40.9179,33.0483,-16.3016,0.6124,31.3320
41.5533,0.2297,6.5206,-7.5365,87.9873,50.6842,-40.9759,32.6953,-17.0731,1.0445,31.3984
41.5776,0.2840,6.3100,-7.7143,91.7998,48.4733,-41.1616,33.0066,-17.4891,2.6774,31.3691
41.5934,0.3074,6.0753,-7.9856,95.4971,46.0514,-41.3403,33.3730,-15.9491,1.8194,31.3555
41.6174,0.4036,5.7894,-8.1957,98.8604,43.3698,-41.2862,33.0049,-15.6236,3.8526,31.3242
41.6333,0.4189,5.5506,-8.3389,101.9737,40.3834,-41.4047,35.0420,-14.4859,4.6041,31.3262
41.6574,0.4214,5.2076,-8.5140,104.9366,37.2389,-41.3463,34.3305,-14.5432,6.6529,31.4160
41.6738,0.5262,4.9620,-8.6885,107.6651,34.3307,-41.4710,34.6836,-14.5193,5.8346,31.3770
41.6979,0.5416,4.6493,-8.9059,110.1856,30.9108,-41.4658,33.9906,-13.0549,7.8474,31.3027
41.7135,0.5684,4.3498,-9.0674,112.4415,27.5534,-41.5842,34.9915,-13.8229,8.6623,31.3594
41.7457,0.6259,4.0321,-9.1201,114.1348,24.2233,-41.6524,34.3026,-12.7224,9.8684,31.3496
41.7539,0.5668,3.6330,-9.2419,116.0704,20.2311,-41.6990,34.2768,-13.5109,11.1096,31.3203
41.7773,0.6527,3.3002,-9.3658,117.4132,16.8698,-41.7598,34.2459,-12.8132,13.5354,31.3223
41.7934,0.6476,3.0209,-9.5382,118.2457,14.5241,-41.8355,33.5697,-11.6931,13.9265,31.3359
41.8175,0.6582,2.5063,-9.6622,119.3765,9.3015,-42.2410,33.2015,-11.3676,15.9597,31.3828
41.8371,0.6837,2.2797,-9.6695,119.8324,7.2624,-42.2625,33.1820,-12.1459,16.7932,31.3281
41.8573,0.6527,1.8747,-9.6913,120.2596,3.8444,-42.5066,32.1381,-10.6997,19.2151,31.3633
41.8733,0.6278,1.4814,-9.7630,120.3817,0.4284,-42.6898,32.4782,-10.6961,19.2118,31.3223
41.8975,0.6305,1.0485,-9.8696,120.0767,-2.8665,-42.9949,32.1303,-8.8435,20.8036,31.3594
41.9132,0.6005,0.6037,-9.8509,119.4928,-6.6341,-43.3624,31.0853,-8.8942,22.4511,31.3750
41.9396,0.5487,0.0929,-9.8086,118.4332,-10.0169,-43.6446,30.7304,-7.8004,24.0527,31.3887
41.9618,0.5406,-0.1627,-9.7874,117.8804,-11.4700,-43.7881,30.0443,-7.0690,24.8637,31.3359
41.9773,0.4780,-0.5392,-9.8442,116.5992,-13.9095,-43.9712,29.0111,-7.0995,25.6962,31.3633
42.0014,0.4724,-0.9505,-9.7944,114.9517,-16.2278,-44.3375,28.2997,-7.1569,27.7411,31.3379
42.0175,0.4398,-1.3009,-9.6938,113.1207,-18.4856,-44.6426,27.9481,-5.6842,29.3388,31.3418
42.0423,0.4011,-1.6932,-9.5787,111.0465,-20.2552,-44.6426,27.2518,-6.0902,30.1786,31.3320
42.0574,0.4031,-2.0565,-9.5059,108.7887,-22.0247,-44.8257,25.2225,-4.2250,30.5744,31.3242
42.0815,0.2968,-2.4268,-9.4719,106.2262,-23.4896,-44.8868,24.5082,-3.9132,33.0158,31.3281
42.0999,0.3371,-2.7435,-9.3166,103.5406,-24.8323,-44.9478,23.1420,-3.9371,33.4465,31.3496
42.1216,0.2919,-3.1087,-9.1791,100.4898,-26.1136,-45.0088,22.4525,-3.5848,34.2682,31.3320
42.1443,0.2090,-3.4539,-9.0505,97.2554,-27.1507,-44.8258,21.0863,-3.6089,34.6943,31.3672
42.1614,0.2186,-3.7298,-8.9492,93.9000,-28.1268,-44.7038,20.4081,-1.3706,35.8671,31.3340
42.1776,0.2328,-4.0785,-8.8097,90.4215,-29.0418,-44.5207,19.0350,-1.4043,36.7099,31.3457
42.2017,0.1300,-4.2957,-8.6376,86.8219,-29.5911,-44.2157,18.6884,-1.4175,37.1281,31.3867
42.2174,0.2258,-4.5929,-8.4326,82.8551,-30.2625,-43.9105,17.0106,0.4711,36.7082,31.3184
42.2469,0.1328,-4.8402,-8.3631,79.0113,-30.8724,-43.6056,15.9725,1.1786,38.3322,31.3594
42.2573,0.1610,-5.0392,-8.2237,74.8629,-31.2386,-43.1786,15.6232,0.7853,38.7443,31.3535
42.2815,0.1294,-5.2894,-8.0951,70.6519,-31.7874,-42.7516,13.9357,1.5363,38.3473,31.3301
42.3021,0.0789,-5.4564,-7.9122,66.2466,-32.1724,-42.3849,13.2212,0.7450,39.6181,31.3594
42.3215,0.1365,-5.6670,-7.7860,61.9145,-32.5386,-41.8361,12.5425,2.2343,40.4018,31.3516
42.3376,0.0980,-5.7966,-7.6549,57.3403,-32.8438,-41.3480,11.8721,3.3651,40.3963,31.3477
42.3615,0.0901,-5.9778,-7.5460,52.6411,-33.0878,-40.9208,10.8692,4.5019,39.9676,31.3379
42.3772,0.1464,-6.1167,-7.4284,48.0044,-33.3320,-40.4325,11.5488,4.5091,39.9613,31.3301
42.4014,0.0761,-6.2426,-7.3588,43.2466,-33.6369,-39.9445,10.1953,5.2532,39.9606,31.3262
42.4177,0.1368,-6.3286,-7.2190,38.4262,-33.8199,-39.6393,9.5117,5.6158,40.3756,31.3574
42.4515,0.1241,-6.4223,-7.1269,33.6098,-34.0639,-39.1512,9.1941,6.7701,39.5441,31.3594
42.4520,0.1114,-6.5159,-7.0348,28.7934,-34.3079,-38.6632,8.8765,7.9244,38.7125,31.3613
42.4577,0.1221,-6.6265,-6.9977,23.8520,-34.4910,-38.4191,8.5122,8.6285,40.7301,31.3730
42.4813,0.1302,-6.6670,-6.9037,18.8481,-34.5522,-38.2358,7.1870,9.7925,39.0954,31.3711
42.5057,0.0932,-6.7429,-6.8666,13.9653,-34.7963,-37.9309,7.4951,8.9971,40.7379,31.3301
42.5214,0.1353,-6.7814,-6.7876,9.0278,-34.9184,-37.8088,7.1719,9.3922,39.9088,31.3164
42.5540,0.1424,-6.7953,-6.7811,3.9028,-35.0403,-37.6258,7.8716,10.9263,39.4579,31.3438
42.5614,0.1301,-6.8187,-6.7810,-1.0347,-35.1017,-37.5037,7.1968,10.9304,39.0729,31.3281
42.5853,0.1519,-6.7965,-6.7959,-6.0698,-35.2837,-37.6249,6.5303,11.6916,38.6532,31.3379
42.6015,0.1341,-6.7864,-6.8178,-11.0308,-35.4062,-37.6254,6.8672,12.0646,39.0509,31.3418
42.6256,0.1394,-6.7885,-6.8289,-15.9566,-35.4668,-37.7453,6.2036,12.4565,38.2331,31.3340
42.6432,0.1454,-6.7336,-6.8359,-20.8042,-35.5862,-37.8088,6.2012,12.8251,38.6259,31.3652
42.6839,0.1738,-6.6807,-6.9172,-25.8042,-35.5286,-38.0527,5.8526,13.9287,39.8261,31.3926
42.6842,0.1484,-6.6429,-6.9743,-30.5620,-35.5303,-38.1088,5.8847,14.7275,38.1776,31.3359
42.7102,0.1655,-6.5297,-7.0583,-35.3550,-35.3464,-38.4191,6.9022,15.1064,38.5529,31.3262
42.7214,0.1341,-6.4637,-7.1192,-40.0777,-35.1660,-38.7189,6.5753,15.8715,38.1327,31.3965
42.7593,0.1539,-6.3230,-7.2430,-44.7808,-35.1015,-38.9680,7.9581,17.0444,37.2772,31.3750
42.7616,0.0734,-6.2576,-7.3698,-49.6480,-34.7370,-39.2715,8.3056,17.8056,37.2476,31.3555
42.7854,0.1522,-6.0697,-7.4651,-54.1089,-34.3703,-39.5169,7.9552,17.4135,37.6753,31.3008
42.8094,0.0924,-5.9520,-7.5089,-58.6284,-34.0036,-39.7613,8.3368,17.8559,35.2105,31.3398
42.8255,0.1148,-5.7744,-7.6615,-63.0698,-33.3347,-40.0659,9.0238,19.3705,35.5786,31.3848
42.8497,0.0898,-5.5779,-7.8276,-67.4605,-32.7858,-40.2486,10.7055,18.6088,36.3779,31.3457
42.8656,0.0720,-5.4101,-7.9730,-71.6558,-32.0568,-40.4926,10.7303,18.6497,34.7529,31.3008
42.8893,0.0897,-5.1872,-8.1130,-75.7456,-31.3849,-40.8571,10.7221,19.7561,35.9424,31.3203
42.9054,0.0798,-4.8880,-8.3075,-75.0232,-30.1642,-41.4066,12.4322,19.4214,35.1077,31.3594
42.9295,0.0431,-4.6343,-8.4596,-78.8435,-29.0343,-41.5268,12.4476,19.0726,33.8948,31.3711
42.9456,0.0845,-4.4022,-8.6099,-82.5310,-27.8488,-41.5312,12.1217,20.5853,33.8587,31.3613
42.9702,0.0412,-4.1058,-8.7785,-86.2263,-26.4562,-41.6506,13.8541,21.4012,32.1809,31.3105
42.9853,-0.0019,-3.8301,-8.9175,-89.4783,-24.9572,-41.7063,13.8381,21.0018,33.0052,31.3613
43.0094,0.0447,-3.5501,-9.0151,-92.7166,-23.2482,-41.5984,15.5549,22.1668,32.5450,31.3633
43.0254,-0.0579,-3.1805,-9.1628,-95.8103,-21.5216,-41.5913,15.9240,22.5884,30.8916,31.3242
43.0495,0.0033,-2.9415,-9.3281,-98.5076,-19.5412,-41.6452,16.9572,23.3677,30.4522,31.3633
43.0663,-0.1188,-2.5545,-9.3721,-101.2185,-17.2287,-41.3473,16.2995,24.5191,29.6250,31.3887
43.0895,-0.0467,-2.2266,-9.4167,-103.5779,-14.9982,-41.2880,17.6813,24.1961,27.9932,31.3965
43.1057,-0.0633,-1.9070,-9.5674,-105.6150,-12.8654,-41.1325,18.7155,24.9734,27.5418,31.3223
43.1300,-0.1506,-1.5472,-9.7184,-107.5681,-10.3185,-40.9958,19.4016,24.2415,26.7303,31.3496
43.1564,-0.0791,-1.2254,-9.7678,-109.0760,-7.9357,-40.8890,20.0949,25.0169,26.2925,31.3398
43.1797,-0.1395,-0.8272,-9.7808,-110.6297,-5.0685,-40.6760,20.4448,25.4097,25.8699,31.3652
43.1853,-0.1065,-0.4744,-9.7853,-111.8191,-2.3537,-40.6436,21.1606,26.5933,24.1971,31.3945
43.2095,-0.1222,-0.1414,-9.8184,-112.5764,-0.3244,-40.4319,20.8134,25.8321,24.2249,31.3770
43.2257,-0.0956,0.3395,-9.9155,-113.6624,3.3807,-40.3392,21.8593,26.6294,22.9602,31.3672
43.2504,-0.0638,0.7470,-9.8818,-114.0115,5.9588,-40.2025,22.5615,27.0481,21.7259,31.3496
43.2710,-0.0583,1.0519,-9.8062,-114.2239,7.4256,-40.0658,22.8984,26.6700,21.7203,31.3535
43.2896,-0.0678,1.4091,-9.7941,-114.2239,9.8046,-40.0047,23.6225,26.7481,18.8610,31.3477
43.3134,-0.0224,1.8447,-9.7921,-113.8577,12.0624,-39.9437,24.3164,28.2715,18.8120,31.3672
43.3296,0.0218,2.1926,-9.7789,-113.4915,14.0760,-39.8827,24.3317,27.9234,17.6020,31.3613
43.3533,-0.0197,2.5432,-9.6357,-112.6980,16.0292,-39.6385,25.0348,29.0874,16.7475,31.3730
43.3733,0.0670,2.9433,-9.5080,-111.6609,17.8602,-39.5775,24.3507,27.9537,16.3799,31.3633
43.3938,0.0299,3.2790,-9.4354,-110.3797,19.5077,-39.3334,24.0238,28.7193,15.9619,31.3770
43.4095,0.0588,3.6572,-9.3187,-108.9763,21.0331,-39.2723,25.0883,29.5484,13.4814,31.3477
43.4334,0.1129,3.9863,-9.2077,-107.0847,22.4364,-38.9672,25.0821,29.5374,13.8869,31.3711
43.4496,0.0981,4.3102,-9.0420,-105.2547,23.7782,-38.7230,24.7488,30.2923,13.8741,31.3984
43.4760,0.1944,4.6252,-8.8702,-103.0593,24.8153,-38.4178,24.7894,29.9837,11.0323,31.3945
43.4895,0.1229,4.8967,-8.8070,-100.6179,25.8524,-37.9908,25.1009,29.5677,12.6661,31.3320
43.4985,0.0513,5.1682,-8.7438,-98.1765,26.8895,-37.5638,25.4124,29.1517,14.2999,31.2695
43.5139,0.1438,5.1866,-8.5861,-98.0605,26.8485,-37.6241,25.4785,30.3734,10.9986,31.3379
43.5300,0.1708,5.5109,-8.3796,-95.1933,27.5805,-37.0753,25.1516,31.1376,10.5768,31.4043
43.5545,0.1328,5.7450,-8.2152,-92.4472,28.3734,-36.6483,25.1613,31.5287,10.1629,31.3574
43.5797,0.1720,5.9843,-8.0336,-89.2129,29.1054,-36.0384,25.8576,31.9340,9.3255,31.3438
43.5936,0.1395,6.2255,-7.8707,-86.1015,29.7157,-35.4281,24.1691,31.9369,8.5399,31.3477
43.6097,0.1409,6.4272,-7.6676,-82.6230,30.3256,-34.7572,25.8761,31.9651,8.1046,31.3691
43.6334,0.1512,6.6739,-7.4712,-79.0234,30.9359,-34.1468,25.2125,33.1057,7.6808,31.3711
43.6502,0.1209,6.8026,-7.3224,-75.3613,31.4242,-33.2923,24.8683,31.9749,7.3072,31.3438
43.6809,0.1653,7.0083,-7.1821,-71.5176,31.9731,-32.7435,23.8517,32.3438,7.3154,31.3477
43.6897,0.1536,7.1880,-6.9740,-67.6133,32.4003,-32.0721,24.5548,33.5078,6.4609,31.4043
43.7138,0.0885,7.3016,-6.8129,-63.4648,32.7663,-31.2791,23.8644,32.3633,6.5005,31.3379
43.7294,0.0960,7.4484,-6.6254,-59.3789,33.3151,-30.6077,23.8872,33.5215,5.6583,31.3711
43.7541,0.1176,7.5571,-6.4802,-55.1054,33.8644,-29.9364,24.2212,33.5120,6.0572,31.3789
43.7830,0.0679,7.6896,-6.3610,-50.7734,34.2917,-29.2650,22.8833,33.9095,4.8511,31.3633
43.7940,0.1205,7.7671,-6.2415,-46.4414,34.7189,-28.6546,23.5313,33.1179,6.4878,31.3828
43.8176,0.0039,7.8772,-6.1154,-41.8672,35.0849,-28.0448,22.8736,33.5205,5.2681,31.3750
43.8335,0.0490,7.9572,-6.0056,-37.3515,35.6952,-27.5565,23.5415,34.2564,6.4615,31.3926
43.8573,-0.0093,8.0326,-5.9141,-32.7148,36.1222,-26.8856,23.5445,33.8863,6.0623,31.3652
43.8741,0.0153,8.0690,-5.8401,-28.2617,36.5492,-26.5806,21.8345,33.4788,6.5074,31.3887
43.8976,0.0128,8.1172,-5.7651,-23.6250,37.1596,-26.2144,22.1914,34.6292,6.0652,31.3926
43.9135,0.0121,8.1400,-5.6967,-18.8672,37.5866,-25.9095,22.1912,34.6311,6.0671,31.4219
43.9375,-0.0177,8.1392,-5.6548,-14.3515,38.1354,-25.6046,21.4881,33.4681,6.9225,31.3867
43.9533,-0.0025,8.1940,-5.6211,-9.5312,38.5627,-25.4215,21.5055,35.3636,6.8748,31.3867
43.9876,-0.0399,8.1568,-5.5536,-4.7109,38.8068,-25.1774,21.1488,34.2122,7.3162,31.4238
43.9934,-0.0259,8.2259,-5.5856,-0.0156,39.3556,-25.1164,21.4735,34.5645,8.5233,31.4121
44.0174,0.0155,8.2166,-5.5499,4.6836,39.5999,-24.9943,20.4403,33.7847,8.9657,31.3633
44.0336,-0.0349,8.1875,-5.6179,9.3789,39.8439,-25.0553,20.4602,35.3120,8.5221,31.3672
44.0574,0.0213,8.1920,-5.6578,13.8946,40.0880,-25.0554,20.1106,35.6697,9.3360,31.3457
44.0901,0.0018,8.1173,-5.6924,18.5938,40.2101,-25.2383,19.0784,35.6372,10.1656,31.3477
44.0987,-0.0223,8.0824,-5.7850,23.1680,40.3931,-25.4213,19.7385,34.1177,10.5987,31.4277
44.1216,0.0366,8.0576,-5.8055,27.7931,40.3373,-25.4781,18.0029,34.0512,12.6655,31.3984
44.1377,-0.0217,7.9822,-5.9168,32.3673,40.3373,-25.6611,18.7056,35.2172,11.8144,31.3535
44.1619,0.0352,7.9173,-6.0318,36.6994,40.3373,-25.9052,17.6694,34.8055,12.6528,31.3672
44.1773,0.0212,7.8249,-6.1363,41.3361,40.0324,-26.2102,17.6605,35.1637,13.4565,31.3457
44.2017,0.0510,7.7490,-6.2186,45.6056,39.7883,-26.4543,17.6408,34.3864,14.2920,31.4062
44.2178,0.0542,7.6432,-6.3751,49.9963,39.3613,-26.6373,16.6154,35.1134,15.1035,31.3984
44.2416,0.0356,7.5509,-6.4988,54.2658,38.9343,-26.9422,15.9123,34.6991,16.3515,31.3613
44.2657,0.0910,7.4229,-6.6220,58.3556,38.3850,-27.1253,15.5671,35.4320,17.1489,31.3711
44.2819,0.0879,7.2995,-6.8303,62.5041,37.9580,-27.4303,15.2199,34.6713,17.1758,31.4395
44.3055,0.1156,7.1408,-6.9748,66.4084,37.1650,-27.6132,13.4807,33.0970,18.8721,31.3438
44.3219,0.1785,6.9910,-7.1220,70.4357,36.3105,-27.9184,13.1518,34.9789,19.2361,31.3828
44.3461,0.1422,6.8151,-7.2837,74.2795,35.3950,-28.1015,12.7885,33.8187,20.0877,31.3418
44.3616,0.2115,6.6404,-7.4897,77.8791,34.3579,-28.3457,11.0786,34.1625,20.9280,31.3887
44.3859,0.1989,6.4236,-7.6684,81.4181,33.1987,-28.5286,10.4077,33.7965,20.1340,31.3711
44.4014,0.2425,6.2306,-7.8425,84.7130,31.9789,-28.6507,9.7001,34.1166,22.1673,31.3887
44.4257,0.2564,6.0080,-8.0474,87.8244,30.5756,-28.7118,8.6738,33.3470,22.2003,31.3750
44.4416,0.3172,5.7558,-8.1794,90.9357,29.2954,-28.9556,7.2812,32.5345,23.8722,31.3184
44.4655,0.3491,5.5093,-8.3633,93.8654,27.7084,-29.0167,6.5913,32.8876,24.6925,31.3652
44.4813,0.3809,5.2300,-8.5561,96.4904,26.1215,-29.0168,4.8940,33.2494,24.7123,31.3477
44.5056,0.3775,4.9151,-8.7269,98.8693,24.3520,-29.1388,3.5239,32.8453,25.1491,31.3457
44.5213,0.4181,4.6531,-8.8353,101.1877,22.5209,-29.1998,3.1628,31.3170,25.6066,31.3965
44.5461,0.4580,4.3416,-9.0317,103.3224,20.5688,-29.1388,3.1804,32.4625,25.1642,31.4180
44.5614,0.4783,4.0366,-9.1533,105.2140,18.3735,-29.2608,1.1160,31.2848,26.0456,31.4102
44.5861,0.5054,3.7083,-9.3101,106.7394,16.1157,-29.3219,-1.2688,31.6307,26.4882,31.3730
44.6028,0.5166,3.3599,-9.3884,108.2013,13.8012,-29.3219,-1.9548,31.6129,26.9037,31.4004
44.6259,0.5445,3.0320,-9.4614,109.1794,11.4829,-29.4437,-2.9783,31.2233,26.9306,31.3945
44.6500,0.5371,2.6455,-9.6061,110.2780,9.1606,-29.5658,-4.9978,32.3619,26.1298,31.3730
44.6655,0.5451,2.2957,-9.6793,110.8864,6.7875,-29.6880,-5.3413,31.2301,25.7526,31.4102
