t,ax,ay,az,gx,gy,gz,mx,my,mz,temp,src
0.44889,-0.13082,0.35737,-9.79119,-0.03805,-0.00519,-0.02817,13.17618,-33.82199,42.05077,28.95703,full
0.47295,-0.18608,0.35993,-9.79816,-0.09203,-0.06443,-0.02645,13.90567,-32.77610,41.63598,28.90039,comp
0.48913,-0.21776,0.34043,-9.78862,-0.09555,0.11160,-0.02293,13.17374,-33.47385,42.05175,28.93359,comp
0.51289,-0.16710,0.34729,-9.77707,-0.09555,0.05059,-0.02293,13.90079,-33.13718,42.45580,28.91602,comp
0.52917,-0.13903,0.35903,-9.78255,-0.06735,0.00775,-0.10209,13.53385,-33.13439,42.45956,28.94531,comp
0.55302,-0.14031,0.33936,-9.78255,-0.03805,0.05410,-0.02641,13.92130,-34.16564,41.25449,28.89648,comp
0.56890,-0.17345,0.34307,-9.80087,-0.06794,0.08399,0.00348,14.27188,-33.13342,42.04160,28.90820,comp
0.59318,-0.17487,0.35419,-9.79870,-0.02339,0.05410,-0.02641,14.28949,-33.81359,40.84140,28.91211,comp
0.60889,-0.15443,0.31473,-9.79712,0.02297,0.03945,0.01994,13.17914,-33.11340,41.24545,28.94922,comp
0.63296,-0.13839,0.33884,-9.80160,-0.03453,0.05410,-0.02290,13.91352,-34.17687,42.04916,28.91992,comp
0.64892,-0.15078,0.33422,-9.79750,-0.03805,0.05410,0.00470,13.90497,-33.13097,42.04572,28.90820,comp
0.67395,-0.17148,0.34630,-9.78533,0.02296,-0.00690,-0.02641,13.17792,-33.46813,41.64850,28.91602,comp
0.68881,-0.19292,0.33741,-9.79943,-0.03805,0.05413,0.03459,13.55390,-33.10461,40.43464,28.94531,comp
0.71405,-0.14342,0.32107,-9.77819,-0.09905,0.05413,-0.02644,13.91547,-33.46813,41.24421,28.92383,comp
0.73723,-0.13393,0.35099,-9.77242,0.02296,-0.00687,0.03459,13.54340,-33.82580,42.05475,28.91797,comp
0.75295,-0.16071,0.34873,-9.79426,0.02296,-0.00687,-0.08742,13.92182,-32.75256,40.02155,28.93359,comp
0.76922,-0.18636,0.34643,-9.80658,-0.03805,0.05413,0.03459,12.45014,-33.80627,41.26471,28.91797,comp
0.79293,-0.15423,0.33967,-9.77707,0.02296,0.11514,-0.02641,13.91010,-33.82964,42.06403,28.93555,comp
0.81684,-0.13985,0.34089,-9.78957,-0.09905,0.05413,0.03459,13.54291,-32.76812,41.24323,28.95312,comp
0.83282,-0.15297,0.34151,-9.79011,-0.03805,0.11514,-0.02641,14.26752,-33.13970,42.43952,28.90234,comp
0.85701,-0.15840,0.35707,-9.78603,-0.03805,0.11514,0.03459,14.63519,-32.78960,42.05939,28.91797,comp
0.87308,-0.17749,0.33255,-9.77935,-0.03805,0.11514,-0.02641,12.82953,-33.79156,40.04963,28.96484,comp
0.89751,-0.15176,0.34272,-9.79662,0.08396,0.11514,-0.02641,13.54291,-32.76812,41.24298,28.92188,comp
0.91281,-0.15773,0.31815,-9.78346,-0.03805,-0.00687,0.03459,12.81342,-32.75624,40.84015,28.93945,comp
0.93712,-0.17254,0.33568,-9.82078,0.02296,0.05413,0.09560,13.17963,-34.17226,42.06379,28.90820,comp
0.95286,-0.17748,0.34212,-9.77940,-0.03805,0.05413,-0.02641,13.92523,-34.16093,40.85773,28.90430,comp
0.97693,-0.10314,0.36952,-9.77028,-0.16005,0.05413,-0.08742,13.17377,-33.47490,42.06574,28.93945,comp
0.99295,4.58436,-0.17638,-10.01540,-0.09905,0.29815,0.58348,13.92279,-33.81084,40.83918,28.91602,comp
1.01705,-6.32970,-0.52550,-9.67507,-0.52605,2.06768,-4.78370,13.55585,-33.80844,40.84935,28.96680,comp
1.03293,0.42811,-0.72325,-9.60665,-2.35613,7.61846,-4.17482,13.56230,-33.09262,39.62670,28.91602,comp
1.05696,-4.13119,-0.59989,-11.24718,-0.16013,8.41576,-7.16754,13.18121,-33.46190,41.25050,28.92773,full
1.07288,-2.15463,-2.74052,-10.51524,26.68362,20.18920,-43.48004,13.90680,-33.48009,42.06398,28.94727,comp
1.09691,2.33756,1.47042,-9.13927,22.84183,19.64086,-5.66754,13.16510,-33.48553,42.86574,28.92188,comp
1.11289,0.99186,0.11104,-11.11388,30.70901,20.79906,35.89496,11.31646,-32.78533,43.68117,28.91602,comp
1.13690,2.45182,0.81026,-10.18468,41.26370,29.03344,12.91059,9.45611,-32.10223,45.69289,28.92383,comp
1.15288,-0.25131,-0.53349,-10.48717,56.39651,11.47094,3.49653,7.64752,-32.75652,43.70363,28.93945,comp
1.17698,-0.43344,-0.83402,-9.87633,34.02151,-34.27906,-18.03472,5.80572,-31.34148,43.30324,28.95508,comp
1.20094,3.21305,1.60933,-10.38902,-19.75974,-17.82594,-7.30035,5.43951,-29.92547,42.08058,28.98242,comp
1.21774,0.35172,-0.56840,-12.19469,-46.05661,40.54906,30.44965,6.15875,-29.59978,43.27882,28.93555,comp
1.23285,-0.26693,-0.48112,-11.90147,-39.59177,55.56469,23.44184,5.08941,-30.95818,41.29250,28.96289,comp
1.25702,-0.57724,0.71517,-10.82726,-32.09177,43.99437,24.59418,5.11447,-30.56829,38.46632,28.94141,comp
1.27278,-2.07235,-1.19010,-10.64183,-30.62204,-7.97438,20.85199,4.38009,-29.50384,37.64943,28.93359,comp
1.29697,0.74991,0.41732,-10.45555,-24.27829,-62.66188,-29.27301,4.37772,-28.09563,36.80177,28.93555,comp
1.31313,0.97342,-0.13542,-10.04540,-31.00485,-94.19313,-33.34722,4.74588,-27.74358,36.38869,28.94336,comp
1.33694,0.20096,0.23519,-10.11601,-29.20310,-103.65406,-41.40972,5.08475,-25.31585,37.16554,28.97266,comp
1.36116,0.75174,1.38265,-10.20830,-32.19919,-122.45094,-47.57379,6.88260,-21.85296,37.92336,28.93555,comp
1.37690,0.60550,0.59212,-9.31816,-0.71481,-113.95875,-33.81597,9.04276,-21.22454,41.51906,28.93555,comp
1.40141,-2.55075,0.51235,-7.90117,-2.71481,-122.74000,-23.37066,7.93729,-20.16399,41.11623,28.99023,comp
1.42519,-2.26779,0.97133,-7.98668,-33.83981,-159.83375,-33.30816,8.63748,-17.39446,42.25685,28.97266,comp
1.44091,-2.14810,1.32583,-8.64488,-69.12106,-167.49781,-46.44097,9.69803,-13.92962,43.39455,28.90234,comp
1.45688,-3.64614,1.64834,-8.96837,-73.51169,-160.22438,-37.94097,10.76151,-10.81438,44.55861,28.95117,comp
1.48128,-4.45767,2.17177,-7.31505,-77.94528,-163.20680,-35.01129,12.22342,-9.06829,43.70802,28.91992,comp
1.49683,-6.33755,3.21670,-7.76988,-104.58591,-183.65992,-25.40191,12.57254,-8.39056,44.91212,28.94531,comp
1.52087,-4.39614,2.65078,-8.39147,-130.58591,-204.81617,-19.29644,14.42508,-5.55267,40.80275,28.94141,comp
1.53688,-3.12173,1.41250,-7.50963,-121.24997,-177.70680,-7.16363,14.41201,-2.39446,39.54103,28.91211,comp
1.56129,-3.53750,1.28835,-7.76866,-107.67185,-131.83180,4.73481,16.23232,0.39460,38.66994,28.91602,comp
1.57689,-6.90274,1.59035,-7.46178,-78.64060,-88.05055,18.80512,18.79677,1.42780,38.22926,28.92188,comp
1.60097,-6.67190,2.47317,-6.48131,-66.82028,-87.96406,-1.96051,19.15663,2.82624,37.78712,28.88086,comp
1.61717,-5.98098,2.61941,-6.82945,-66.66171,-87.97978,-4.59527,20.60488,4.19929,38.55763,28.90820,comp
1.64104,-5.45999,2.14919,-6.64183,-55.48984,-76.10478,-1.72613,22.07558,7.37116,35.67091,28.88086,comp
1.65687,-5.13640,1.93886,-7.00743,-46.27039,-50.54765,7.73936,21.69970,7.36809,36.88323,28.88086,full
1.68091,-5.54387,1.96483,-7.17748,-19.31726,-18.36015,12.26280,23.16064,8.75871,36.43621,28.92578,comp
1.69685,-6.40861,3.19042,-7.34813,-1.06726,6.65548,12.03770,23.16107,7.70012,37.26629,28.89844,comp
1.72130,-8.15764,3.71825,-7.03270,0.88195,19.61641,19.60411,23.16673,7.00237,37.28338,28.91406,comp
1.73696,-8.05845,2.57762,-7.40502,5.07727,12.60860,9.38536,23.15591,7.33953,38.08562,28.87891,comp
1.76154,-6.90416,3.79637,-7.71434,13.49914,15.05196,6.66856,22.80630,7.72087,36.06414,28.89648,comp
1.77689,-6.19127,4.67626,-8.38133,2.20227,24.10665,9.02989,23.17398,5.60173,37.70965,28.89648,comp
1.80103,-7.42760,4.14940,-8.17027,-11.64148,30.10665,9.43761,22.80411,5.95329,37.70179,28.90820,comp
1.81697,-6.24010,3.80931,-7.44957,-25.06336,27.11641,-1.72646,23.91055,5.24675,37.70158,28.95117,comp
1.84099,-6.60972,3.37865,-7.41957,-28.11414,36.69454,-4.16786,23.18497,5.26445,36.90714,28.91406,comp
1.86497,-7.42320,5.00658,-7.37230,-48.80164,23.57735,-5.81532,23.57217,4.23223,35.70206,28.88281,comp
1.88102,-7.14342,4.19359,-6.77513,-64.73133,4.17110,-2.82509,24.66495,5.27129,35.68002,28.91602,comp
1.89691,-5.92174,3.56957,-5.73314,-60.82703,-2.96952,-6.54774,24.33560,4.62285,32.45736,28.90820,comp
1.92157,-6.37657,3.77806,-5.05492,-62.59656,-7.05546,1.26476,25.81119,4.62380,31.63998,28.91406,comp
1.94495,-6.53331,3.69823,-4.80223,-63.87781,-13.52421,-5.38759,26.54068,4.61171,32.02572,28.90430,comp
1.96110,-5.58458,3.73543,-3.19481,-71.26062,-20.48124,-7.76649,26.92203,4.27699,30.80599,28.96484,comp
1.98524,-5.68046,3.06355,-4.01903,-65.46375,-22.92265,-0.26259,28.39957,4.98695,29.16048,28.87109,comp
2.00087,-6.65019,3.24825,-3.88194,-35.68250,-14.86796,7.72960,29.11392,6.01137,30.36752,28.94531,comp
2.02514,-6.12382,4.24190,-4.29552,-16.88562,-11.02421,-0.50478,29.12171,4.96352,30.36878,28.92188,comp
2.04104,-7.11210,5.62471,-3.99327,-0.54187,4.65548,17.62022,28.76136,5.68227,29.15491,28.91211,comp
2.06490,-8.90898,5.93550,-4.04524,-12.37781,-15.29765,19.93858,29.87854,4.63930,28.35755,28.90820,comp
2.08098,-8.75273,5.02437,-4.60335,-28.65906,-52.95390,14.93468,29.86895,5.33119,28.75037,28.92383,comp
2.10494,-7.07597,5.33980,-4.39754,-38.29969,-73.70390,3.88780,29.13751,6.04652,27.93933,28.86133,comp
2.12106,-6.27617,5.72188,-5.19100,-53.91687,-79.74296,2.66710,30.96368,7.07973,27.90873,28.88086,comp
2.14509,-7.24833,6.33809,-5.02364,-62.64344,-78.88847,15.97179,29.87384,7.81020,26.30228,28.90234,comp
2.16110,-6.75712,6.36171,-5.07298,-79.29969,-93.34941,15.24083,32.07306,9.55629,25.03568,28.88477,comp
2.18505,-5.72001,5.01991,-3.40502,-107.06531,-111.03691,3.64708,32.07935,9.21254,24.62845,28.85156,comp
2.20087,-5.30522,4.39150,-4.02953,-116.52625,-102.92753,0.71739,33.56860,9.58608,22.18900,28.86719,comp
2.22485,-6.01127,4.12587,-3.63133,-107.19031,-78.28691,-7.21230,34.30786,11.00111,20.55130,28.87109,comp
2.24102,-6.92436,4.62831,-2.58446,-92.48719,-62.90409,-29.18105,34.66797,12.75404,19.70072,28.87305,comp
2.26541,-7.21774,5.45501,-1.72726,-97.32370,-61.28587,-43.60175,35.41473,13.82029,18.06039,28.90625,full
2.28090,-7.22338,5.02386,-1.38131,-111.78464,-57.32103,-39.33612,36.17205,13.84916,15.62289,28.90234,comp
2.30493,-8.17308,4.19867,-1.19503,-110.81100,-43.41478,-27.62519,36.91326,15.97220,13.16000,28.87891,comp
2.32889,-7.98021,4.88763,-1.47701,-88.29538,-35.36009,-10.23456,36.56268,15.99915,11.55160,28.85742,comp
2.34492,-9.10521,3.64251,-0.24557,-79.74850,-32.43236,-27.42206,37.65252,16.68128,11.92513,28.88672,comp
2.36089,-7.50267,5.21087,-3.18502,-99.88913,-8.27611,-27.07489,37.30242,16.70879,10.31869,28.90234,comp
2.38501,-7.59935,5.15377,-0.51510,-95.25241,17.34889,4.87823,37.33611,17.11138,6.68197,28.93945,comp
2.40103,-6.20873,4.78878,0.22269,-86.78366,13.22389,36.65948,39.16912,15.32915,8.30795,28.86914,comp
2.43395,-5.42357,5.00656,-2.77340,-79.48679,54.59889,62.48761,40.63982,16.38189,7.06283,28.83203,comp
2.44153,-4.65599,4.94513,-1.28024,-40.14304,125.47389,92.84698,40.29241,15.35454,5.86849,28.89844,comp
2.46505,-9.19506,9.76544,-3.74508,-12.14304,221.84889,164.97198,39.92229,14.29302,7.10189,28.87891,comp
2.48083,-13.75365,10.07696,0.56351,-53.86179,155.84889,158.33917,40.31634,10.44536,7.56478,28.89062,comp
2.50492,-10.18529,8.40899,-2.37789,-140.61179,57.34889,96.24542,40.35500,6.97271,6.40267,28.89258,comp
2.52909,-1.13842,8.50708,-2.99362,-134.36569,78.14577,110.76886,41.49660,6.31939,2.76791,28.84961,comp
2.54504,-7.67748,10.91137,-2.73190,-102.36569,137.20827,177.20636,40.80618,3.56353,0.80404,28.88281,comp
2.56904,-9.40111,12.04614,-0.05807,-153.86569,84.98952,184.07745,41.96633,-0.24116,-1.97135,28.89258,comp
2.58511,-7.23510,8.90161,2.12162,-205.86569,-18.26048,124.85870,42.00622,-2.29976,-4.36197,28.90820,comp
2.60898,-1.21166,8.70593,1.50346,-261.61569,-75.22923,35.67120,40.21911,-3.62788,-7.95377,28.87500,comp
2.62499,-4.51049,7.69519,-2.84420,-247.31882,-28.82298,27.83136,40.96520,-3.61553,-9.17252,28.87500,comp
2.64904,-5.08031,7.47986,1.22221,-127.69382,-17.86986,13.68292,39.53844,-3.19048,-13.60221,28.87109,comp
2.66507,-3.44359,6.22595,2.66263,-89.50632,-23.67064,22.53448,38.82555,-4.21392,-14.79069,28.90820,comp
2.68899,-3.57360,7.13073,3.26224,-50.66257,-14.70970,36.11261,38.10387,-5.24907,-15.16935,28.84766,comp
2.70493,-3.60915,6.32312,5.29154,-73.38132,-9.08861,39.04229,37.02380,-5.21077,-17.17911,28.86523,comp
2.72913,-5.63063,9.50280,2.36967,-96.69382,-15.95189,51.64386,37.41686,-5.88167,-19.19279,28.87891,comp
2.74517,-5.11745,8.62292,1.15678,-34.56882,-26.05345,37.90167,37.40443,-5.89959,-17.97989,28.89648,comp
2.76899,-4.13796,8.58603,1.40348,13.86868,-22.63548,35.82745,37.06239,-7.97771,-18.75089,28.84375,comp
2.78491,-2.58620,8.99691,2.31754,45.74368,-3.91673,42.88995,35.58387,-7.62932,-17.93351,28.85938,comp
2.80903,-3.56472,8.81759,2.72306,50.81009,7.03639,56.69464,36.69617,-8.67913,-18.33072,28.86133,comp
2.82501,-3.93581,7.82980,2.75831,73.01321,7.60036,56.88800,36.33802,-9.72307,-18.31177,28.82227,comp
2.84914,-3.67531,7.36935,4.10401,76.91360,-4.18089,60.71026,37.41712,-9.76134,-16.30005,28.85156,comp
2.86489,-4.22131,7.19074,2.44383,86.85031,-19.56187,46.78632,37.05003,-10.47798,-15.49107,28.90625,full
2.88903,-2.60607,7.17566,2.02977,106.81906,-22.95445,36.84101,35.57347,-11.89205,-13.43638,28.86328,comp
2.90490,-3.97326,8.20008,1.57103,138.05344,-15.02086,45.93476,37.01097,-11.24068,-11.03990,28.86133,comp
2.92893,-3.75793,10.18054,1.80016,137.26047,-11.23766,48.68085,37.36692,-12.31978,-9.00865,28.90234,comp
2.94548,-2.69836,10.11035,2.05772,112.24484,-27.04234,37.32929,36.61399,-13.40181,-6.15708,28.87891,comp
2.96904,-4.32531,9.56690,0.24425,85.69797,-32.41344,18.90742,37.34495,-12.70357,-6.58018,28.89258,comp
2.98519,-3.58898,9.90186,0.05077,92.65500,-48.58531,-14.93633,37.33282,-14.13423,-4.13487,28.88086,comp
3.00894,-3.71765,10.64014,-1.23146,91.19113,-64.51500,-36.78008,38.78692,-13.45943,-3.35313,28.88867,comp
3.02514,-3.22180,11.58106,-1.94533,96.43723,-79.10094,-77.53008,38.37994,-11.04341,-1.36973,28.87695,comp
3.04907,0.69227,11.30078,-0.66017,58.24973,-87.46031,-88.57696,39.82916,-10.72921,0.22500,28.88281,comp
3.06524,-1.43664,8.36133,-2.13380,23.65598,-73.73375,-68.56133,40.53326,-9.01338,1.80605,28.87500,comp
3.08918,-2.34924,9.98633,-1.62257,39.21848,-71.59898,-86.24883,41.26324,-8.67012,1.79043,28.87891,comp
3.10491,-0.83264,9.53931,-2.34230,52.21848,-54.58336,-41.03008,40.12066,-6.95821,4.60097,28.90430,comp
3.12900,-1.39562,8.55835,-1.99635,49.16769,-23.34898,-22.67071,40.85455,-6.96379,4.59346,28.87891,comp
3.14493,-2.45617,6.12280,-2.68190,97.60519,18.61977,4.29804,40.84731,-6.62077,4.98994,28.85352,comp
3.16908,-5.70617,8.01538,0.09154,151.54269,12.88930,14.61054,40.09242,-6.99943,7.42744,28.88086,comp
3.18501,-5.74554,8.18469,-1.57741,150.63107,-14.01695,-28.82696,39.70985,-7.02013,9.04853,28.84570,comp
3.20901,-1.06976,9.39075,-1.37502,90.91232,-17.62047,-69.26446,40.05507,-7.40733,11.47041,28.84375,comp
3.22492,-2.41839,12.92786,-5.00197,38.03732,1.89516,-60.43633,40.03227,-5.67491,12.24482,28.86133,comp
3.24897,-1.73431,12.19055,-2.87306,113.91232,71.27016,-16.99883,40.02106,-5.69232,13.46162,28.82812,comp
3.26729,-7.34368,9.86438,-3.54250,117.84592,59.02797,9.54804,38.53669,-5.70492,15.08857,28.90430,comp
3.28892,-6.66741,10.05200,-2.09621,116.22775,46.53578,9.05195,38.53826,-6.40854,15.50337,28.84961,comp
3.30485,-2.92327,9.23316,-2.25221,93.75900,30.48891,-2.51836,37.43768,-7.45834,16.33882,28.88281,comp
3.32911,-2.08099,6.34448,-3.04274,85.47775,41.08266,-16.06524,37.40124,-6.45248,19.14741,28.89258,comp
3.34497,-4.34075,8.15112,-2.16286,79.70041,57.87953,-18.75665,35.91882,-6.46456,20.78901,28.85547,comp
3.36960,-6.22650,9.44019,-3.32887,45.16916,33.05141,-2.85821,37.02428,-7.17110,20.78116,28.87500,comp
3.38491,-7.03558,8.38843,-0.25856,13.18478,20.91078,-41.98321,35.91686,-6.81979,21.19059,28.86328,comp
3.40921,-5.69280,9.80542,-3.05739,-69.44022,128.28578,-182.60821,35.90014,-5.78463,21.97721,28.85352,comp
3.44149,0.76032,8.61987,-7.25661,-19.44022,122.64906,-176.13555,37.36498,-4.74264,21.55753,28.84375,comp
3.44908,-1.56976,8.15332,-5.18239,254.80978,43.96156,-87.94805,37.39007,-3.99801,18.30167,28.87500,comp
3.46523,-5.31647,5.55684,-2.80916,255.81059,32.45303,-90.84315,34.76925,-2.99644,22.76121,28.90820,full
3.48912,-4.51423,6.54659,-5.97518,255.31889,31.95449,-94.63612,33.24874,-0.94566,26.38035,28.89844,comp
3.50511,-4.92316,4.34737,-4.85018,304.69389,31.45108,-110.01894,30.25265,-0.30796,32.05223,28.87500,comp
3.52899,-4.66413,4.41957,-4.30770,291.15483,25.22451,-124.39394,28.76632,0.02871,33.68211,28.86523,comp
3.54504,-4.15876,3.47963,-5.05232,291.65483,-1.00986,-109.26112,25.41476,1.04140,37.73680,28.81055,comp
3.56918,-2.30817,2.53041,-6.35213,264.35796,-12.50986,-67.22987,22.81124,2.42128,40.17039,28.85352,comp
3.58615,-6.01325,1.59438,-6.32959,242.99858,-31.11924,22.20763,18.38546,2.41934,42.63914,28.87500,comp
3.60913,-8.24177,1.16249,-8.02100,211.62358,-27.26377,68.86388,15.08663,3.15371,41.84080,28.86914,comp
3.63289,-8.01313,0.16249,-8.91358,159.65483,-39.04502,73.97716,11.40890,2.11172,43.50975,28.84570,comp
3.64905,-7.05756,-1.39317,-11.08740,94.40483,-51.43564,82.85997,9.58370,2.49234,42.31151,28.84570,comp
3.67297,-6.45991,-0.41954,-10.34815,-5.78267,-48.38486,111.78185,8.81954,4.21988,43.91307,28.84375,comp
3.68899,-7.87104,-0.04869,-9.33155,-99.53267,-65.10361,158.59435,9.96017,4.27053,39.86619,28.80859,comp
3.71294,-7.45331,1.48061,-8.49024,-163.12642,-74.80674,189.78185,11.41817,4.95169,40.25023,28.84180,comp
3.72900,-8.47675,3.16518,-8.37439,-223.03267,-106.22861,240.59435,15.80489,4.19094,42.24241,28.84375,comp
3.75299,-10.08710,4.79701,-9.97107,-286.56392,-114.70517,285.62560,21.32052,5.57962,39.72093,28.80859,comp
3.76926,-9.29218,5.99330,-8.91150,-328.34517,-91.51767,328.68810,23.21993,3.54251,34.87327,28.84375,comp
3.79318,-7.88984,6.14113,-8.42957,-369.59517,-64.73642,345.95372,29.84103,1.75344,34.43529,28.83008,comp
3.80907,-5.87031,4.78957,-7.40711,-362.33736,-27.64267,316.67247,32.48946,-0.61960,28.39232,28.85352,comp
3.83285,-2.61249,5.11696,-4.47742,-335.61861,2.26358,244.73497,35.84884,-3.73874,25.17943,28.85156,comp
3.84907,0.21758,7.12672,-3.85828,-310.05611,-7.43174,216.23497,37.75314,-6.82859,20.77708,28.83203,comp
3.87323,-0.99042,8.53786,-1.31922,-265.61861,-23.47861,202.74278,38.15939,-8.18601,17.97044,28.82031,comp
3.88907,-3.17988,6.29958,-2.90808,-280.50142,-13.72080,187.18810,38.60323,-11.25241,12.76732,28.82031,comp
3.91304,-1.35859,5.74294,-2.33240,-280.87032,23.56045,132.65685,39.35030,-10.88547,11.13939,28.81836,comp
3.92904,0.94610,6.31520,1.22815,-298.12032,11.55264,117.75841,39.40755,-12.92063,7.13939,28.84961,comp
3.95305,-0.44550,8.80739,0.85461,-308.92500,11.96109,114.83849,39.13070,-15.60813,0.32298,28.84375,comp
3.96956,1.58770,9.58376,1.64660,-285.19063,15.45523,135.58849,36.99203,-16.91086,-4.88014,28.80273,comp
3.99301,-1.53144,5.48219,2.93371,-263.06563,23.18570,146.50255,35.20394,-19.65305,-7.23757,28.84375,comp
4.00899,-1.78364,5.17018,2.09973,-310.19063,53.99820,110.09630,32.68636,-19.91159,-12.04616,28.87500,comp
4.03320,0.09332,5.38893,-0.54285,-311.94160,76.38882,77.09630,30.14925,-20.19968,-14.83913,28.85156,comp
4.04894,0.57378,4.82204,3.57043,-259.28535,91.95132,85.17442,29.10140,-21.17331,-19.25319,28.82422,comp
4.07314,0.91323,5.63094,5.65775,-256.69168,116.53574,108.94988,25.83681,-21.80478,-22.46302,28.82617,full
4.08881,0.90132,2.75398,9.33548,-250.77371,113.76621,99.47332,23.65907,-22.10752,-24.45423,28.83594,comp
4.11291,0.50533,4.22664,10.47415,-305.86746,100.93027,70.31707,16.74501,-21.61679,-30.44251,28.83984,comp
4.12923,2.36958,7.26375,7.26321,-282.82059,77.11777,61.44988,12.36610,-21.54788,-32.81947,28.79688,comp
4.15312,1.97578,5.42879,9.71048,-224.53934,69.94981,88.35613,9.08681,-20.78372,-35.62611,28.80469,comp
4.16898,-1.82890,3.09676,9.05862,-223.66678,84.04356,126.76238,7.60243,-19.73783,-34.82386,28.80273,comp
4.19297,-4.20781,0.90926,5.87894,-189.54178,120.79356,111.94988,4.32509,-20.73587,-36.36976,28.85352,comp
4.20899,-4.95683,-1.84465,8.59964,-120.97928,179.19981,86.40301,0.30165,-18.21634,-39.60023,28.84570,comp
4.23311,-4.84007,-0.80559,11.24417,-85.38553,204.57481,57.48113,-1.16612,-16.08743,-41.22425,28.78906,comp
4.24905,-4.37694,0.72273,13.53519,-71.31522,204.54775,36.96551,-2.63878,-13.96439,-42.46644,28.81055,comp
4.27310,-4.49101,2.50398,11.79886,-44.87772,208.94228,46.63738,-4.12218,-10.44486,-43.72230,28.80664,comp
4.29121,-4.17436,3.21590,13.73734,13.71603,195.80947,38.40301,-3.78404,-6.25345,-44.18641,28.81055,comp
4.31309,-3.90166,3.28816,14.94046,66.96603,173.91885,34.36785,-4.16759,-4.15775,-44.21584,28.82422,comp
4.32891,-3.81493,2.51229,13.57523,118.43478,148.35635,24.76629,-2.69298,-3.09818,-45.86721,28.81641,comp
4.35298,-3.12645,2.48139,13.91238,204.99728,116.55947,12.62566,-0.88927,-1.74661,-43.88479,28.82227,comp
4.36897,-1.70067,3.52143,16.76395,229.90353,58.21572,24.75066,1.65761,0.32174,-43.54079,28.82812,comp
4.39375,-2.73680,4.66107,14.08035,243.06760,9.37197,82.78191,4.96425,-0.40091,-43.56835,28.74414,comp
4.40886,-6.19774,4.86078,12.76688,291.31760,-21.22178,132.37566,7.89198,-0.07987,-43.20507,28.78320,comp
4.44936,-9.24266,0.25531,12.98355,327.13010,-36.66709,81.84441,11.55995,-1.87674,-41.59570,28.80078,comp
4.45716,-7.66844,-0.33551,10.73160,342.48947,-26.87803,-9.03059,18.86854,-2.68338,-38.02734,28.79883,comp
4.47302,-4.72899,1.49066,10.86771,349.70432,-23.63389,-63.56184,19.97792,-3.73807,-38.02201,28.77148,comp
4.49696,-1.47313,2.42182,6.23099,370.39182,-16.66514,-56.18293,25.43495,-3.14188,-34.04545,28.78516,comp
4.51311,-2.16063,4.09271,6.32059,409.86057,-15.62608,-14.80793,29.06190,-2.52469,-30.46537,28.77539,comp
4.53716,-4.93602,5.24506,4.83914,399.97775,-31.96983,26.06707,34.11659,-3.39139,-21.62943,28.80469,comp
4.55308,-6.08543,5.41181,3.57938,420.72775,-33.86143,12.64520,36.65761,-3.45200,-18.83256,28.73242,comp
4.57694,-4.46239,5.09613,3.53561,427.47385,-38.27158,-49.44855,38.43300,-3.55405,-12.79740,28.75586,comp
4.59812,-1.93895,6.61371,2.88034,409.56760,-39.71690,-60.77668,42.02089,-3.34604,-5.16850,28.75195,comp
4.61702,-6.07176,5.23871,1.71042,414.38791,-45.81846,-43.32355,42.66151,-3.84213,4.51900,28.72461,comp
4.63304,-6.16515,5.87250,-0.99857,401.08322,-45.94053,-48.93684,42.59541,-2.17417,9.73775,28.79688,comp
4.65699,-7.12266,7.62836,-2.13138,405.96213,-22.75303,-70.90559,39.60127,-1.88535,15.41744,28.76562,comp
4.67288,-5.64453,4.10622,-2.34252,426.78076,-18.43953,-96.70610,37.31569,0.83561,21.86645,28.74805,full
4.70097,-3.75586,2.54860,-1.55492,423.91357,-29.48640,-110.31548,33.96022,1.48844,26.74536,28.78320,comp
4.71294,-4.51025,1.41481,-3.42894,385.78857,-60.78328,-96.76860,29.82741,3.13981,35.22973,28.76758,comp
4.73693,-2.83545,2.73805,-1.97777,343.00732,-95.62703,-50.01860,27.21022,6.26481,37.62231,28.74219,comp
4.75303,-9.31982,1.18825,-3.55101,275.38232,-127.78328,14.79390,21.66335,8.01090,40.48364,28.76562,comp
4.77702,-8.48975,0.18532,-5.46215,205.25732,-109.29890,5.27827,17.29616,8.44547,36.87231,28.73828,comp
4.79320,-8.37469,1.49098,-5.56969,165.66357,-110.03035,13.75484,15.09304,8.81071,36.88337,28.75391,comp
4.81703,-7.99969,1.36135,-4.83678,153.21826,-121.68660,41.58296,12.86452,10.19938,38.49176,28.74609,comp
4.83299,-8.43768,2.87502,-4.08727,114.78076,-140.48347,90.33296,11.00710,12.64860,38.86896,28.77734,comp
4.85704,-11.14081,0.52931,-5.49645,72.12451,-155.37410,121.81734,9.15847,14.40739,38.86632,28.75195,comp
4.87688,-11.37994,1.80861,-6.82946,7.68701,-132.85847,122.18379,10.26394,15.81852,37.22472,28.74609,comp
4.89712,-9.37799,7.67580,-4.27868,-7.68799,-120.89754,130.60567,11.37624,15.82834,36.00890,28.77344,comp
4.91306,-10.10895,7.16994,-4.04943,-12.50439,-147.67879,203.16817,13.56569,18.26388,35.12901,28.75977,comp
4.93704,-13.96051,5.22658,-8.22130,-39.05127,-153.05379,237.04317,14.66140,19.30881,34.70909,28.74805,comp
4.95298,-11.65582,5.56935,-10.81896,-49.05908,-91.55379,223.98848,17.25124,18.61398,33.06847,28.76172,comp
4.97711,-9.01129,5.47774,-5.62755,-34.16846,-56.21004,228.98848,20.20046,18.26047,31.83409,28.81250,comp
4.99377,-7.73102,5.27205,-3.52794,-32.76318,-68.64754,247.22285,21.68874,16.16281,31.45396,28.76758,comp
5.01693,-7.65521,6.70565,-4.01232,-80.07568,-75.12019,282.84785,22.78151,16.14264,32.24986,28.74805,comp
5.04114,-7.40008,7.87752,-5.40880,-113.35693,-56.32332,312.75410,25.72878,15.07916,31.83287,28.71680,comp
5.05720,-11.65399,7.85535,-6.15538,-110.00732,-17.54207,276.25410,30.17409,12.28424,29.81529,28.72461,comp
5.08087,-7.17352,7.38635,-3.16124,-69.28857,17.95793,179.25410,32.04226,9.49713,28.62584,28.77539,comp
5.09719,-4.73602,9.32483,-1.62804,-60.53076,19.92961,176.49239,33.54616,7.06744,27.04967,28.77148,comp
5.12104,-5.00629,11.38343,-0.63195,-77.04639,16.57805,202.35176,34.32058,3.94440,25.46861,28.76758,comp
5.13700,-5.46893,8.70569,-5.97179,-113.79639,43.76555,224.39864,36.17409,2.54693,24.66490,28.75781,comp
5.16148,-5.18060,8.37952,-2.74718,-135.51514,79.14055,234.71114,36.95144,-0.92572,23.09459,28.78516,comp
5.17700,-3.43549,8.96106,-2.40123,-144.32764,86.34758,200.58614,36.62746,-2.27142,19.88951,28.72656,comp
5.20132,0.01178,9.01898,-0.48326,-94.57764,71.19914,164.49239,37.76223,-6.46674,19.95201,28.73828,comp
5.21712,-1.21283,7.57855,-1.03356,-125.46826,60.48039,190.57051,37.42458,-7.12641,17.54185,28.80273,comp
5.24106,-2.88177,4.04535,-3.77379,-207.34326,93.85539,228.50801,37.49691,-12.66937,14.80357,28.74414,comp
5.25699,-0.91400,5.13031,-3.31163,-232.34326,143.60539,211.96114,37.20052,-15.38617,10.01060,28.73438,comp
5.28103,1.33895,4.91545,0.57120,-230.97035,186.64365,194.70062,35.43057,-18.10427,5.63279,28.76562,full
5.29700,1.30425,5.81389,3.22354,-224.43129,179.89365,217.73187,34.38858,-20.83474,2.05662,28.73438,comp
5.32105,0.23785,5.42424,3.87198,-239.82191,183.48740,244.79437,32.60244,-22.86599,-1.11916,28.77930,comp
5.33716,0.32177,3.60686,6.54385,-259.47816,173.26865,234.45844,29.75088,-25.19216,-7.50588,28.76562,comp
5.36132,0.34551,3.67351,6.87491,-301.41566,156.34677,197.39594,25.76846,-27.20193,-11.06252,28.78320,comp
5.37702,4.99395,4.81413,5.72647,-279.46254,162.23349,142.58344,23.24502,-27.11770,-15.47658,28.77930,comp
5.40097,2.06817,4.74687,3.48038,-229.52504,172.03818,165.05219,20.70205,-27.76613,-17.45608,28.73242,comp
5.41738,-0.93183,2.04961,5.98624,-200.99379,201.86630,224.95844,15.61221,-27.30691,-22.24904,28.75391,comp
5.88107,-2.52361,7.56720,3.44534,311.24115,-122.74833,-70.64375,36.62854,-2.43026,-16.81895,28.71680,full
5.90501,-2.20012,8.64728,1.61917,317.64740,-145.99833,-59.97188,39.16565,-3.55526,-12.79552,28.72461,comp
5.92141,-5.59661,9.44366,0.13089,350.05365,-142.76591,-46.05782,39.44690,-1.91952,-5.56505,28.73242,comp
5.94519,-8.81340,10.93683,-0.72995,391.17865,-136.66434,-51.54610,40.49084,-2.01076,0.07167,28.77344,comp
5.96114,-7.85930,8.96026,-1.16989,449.27240,-129.03934,-75.15547,40.41510,-0.70998,6.50527,28.74219,comp
5.98529,-6.60833,6.88019,0.07718,469.60052,-114.70341,-87.91328,37.74322,1.62791,14.96620,28.71875,comp
6.00101,-5.82561,2.61456,0.60257,421.85052,-109.02763,-56.49141,37.71115,1.58073,18.19472,28.74609,comp
6.02547,-6.33098,2.49774,0.39908,337.28802,-132.91825,-34.58516,32.84396,3.23795,26.69472,28.75391,comp
6.04123,-7.17229,1.83514,-2.03842,281.63177,-175.48075,4.50859,30.23654,4.25749,29.94277,28.75000,comp
6.06496,-8.86663,0.57342,-2.99985,229.63177,-191.76200,27.28984,27.97091,7.35514,33.95058,28.68945,comp
6.08108,-9.62298,1.38543,-4.54965,172.31927,-183.01200,15.49297,26.09689,8.72331,36.77284,28.73438,comp
6.10516,-7.04876,2.52508,-3.17856,132.81927,-161.90263,11.24687,23.14572,10.83854,36.76972,28.70117,comp
6.12121,-6.10393,5.18719,0.23941,90.25677,-184.21513,40.12187,23.14249,12.24577,35.93427,28.75195,comp
6.14520,-9.36565,5.40753,-1.78793,52.85052,-237.93388,97.90312,22.04386,14.02116,34.29267,28.72656,comp
6.16126,-13.01018,6.15802,-6.68637,9.35052,-224.84013,141.74687,20.57218,16.14420,33.07001,28.76562,comp
6.18507,-10.71721,10.95880,-5.96371,28.35052,-180.77763,158.63750,21.66691,17.89225,32.21845,28.72852,comp
6.20088,-9.14104,10.85882,-2.62973,83.41302,-176.91434,197.48125,22.41251,18.96256,30.17743,28.71484,comp
6.22531,-8.82415,10.18597,-3.61557,73.08490,-168.60184,269.66875,23.53556,18.63542,28.15986,28.72461,comp
6.24122,-10.97063,8.04339,-2.43588,59.03021,-164.27763,304.70000,25.35685,19.30827,28.94208,28.70312,comp
6.26503,-10.44182,4.04535,-5.55112,46.18646,-131.59013,260.51250,26.11515,17.22038,28.15595,28.73438,comp
6.28113,-7.63909,4.09698,-3.63412,34.88177,-94.02763,206.60625,26.12631,15.82487,28.17808,28.70117,comp
6.30497,-5.61565,7.36065,-1.76889,17.35052,-94.57304,212.91875,26.86947,15.12663,27.77329,28.73242,comp
6.32095,-7.27385,10.48956,-3.56576,-30.36823,-82.22929,266.60625,29.07846,13.00553,28.59067,28.74219,comp
6.34554,-6.15764,12.21515,-2.08920,-54.02448,-61.63554,311.35625,33.11752,11.21256,29.79185,28.69922,comp
6.36104,-5.80340,14.25616,-0.74057,-42.18073,-70.49491,335.77812,33.51156,8.77897,29.01499,28.76172,comp
6.38504,-9.52019,8.07647,-2.41537,-25.64948,-73.11796,308.99687,34.65317,5.65397,27.44468,28.71094,comp
6.40108,-5.62371,6.78937,-2.82602,-21.25494,-33.21171,204.68437,34.32065,2.88249,26.28257,28.79883,comp
6.42527,-1.76043,8.61065,-4.19711,-38.87994,-6.66483,175.57500,35.79526,1.47038,26.69785,28.74023,comp
6.45766,-2.52361,9.37677,-4.14862,-65.50494,27.77267,238.79375,35.11117,-1.27572,23.91269,28.72461,comp
6.46547,1.13850,12.27325,-1.40643,-32.25494,39.92110,232.54375,37.33383,-4.43783,24.34751,28.74414,comp
6.48114,1.94643,11.78129,3.37472,13.45069,-0.12894,233.61612,35.53216,-8.25605,24.03531,28.75391,full
6.50497,0.96889,7.89457,0.55246,-24.48681,-38.62894,213.17862,34.80560,-9.65254,24.46842,28.71094,comp
6.52087,-4.78111,2.83207,-6.99051,-102.04931,-6.89457,242.77237,33.38470,-13.45722,22.93033,28.79297,comp
6.54513,1.09389,2.91996,-5.10379,-139.86181,105.98043,161.52237,32.32122,-15.51191,20.96061,28.76172,comp
6.56109,6.21499,4.82621,-0.19754,-136.50634,141.23043,134.06924,32.01312,-17.89277,16.95670,28.72070,comp
6.58526,1.51967,6.67094,-0.09116,-153.10009,149.95700,165.80362,31.67645,-19.61152,15.37760,28.73828,comp
6.60123,-1.17564,5.90189,0.13467,-196.72509,179.42575,142.55362,31.36248,-21.64863,11.78385,28.74414,comp
6.62528,1.61538,6.84574,-0.57822,-234.13134,245.61325,133.88956,31.06463,-23.66230,6.57682,28.73438,comp
6.64528,4.99819,5.02152,6.46475,-166.00634,264.09762,104.10831,29.32147,-26.34004,-0.21615,28.72461,comp
6.66506,6.91616,5.34647,9.59951,-156.79540,229.81637,74.45206,27.89764,-27.32246,-3.81967,28.72656,comp
6.68910,5.65444,5.34373,9.86636,-181.32665,202.91012,115.07706,26.46600,-27.25776,-7.43686,28.70898,comp
6.70499,0.18960,4.92991,6.03237,-233.20165,211.51168,176.23331,23.21795,-27.86030,-12.23764,28.74023,comp
6.72124,-2.49400,3.25511,6.22183,-215.15478,242.63668,157.45206,23.58538,-27.50752,-12.64779,28.73438,comp
6.74855,-1.36704,0.79026,9.41714,-161.84228,298.26168,106.07706,21.79730,-26.71894,-17.88607,28.71680,comp
6.76105,2.58608,2.78147,11.80581,-143.70165,304.99606,64.95206,20.34808,-25.97480,-20.30404,28.75000,comp
6.78508,1.18081,2.87608,10.69937,-134.36572,294.68356,91.23331,18.88421,-23.84004,-22.34115,28.73438,comp
6.80928,-3.55357,-0.82119,8.72378,-123.88134,307.79293,108.93643,13.79437,-20.19941,-30.01303,28.74609,comp
6.82495,-5.90513,-0.51357,7.70132,-94.22509,329.33981,67.87393,12.33929,-18.75703,-32.44467,28.70703,comp
6.85123,-3.90806,1.61533,11.42984,-38.88134,358.55856,42.85831,10.50433,-14.15547,-36.11654,28.72461,comp
6.86504,-3.83384,3.02256,12.69644,-28.99072,334.35543,44.92862,9.39788,-9.91718,-39.00912,28.73047,comp
6.88906,-5.37095,2.99796,11.92153,4.13428,308.12106,11.64737,9.02948,-5.67890,-42.30014,28.71680,comp
6.90493,-3.66587,3.15604,10.84829,62.04053,309.75973,-49.00888,8.97967,-0.45625,-41.57162,28.74805,comp
6.92902,-2.76499,3.36869,13.54751,94.88428,269.35348,-55.06747,8.61810,-0.09272,-42.38070,28.68359,comp
6.94574,-3.11778,3.74906,12.10903,53.88428,221.38473,-28.00497,11.47552,6.12603,-39.69320,28.74219,comp
6.96906,-4.88145,4.78031,8.49185,64.96241,188.13473,-7.41122,11.82098,10.32525,-40.96078,28.74219,comp
6.98491,-6.46739,6.65922,8.15127,87.22803,176.65035,24.07315,13.25555,12.38189,-39.38656,28.66797,comp
7.00930,-7.98985,5.30668,6.38272,117.29053,188.54098,65.79190,14.32977,14.10064,-38.21957,28.73242,comp
7.02500,-8.79307,5.38761,5.65420,167.75928,195.87692,70.53409,16.50164,16.15923,-37.06137,28.65625,comp
7.05577,-9.56407,4.87980,6.08609,194.96241,199.33785,76.57315,17.95282,17.18267,-36.28256,28.68164,comp
7.06501,-9.52332,4.11906,5.80313,187.79444,187.51754,71.83096,21.57000,19.19634,-32.72982,28.67188,comp
7.08902,-6.90384,4.24381,5.81200,165.29846,174.66393,73.22765,24.11310,20.21106,-31.17453,28.71875,full
7.10526,-5.27591,4.12278,5.68114,123.48596,167.21861,113.04015,25.19806,20.17978,-29.57492,28.69141,comp
7.12908,-9.76029,3.48020,1.07957,83.36096,156.56236,130.47765,26.28889,19.80331,-28.36496,28.68359,comp
7.14521,-6.16849,4.75852,0.47069,108.57971,144.02330,119.53234,29.54670,20.41903,-24.38253,28.70312,comp
7.16951,-6.23307,6.75754,-1.48927,210.89221,87.83580,148.12609,32.08381,19.64804,-20.76339,28.72852,comp
7.18504,-7.10123,7.31809,2.47362,265.95471,65.14830,134.65734,33.53303,18.90341,-18.34542,28.70117,comp
7.20951,-6.48160,6.97410,1.22948,284.89221,55.93736,101.03234,36.43342,19.53720,-15.56027,28.68555,comp
7.22507,-5.67105,5.77000,-0.51466,327.67346,45.38268,81.01672,37.49689,16.64853,-9.47433,28.68164,comp
7.24926,-7.87613,5.37815,0.45116,372.51721,15.42955,51.96984,40.39338,16.21762,-5.46261,28.72266,comp
7.26530,-6.81265,4.39231,-0.90041,369.34534,-23.50795,22.79797,41.42853,15.76059,1.39286,28.74023,comp
7.28893,-5.96060,4.07493,-3.56838,330.59534,-19.23842,10.35265,41.38389,14.63656,6.65067,28.74609,comp
7.30513,-5.17984,5.88743,-5.95900,284.84534,1.99596,17.67297,38.79209,13.91635,9.51004,28.74023,comp
7.32911,-5.74478,6.22678,-6.39064,291.55627,4.13072,36.15734,38.75120,13.50302,13.95536,28.72852,comp
7.34495,-6.24015,5.38743,-5.57863,321.08752,-50.58803,45.43078,36.87327,12.74667,18.81473,28.72656,comp
7.36906,-8.71671,3.91086,-5.27174,390.65002,-101.36928,60.68859,35.00315,12.70801,22.46708,28.75000,comp
7.38502,-10.85929,3.43577,-6.16432,282.08752,-49.27553,63.92297,31.29026,12.31714,27.35770,28.74023,comp
7.40911,-7.60929,3.12351,-6.54030,292.27502,-51.16713,73.99328,29.44065,11.24975,29.82450,28.74414,comp
7.42527,-6.18546,1.47019,-4.53053,335.27502,-65.14369,61.11828,25.73948,11.23045,33.09012,28.69336,comp
7.46538,-8.88468,-0.82668,-2.80592,322.09534,-97.83119,57.45617,22.04026,11.92088,35.53739,28.76172,comp
7.47338,-8.07364,-2.40188,-5.96217,260.34534,-140.54994,16.51867,19.05588,12.93065,39.58036,28.73828,comp
7.48922,-4.89200,-1.72170,-5.06520,220.81409,-156.53432,42.50304,15.37034,15.05174,39.57841,28.70898,comp
7.50509,-5.46573,0.21482,-3.71755,196.72034,-182.83119,76.59679,12.80198,16.12987,38.78105,28.71680,comp
7.52917,-7.84073,0.55002,-2.32985,167.00159,-200.64369,141.22179,10.95041,18.23729,38.77913,28.69531,comp
7.54499,-10.53995,2.36057,-3.79958,115.12659,-206.37807,186.06554,10.95386,20.36033,36.72248,28.69141,comp
7.56912,-11.25675,2.62839,-2.33180,105.79065,-172.40932,176.05773,10.20093,21.74901,37.50862,28.71094,comp
7.58518,-11.10257,1.47898,-2.34089,74.49377,-152.33119,147.44836,10.20839,23.87791,35.04963,28.77930,comp
7.60909,-10.05374,3.25339,-5.21980,45.07190,-153.06068,142.80383,9.48133,24.59862,33.83088,28.74023,comp
7.62519,-10.13358,4.28562,-6.07331,108.25940,-148.00209,174.46008,11.32313,25.65526,32.18733,28.77930,comp
7.64905,-11.32987,4.35300,-4.93952,86.21252,-104.50209,204.99133,11.31695,27.41307,31.36360,28.74805,comp
7.66492,-8.45877,5.60886,-3.79401,103.40002,-52.28334,218.34289,12.77886,27.04124,32.16096,28.71680,comp
7.68902,-6.90968,5.33010,-1.01289,71.71354,-55.35218,283.72787,13.88733,25.63402,32.59637,28.74414,full
7.70496,-8.13624,7.67971,-1.73457,43.55729,-71.64906,369.66537,16.44397,25.95287,33.38251,28.72656,comp
7.72908,-12.29640,7.58242,-1.26289,24.41666,-75.49086,439.22787,19.02990,24.19408,32.97479,28.72070,comp
7.74505,-14.36085,6.76358,-3.12812,2.88541,-54.45961,421.11850,24.22522,20.00267,30.55682,28.76562,comp
7.77246,-12.05616,7.19522,-3.22114,-9.13802,-19.49086,372.21225,25.35998,16.16088,30.20306,28.74805,comp
7.78490,-7.09522,7.90371,-3.07161,-24.88021,13.25914,354.35287,27.94787,13.69798,30.21038,28.74414,comp
7.80969,-2.85304,8.26919,-2.79402,-54.41146,18.03258,385.69662,30.20178,9.17064,28.64593,28.70508,comp
7.82502,-3.44972,6.73110,-3.19123,-62.97396,18.28820,381.55991,29.84484,7.42259,29.08075,28.73438,comp
7.84909,-2.74806,10.01821,-0.02131,-105.72396,33.10070,359.79428,31.00305,2.20384,27.53387,28.77539,comp
7.87298,-2.88624,10.81411,-2.98811,-115.21615,17.11632,300.98178,32.49817,-1.29616,27.57415,28.72070,comp
7.88900,-0.14405,7.92739,-5.35920,-100.32552,58.14757,256.32553,33.65832,-5.10084,24.80853,28.70312,comp
7.91291,1.30224,6.94692,-3.56428,-128.16927,107.96007,289.82553,33.33117,-9.62819,24.47210,28.71484,comp
7.92951,0.11669,7.42788,0.86541,-167.63802,150.80382,300.79428,32.32043,-16.19459,20.96624,28.75000,comp
7.95295,2.81005,8.69448,2.37810,-170.89779,142.98742,247.54428,31.61340,-16.50245,18.55804,28.74414,comp
7.96921,3.44823,9.89468,2.55645,-172.12435,119.70617,257.13803,30.96936,-21.65870,13.80023,28.74219,comp
7.99292,2.80370,7.77358,0.63848,-185.63216,134.65148,285.57553,29.52111,-23.03175,13.03363,28.76172,comp
8.00919,1.48144,4.62515,-1.30976,-190.39779,172.52648,297.12241,26.27502,-26.81105,10.71331,28.73047,comp
8.03313,0.50048,2.19351,0.76055,-182.01498,241.02648,268.93491,24.87268,-29.88136,6.74652,28.72461,comp
8.04902,2.27099,-0.36899,4.64141,-176.06966,282.21398,226.40366,21.62658,-31.88917,2.77386,28.67383,comp
8.07961,4.64989,-0.63657,10.74297,-189.71029,282.18917,184.90366,19.49182,-33.54152,-2.42145,28.73438,comp
8.08898,6.26806,3.77749,10.97112,-206.25716,252.23604,156.52866,14.06604,-33.38661,-10.03473,28.77539,comp
8.11311,6.42882,4.15664,9.34905,-164.88216,234.34542,101.87241,12.98596,-33.34904,-12.04059,28.73828,comp
8.12905,5.35754,0.09805,7.99749,-117.47591,216.92354,48.30991,9.37658,-33.23350,-18.06012,28.73828,comp
8.15307,4.69347,-1.12656,9.19964,-119.33822,210.56807,30.76303,7.94006,-32.47032,-21.68317,28.75977,comp
8.16928,2.83117,-1.19138,8.46135,-143.51009,219.63057,58.37241,6.49084,-30.66661,-24.92145,28.75195,comp
8.19315,-0.76453,0.02737,6.29534,-139.36166,234.94307,73.07553,3.94983,-29.54747,-28.54840,28.71289,comp
8.20895,1.74328,3.49807,12.06487,-70.79916,253.61495,83.74741,2.13440,-27.38731,-32.19098,28.73047,comp
8.23300,0.88390,2.24221,12.22222,-60.47884,253.37093,101.55991,1.02893,-24.20958,-34.24958,28.72266,comp
8.24899,-1.14539,-0.14841,11.56206,-36.55697,244.64437,64.21616,-0.42615,-21.70958,-37.49762,28.73633,comp
8.27322,-0.09559,0.63040,12.24370,7.50553,242.57015,2.09116,-1.53553,-18.53770,-39.14997,28.78125,comp
8.28900,0.04004,-0.15895,12.07168,13.14567,238.76280,-1.61365,-1.17849,-15.73556,-41.23828,28.75781,full
8.31320,-1.34766,0.14403,11.50137,-6.68246,222.48155,34.32385,-1.56277,-11.52072,-42.91504,28.73047,comp
8.32894,-3.72852,1.73094,9.98867,4.66911,192.70030,57.02697,-1.55928,-8.33908,-45.78027,28.72852,comp
8.35326,-5.24805,3.75633,8.97207,41.70036,189.95421,59.40588,-1.59493,-4.86251,-45.02392,28.76562,comp
8.36891,-6.37403,5.16551,8.52529,105.82536,207.82921,61.41955,-1.60549,-2.05392,-46.28369,28.74414,comp
8.39319,-6.06763,4.72752,10.28408,191.76286,224.06358,66.78674,2.02928,1.04764,-45.56933,28.73438,comp
8.40898,-4.46118,4.74232,11.36611,226.98161,213.63390,73.56018,4.22654,2.43827,-46.41601,28.72070,comp
8.43295,-3.31177,5.46790,11.89150,251.87223,173.32140,102.10705,8.19725,6.90311,-43.71093,28.72266,comp
8.46523,-5.30396,3.71986,13.02627,247.05973,125.66515,116.63830,12.22459,7.21634,-43.36377,28.68359,comp
8.47360,-4.96070,4.25794,11.57705,213.74723,64.41515,108.40393,15.50194,7.85843,-41.38134,28.74219,comp
8.48940,-5.79370,5.47865,4.54189,202.13786,5.60265,105.84143,17.34764,6.44925,-41.38248,28.68555,comp
8.51315,-6.42701,5.34486,-0.35264,291.70036,-7.84267,91.31799,18.79393,7.11234,-39.79459,28.71680,comp
8.52898,-4.75220,5.68421,2.41103,385.57536,-14.73720,69.47424,25.00096,3.84086,-34.15396,28.73633,comp
8.55299,-2.75220,6.44788,6.35830,417.26286,-9.18642,72.87658,28.99705,3.39701,-29.75943,28.67773,comp
8.56920,-2.38990,6.19923,6.88613,375.16911,-20.57704,109.53283,33.73143,1.18998,-24.52896,28.74805,comp
8.59312,-4.21607,7.73243,4.33144,330.51286,-51.37392,112.23400,35.50975,0.03470,-18.07193,28.70117,comp
8.60917,-5.79322,9.07227,3.32070,309.59098,-90.81142,80.31213,36.59861,-2.46334,-14.81803,28.77344,comp
8.63312,-5.01099,10.49903,-0.49375,318.97379,-118.78017,28.74963,37.68065,-3.90963,-11.98014,28.70117,comp
8.64910,-4.75977,10.90137,-1.25401,404.03629,-122.48524,1.48400,39.09373,-3.64840,-6.75748,28.76367,comp
8.67322,-3.01660,10.42310,1.79678,409.03239,-124.66493,-1.30896,40.14061,-4.08834,-1.11686,28.70117,comp
8.69700,-3.30957,8.33326,0.57510,386.86051,-140.77431,17.25354,38.61717,-5.21823,5.36752,28.71094,comp
8.71308,-3.02759,7.55396,0.86953,386.08805,-175.61806,16.71740,36.68065,-4.64791,15.05502,28.73438,comp
8.73700,-1.82740,8.40015,0.48501,397.35368,-244.36806,35.82678,34.39744,-3.34127,22.32064,28.74023,comp
8.75325,-6.43286,6.54078,-1.10191,388.36930,-263.18056,86.85803,30.66697,-2.69821,27.99643,28.69922,comp
8.77711,-10.42310,3.98804,-0.67954,340.02555,-217.02431,54.32678,28.80174,-1.31832,30.01010,28.71680,comp
8.79688,-6.18872,4.56617,-1.39829,275.71305,-186.72743,-20.67322,24.37596,-1.32024,32.47494,28.73047,comp
8.81701,-5.39868,2.88355,-2.79966,266.28336,-191.56728,-48.11072,21.00682,2.49031,36.07846,28.74023,comp
8.83293,-7.42017,-0.43676,-2.88053,253.04118,-208.72353,-18.26697,17.65330,5.96882,38.47689,28.70508,comp
8.85710,-8.62720,-0.34454,-4.21647,184.97868,-195.64540,-5.86853,12.48924,8.79304,38.88241,28.69531,comp
8.87311,-8.88941,1.75507,-5.46940,128.25993,-165.52040,1.70178,10.99217,11.93953,39.25741,28.74023,comp
8.89974,-9.62188,4.17605,-5.35733,103.73610,-138.13667,21.87438,8.41346,13.71278,39.28633,28.72461,full
8.91311,-8.30841,2.50515,-4.90957,76.29860,-113.48042,50.15563,8.75550,15.79286,40.06269,28.73438,comp
8.93701,-6.98126,7.07546,-2.82754,26.07985,-107.32808,107.84313,8.02503,16.86317,38.84980,28.73047,comp
8.95317,-9.66681,8.13113,-4.69180,-0.10765,-114.82808,165.74938,9.86585,17.56434,37.60371,28.71289,comp
8.97711,-11.05352,5.10769,-5.41885,-1.95628,-112.81050,181.28844,9.85516,18.95887,37.56337,28.71875,comp
8.99327,-8.49298,5.61404,-1.49697,-50.39378,-111.07808,171.76500,12.42743,20.36024,35.91981,28.68750,comp
9.01698,-7.82501,7.21755,-5.43643,-88.70628,-114.43550,186.13219,14.99383,19.98646,36.30848,28.72266,comp
9.03308,-8.11480,8.07302,-5.52688,-78.09691,-103.96675,203.06969,17.59344,20.01414,33.05458,28.71094,comp
9.05761,-8.22400,8.88991,-6.80813,-64.73753,-72.90425,232.30407,20.16766,19.29685,33.03933,28.73633,comp
9.07301,-8.91150,10.09206,-4.46633,-30.64378,-45.26363,273.74157,23.11298,17.87889,33.03138,28.70898,comp
9.10364,-11.67712,10.19942,-4.15506,-14.40941,-33.36519,273.80266,24.24481,16.50389,31.01966,28.71094,comp
9.11332,-10.38806,10.38985,-4.20144,-34.30003,-9.69331,274.22966,26.12079,12.31639,30.26039,28.68359,comp
9.13699,-7.13220,10.88985,-5.73269,-50.95628,29.83794,280.81951,28.34149,10.21092,29.85243,28.75391,comp
9.15314,-4.04626,10.88392,-4.18875,-6.42503,31.42485,287.34685,28.34779,8.45506,30.69715,28.76562,comp
9.17699,-3.98391,7.22767,-2.01882,18.59059,27.03032,277.40154,29.11927,3.20896,31.17591,28.69336,comp
9.19328,-2.92727,7.80873,-3.98464,-24.47191,47.04594,239.33904,30.96791,1.45017,31.18478,28.74609,comp
9.21746,-2.13479,8.62611,-3.69656,-45.94066,74.87407,211.63591,29.16615,-1.66506,30.44650,28.72266,comp
9.23296,-3.56546,9.06068,-6.42898,-97.00316,120.49907,209.86541,32.12904,-4.11819,29.64816,28.70312,comp
9.25731,-3.30154,8.29994,-6.51022,-73.20628,173.40532,190.64666,31.07826,-8.27444,28.11203,28.76953,comp
9.27307,-1.75857,9.94056,1.43509,-68.74925,182.06938,161.59978,31.84144,-11.41506,27.75558,28.74609,comp
9.29724,1.27463,7.85463,1.52219,-107.24925,153.56938,156.47478,32.22718,-12.80178,26.96261,28.72852,comp
9.31335,1.54807,6.15248,-0.23464,-141.84300,145.38969,140.00603,31.56849,-16.56936,22.59542,28.69336,comp
9.33711,3.67111,6.33204,-0.37332,-199.06175,166.24907,165.63103,32.37416,-19.99904,18.20480,28.73828,comp
9.35303,4.19748,6.84816,1.07981,-222.79613,161.46391,179.34978,29.86830,-22.71194,14.24386,28.71875,comp
9.37736,2.24240,5.80812,2.51047,-192.93675,140.02641,158.02166,29.55116,-24.40041,10.64230,28.72070,comp
9.39301,1.15842,5.57167,1.15012,-199.44066,131.96391,126.17791,28.86903,-25.73147,6.64230,28.75391,comp
9.41704,4.51389,4.16151,3.46067,-215.56566,153.76079,105.74041,27.78993,-26.39748,5.05246,28.74805,comp
9.43299,8.70139,1.29042,5.97825,-265.37816,167.35454,133.77166,26.75379,-28.41115,0.25558,28.73438,comp
9.46531,5.94162,4.18690,7.02317,-291.12816,119.35454,146.05291,24.96669,-29.74026,-3.33231,28.70898,comp
9.47373,6.67209,7.51307,6.17112,-262.31566,108.48735,138.76384,22.80653,-29.66427,-7.34403,28.73047,comp
9.49703,4.36192,5.83234,8.59580,-236.43098,88.71542,145.03894,18.82952,-30.27592,-12.15755,28.70312,full
9.51356,3.84044,3.35188,7.34385,-249.91536,84.17636,124.02332,16.30218,-31.25638,-15.34310,28.72070,comp
9.53700,8.21935,-0.74969,9.98643,-254.07552,88.33261,96.36707,13.76311,-31.89896,-17.72591,28.68359,comp
9.55298,6.31505,0.63801,9.02793,-283.80989,65.22324,99.33777,10.47601,-30.08744,-20.54232,28.70508,comp
9.57715,4.32482,2.07746,7.97813,-272.95052,49.37949,119.88464,8.29046,-30.04734,-22.13509,28.76172,comp
9.59302,2.45860,0.21613,9.80820,-262.88802,60.40292,128.01746,3.54827,-31.73777,-23.26693,28.71875,comp
9.61710,3.20665,1.02717,9.15244,-263.12849,78.30917,124.13660,0.62640,-30.28464,-25.68099,28.71875,comp
9.63297,3.56432,2.99494,8.06260,-246.56599,100.66855,175.13660,-3.78767,-29.56492,-24.84017,28.67773,comp
9.65711,2.09850,1.65314,6.49131,-223.94099,119.38730,244.57410,-8.17829,-28.45554,-26.82650,28.71875,comp
9.67307,1.54820,-3.42498,8.36533,-190.15974,130.82480,267.55847,-12.58454,-26.66550,-27.61019,28.74805,comp
9.69708,2.60094,-5.18182,9.10410,-160.12849,123.79355,212.83972,-17.38142,-23.14011,-27.62485,28.73828,comp
9.71296,2.42796,-5.76727,9.70274,-130.47224,102.74667,145.46472,-19.60603,-20.68699,-27.23496,28.68359,comp
9.73711,2.71117,-6.96746,11.06992,-142.56599,81.34042,120.15222,-21.82478,-18.57761,-27.24828,28.74414,comp
9.75346,3.13573,-4.10613,8.21641,-221.44099,58.02792,158.83972,-25.51228,-17.16550,-26.42601,28.73242,comp
9.77711,0.11424,-2.72625,6.73887,-276.00349,19.21542,256.40222,-28.85603,-15.79148,-23.18383,28.76172,comp
9.79300,-4.25685,-2.16521,4.21348,-294.48787,20.43515,285.19910,-32.20564,-11.95164,-21.59887,28.72266,comp
9.81716,-3.17189,-2.88934,4.76377,-255.61287,24.58359,267.87097,-37.40485,-7.77195,-18.38402,28.67969,comp
9.83311,-9.51564,-4.43914,3.50498,-254.02596,44.77109,270.00574,-39.28474,-5.35789,-15.57738,28.71875,comp
9.85705,-11.31251,-4.79436,-0.02236,-215.52596,81.98984,204.69324,-41.16169,-2.58249,-13.58617,28.70312,comp
9.87327,-7.43947,-6.29827,-0.37783,-119.08846,110.84921,160.81824,-41.94001,-0.52585,-10.78930,28.75000,comp
9.89711,-10.58205,-8.28362,2.71201,-3.33846,136.84921,148.43542,-42.71296,2.24758,-9.21312,28.73828,comp
9.91297,-6.74611,-5.92815,6.52256,104.09904,144.23203,72.87292,-42.35432,3.64700,-9.64257,28.75000,comp
9.93711,-5.98488,-5.12298,5.28037,148.34904,135.26328,79.76355,-41.96662,4.73196,-12.48632,28.73047,comp
9.95321,-6.30543,-6.57806,3.73350,196.59904,134.28622,98.79480,-41.96855,6.49465,-13.72362,28.72461,comp
9.97709,-7.43141,-10.03509,6.29795,235.16154,129.59091,82.20105,-40.86699,9.31301,-16.20018,28.74219,comp
9.99373,-5.89235,-9.49505,7.53037,192.94279,123.67294,64.26355,-40.46318,10.77688,-21.06737,28.73828,comp
10.02526,-7.07204,-9.49905,5.20420,154.56779,122.26865,58.04089,-40.10649,12.16946,-21.09143,28.72070,comp
10.03303,-5.89528,-7.64846,5.82871,142.05998,120.62314,50.16589,-38.64653,14.61868,-22.35511,28.70508,comp
10.05703,-6.25954,-7.25540,7.14414,118.65373,108.17783,43.71277,-38.27251,14.62826,-23.16761,28.77734,comp
10.07345,-5.98878,-4.65188,7.21348,59.62248,116.21689,28.15027,-36.45512,16.70834,-23.21958,28.74023,comp
10.09718,-6.71462,-3.58688,1.10206,115.65818,108.71150,23.30014,-36.11362,17.43288,-24.05016,28.74805,full
10.11294,-7.62331,-5.51266,4.72706,151.47068,104.09822,13.41732,-33.17222,19.88796,-26.53454,28.74805,comp
10.13709,-7.96047,-6.56833,3.07569,136.00193,119.30135,3.64389,-33.53867,21.66042,-28.17711,28.68750,comp
10.15318,-9.16262,-6.89108,2.86670,99.97068,114.84041,-6.18424,-32.81016,21.99636,-27.78136,28.74805,comp
10.17718,-7.31399,-6.04977,2.41504,87.83006,121.44978,-37.59049,-33.18198,23.40846,-28.61193,28.74609,comp
10.20106,-7.77639,-5.07516,3.94239,59.93943,107.87166,-46.12174,-32.05698,23.43550,-31.04357,28.77148,comp
10.21740,-8.27639,-3.20016,0.57520,65.49412,105.26424,-24.84049,-31.71812,24.09371,-28.63146,28.75195,comp
10.24158,-11.94826,-5.64352,2.00782,70.58006,127.24861,-55.73111,-29.89487,23.71529,-27.44298,28.72461,comp
10.25705,-7.17873,-6.41598,3.04395,20.08006,156.96736,-93.79361,-29.55650,25.43209,-25.85509,28.71680,comp
10.28104,-7.10457,-7.15524,3.44507,-22.79494,118.93611,-82.38736,-31.04575,25.76192,-23.82580,28.74219,comp
10.29715,-8.14754,-5.97458,3.85254,-79.13869,100.85799,-69.03580,-31.80503,26.43575,-21.81212,28.70508,comp
10.32122,-9.05916,-5.79806,-1.81543,-50.54494,72.96736,-67.44010,-32.92027,26.41974,-20.18517,28.73242,comp
10.33712,-8.09676,-7.01681,1.10450,-16.54494,65.58846,-85.48697,-33.64585,26.43712,-20.98449,28.74805,comp
10.36120,-7.77596,-6.69479,0.95667,-22.26369,39.18221,-97.52604,-35.11753,26.44238,-20.56603,28.70312,comp
10.37716,-13.81893,-5.50632,0.18470,-44.71682,19.82283,-100.86979,-36.18784,24.02832,-21.73009,28.72852,comp
10.40114,-10.23299,-5.69723,3.74134,-61.32619,3.43221,-171.11979,-38.03745,24.01793,-20.09630,28.73828,comp
10.41719,-5.93221,-6.97848,3.96998,-160.07619,-26.05217,-146.24479,-39.52378,22.94078,-17.23888,28.76758,comp
10.44156,-8.69979,-4.63473,1.36646,-159.13186,-52.27092,-134.26041,-41.34898,19.08727,-15.14318,28.70703,comp
10.45701,-10.89119,-2.99020,5.02271,-153.70217,-60.07561,-112.93229,-41.35786,17.66246,-13.10412,28.74414,comp
10.48132,-9.37362,-6.48434,-2.07885,-170.90530,-29.99748,-95.18229,-44.28168,14.87535,-11.81896,28.78320,comp
10.49731,-4.86580,-11.60934,-1.57592,-122.28030,-20.90373,-111.83854,-44.65498,14.16246,-10.59435,28.77734,comp
10.51299,-2.60018,-12.93454,-0.77514,-93.78030,-40.12248,-174.86979,-45.01704,12.05504,-9.34728,28.75781,comp
10.53766,-4.86971,-8.98337,0.57740,-108.42092,-87.96623,-201.90104,-45.01597,8.87926,-6.87853,28.77930,comp
10.56126,-5.85555,-8.01559,-3.27807,-101.89358,-93.33733,-197.75260,-46.45738,6.46129,-7.63146,28.74805,comp
10.57717,-4.10067,-9.37302,-0.92260,-86.08889,-91.93401,-194.51822,-45.72252,2.92418,-4.76037,28.76953,comp
10.60121,-3.60189,-9.01266,-1.32299,-101.09670,-99.80510,-209.52604,-46.81529,0.11754,-3.09240,28.74219,comp
10.61693,-2.39290,-8.42917,-0.72973,-109.21389,-120.36760,-220.14322,-45.69810,-3.39223,-2.23986,28.76172,comp
10.64108,-1.98202,-4.99362,-0.87731,-123.30764,-145.08635,-192.92447,-44.23130,-5.52699,-0.20666,28.71289,comp
10.65701,-1.52840,-4.14304,-1.96130,-106.71389,-160.64885,-138.92447,-43.87950,-8.72816,3.87147,28.79102,comp
10.68146,-1.02157,-6.35788,-1.64856,-78.52639,-160.52684,-109.14322,-43.89904,-9.46107,6.30506,28.73242,comp
10.69707,-1.94721,-7.12623,-1.84131,-84.87691,-182.74554,-97.37759,-43.54665,-10.55289,8.34239,28.76367,full
10.72121,-1.02338,-8.51783,-2.21484,-109.28316,-212.15179,-101.22134,-41.70583,-12.32340,9.15782,28.75000,comp
10.74235,-1.36957,-8.38270,-0.65527,-115.68941,-236.62054,-100.24575,-41.37624,-12.73405,13.19297,28.77148,comp
10.76141,-4.18207,-7.91078,-3.89160,-139.73628,-240.58734,-92.73794,-39.58327,-12.09733,16.40196,28.74805,comp
10.77703,-4.12366,-8.90003,-6.58105,-127.22847,-216.91547,-80.47231,-38.13405,-12.49284,18.80235,28.76758,comp
10.80107,-4.36011,-8.41566,-4.07519,-105.13472,-185.55609,-74.67544,-36.32741,-12.19328,21.20274,28.77344,comp
10.81700,-1.89526,-7.35707,-4.13592,-101.65816,-174.08734,-63.69106,-35.98757,-12.23737,24.01915,28.78320,comp
10.84479,-1.32495,-8.49671,-0.15936,-39.72066,-182.25922,-90.53481,-36.36403,-11.54255,24.41514,28.74609,comp
10.85697,1.04419,-8.61360,-0.42108,-20.43941,-204.71234,-127.87856,-34.54860,-11.93488,26.42686,28.74219,comp
10.88120,-0.15210,-10.07063,-1.90838,-6.28316,-242.39984,-106.92544,-32.72536,-10.90852,26.79039,28.75977,comp
10.89701,-7.17944,-7.94367,-6.25604,-54.28316,-259.77484,-36.36294,-31.67067,-10.27814,30.80210,28.77344,comp
10.92104,-6.94031,-8.25593,-7.63788,-53.40083,-224.24359,-36.07046,-30.59255,-7.85041,31.15049,28.80469,comp
10.93716,-2.62781,-8.49421,-4.51873,6.34917,-176.52484,-105.32046,-31.35280,-7.17658,33.16807,28.77148,comp
10.96103,0.74719,-8.70185,-2.29217,60.59917,-183.41156,-138.91421,-29.87917,-6.47199,31.93174,28.80078,comp
10.97712,-1.01941,-8.88362,-1.24530,70.46635,-202.02094,-103.25796,-29.89521,-6.49560,33.54600,28.76562,comp
11.00098,-3.69519,-9.58772,-4.12811,75.63042,-207.94672,-92.08608,-29.53632,-5.09618,33.12193,28.77539,comp
11.01716,-4.35339,-8.60285,-1.37616,90.32573,-207.24066,-95.53530,-31.00312,-4.02685,32.30796,28.76172,comp
11.04126,-4.14246,-9.59016,-2.55194,68.43510,-211.57269,-102.88296,-31.39643,-1.23779,32.67100,28.75391,comp
11.05706,-2.49011,-10.64778,-1.35174,90.70073,-204.90082,-114.88296,-31.75092,-0.86230,31.06065,28.74805,comp
11.08126,-1.96521,-12.33430,0.93927,83.06401,-217.93988,-122.06264,-33.23041,1.24708,30.63389,28.74219,comp
11.09701,-3.23181,-9.99055,-1.48260,47.62651,-215.19183,-116.39077,-33.22112,0.20020,30.64543,28.76172,comp
11.12100,-3.44153,-9.49494,-4.75604,50.65776,-170.53558,-113.58999,-32.86174,2.65723,29.39250,28.77930,comp
11.13788,-1.64270,-10.16584,-2.95428,105.72026,-120.06683,-134.58999,-33.97795,2.64201,31.01750,28.75586,comp
11.16136,0.23523,-9.46809,-0.28436,114.51714,-103.00433,-145.95718,-34.69329,2.67762,29.01750,28.79492,comp
11.17699,-1.01672,-9.74568,-0.04632,120.17339,-95.39496,-154.86343,-36.13567,1.31043,27.83488,28.81445,comp
11.20135,0.94128,-9.42097,-0.69427,122.32573,-86.27777,-154.34927,-36.85100,0.63563,26.63859,28.80469,comp
11.21751,1.17810,-10.42585,0.27887,125.45854,-88.83246,-145.70083,-37.55950,-0.73058,25.06340,28.79102,comp
11.24122,-0.53870,-9.50740,-2.29535,106.70854,-44.51996,-166.93520,-38.26067,-1.73644,22.66691,28.78125,comp
11.25709,1.30115,-9.38600,-2.35357,143.33354,31.29254,-220.21645,-39.69133,-3.78918,20.69816,28.78320,comp
11.28109,4.90076,-10.35914,-0.07232,187.89604,65.13629,-257.06020,-39.64299,-6.53918,17.92472,28.77930,comp
11.30513,6.85685,-10.61536,1.77652,180.68707,66.70451,-264.12555,-38.49090,-10.35484,15.95926,28.77930,full
11.32166,7.46818,-7.97864,5.50308,126.90582,31.98576,-234.59430,-38.44976,-13.47203,14.39480,28.81250,comp
11.34558,7.36582,-7.52331,5.03555,69.49957,-29.95174,-166.09430,-37.67290,-16.59507,12.81766,28.78516,comp
11.36129,5.46934,-8.07898,3.21035,63.20270,-41.05331,-171.00446,-36.92486,-17.63609,12.02518,28.80078,comp
11.38546,3.88438,-8.44421,2.42764,67.44489,-27.76424,-197.34821,-36.15679,-20.41539,10.85135,28.81055,comp
11.40104,8.43125,-7.37292,4.13565,69.33649,-15.68612,-249.62946,-35.02105,-23.19664,9.67166,28.78125,comp
11.42527,8.60667,-3.91589,6.67862,45.46149,-59.74862,-214.31696,-33.17437,-25.30992,10.09183,28.76367,comp
11.44111,5.79612,-2.98816,4.51651,8.43024,-65.72909,-192.16071,-29.87164,-27.45250,11.70315,28.78711,comp
11.46517,7.00022,-2.82361,2.19033,17.94586,-50.47128,-199.54352,-28.02007,-29.55992,11.71506,28.78906,comp
11.48158,5.23557,-4.06872,2.54239,51.07086,-29.54940,-229.01227,-25.07671,-30.97886,11.71459,28.79492,comp
11.50517,6.34006,-3.39880,1.74112,40.57867,-4.28378,-270.63727,-21.76031,-31.68931,10.88011,28.79688,comp
11.52134,7.17893,-1.47497,2.25137,59.48492,21.27872,-317.07477,-18.06890,-34.50963,10.88916,28.82227,comp
11.54506,8.71702,-0.80212,3.00674,98.64117,16.82560,-339.10602,-13.26812,-37.67564,10.08741,28.77344,comp
11.56106,8.70692,-0.06824,4.65322,96.50836,-16.73690,-323.18414,-8.50249,-37.36339,10.03528,28.77344,comp
11.58511,7.49305,2.87317,2.08096,54.03961,-30.52596,-295.05914,-4.10015,-38.10557,10.80384,28.75195,comp
11.60097,9.14051,5.01770,1.33780,64.35211,-19.23690,-261.68414,1.77094,-37.79576,10.33679,28.75586,comp
11.62511,9.99989,5.88147,2.19473,83.32086,-20.69979,-203.34039,2.87446,-38.15318,10.33105,28.73828,comp
11.64115,5.00379,1.38147,2.86367,74.96930,-22.65389,-182.65289,5.78266,-37.86119,12.71191,28.73633,comp
11.66541,9.94520,6.53772,3.00369,65.08649,-31.91952,-195.29352,10.18501,-36.48131,11.43457,28.72852,comp
11.68105,7.54090,6.52534,3.72488,77.14117,-63.37264,-147.82477,10.90376,-36.15611,12.63476,28.75391,comp
11.70498,7.99329,5.64692,2.02176,80.58063,-61.65682,-172.76227,13.07172,-35.16148,15.01953,28.78125,comp
11.72156,6.70130,3.69672,0.16433,111.23688,-41.90682,-200.27789,15.98383,-33.80504,16.17480,28.78125,comp
11.74524,6.56434,3.24433,3.05301,100.36969,-20.04745,-259.74664,18.54438,-32.77769,16.12878,28.75586,comp
11.76633,3.41004,5.68183,-1.30637,69.11969,-19.63241,-276.96539,19.99946,-31.74839,16.50695,28.72266,comp
11.78507,4.02528,8.44941,-0.25754,130.24469,10.32072,-323.68414,22.91157,-30.39293,17.66516,28.75195,comp
11.80131,4.52113,8.28828,1.99441,140.01813,-1.35116,-322.20953,26.15961,-26.61363,19.98742,28.75195,comp
11.82514,2.53089,8.54170,0.09109,113.97125,-25.85116,-305.56891,29.41352,-22.12144,21.09582,28.74609,comp
11.84107,1.34437,8.71003,-0.18161,111.94391,-37.47616,-310.71735,30.49165,-19.33824,21.03265,28.72852,comp
11.86597,0.07679,7.90632,-2.90818,107.66266,-30.22616,-301.02985,31.93501,-15.85386,20.55511,28.71484,comp
11.88924,-1.45055,9.71980,-0.34372,127.78766,-31.62460,-293.83063,31.87495,-11.35386,22.90863,28.75000,comp
11.90501,-3.33304,10.04202,-4.12722,127.15752,-27.35262,-288.17395,34.39780,-7.59080,26.86552,28.69922,full
11.92921,-4.75003,9.87869,-4.91042,149.00127,-0.82137,-289.21008,32.54429,-5.13377,26.85484,28.71289,comp
11.94511,-3.22073,8.93923,-2.66237,147.60772,11.20206,-286.58899,32.13853,-2.36424,28.41930,28.71680,comp
11.97117,-3.91946,7.85037,-2.93410,134.19366,-1.47762,-280.06165,31.36411,-0.29978,30.81969,28.72070,comp
11.98511,-3.63260,7.59109,-3.36891,125.95147,-14.29794,-291.46790,29.47446,4.57522,32.37047,28.73242,comp
12.00912,-6.50955,7.43252,-4.72243,130.43194,-26.36825,-301.47571,25.40806,8.08889,32.76012,28.78125,comp
12.02510,-6.67434,7.70278,-4.42848,142.54131,-22.05966,-318.91321,23.17954,9.47854,34.38023,28.72461,comp
12.04900,-7.79934,6.81851,-4.72878,121.49444,-13.59872,-291.74133,21.31138,13.67776,34.32133,28.73633,comp
12.06538,-7.53128,6.50137,-3.76979,122.60186,-34.06747,-239.74133,19.10239,13.68315,35.15678,28.75195,comp
12.08926,-8.23733,5.33047,-3.57228,97.71124,-50.30184,-167.30383,16.11802,16.81011,37.55913,28.70117,comp
12.10511,-9.17630,3.31680,-5.13088,74.46124,-59.27059,-111.33508,14.28892,18.24272,35.93608,28.71875,comp
12.12907,-8.72586,3.55947,-1.51174,75.01495,-77.30184,-82.13196,12.43833,19.29058,36.73930,28.73438,comp
12.14511,-9.38016,3.58828,-2.30324,33.76495,-80.06942,-69.23352,11.69468,19.99028,37.16338,28.71680,comp
12.17075,-9.79617,4.24111,-3.36965,29.38995,-101.69442,-27.20227,10.92954,23.47856,37.50102,28.71680,comp
12.18513,-11.16433,5.53018,-4.15920,2.68682,-81.36630,25.51648,10.95251,23.15850,35.48344,28.69141,comp
12.20907,-8.65457,4.89981,-3.17678,10.21807,-67.94442,88.20398,12.05309,25.62334,33.42680,28.75195,comp
12.22530,-8.68277,4.35977,-2.16408,5.51885,-60.99520,136.11023,10.56579,24.54619,36.27641,28.76172,comp
12.24909,-8.35269,4.01187,-2.78566,0.99151,-62.05770,134.28406,13.49938,25.58330,35.42876,28.69141,comp
12.26537,-8.29162,7.17788,-1.03078,-24.39912,-71.09677,175.53406,14.59509,25.21221,36.21245,28.76953,comp
12.28914,-9.24865,10.85171,-1.93605,-44.53974,-85.59677,254.47156,16.45446,25.58916,33.37065,28.72266,comp
12.30504,-12.52600,10.81368,-1.06838,-61.32099,-85.72604,332.72156,19.05407,25.26274,30.53081,28.71875,comp
12.32916,-8.74865,10.28585,-1.56349,-109.32099,-80.87057,357.86218,25.31579,22.78032,30.11748,28.73633,comp
12.34504,-5.42834,9.94186,-2.28810,-79.64912,-115.05807,392.04968,27.18005,21.04497,28.51201,28.68164,comp
12.36935,-7.06018,7.43405,-5.29201,-54.77412,-128.39401,439.51843,31.24255,18.58208,27.69707,28.73047,comp
12.38506,-9.23205,7.39736,-3.38869,-27.13349,-107.31588,427.37000,33.86559,13.69927,26.11992,28.74609,comp
12.40922,-12.49182,3.62783,-4.40139,-70.97724,-47.12838,364.08875,34.99645,9.85161,26.16035,28.74805,comp
12.42514,-6.90588,5.92275,-3.23049,-88.46162,25.68412,261.08875,37.22887,5.99810,26.20778,28.75781,comp
12.44953,-1.61682,9.78604,2.73045,-42.52412,4.07474,152.08875,38.74352,3.23052,23.82106,28.73242,comp
12.47327,1.20545,13.14150,-4.41017,-72.58662,-10.56588,211.24500,39.11926,1.47661,24.23561,28.72070,comp
12.48960,-0.10901,11.12783,1.44139,-32.36787,-21.66744,262.52625,39.16155,-1.63862,22.68385,28.72656,comp
12.51314,0.50165,7.96772,2.56041,-34.33979,-39.43561,255.03947,39.56533,-4.40634,21.09612,28.72852,full
12.52899,1.30780,6.45209,-2.08803,-53.68354,-32.05280,232.16447,37.42470,-8.89072,18.77385,28.73633,comp
12.55308,0.66034,9.68647,0.13463,-48.07808,-21.89655,189.69572,37.07338,-10.27744,18.39983,28.74219,comp
12.56914,-0.15655,9.71579,-0.45619,-78.89058,8.04095,209.96135,35.95327,-11.35654,21.25529,28.72656,comp
12.59320,3.00360,9.24534,-1.42982,-130.76558,57.41595,251.58635,37.46694,-15.18271,19.68303,28.74805,comp
12.60910,4.85126,7.41819,4.09361,-53.89058,39.66595,196.96135,35.67983,-17.56943,16.91740,28.74805,comp
12.63307,4.69965,9.13401,1.70885,-63.59370,9.71283,186.71135,34.60268,-21.05576,17.38420,28.73047,comp
12.64906,5.04682,6.19260,-1.13685,-92.51558,49.99408,241.43010,32.80288,-22.75693,15.41643,28.72852,comp
12.67402,2.99018,4.37131,0.55358,-142.60933,105.96283,303.49260,30.65248,-25.48935,12.65862,28.70312,comp
12.68907,5.06830,8.31662,5.00670,-156.03120,142.55658,273.89885,26.29702,-28.91513,10.74455,28.71875,comp
12.71311,9.87690,5.24631,8.70397,-81.78120,107.11908,196.14885,24.14467,-31.29990,7.98283,28.71680,comp
12.72898,7.46088,4.40647,5.56920,-101.79683,59.40033,216.71135,20.52748,-32.60849,4.00627,28.74805,comp
12.75309,6.40229,3.40159,3.69420,-140.17183,84.60345,248.93010,16.89077,-34.64951,2.46037,28.70898,comp
12.76935,3.91010,0.85080,2.72301,-172.79683,118.41595,264.55510,12.90248,-35.60654,-1.51619,28.74609,comp
12.79304,4.88129,0.22776,4.14098,-181.82808,154.35345,235.02385,9.98842,-36.25888,-3.08846,28.74023,comp
12.80913,8.43012,1.55979,6.69567,-156.93745,158.44330,212.75822,6.73061,-37.58213,-6.26033,28.68555,comp
12.83313,8.26252,2.94846,9.07652,-117.78120,123.53705,226.91447,3.45327,-37.52161,-8.64705,28.72266,comp
12.84917,6.78693,0.39573,6.99254,-109.05464,96.56830,291.72697,-2.03892,-37.81604,-9.39119,28.70312,comp
12.87311,2.94904,-2.51443,6.80004,-114.54292,91.56439,343.66447,-4.97642,-36.38636,-10.19051,28.69922,comp
12.89230,1.14826,-6.17849,4.31761,-130.47261,116.26752,318.96135,-11.21470,-34.93128,-10.95515,28.71289,comp
12.91318,3.65021,-6.73318,5.88597,-105.70698,133.28314,288.02385,-14.50377,-34.53430,-12.54207,28.70508,comp
12.92906,5.32306,-7.52224,8.52464,-78.12886,140.66986,273.55510,-18.91392,-32.04602,-13.33992,28.70703,comp
12.95314,4.29474,-7.56524,8.83568,-92.69917,122.43549,300.82072,-25.15611,-28.47376,-15.75398,28.76367,comp
12.96918,2.98810,-10.66680,7.79369,-95.94722,104.98236,249.03947,-28.85337,-25.31165,-15.36165,28.67969,comp
12.99584,3.16266,-7.13555,8.78539,-80.08784,98.51752,184.03947,-32.90806,-22.48352,-15.76912,28.71680,comp
13.01722,2.69538,-7.55670,9.35570,-75.74800,95.46088,161.74260,-34.04087,-20.40540,-14.17635,28.74219,comp
13.03315,0.16217,-6.74273,7.13695,-121.68550,87.22650,190.96135,-35.89048,-17.58899,-15.00935,28.74805,comp
13.05714,1.10651,-7.81695,7.33019,-153.23237,70.75775,201.70354,-38.13267,-13.75110,-13.83650,28.72461,comp
13.07322,0.38092,-7.36480,6.45177,-192.20112,50.75775,215.06291,-38.87584,-14.11219,-12.61385,28.74414,comp
13.09752,-0.62396,-6.72222,6.00621,-200.45112,34.16400,197.98479,-40.75572,-10.28406,-11.04158,28.75195,comp
13.11305,-1.84977,-7.11741,3.58687,-190.78035,19.16406,172.77402,-43.79165,-7.54545,-6.22281,28.79883,full
13.13727,-2.67985,-6.18675,5.32808,-168.45222,11.29297,162.69589,-44.91860,-5.10599,-5.44400,28.70117,comp
13.15349,-3.89860,-7.46311,1.77534,-185.07722,4.07812,157.65292,-45.73110,-1.33256,-0.65884,28.74805,comp
13.17709,-2.82145,-7.48698,2.58491,-148.32722,3.72217,131.88730,-46.11831,-0.30131,0.53842,28.72461,comp
13.19958,-5.47185,-9.34245,5.67866,-161.05379,0.66162,129.80331,-46.15795,1.75534,2.92319,28.70508,comp
13.21731,-5.75432,-9.52848,1.68257,-255.42879,27.81787,99.72519,-47.28783,2.78073,4.93491,28.77734,comp
13.23318,-3.66643,-8.76579,2.10054,-262.54207,33.86865,80.11581,-45.88549,4.08932,10.14584,28.75586,comp
13.25721,-4.86857,-9.17131,1.18550,-265.81551,35.10693,63.85019,-44.08764,6.13815,12.11069,28.74414,comp
13.27310,-3.10490,-7.91838,-0.85942,-205.34676,35.96338,39.10019,-43.39526,5.36373,16.95053,28.74414,comp
13.29720,-3.09739,-9.92619,0.74605,-114.22176,13.18213,18.95956,-41.24487,5.97994,21.35288,28.75586,comp
13.31333,-4.25462,-11.43888,-0.81548,-91.51863,9.81104,-17.41544,-40.51879,6.31784,21.74716,28.74219,comp
13.33726,-4.41929,-11.68058,-1.61382,-115.25301,4.90479,-37.96231,-39.42016,5.24459,22.95419,28.76172,comp
13.35313,-4.85923,-10.45011,-2.45073,-165.94051,6.86182,-42.09512,-39.41701,3.83737,23.78281,28.73828,comp
13.37705,-5.08177,-7.83683,-2.69084,-191.40926,17.10400,-56.54044,-37.98439,4.48287,26.58359,28.73047,comp
13.39321,-2.72044,-6.43351,-1.50920,-163.39363,13.61768,-86.19669,-37.23097,2.39108,26.21030,28.79883,comp
13.41716,-2.55747,-6.26628,-1.40965,-127.01863,-9.10107,-107.49356,-34.70558,1.95797,30.63217,28.74023,comp
13.43312,-2.14146,-7.45671,-2.10106,-105.75301,-55.03857,-106.46817,-33.23097,0.89352,31.02182,28.74805,comp
13.45709,-4.76646,-12.97233,-4.34715,-85.23738,-65.35107,-133.28067,-31.41652,0.14694,33.44370,28.75195,comp
13.48959,-3.48618,-11.72135,-2.29051,-80.01082,-76.30420,-227.21817,-30.31496,-0.92045,34.25034,28.70703,comp
13.49752,-2.48667,-10.10124,-2.88670,-50.07332,-121.42920,-324.53067,-30.29857,-1.95560,33.46030,28.74414,comp
13.51297,4.69692,-5.85514,0.71290,33.86418,-145.47607,-324.12735,-27.73997,-3.39994,35.47202,28.72656,comp
13.53752,-2.22886,-4.80339,-1.70116,91.98918,-196.28857,-237.31485,-27.72926,-4.43998,35.09653,28.75586,comp
13.55384,-3.32359,-9.99479,-2.95995,127.55168,-255.00732,-184.87735,-28.10059,-3.38431,34.68027,28.68359,comp
13.57737,-3.85044,-7.25651,-0.32127,76.83293,-270.65576,-98.00235,-28.47095,-2.32963,34.25839,28.75000,comp
13.60137,-4.94615,-7.96550,-4.30565,88.62981,-194.59326,-118.62735,-30.33424,-0.23978,35.45371,28.73438,comp
13.61715,-0.60240,-12.59050,-1.86815,120.41106,-179.09326,-116.50235,-30.67774,0.50192,32.61777,28.75000,comp
13.64166,0.70229,-10.83854,-0.04100,68.66106,-173.91748,-62.31485,-31.41846,1.90914,32.19980,28.75000,comp
13.65704,-2.88951,-8.74089,-2.53710,-10.21394,-115.51123,-8.12735,-32.15870,2.61276,32.20153,28.71680,comp
13.68110,2.50893,-10.05339,-1.93211,20.34856,-103.83936,-36.08047,-32.17108,3.65377,32.58825,28.77930,comp
13.69799,2.27065,-9.22428,0.44093,42.98918,-132.35498,-23.19766,-33.27850,5.41940,31.77038,28.71680,comp
13.72126,1.16621,-10.97054,-0.87384,70.88476,-157.41655,-43.72758,-33.26399,6.84862,29.74316,28.71680,full
13.73760,0.23018,-9.93441,-0.02667,83.08788,-173.15874,-31.52446,-34.36848,8.26464,28.93017,28.75391,comp
13.76177,-0.20146,-10.10555,-1.39288,130.86913,-175.47710,-73.14946,-35.84211,9.67675,28.51489,28.73828,comp
13.77709,-2.13603,-14.73837,-3.58624,158.69726,-152.83647,-119.58696,-37.65364,9.37133,26.52172,28.76953,comp
13.80148,-1.49297,-11.02352,-2.05499,123.19726,-94.74272,-129.83696,-38.35725,9.42492,23.31079,28.72461,comp
13.81711,-4.04961,-13.14266,-4.11163,111.11132,-31.46147,-183.58696,-38.67561,6.67101,20.92993,28.77344,comp
13.84102,-2.93047,-14.67391,-4.05911,141.25195,29.44478,-299.83696,-41.58967,4.60656,20.58984,28.75391,comp
13.85694,3.51094,-14.43038,-0.33255,154.36913,61.91353,-403.71196,-41.88557,-0.58485,17.84961,28.78320,comp
13.88113,2.77364,-8.36788,2.04245,107.80663,63.98775,-406.33891,-42.18708,-6.48328,15.93652,28.75391,comp
13.89706,4.04610,-5.16671,1.74435,90.11913,67.64790,-431.10454,-40.28376,-12.04578,13.58496,28.75977,comp
13.92112,7.25508,-2.56124,4.56271,119.65038,48.67915,-453.19829,-38.38142,-19.37391,12.87304,28.71680,comp
14.32609,-0.06809,8.46549,-4.22610,113.38044,6.23661,-235.25043,24.97853,-19.34478,24.32141,28.73438,full
14.33735,-1.36985,8.05436,-4.48221,103.05231,32.58036,-266.34418,24.94407,-16.57134,25.48352,28.72070,comp
14.36147,-1.64353,7.27359,-5.25906,95.11091,53.84599,-309.40668,25.28270,-15.55669,27.48547,28.75195,comp
14.38507,0.20217,9.66617,-4.03055,108.21247,55.37138,-347.75043,26.72117,-12.43364,27.81946,28.67383,comp
14.40130,-0.41209,10.71988,-4.58328,142.52497,29.94950,-339.00824,25.95750,-9.64849,28.59924,28.69922,comp
14.41720,-2.17674,9.77652,-5.42898,166.13435,13.76200,-325.46918,26.60838,-5.89263,33.77112,28.69336,comp
14.44117,-4.42869,7.05191,-5.98953,164.94392,10.67216,-310.39105,25.12791,-2.72271,32.52014,28.66016,comp
14.46509,-5.66599,8.18766,-6.72781,152.31110,9.36845,-298.39105,23.63084,-0.99028,34.12659,28.69531,comp
14.49739,-6.69138,7.76090,-7.37576,168.88923,5.81181,-288.87543,21.73240,1.40229,38.55237,28.68164,comp
14.50547,-5.53709,6.04313,-6.47293,176.68610,-6.24288,-262.96918,21.36229,2.81245,37.71496,28.74609,comp
14.52131,-7.33103,4.35172,-7.90457,151.85798,-8.68233,-228.40668,18.75682,5.59956,39.31750,28.64453,comp
14.54517,-7.58836,4.06632,-7.58523,146.85798,-15.18624,-193.62543,15.80760,6.30806,40.15002,28.69727,comp
14.56136,-7.93455,3.31632,-7.59167,142.10798,-18.03390,-179.71918,12.12791,7.73091,40.15909,28.65039,comp
14.58507,-5.76267,2.99112,-5.54089,143.74079,-37.54952,-154.67230,9.88573,9.45063,42.97745,28.69336,comp
14.60120,-5.22166,2.86917,-3.69714,118.55329,-81.73702,-113.20355,8.03221,10.84907,43.78799,28.67578,comp
14.62522,-5.61057,1.73441,-3.69141,93.44392,-131.08077,-74.79730,6.18944,11.90864,43.77642,28.68945,comp
14.64116,-7.16428,1.70632,-3.41187,57.91267,-155.45577,-62.10199,4.69920,14.71138,43.76097,28.66406,comp
14.66507,-8.60276,1.22780,-4.20777,42.45173,-168.62765,-79.19574,3.94530,16.80317,44.12498,28.66211,comp
14.68103,-6.68967,-0.84837,-4.63404,35.05720,-169.57686,-75.03949,3.23045,18.59907,40.85740,28.72070,comp
14.70510,-4.96800,0.17702,-5.66626,20.50251,-169.54394,22.08551,1.39061,21.78462,38.82225,28.67188,comp
14.73023,-10.13206,1.23659,-3.62134,-48.87249,-180.34862,246.08551,1.39176,23.55513,37.19920,28.71680,comp
14.74558,-17.65159,2.06179,-6.18775,-135.37249,-130.53612,326.39801,5.04606,25.97309,36.69578,28.70703,comp
14.76909,-17.56352,2.42922,-7.48560,-137.36956,-93.22362,295.11676,8.01090,26.34761,33.43992,28.70898,comp
14.78501,-10.82133,2.12453,-3.11060,-109.60394,-68.33300,251.24176,13.15153,27.02339,32.16063,28.74023,comp
14.80937,-7.04984,5.65383,-0.52271,-152.38519,-88.41112,279.97614,16.85661,25.99116,29.32078,28.67969,comp
14.82548,-8.59965,11.89211,-1.17554,-155.13128,-119.53612,317.72614,20.18473,25.29829,27.28563,28.67383,comp
14.84912,-7.63773,10.56105,-2.74878,-88.81878,-146.20800,315.04059,24.97379,23.87739,26.44725,28.74609,comp
14.86523,-9.67484,8.99367,-1.83667,-64.16253,-149.93065,345.72809,28.32731,21.45747,23.22459,28.70508,comp
14.88916,-12.25492,4.70852,-3.80933,-79.66253,-101.68065,309.41559,30.56169,19.37153,21.62205,28.68164,comp
14.90517,-7.94633,5.52394,-1.58472,-81.55413,-58.89940,247.60309,34.26090,16.56294,20.81444,28.73633,comp
14.92923,-3.48173,9.10963,1.16993,-94.64227,-58.66148,252.53656,36.14703,13.10583,18.43251,28.71484,full
14.94528,-9.37235,8.75831,-1.45898,-115.32977,-53.16929,297.50531,36.55816,9.63708,16.87392,28.67383,comp
14.96903,-13.82938,6.55518,-2.74023,-136.92352,22.51821,249.84906,38.07086,6.51599,14.89442,28.71680,comp
14.98514,-11.80204,8.60596,1.26758,-160.97039,103.51821,208.41156,38.81842,3.35193,16.15321,28.74414,comp
15.00939,-2.65360,9.44532,6.25977,-111.56414,86.75258,146.22406,39.95416,1.98279,13.73915,28.67578,comp
15.02514,5.99484,11.05762,5.16504,-72.56414,13.12758,142.55219,41.82916,-1.14807,12.15321,28.66797,comp
15.04913,1.22531,8.01856,2.35450,-80.24773,-29.40367,228.05219,41.86139,-4.27698,11.39101,28.66797,comp
15.06518,-3.00516,4.77637,0.81250,-141.34148,-24.91929,264.05219,41.53277,-7.04261,9.82558,28.68359,comp
15.08915,-5.80790,6.11426,-1.83789,-205.15398,29.26821,247.11469,39.41754,-10.78089,4.25917,28.68164,comp
15.10509,-0.81180,10.01075,2.50977,-181.38836,53.39321,196.80219,38.73639,-14.23011,1.90370,28.70117,comp
15.12913,5.25460,9.88026,6.15039,-113.07586,39.38540,176.33344,37.65728,-14.89612,0.31190,28.67969,comp
15.14566,3.21554,7.79822,5.11426,-128.59148,12.30727,217.33344,36.58697,-16.60901,-1.26134,28.67383,comp
15.16934,-0.12235,5.48377,3.35254,-167.49773,30.24477,228.14594,35.16021,-19.71448,-2.81017,28.71680,comp
15.18502,-3.60673,4.59510,2.23340,-202.24773,72.40102,194.58344,33.73834,-21.75550,-5.58556,28.74414,comp
15.20923,0.62374,8.84901,4.59082,-193.58367,134.90102,156.42719,30.12896,-24.11096,-9.54259,28.72656,comp
15.22513,4.17452,8.60999,8.04004,-121.52117,150.24477,157.38031,28.31744,-24.41638,-11.53575,28.71680,comp
15.24938,4.26107,4.39515,9.17579,-100.67742,135.76040,145.89594,24.71978,-27.10974,-16.29356,28.70508,comp
15.27937,4.55770,3.84388,7.53907,-125.66180,113.86977,170.47406,21.43072,-26.71204,-17.87852,28.69922,comp
15.32557,2.35848,2.45716,5.96485,-159.81805,107.92055,228.44281,19.97564,-26.68318,-19.07384,28.70508,comp
15.32624,1.67098,0.59486,8.01954,-176.97430,119.54555,244.55219,16.34674,-28.00936,-21.83751,28.69336,comp
15.32915,4.21591,3.62415,9.96778,-169.02117,110.32680,222.97406,11.24127,-28.63240,-24.19102,28.71875,comp
15.35001,5.70028,4.28138,10.51514,-149.20867,106.72719,243.53656,9.42291,-28.59505,-25.78770,28.72656,comp
15.36977,3.68856,0.80872,10.12867,-132.14617,98.04750,256.36469,1.71978,-27.12337,-26.94102,28.69727,comp
15.38634,3.06796,-0.12292,11.43042,-140.10711,81.43813,224.36469,-1.91498,-27.39754,-30.13048,28.69531,comp
15.40923,2.64535,-0.80163,8.92261,-164.82586,61.54750,183.67719,-5.60639,-25.99129,-28.89610,28.72461,comp
15.42508,3.87777,-0.63500,9.86548,-164.33416,51.95375,185.39789,-7.80561,-25.26473,-29.69151,28.72852,comp
15.44927,2.49398,-1.56713,8.61841,-202.74041,32.00063,223.08539,-11.84858,-23.48348,-30.08116,28.73047,comp
15.46547,-0.01774,-3.23608,8.00122,-228.20916,27.08266,243.17914,-16.63764,-23.12191,-28.42491,28.72656,comp
15.50537,-2.05289,-3.59472,6.35279,-254.06853,59.27016,235.97601,-20.68842,-21.70198,-28.00523,28.70117,comp
15.51345,-2.16337,-5.21093,5.46705,-234.63103,91.36391,195.97601,-25.49701,-19.25276,-25.97594,28.68359,comp
15.52927,2.25642,-7.10317,8.61745,-224.26683,93.55639,177.38120,-29.59432,-16.46085,-24.37997,28.72852,full
15.54533,1.93343,-8.28579,9.33717,-289.45433,61.08764,222.44370,-35.16073,-13.33780,-20.33700,28.70898,comp
15.56931,-0.65837,-9.42642,8.46266,-334.92308,45.79858,215.29135,-37.02889,-11.25382,-18.73934,28.74805,comp
15.58539,-2.36345,-7.74185,7.75465,-359.98558,55.86889,179.88510,-39.66171,-8.15226,-14.72762,28.71680,comp
15.60920,-2.59734,-5.57778,5.50661,-363.40355,73.68139,141.32260,-42.29061,-6.80753,-9.88387,28.69531,comp
15.63329,-2.60179,-4.95669,3.48903,-324.37230,84.05639,126.92416,-43.84042,-4.09269,-3.86044,28.70898,comp
15.64931,-1.93089,-7.85513,3.05544,-282.27855,79.41967,120.21323,-44.61044,-3.08195,-1.04598,28.72461,comp
15.67315,-2.84593,-9.40396,2.53835,-268.43480,62.74780,100.19760,-45.76766,-1.03898,2.96573,28.71289,comp
15.68918,-3.13524,-9.99575,2.09718,-267.69456,55.14233,85.86166,-46.18832,-0.40909,7.79777,28.70117,comp
15.70508,-4.33153,-10.62026,1.70436,-263.12035,55.14225,66.15854,-44.76547,0.92880,10.99113,28.72656,comp
15.72920,-4.24797,-11.37564,0.93874,-225.96410,57.15592,31.37729,-44.06820,1.21859,14.60245,28.70703,comp
15.74593,-3.56682,-12.65005,0.91774,-169.77660,56.91190,-33.12271,-43.34603,0.49203,16.22257,28.72070,comp
15.76921,-2.12639,-11.85610,0.75575,-141.21410,34.14627,-80.96646,-42.62387,-0.59000,18.24796,28.74805,comp
15.78519,-2.54778,-11.54092,0.04726,-130.11253,-0.25998,-126.12271,-40.80062,-1.67985,20.26163,28.74805,comp
15.80939,-0.52434,-8.22842,0.25124,-134.93285,-25.46310,-143.45084,-38.96957,-3.11344,21.87491,28.70117,comp
15.82522,-1.59856,-8.11495,-0.18358,-147.31566,-50.54123,-109.60709,-39.32968,-5.21500,22.72648,28.69141,comp
15.84932,-4.96574,-8.55978,-2.36131,-178.31566,-48.46896,-111.12857,-37.15194,-6.32535,25.94327,28.71484,comp
15.87311,-4.97581,-4.85470,-5.90233,-165.50316,-46.02755,-117.53482,-34.97030,-6.01676,27.52921,28.67383,comp
15.88908,-3.86546,-4.20773,-6.52879,-53.94066,-58.90255,-157.44107,-33.50350,-8.14567,29.16593,28.68359,comp
15.91327,3.99782,-9.94991,-0.91942,62.43434,-66.10958,-205.87857,-32.74423,-10.23356,28.37980,28.70117,comp
15.92916,2.53395,-11.88644,-1.08446,96.90309,-89.95333,-200.21060,-32.37435,-10.23040,27.97721,28.69727,comp
15.95336,-0.16136,-11.62423,-0.73436,103.68044,-128.26583,-213.20279,-32.73275,-11.62298,28.01716,28.70703,comp
15.96912,-0.96068,-9.74337,-1.00536,93.31325,-209.64083,-212.35172,-33.07089,-13.34759,26.82380,28.73633,comp
15.99320,0.93776,-8.40255,0.52101,81.71950,-270.48458,-201.49234,-31.63436,-11.99212,28.80427,28.71484,comp
16.00903,2.23463,-4.60568,0.32802,102.57887,-280.50021,-137.96109,-30.90634,-11.29974,28.78568,28.72656,comp
16.03321,-1.99583,-11.29708,-4.71104,210.76637,-200.50021,-171.52359,-31.29061,-9.91302,29.56449,28.69531,comp
16.04913,3.45338,-11.83468,1.35927,242.98512,-188.35177,-164.84781,-34.20663,-10.56488,28.00199,28.68164,comp
16.07316,0.55104,-9.38546,1.52614,142.79762,-185.73654,-57.91031,-36.03378,-9.48089,26.39066,28.73438,comp
16.08917,-1.72240,-8.95895,-1.59300,94.67262,-142.79904,-56.47867,-34.92929,-9.12835,25.57133,28.68750,comp
16.11311,0.74049,-9.94088,-1.69542,129.45387,-110.11154,-126.47867,-36.04061,-9.13774,26.78812,28.71289,comp
16.12915,3.68330,-11.02445,-0.41923,153.07681,-110.22399,-150.22072,-36.73793,-10.13784,24.00327,28.70117,full
16.15324,4.26826,-10.44340,-0.04448,106.51431,-100.30212,-113.75197,-37.10951,-9.43716,23.99182,28.68945,comp
16.16919,3.31221,-10.73417,-0.77055,50.23306,-58.80212,-88.06447,-37.45619,-10.81802,23.20667,28.71289,comp
16.19318,5.05732,-9.32108,0.48726,14.70181,-26.02087,-99.63478,-37.44939,-11.16103,22.80896,28.71289,comp
16.20909,5.84248,-11.44999,-0.64067,27.27994,-25.67785,-127.86916,-36.70964,-11.50967,22.40759,28.67969,comp
16.23325,7.04170,-11.49638,0.63863,28.47916,-27.35754,-160.05666,-35.60027,-12.56435,22.40898,28.70898,comp
16.24897,4.65693,-11.14896,-1.30864,27.72525,-23.61535,-193.49416,-35.19255,-14.62490,20.01835,28.69922,comp
16.27319,5.60713,-8.37748,0.96480,21.43228,-7.88097,-218.75978,-35.19305,-17.09756,22.07304,28.71875,comp
16.28918,6.61299,-6.69193,1.78023,2.74478,-4.25988,-233.14259,-33.34149,-18.85049,21.68241,28.72266,comp
16.31320,6.25996,-4.97123,1.53987,10.72916,-11.20519,-259.25197,-31.48505,-21.65517,21.70788,28.67969,comp
16.33722,8.28926,-1.69193,2.30306,34.11978,-32.87707,-262.09962,-27.42255,-26.23330,22.54138,28.70117,comp
16.35335,7.22383,1.01510,1.63118,55.16666,-39.67004,-230.59962,-23.74481,-27.30752,22.52040,28.69922,comp
16.36921,6.48750,-2.00443,1.10872,101.26041,-48.17785,-253.09962,-23.37592,-27.65957,22.52611,28.67188,comp
16.39317,8.29512,-2.09867,2.64876,99.35123,-59.10754,-263.87306,-21.89447,-29.06094,22.13768,28.67773,comp
16.41712,9.33906,1.37789,1.75716,79.63248,-76.85754,-213.81056,-19.31635,-31.53945,23.34862,28.65234,comp
16.43313,8.25996,1.30141,0.44954,74.62857,-85.99816,-169.46681,-17.84467,-31.19033,22.52538,28.70703,comp
16.45733,7.43135,-1.34507,-0.76335,109.37857,-82.04894,-182.38087,-15.65521,-31.22475,23.71288,28.73242,comp
16.47658,9.78096,-1.31487,0.88997,104.56607,-85.71301,-193.25587,-14.91644,-31.92837,23.72052,28.73633,comp
16.50523,10.07685,-0.51898,-0.08464,57.09732,-97.07238,-147.09962,-11.60980,-32.30166,23.68405,28.67773,comp
16.51349,8.98799,-1.16448,-1.16472,45.54263,-87.09582,-147.87160,-11.27826,-30.94424,26.07858,28.70117,comp
16.53711,10.11885,-0.08148,-0.74601,41.16763,-83.97082,-153.48878,-9.80951,-30.24648,25.25437,28.65234,comp
16.55323,11.24873,0.46003,-0.51896,27.06607,-90.09972,-126.72316,-8.34467,-31.32070,26.45261,28.68555,comp
16.57854,10.54463,-0.19378,-1.03654,-0.01205,-97.47472,-112.59816,-7.99799,-29.93984,27.24265,28.70898,comp
16.59305,8.36885,0.74030,-0.98152,-20.62143,-93.04894,-126.76222,-5.81049,-30.68349,29.24265,28.72656,comp
16.61733,7.39765,1.99128,-2.32527,-48.87143,-81.79894,-129.43800,-3.99115,-29.30752,29.60495,28.71680,comp
16.63323,6.83662,2.58552,-3.31941,-31.79330,-61.33019,-133.72316,-1.06732,-29.34722,30.77976,28.71289,comp
16.65721,7.90791,3.51472,-3.18965,4.23795,-53.24426,-170.59816,0.01471,-27.61675,31.14401,28.74023,comp
16.67359,7.32148,2.81550,-3.17551,20.59732,-40.05676,-185.48878,2.20026,-26.24370,31.50266,28.69922,comp
16.69715,7.23695,3.33308,-3.22815,20.26187,-35.19738,-192.06691,4.05084,-27.29253,30.69406,28.72266,comp
16.71318,6.48548,1.70905,-4.26136,30.63687,-31.77941,-237.47316,5.11823,-25.23199,32.26242,28.69922,comp
16.73714,6.57906,2.99343,-1.98472,44.33450,-45.53909,-304.77481,8.42302,-24.22331,32.62457,28.70703,full
16.75307,5.66451,9.43874,-4.31870,11.86575,-65.67972,-285.30606,10.23357,-22.86003,33.80425,28.67773,comp
16.77883,2.75240,7.93484,-6.86167,25.65481,-54.69534,-269.02481,13.52068,-20.43620,33.31182,28.71875,comp
16.79317,2.53059,7.32155,-5.70835,61.02981,-44.26566,-317.33731,15.70036,-18.72038,34.07354,28.67969,comp
16.81720,2.52827,6.87185,-5.80088,70.17825,-46.70511,-357.49356,16.02629,-16.66569,36.46221,28.66406,comp
16.83317,1.29683,7.26174,-5.28086,79.63137,-61.71292,-373.54044,19.66496,-12.85514,36.36376,28.67773,comp
16.85715,2.06929,11.72268,-4.27110,79.20462,-75.68948,-364.20450,19.25578,-10.09147,38.33447,28.71289,comp
16.87348,-0.91704,10.58694,-5.93711,62.79837,-71.96878,-269.14200,21.03996,-6.29655,40.29052,28.68164,comp
16.89726,-4.92485,8.51662,-7.32676,63.28518,-49.76566,-254.79825,21.37639,-3.51921,41.04296,28.66602,comp
16.91316,-4.71965,7.27053,-5.14121,70.73050,-38.41409,-302.14200,20.62639,-2.47917,41.84081,28.66016,comp
16.93714,-2.93254,7.00588,-5.62949,50.48050,-37.13187,-339.61075,19.85100,1.70052,42.59570,28.66992,comp
16.95310,-2.68157,7.74465,-5.01084,34.91800,-50.42874,-331.25919,16.94084,4.22982,38.14257,28.72070,comp
16.97752,-4.12786,7.73509,-5.97910,32.90237,-69.35062,-322.10294,15.44279,7.02083,38.93261,28.65820,comp
17.00118,-6.61809,6.91917,-6.95762,31.31643,-74.59671,-315.02481,15.40706,10.49739,39.66552,28.73242,comp
17.01720,-8.02532,6.62450,-7.33115,40.46487,-65.14359,-328.07950,14.65120,12.23665,40.45849,28.69336,comp
17.04123,-6.95403,6.65176,-6.00108,55.59768,-60.99515,-320.51700,11.31331,15.38314,41.63329,28.68945,comp
17.05724,-7.16790,5.77383,-5.57017,46.20706,-72.03421,-262.42325,9.11800,16.11654,40.44775,28.62109,comp
17.08144,-10.52337,3.51211,-6.93833,38.21487,-64.16702,-210.39200,8.00960,18.58529,39.21630,28.67383,comp
17.09723,-11.41497,0.84024,-6.90820,23.39456,-32.44827,-218.91544,6.90120,19.63997,39.21098,28.68359,comp
17.12135,-8.13958,2.80606,-4.96484,28.92581,-15.60452,-275.63419,2.84651,21.05501,40.03715,28.65625,comp
17.13723,-5.12590,3.99258,-2.99218,53.92581,-48.35452,-251.43106,1.02815,21.09197,38.43559,28.74023,comp
17.16137,-10.11419,2.18106,-3.31567,34.73831,-61.05765,-148.61856,-1.54607,21.80925,38.45083,28.68945,comp
17.17710,-13.47551,1.63272,-13.32348,-41.07419,-29.63577,-52.86856,-1.92278,22.50457,38.85318,28.67383,comp
17.20113,-11.01067,-0.54892,-5.15160,91.05081,1.72360,-119.49356,-3.38176,21.46941,38.88479,28.68359,comp
17.21708,-6.41692,-0.83017,-1.62621,52.58206,5.82126,-173.74356,-5.22063,22.53582,38.48343,28.69727,comp
17.24141,-5.87786,0.57999,-2.14477,20.42581,-22.17874,-124.49356,-6.69133,22.89641,38.49911,28.69531,comp
17.25717,-7.90715,-2.07626,-4.99828,-24.82419,-33.71780,9.25644,-6.32487,22.53753,38.89193,28.67383,comp
17.28175,-11.79192,-5.73056,-5.76733,-55.46482,-6.13968,65.00644,-3.76823,21.79631,40.49057,28.64062,comp
17.29706,-11.02776,-6.28574,-3.85131,-65.08982,14.79782,-27.80606,-4.14543,22.49212,40.89975,28.68750,comp
17.32117,-10.65569,-5.40634,-2.53881,-104.05857,11.05954,-110.61856,-3.04289,23.19329,40.07016,28.66016,comp
17.33713,-8.60771,-0.71459,-3.39869,-204.64000,-2.49313,-124.97617,-3.02566,22.18154,38.86032,28.66602,full
17.36151,-5.51201,2.82252,-5.04322,-255.20250,-3.85348,-52.91367,-2.31277,22.14766,40.88180,28.66602,comp
17.37714,-4.48760,2.49635,-4.67286,-298.20250,-20.38473,94.71133,2.81614,22.80684,40.82461,28.63281,comp
17.40113,-5.46807,2.64466,-4.41285,-354.85875,-35.61130,221.02383,7.96067,21.71993,40.77560,28.65039,comp
17.41728,-7.68877,1.57240,-4.18555,-392.67125,-60.12692,270.74258,14.21067,22.40108,38.69552,28.66406,comp
17.44132,-9.65361,4.01771,-3.59229,-403.74156,-86.43942,274.38516,21.59739,21.00264,35.00998,28.69336,comp
17.45709,-10.77861,8.65052,-1.50049,-403.49229,-100.83005,283.51016,29.76145,18.60420,27.69748,28.70117,comp
17.48114,-11.78252,11.39075,-0.28467,-393.62511,-124.09567,301.79141,34.24973,17.63643,20.00607,28.65430,comp
17.51364,-10.12139,10.89857,-0.88721,-334.65636,-136.74411,314.15079,39.81223,13.44893,17.18771,28.68359,comp
17.52135,-11.44853,8.88099,-0.77222,-324.55479,-130.81833,319.81485,42.05247,12.07686,14.35763,28.67969,comp
17.54520,-8.37041,8.81232,-1.05152,-344.46104,-114.27145,320.68204,43.60813,8.66475,8.34982,28.64062,comp
17.56113,-6.97588,6.41389,-1.70923,-357.89854,-98.20895,317.80118,43.69370,4.55538,3.17404,28.66406,comp
17.58514,-4.97978,4.93732,0.70288,-329.25792,-81.20895,258.08243,44.16880,0.47725,-4.43143,28.65234,comp
17.60125,-2.16142,5.87678,6.92944,-288.82042,-82.73434,190.39493,40.58091,-3.96416,-8.75565,28.66211,comp
17.62541,2.21358,7.19514,5.51928,-308.80479,-75.97262,162.00430,38.11997,-7.31572,-16.74002,28.63281,comp
17.64150,1.55635,6.58869,4.45776,-289.30479,-81.80466,160.76602,37.77500,-9.04619,-17.51493,28.68750,comp
17.66527,-0.40459,7.00275,4.48852,-290.55089,-90.82809,176.61758,34.15977,-12.11650,-20.24930,28.65820,comp
17.68107,-2.96514,3.14924,4.55169,-290.55089,-65.39059,186.93008,30.54453,-13.77470,-24.21415,28.66992,comp
17.70532,-1.18974,2.94331,4.73199,-279.81651,-32.39059,132.36758,27.28477,-15.80791,-26.56766,28.63086,comp
17.72112,2.39619,4.15620,7.78472,-219.09776,-3.89059,91.18008,23.64219,-16.09355,-28.94657,28.65820,comp
17.74505,0.95576,4.29768,9.36871,-223.24620,9.89847,97.34415,21.10899,-17.78886,-30.91239,28.63477,comp
17.76166,0.21016,4.20600,7.76226,-226.54112,-2.48434,119.73477,17.83164,-17.72838,-33.29520,28.63672,comp
17.78521,-0.59160,1.28608,7.15240,-233.92393,0.13870,154.01602,14.91758,-18.73521,-34.45438,28.70117,comp
17.80779,-0.58790,3.73139,7.20007,-227.70128,2.21292,199.17227,9.44102,-20.41978,-35.57254,28.70117,comp
17.82536,0.21532,0.33295,8.07116,-192.73253,-3.70505,236.57852,5.02696,-20.04918,-34.73758,28.64844,comp
17.84117,-0.22291,-2.35455,11.61608,-214.76378,13.98245,263.29727,0.64414,-20.34093,-36.29618,28.65234,comp
17.86532,-0.31629,-10.06548,9.96667,-268.76378,-4.50192,185.73477,-5.21523,-21.69151,-36.21781,28.69922,comp
17.88166,8.65246,-3.12798,14.71276,-268.94725,-57.47067,60.67227,-7.43594,-19.58800,-35.82523,28.69922,comp
17.90520,6.76965,0.18256,15.96081,-299.75975,-154.53317,112.39102,-12.58047,-21.32921,-33.32132,28.64648,comp
17.92164,2.95910,1.47553,12.37487,-295.06834,-210.12692,130.20352,-17.76015,-22.05870,-28.41898,28.64648,comp
17.94518,1.00848,1.00067,9.90201,-226.37202,-235.05086,124.30360,-20.72155,-23.85132,-24.74809,28.66797,full
17.96142,-1.73761,-2.24933,9.49600,-174.55952,-202.48836,97.70985,-24.42272,-24.92945,-20.66605,28.62891,comp
17.98523,-0.23859,-3.89679,7.06045,-129.55952,-182.91023,30.33485,-25.54284,-26.00855,-17.81644,28.64844,comp
18.00134,0.59783,-3.20636,6.59756,-65.12202,-178.75398,-26.10265,-25.19811,-25.69165,-15.80863,28.63477,comp
18.02517,4.54705,-3.60968,5.45889,39.00298,-212.28523,-119.66515,-27.39537,-28.14087,-14.13578,28.68359,comp
18.04119,12.22283,-2.41047,11.25967,110.69048,-283.47273,-135.19640,-24.47741,-30.65845,-10.49711,28.70117,comp
18.06526,5.53143,-7.26593,10.58731,82.44048,-296.30867,-59.63390,-21.92467,-33.16822,-7.25883,28.67188,comp
18.08121,-0.46467,-7.81720,3.78262,62.42485,-290.37117,-70.72765,-21.96303,-34.28540,-2.40336,28.69141,comp
18.10561,3.48260,-4.57697,1.87637,98.76860,-265.10555,-103.13390,-19.77748,-35.03003,-0.39750,28.64844,comp
18.12119,4.48114,-4.87580,3.73086,152.11235,-257.96492,-104.84875,-18.71010,-35.44043,3.22555,28.68359,comp
18.14566,5.34881,-6.07111,4.23623,169.20610,-238.32430,-143.06750,-17.27163,-35.84766,6.44234,28.69141,comp
18.16113,7.44842,-5.23420,3.94742,150.12798,-207.69930,-155.11437,-15.83315,-35.90049,9.25289,28.65039,comp
18.18523,7.47682,-2.75373,2.21597,88.44048,-163.04305,-116.70812,-14.73452,-35.55918,9.23176,28.64844,comp
18.20104,9.63893,-1.48127,1.65835,67.19048,-138.15242,-90.58312,-13.30288,-34.91513,12.03645,28.66406,comp
18.22508,9.27809,0.09198,2.83706,107.22173,-153.49617,-98.78625,-12.58413,-34.94356,13.63703,28.66016,comp
18.24137,9.13685,1.92401,1.80191,166.62798,-156.01180,-153.66125,-10.40248,-34.63472,15.21906,28.67773,comp
18.26537,12.29310,0.06659,2.03872,221.94048,-165.01961,-148.09484,-10.08242,-34.35347,19.64484,28.66797,comp
18.28913,10.38392,0.86297,3.64712,176.37798,-157.73445,-121.03234,-9.71083,-33.99605,18.83234,28.64648,comp
18.30576,10.29914,2.68524,2.23404,112.75298,-132.93758,-113.03234,-8.63076,-32.97554,20.01398,28.67383,comp
18.32100,10.59919,4.58270,-0.91049,105.33501,-126.59383,-91.03234,-7.56240,-33.03145,23.23273,28.64844,comp
18.34519,9.28962,2.49871,-0.97550,111.45610,-115.87508,-48.43859,-6.11611,-32.36837,24.81965,28.65039,comp
18.36125,8.47322,0.52313,-2.05557,83.40923,-111.44930,-19.59484,-8.34462,-30.97969,26.42902,28.64648,comp
18.38524,8.20149,0.63275,-2.31534,85.72758,-91.21492,-56.37609,-7.26650,-29.60958,27.60090,28.67773,comp
18.40955,7.93318,-0.62311,-3.20450,80.64165,-71.51180,-92.31359,-6.91689,-28.93184,28.79133,28.68750,comp
18.42516,9.49958,-3.91803,-2.61270,70.69633,-55.27742,-134.68859,-7.64980,-29.63057,29.22272,28.67969,comp
18.44907,7.56599,-3.75141,-2.45853,8.35258,-57.96492,-149.14953,-5.82265,-28.59737,29.17280,28.67188,comp
18.46529,7.67475,0.83844,-3.38236,-5.49898,-42.28523,-204.93078,-4.72597,-28.25753,29.16568,28.65625,comp
18.48931,9.34761,2.72808,-0.39993,7.07915,-58.61336,-248.11828,-2.90761,-28.29534,30.76529,28.62109,comp
18.52553,10.74507,7.57183,-1.19534,-6.93648,-81.28523,-233.25890,0.77598,-27.59563,28.69498,28.63477,comp
18.52930,7.44233,9.08746,-4.07425,-4.32515,-91.73836,-149.50890,3.32090,-27.29656,30.69498,28.65625,comp
18.54521,5.12178,6.94449,-5.06217,36.30761,-82.43671,-173.59256,6.58168,-24.92512,33.86482,28.66602,full
18.56927,7.35616,5.50602,-4.72916,42.59667,-72.96796,-232.43631,8.03383,-23.54621,34.22541,28.64453,comp
18.58515,6.95137,4.78385,-5.76725,44.69628,-70.87617,-254.45193,9.12172,-22.51399,34.60090,28.65234,comp
18.60926,7.54854,4.03434,-3.24381,57.08691,-83.71992,-300.63943,10.92641,-20.80696,36.17317,28.65039,comp
18.62722,6.86788,5.72574,-2.65299,27.30566,-102.04804,-297.77420,13.10219,-18.74250,36.92414,28.62695,comp
18.64928,1.68819,5.78123,-4.77018,17.48534,-117.79023,-305.58279,16.00844,-15.63117,37.23567,28.63867,comp
18.66508,-2.97978,5.27292,-6.34830,26.60253,-101.52460,-404.89529,17.08168,-13.20930,37.99836,28.61719,comp
18.68916,-2.74223,6.23728,-5.54947,49.49316,-97.45039,-467.33279,19.23208,-9.41633,39.93196,28.66992,comp
18.70512,-4.39457,9.02634,-6.15494,49.75561,-88.63789,-457.06717,20.66958,-5.23664,39.45979,28.67383,comp
18.72934,-9.38676,12.30759,-10.78385,40.91186,-34.70039,-356.00467,20.24794,-1.43000,41.81526,28.64844,comp
18.74516,-12.35356,12.45811,-13.04361,86.78686,67.98711,-319.22342,19.13857,0.68328,40.99983,28.63672,comp
18.76908,-11.89604,7.56748,-4.94205,123.88061,125.17461,-376.56717,14.74794,1.79168,38.98616,28.63672,comp
18.78549,-5.52885,7.99351,-5.42545,48.19311,135.24493,-411.81717,13.64736,1.80076,39.01614,28.65430,comp
18.80924,1.78365,11.56186,-4.58317,61.49780,104.91680,-358.53592,13.62453,2.12010,41.02786,28.65430,comp
18.83179,-0.69096,9.99155,-5.38932,67.96655,45.10430,-254.22342,12.14797,2.82274,41.42215,28.58398,comp
18.84917,-3.56401,8.37534,-7.96744,107.43530,2.63555,-230.78592,11.77541,4.58153,40.58523,28.60156,comp
18.86520,-4.53910,5.32261,-6.53971,122.56811,-13.77070,-231.94510,9.20510,4.24681,41.03323,28.60938,comp
18.88923,-1.91996,5.94956,-6.27140,139.28686,-35.19257,-263.42947,8.42678,6.30345,43.83010,28.56836,comp
18.90517,-3.16410,3.59800,-5.19132,146.00170,-79.59882,-191.24197,3.66506,7.76536,41.84671,28.58594,comp
18.93472,-7.50004,0.42026,-5.22222,80.00170,-78.26191,-90.99197,2.18850,9.52611,41.40457,28.62109,comp
18.94520,-6.51127,-1.13149,-5.96929,27.09545,-58.24628,-25.61697,0.71779,9.88646,41.42062,28.64648,comp
18.96928,-7.41850,-2.04897,-3.41851,-15.96705,-53.73066,53.94553,1.45656,10.24168,40.60128,28.62891,comp
18.98517,-6.92460,-0.71206,-2.89946,-101.65455,-47.62910,139.13303,1.09035,10.60008,40.20895,28.64844,comp
19.00923,-6.80442,3.15903,-1.58696,-205.34205,-34.84003,245.50803,5.85207,11.61082,40.14352,28.63477,comp
19.02538,-7.02610,7.88950,-4.04400,-306.09205,-15.34003,350.57053,12.78957,11.85960,43.29391,28.59570,comp
19.04955,-5.68138,11.47739,-6.50103,-357.74830,9.75372,438.13303,17.62551,8.74241,39.25485,28.58398,comp
19.06520,-6.71946,12.81528,-9.05376,-370.95142,36.39434,484.10178,22.80910,5.59788,36.83297,28.62109,comp
19.08915,-11.22728,13.94321,-11.51665,-318.85767,72.80059,408.60178,27.31301,0.77366,30.41891,28.59570,comp
19.10526,-8.58665,11.31821,-7.29009,-219.35767,114.39434,234.72678,28.78762,-1.69704,31.64743,28.63672,comp
19.12946,-2.70774,9.71177,-4.66314,-173.57642,134.76934,113.03928,31.78957,-5.50563,28.04391,28.61133,comp
19.15340,0.07923,7.95017,-1.81644,-162.01085,133.44409,77.61836,31.86264,-7.87347,23.65117,28.65430,full
19.16977,0.59193,8.45944,-1.46366,-208.44835,115.67847,89.73555,32.62924,-9.94964,22.06328,28.65234,comp
19.19360,1.34291,8.43889,-0.80497,-217.73741,89.89722,82.35664,34.17709,-13.01800,16.44609,28.61914,comp
19.20937,0.75697,8.44737,1.93917,-223.81163,64.03784,59.65352,35.32162,-14.37444,13.23906,28.62500,comp
19.22517,2.33412,8.66307,1.38253,-264.74913,61.44019,45.47383,35.70566,-15.05755,12.03399,28.59180,comp
19.24911,1.87635,8.53160,0.68331,-273.35851,53.79565,82.66133,37.24374,-16.02093,5.57695,28.57031,comp
19.27312,-0.54357,6.02379,0.94332,-287.46007,43.23315,99.64571,36.90488,-15.97689,2.75859,28.63477,comp
19.28906,-1.32433,6.31529,0.40719,-302.48351,54.34253,77.44258,36.96048,-17.30795,-1.65156,28.61133,comp
19.31321,0.78505,7.07945,3.95992,-297.00304,70.46753,69.54024,35.91263,-19.33920,-5.23555,28.63281,comp
19.32984,0.45228,7.00981,5.93258,-297.46495,61.66284,73.06172,34.11673,-18.56234,-9.66133,28.60547,comp
19.35330,3.22767,8.23344,7.24899,-299.72667,49.63159,79.92110,31.62650,-20.19320,-16.05586,28.62109,comp
19.36909,1.83998,6.73149,7.51534,-302.52354,53.72534,124.88985,29.10110,-20.81820,-19.64766,28.62109,comp
19.39321,-0.04869,6.18413,7.92745,-313.39073,37.22534,126.59102,27.65482,-20.42269,-22.05586,28.64062,comp
19.40906,1.05384,9.30132,8.71651,-278.73448,21.93628,129.52852,22.55325,-21.39486,-24.40351,28.64453,comp
19.43330,0.68714,6.33647,9.71847,-220.67198,15.33081,96.05977,21.11868,-22.39486,-26.79023,28.63672,comp
19.44900,0.39198,3.34233,10.03878,-196.39073,35.44019,29.80977,17.47220,-21.98275,-29.18281,28.64648,comp
19.47319,-1.41369,2.81743,7.93331,-217.56261,71.28394,4.51289,14.56400,-22.62875,-31.15449,28.69336,comp
19.48914,-0.07384,1.68462,6.15206,-231.13292,93.06519,9.35274,13.10306,-20.84359,-33.18184,28.63281,comp
19.52191,0.75624,0.33501,6.58273,-229.78819,89.05347,28.49336,9.44681,-20.44320,-34.76582,28.66992,comp
19.52945,0.17323,-2.12398,9.41476,-218.49913,64.89722,36.79024,6.89212,-20.40597,-35.94551,28.61133,comp
19.55326,2.09706,0.53227,11.14327,-231.74132,56.23315,57.71211,4.68900,-18.62667,-37.16426,28.60156,comp
19.56910,1.60804,0.46452,11.70235,-289.96007,49.40112,149.77461,-0.07272,-17.87472,-38.34394,28.66992,comp
19.59323,0.40394,-1.49837,8.81954,-313.02257,33.35425,198.52461,-5.59225,-17.15255,-37.09297,28.64258,comp
19.60911,-1.01696,-2.44368,8.29318,-259.52257,23.83862,135.74336,-10.74850,-17.14298,-35.02461,28.61914,comp
19.63323,0.05140,-3.82844,11.01388,-210.33507,53.43237,70.80586,-14.05515,-15.36173,-35.81367,28.63672,comp
19.64922,1.26527,-3.22786,8.99239,-241.75694,21.69800,81.79024,-18.10593,-14.29630,-34.98994,28.59180,comp
19.67330,1.17823,-6.89973,8.54244,-258.47569,-37.42700,136.10274,-21.79147,-14.29199,-33.33955,28.67188,comp
19.68911,-1.54052,-6.46614,9.73483,-293.85069,-52.62231,129.51289,-25.47311,-14.99170,-31.26924,28.66797,comp
19.71347,-1.15062,-6.61201,6.69381,-326.47569,-52.19507,109.43477,-30.29733,-13.27002,-27.21846,28.67383,comp
19.72913,-1.19887,-5.92256,7.17892,-304.88194,-72.75757,110.59395,-33.63913,-12.59424,-23.97627,28.61719,comp
19.75326,-2.28733,-6.62800,7.87480,-299.84265,-58.53990,109.53174,-35.54898,-12.30469,-19.13568,28.62891,full
19.77761,-1.92673,-7.09260,5.48418,-306.85828,-43.28209,98.67236,-39.26773,-10.58496,-15.49700,28.63086,comp
19.79312,-2.11606,-6.33088,4.79082,-297.76453,-42.12291,96.72021,-41.51578,-10.63907,-10.63372,28.65625,comp
19.80953,-0.80552,-8.66682,3.58378,-276.71765,-47.97838,86.89990,-43.40152,-9.28849,-6.60638,28.66602,comp
19.83328,-2.14731,-9.28303,3.14091,-271.83484,-43.15807,64.38428,-44.54117,-8.63565,-2.97943,28.65039,comp
19.85584,-0.94810,-7.93830,1.98564,-265.73718,-56.51744,61.08740,-45.31998,-8.34000,1.05573,28.67578,comp
19.87336,-3.63560,-8.33088,1.60502,-249.20593,-73.36119,68.95850,-45.01529,-7.02359,6.27057,28.63086,comp
19.88923,-3.76633,-8.58943,0.14018,-207.48718,-90.14244,47.91162,-43.94009,-7.06720,8.68073,28.62305,comp
19.91341,-2.73704,-11.17732,0.42924,-186.98718,-98.92369,23.75537,-43.61929,-5.72736,12.28034,28.62891,comp
19.92955,-3.35325,-11.43782,-0.84029,-189.73132,-103.99010,12.34131,-44.01041,-4.34650,13.47370,28.67578,comp
19.95810,-4.50364,-9.30500,-2.02193,-205.52039,-90.70103,11.17822,-41.11588,-4.78278,17.87995,28.64062,comp
19.97726,-4.41367,-8.92903,-3.61861,-192.17664,-70.99791,6.97510,-40.42203,-4.49250,21.49909,28.60938,comp
19.99355,-4.21335,-7.55989,-2.61568,-174.92664,-56.36510,5.86768,-40.45667,-3.83576,24.31354,28.58203,comp
20.00923,-3.51755,-8.14289,-3.67915,-163.21570,-42.45103,14.03174,-37.17737,-4.25129,27.09870,28.64062,comp
20.03327,-3.41746,-8.72786,-3.19209,-155.45398,-42.99303,13.33008,-36.47864,-2.54132,29.08405,28.63281,comp
20.04926,-5.39304,-7.24250,-3.30251,-152.52820,-38.49303,17.06836,-35.01575,-2.55838,29.47223,28.63477,comp
20.07330,-4.93967,-6.79817,-5.85329,-125.05945,-15.61803,6.25586,-33.92981,-2.23563,30.66462,28.61914,comp
20.09717,-4.27952,-7.64143,-4.44509,-58.05945,0.53822,-13.93164,-32.82825,-2.24418,30.64829,28.63477,comp
20.11318,-2.45237,-7.75184,-4.03761,-9.93445,3.11244,-42.47852,-31.74133,-2.26988,31.85630,28.62305,comp
20.13736,-1.28928,-9.73719,-3.23683,36.15930,-14.29381,-98.54102,-32.46350,-3.30503,31.48228,28.67188,comp
20.15349,1.84158,-7.77626,-1.19191,62.09680,-43.34068,-132.57227,-33.19055,-3.64244,31.09214,28.63672,comp
20.17722,-1.79905,-6.86561,-3.22902,73.56555,-71.85631,-110.04102,-33.90588,-4.31724,29.89585,28.67969,comp
20.19324,-4.67014,-6.39515,-5.34621,133.97180,-48.65318,-108.44824,-33.16370,-5.01451,29.50107,28.65430,comp
20.21723,-7.09592,-6.44737,-6.45168,165.97180,1.47182,-97.72949,-33.89417,-4.29966,28.68613,28.63281,comp
20.23325,-6.65916,-5.61485,-7.18654,241.34680,69.90932,-65.10449,-36.41956,-7.74498,27.15977,28.65430,comp
20.25726,-7.34128,-5.70030,-3.98732,304.94055,149.34682,-57.07324,-37.10022,-7.66282,21.92148,28.65234,comp
20.27324,-4.11863,-12.44639,-0.14552,378.25305,244.15932,-82.99512,-38.88538,-9.69407,18.74766,28.61719,comp
20.29719,2.53762,-13.46202,3.95213,320.09680,286.28432,-82.39355,-42.05530,-12.64915,7.94297,28.63086,comp
20.31355,2.36758,-8.68858,4.00606,258.53430,227.03432,0.35645,-41.63660,-12.93016,3.10312,28.58984,comp
20.33717,-2.87852,-7.75499,4.00449,267.20618,205.51869,52.70020,-43.45593,-13.60203,2.32529,28.63086,comp
20.35403,-3.33677,-7.36127,5.90283,306.15732,239.79300,56.32694,-43.04003,-11.76921,-4.14816,28.65430,full
20.38004,-3.31858,-7.52496,7.51026,316.11044,247.94925,70.49100,-43.35986,-11.69560,-8.98019,28.64062,comp
20.39321,-1.76877,-7.89044,9.45459,310.43076,233.81644,81.72538,-41.84228,-8.80888,-16.29659,28.64648,comp
20.41765,-3.04026,-9.42169,9.92407,268.96201,224.26175,85.97147,-40.00048,-6.34013,-19.17745,28.65625,comp
20.43319,-3.04866,-7.45392,7.83618,207.08701,208.80862,69.54960,-38.88036,-2.78740,-24.08370,28.65234,comp
20.45753,-2.66732,-5.35822,6.79517,193.29013,181.76175,74.19804,-36.67333,0.02901,-26.97042,28.67188,comp
20.47317,-3.18148,-5.08161,7.39624,183.54013,162.12112,75.18974,-34.82275,2.16182,-30.66183,28.63086,comp
20.49711,-2.75789,-5.21198,6.74097,177.57529,140.76175,64.43192,-33.35790,4.25948,-31.90987,28.60547,comp
20.52955,-3.15462,-7.00202,8.14820,143.82529,117.51175,43.61942,-31.16845,6.69698,-32.78097,28.62109,comp
20.53765,-4.03841,-6.27936,6.88257,121.63779,69.79300,4.24442,-28.95947,7.75069,-34.43331,28.60352,comp
20.55326,-6.27864,-4.47077,5.89331,86.76279,71.18753,-8.66183,-28.60424,8.08541,-33.63937,28.65039,comp
20.57773,-7.34407,-1.23444,1.31519,95.36435,86.62503,2.38505,-26.38940,8.44014,-35.27316,28.61719,comp
20.59312,-8.84993,-1.44110,3.43433,150.95810,94.55862,43.32255,-24.56518,11.23506,-36.54562,28.66992,comp
20.61724,-8.09261,-2.64520,6.27222,183.95810,95.53519,50.21708,-23.79467,11.28200,-40.17843,28.58203,comp
20.63316,-5.96370,-2.68292,8.18921,209.70810,74.61331,44.05302,-20.51928,14.04177,-39.85763,28.66211,comp
20.65716,-1.32698,-1.00519,13.03687,199.27841,-1.32419,64.91239,-17.21459,13.66725,-39.88162,28.60547,comp
20.68131,-2.44808,-0.70758,10.71656,195.67880,-84.38669,115.31864,-13.88842,13.32155,-41.91677,28.65820,comp
20.69724,-8.19417,-1.58746,8.45874,217.39755,-144.60544,117.88114,-11.29858,12.98366,-43.96169,28.66992,comp
20.72136,-8.77474,-0.35504,7.52417,224.65927,-174.32419,87.42802,-6.15405,10.13600,-42.76540,28.60742,comp
20.73730,-7.80989,-0.89704,9.86792,232.89365,-213.98044,59.47489,-2.85131,7.99538,-41.16189,28.60547,comp
20.76116,-4.76888,-0.27985,9.93201,256.62802,-245.16794,49.34989,1.24635,3.47194,-43.94900,28.62305,comp
20.77757,-6.91146,-1.50250,9.21570,265.96396,-246.81540,41.54130,3.47095,-0.39525,-43.09939,28.62109,comp
20.80153,-6.34652,-0.90485,9.58167,262.36630,-253.22165,26.71317,8.98658,-3.94993,-41.48708,28.59375,comp
20.81710,-10.21761,-1.80621,7.30628,216.36630,-257.85837,-12.06808,13.01002,-7.17454,-37.85037,28.60156,comp
20.84114,-4.79183,0.08832,5.77210,167.61630,-226.37399,-65.22433,15.96314,-11.05345,-36.61794,28.62109,comp
20.85720,0.22380,4.64691,9.54944,149.13193,-211.48337,-77.79464,18.14088,-12.86790,-32.97927,28.63477,comp
20.88118,3.93278,6.54046,10.93030,138.63974,-244.48337,0.64286,19.59400,-14.66478,-30.14138,28.60352,comp
20.89709,-1.27034,4.80316,7.58850,121.98349,-256.38181,68.95536,20.33472,-16.07200,-29.72341,28.60742,comp
20.92111,-2.26497,3.73871,8.76331,132.29599,-265.17087,63.22880,20.70606,-21.71654,-25.60622,28.63867,comp
20.93719,-0.12630,6.27386,6.31214,108.31161,-247.78024,48.82255,21.77735,-23.17943,-21.56716,28.64844,comp
20.96128,2.99260,5.51278,7.09824,142.77768,-250.12724,36.65742,21.43256,-26.00578,-19.10319,28.58789,full
20.97824,4.33244,4.78036,8.54062,127.30112,-264.34599,21.35274,22.13226,-27.82707,-14.24772,28.61719,comp
21.00121,6.26408,6.21590,8.49588,100.31674,-271.54912,22.80489,21.37054,-28.92082,-10.59342,28.60742,comp
21.01755,3.67228,6.01168,6.55936,90.00424,-273.38213,40.07051,22.05170,-30.41692,-4.12858,28.59766,comp
21.04121,1.92228,8.18941,4.66385,79.57455,-240.56963,6.66426,22.77631,-31.84758,-2.09733,28.57031,comp
21.05713,7.71135,8.28658,2.16190,83.03940,-241.83916,46.94551,23.12836,-31.51946,-0.89616,28.63477,comp
21.08442,4.90275,5.75142,1.64481,82.19467,-240.82353,104.82051,20.12836,-31.94621,5.99447,28.58398,comp
21.09715,3.88811,5.07906,1.98611,38.44467,-196.26103,112.38301,18.99261,-31.63640,9.22884,28.57422,comp
21.12126,6.22795,5.85250,1.19022,8.30405,-148.69853,90.08614,17.87933,-31.99968,10.85189,28.62109,comp
21.13712,6.71574,7.60152,2.15067,-5.16470,-116.82353,88.93575,16.39789,-32.71599,12.89681,28.62109,comp
21.16119,7.71330,7.09127,2.14976,32.11655,-107.62041,58.46700,16.39512,-32.36638,12.88590,28.63281,comp
21.17736,10.56682,8.12154,1.90684,10.27280,-120.36259,110.84200,16.00694,-32.74846,15.31950,28.59570,comp
21.20119,5.37932,5.66060,-0.99745,-24.69595,-103.26884,180.46700,12.68272,-32.04924,16.95524,28.64844,comp
21.21704,5.57768,5.19063,-0.56532,-46.03970,-42.51884,174.31465,10.85948,-32.37200,16.17008,28.60938,comp
21.24118,6.64409,5.30916,-1.16054,-138.53970,32.29366,217.06465,9.01280,-33.43547,18.23063,28.59570,comp
21.25714,8.21538,6.28963,-1.96181,-150.49283,88.54366,247.26778,6.10850,-35.13274,16.66520,28.61328,comp
21.28164,14.96147,10.00252,7.69444,-119.08658,83.32881,277.84590,3.19444,-35.78459,15.09293,28.54297,comp
21.29720,9.98491,3.47518,4.37413,-132.01627,54.21944,295.22090,0.63780,-35.74739,13.90934,28.63672,comp
21.32136,4.53959,-2.21623,-0.29775,-119.00064,75.75069,203.34590,-1.91884,-36.76888,13.55167,28.61328,comp
21.33720,10.35600,-4.66935,2.90538,-76.09439,106.50069,83.47090,-3.38271,-36.75182,13.16349,28.60156,comp
21.36117,8.50249,1.11190,0.68468,-59.92252,126.14131,41.25215,-4.10097,-36.01793,11.13810,28.58398,comp
21.37840,11.74663,0.36532,5.43468,66.20248,114.40694,-115.99785,-4.43007,-37.72496,8.75333,28.61133,comp
21.40119,13.83452,0.61312,9.08116,51.23373,21.28194,-70.90410,-2.57851,-37.36022,6.71232,28.59961,comp
21.41715,8.06499,0.86336,5.33897,-6.20377,-24.21806,-27.56035,-2.21914,-37.02086,7.11002,28.58008,comp
21.44122,6.82670,0.55453,2.86632,-13.77017,-23.85210,-36.09941,-1.49013,-36.32799,7.08767,28.59570,comp
21.45719,9.81499,2.82796,6.97178,16.62045,-30.80913,-76.78691,0.33506,-37.76744,9.10720,28.61719,comp
21.48131,11.63530,3.28231,7.01677,21.19467,-77.77788,-74.59160,1.42295,-36.73522,9.48244,28.58789,comp
21.49712,11.36503,2.48446,5.34489,31.26498,-132.80913,-46.46660,1.77085,-36.41271,11.08596,28.57617,comp
21.53783,11.93290,1.86043,5.85466,28.51889,-179.68413,-23.70097,1.75326,-35.73253,12.28420,28.60352,comp
21.54541,8.00126,4.51278,3.71989,15.82358,-185.54350,-3.87285,0.99447,-35.05773,14.29006,28.61719,comp
21.56203,7.62159,4.38167,-0.36098,60.38638,-170.72227,-36.46422,2.41933,-35.13062,18.32387,28.60156,full
21.58554,6.48487,3.26058,-1.50453,141.07388,-165.53477,-68.13609,2.01382,-33.77319,21.11879,28.59570,comp
21.60175,2.74268,0.43246,-3.06020,160.35513,-126.31602,-104.44859,1.99438,-32.38940,21.90639,28.60352,comp
21.62521,3.08179,2.08871,-3.84193,165.96841,-79.53477,-170.51109,1.96328,-32.08203,24.72670,28.58789,comp
21.64140,5.25562,0.83089,-0.32631,196.65591,-41.94102,-257.07359,4.52187,-31.41016,25.09682,28.65430,comp
21.66529,8.16187,-1.79606,-0.99770,154.49966,-31.56602,-298.19859,6.71523,-30.37988,25.05339,28.61523,comp
21.68106,10.10035,4.09066,2.73473,95.37466,-51.45665,-293.07359,7.78262,-29.37695,27.44793,28.57617,comp
21.70538,5.36207,7.24300,-3.09731,77.79653,-73.17540,-274.52672,12.15762,-27.32812,28.16619,28.59766,comp
21.72114,3.86304,8.00667,-2.89088,147.73403,-71.71153,-364.83922,13.23867,-24.89453,28.12093,28.56836,comp
21.74515,5.21851,9.21859,-2.75514,186.67153,-73.05333,-424.87047,15.75625,-21.80859,30.46859,28.57812,comp
21.76162,5.61085,8.41634,-3.10182,150.98403,-73.66368,-371.05797,17.55410,-19.75977,32.43245,28.59766,comp
21.78522,4.07178,10.24447,-3.51881,97.76528,-86.71837,-248.30797,19.34707,-16.65625,33.97054,28.56055,comp
21.80160,-1.88525,9.76961,-8.15553,114.96841,-70.43712,-232.55797,18.95522,-13.51367,33.92452,28.62305,comp
21.82515,-1.78777,6.55086,-6.38210,175.31216,-53.78087,-296.93297,18.91009,-10.40234,35.89620,28.62109,comp
21.84123,-1.05291,9.35555,-4.67604,158.96841,-38.40587,-306.33141,18.52557,-9.71973,37.08663,28.58984,comp
21.86526,0.28303,11.27743,-4.33498,114.15591,-34.98985,-214.83141,17.74822,-6.24902,38.65694,28.63867,comp
21.88132,-5.52947,12.67293,-8.31154,89.29653,-20.47423,-112.89391,15.88885,-4.15332,39.44844,28.58398,comp
21.90523,-5.55386,5.57918,-8.11562,146.48403,1.11952,-161.67516,15.51141,-3.81396,40.23360,28.61523,comp
21.92125,-4.14858,6.48983,-6.22304,112.70278,16.18983,-196.83141,13.29461,-2.76221,41.06466,28.60938,comp
21.94527,1.19517,6.29513,-5.72572,116.31216,16.02431,-208.81578,12.90984,-1.02100,41.44381,28.63281,comp
21.96118,0.26109,8.22872,-5.18861,85.32778,-18.66319,-152.28453,11.42547,-1.38843,43.46529,28.62695,comp
21.98528,-2.97329,6.65548,-9.09682,111.81216,-42.81944,-161.20641,11.06902,-0.66431,41.85299,28.62500,comp
22.00592,-3.52016,5.68282,-7.23940,142.35903,-53.69444,-196.95641,8.48113,0.73901,42.66988,28.63477,comp
22.02519,-2.43325,5.40182,-7.05348,141.94204,-64.24913,-221.92516,6.61980,2.12476,44.28609,28.59766,comp
22.04123,-4.02895,3.84615,-7.59303,127.58266,-69.89757,-191.64391,4.77410,3.53394,44.28276,28.59961,comp
22.06524,-5.20083,2.68307,-7.43495,124.19595,-69.13438,-180.11266,1.09051,5.30640,44.29960,28.65039,comp
22.08937,-7.29458,2.29342,-9.40565,117.16470,-58.29845,-139.86266,-0.39289,6.35229,45.09745,28.58789,comp
22.10829,-5.39614,1.33980,-6.78456,129.61001,-54.24376,-128.45641,-2.58820,7.08472,43.90702,28.59961,comp
22.12939,-7.42739,2.75680,-8.22890,104.42251,-56.79845,-84.64391,-3.69562,7.43652,44.32280,28.60938,comp
22.14510,-7.87612,0.38961,-8.07924,137.45376,-68.67345,-115.12828,-5.90070,8.50488,43.91166,28.58789,comp
22.16930,-4.92971,2.42633,-6.19992,141.00575,-82.60057,-129.01147,-7.37935,9.92769,43.93377,28.58984,full
22.18524,-6.37405,-0.48578,-8.55539,139.12099,-80.04002,-107.79272,-9.57857,9.94255,43.92196,28.59961,comp
22.21076,-9.39944,-0.86664,-8.93307,127.37880,-58.83690,-100.19507,-13.60591,10.68962,42.75692,28.59375,comp
22.22505,-5.98538,-0.61896,-6.96432,141.21474,-51.42674,-91.75757,-14.70064,11.05827,41.94979,28.62109,comp
22.25009,-5.44827,-1.19318,-6.22165,116.63661,-49.75291,-70.00757,-17.26118,11.08998,41.17635,28.59766,comp
22.26516,-6.20364,-0.43927,-7.19968,139.94911,-60.82323,-47.27319,-16.89180,11.79652,40.35506,28.63867,comp
22.28923,-6.38626,-3.07013,-5.16452,119.96474,-45.68260,-33.41382,-20.18086,11.83931,39.17928,28.56836,comp
22.30549,-7.09964,-1.36213,-4.76218,78.05849,-18.76073,1.42993,-21.65938,12.18745,39.99520,28.62305,comp
22.32926,-6.85366,-3.65119,-5.98581,39.58974,-2.30760,22.22681,-22.03364,12.53364,40.40291,28.60352,comp
22.34522,-4.90933,-0.86603,-6.41013,80.24599,-15.51854,36.96899,-23.48384,13.62544,37.97127,28.60547,comp
22.36946,-7.01284,-2.79963,-5.84030,106.54286,-29.10448,57.53149,-24.19429,13.66685,35.56697,28.61133,comp
22.38511,-8.27554,-3.54963,-6.19260,127.40224,-30.00633,48.57056,-24.94722,15.05650,36.35848,28.58203,comp
22.41600,-8.82534,-2.56330,-3.94650,93.40224,8.99367,64.23462,-26.40523,14.73155,35.58406,28.58008,comp
22.42551,-11.01870,-4.66291,-5.54806,41.99599,71.36867,100.82837,-27.11861,15.11363,33.54891,28.63672,comp
22.44928,-9.79409,-3.26447,-5.69565,26.53505,119.30617,107.65259,-26.41792,16.47496,35.54598,28.60742,comp
22.46528,-6.62613,-2.59894,-5.25912,32.67958,103.68898,103.73267,-25.67671,15.42320,35.56080,28.61523,comp
22.48941,-5.86685,-4.27472,-5.65170,66.24208,43.09523,66.67017,-26.03877,15.43139,35.15577,28.58008,comp
22.50546,-5.87289,-3.14582,-5.61093,100.36708,-22.71727,9.98267,-26.04072,16.49096,34.34425,28.63867,comp
22.53769,-7.51547,-2.78669,-4.70126,86.57021,-1.06102,29.67017,-28.59150,16.18628,32.77394,28.60742,comp
22.55327,-10.83578,-2.45197,-6.77158,20.69521,81.62648,72.29517,-27.12861,16.51660,33.14039,28.65234,comp
22.56926,-10.85224,-4.36603,-6.82452,7.65614,136.15773,87.05298,-27.49873,16.51298,33.54176,28.61523,comp
22.59331,-7.45966,-3.72443,-5.05206,-17.03136,166.50148,86.78906,-27.15034,15.77714,35.96754,28.59766,comp
22.60940,-5.73994,-4.59211,-6.20050,-23.04308,143.56398,56.82031,-27.13078,14.74882,34.78004,28.64062,comp
22.63323,-0.14619,-3.30500,-5.47589,3.30067,58.31398,-8.86719,-25.67277,14.01591,36.38258,28.59766,comp
22.64918,-1.83076,-3.09345,-7.06085,16.70692,-14.49852,-11.00977,-26.75675,12.98954,35.60426,28.58984,comp
22.67328,-4.65107,-3.84687,-8.50616,29.92567,-85.62352,-73.19727,-26.75716,13.34525,35.20704,28.64453,comp
22.68910,-5.19941,-1.45820,-9.56964,71.95692,-168.62352,-147.75977,-27.84505,13.37086,34.00294,28.61914,comp
22.71337,-4.93794,-4.31952,-6.72589,125.80067,-258.31102,-220.88477,-28.56380,13.74805,32.38185,28.59961,comp
22.72922,-6.04829,-4.53437,-4.35284,130.88661,-309.31102,-253.72852,-32.55013,14.55225,27.16310,28.59766,comp
22.75337,-6.00541,-4.73896,-5.15851,128.67567,-309.36293,-248.19727,-33.25081,13.90186,24.36622,28.58008,comp
22.76919,-8.82825,-7.27728,-2.36008,158.16504,-285.52942,-205.04359,-35.82344,14.63796,23.16286,28.59570,full
22.79336,-9.12390,-9.02630,0.75906,113.35254,-229.99817,-179.63734,-37.97774,12.95730,19.98513,28.58789,comp
22.80914,-8.12585,-6.28607,-0.90696,85.05566,-160.99817,-121.51234,-38.66426,11.62038,16.38747,28.62109,comp
22.83329,-13.14538,-9.93841,0.89089,54.36816,-67.31067,-63.04359,-39.40547,12.32449,16.39027,28.62695,comp
22.84921,-7.21960,-7.57318,-0.13645,23.43066,-42.10754,-83.12172,-40.47285,10.96609,14.40199,28.59766,comp
22.87336,-5.23816,-6.59906,-0.95969,5.86816,-5.13879,-32.96547,-39.74434,10.95506,14.80043,28.64258,comp
22.88913,-6.76062,-7.35247,-1.40842,-8.95996,28.95496,3.28453,-40.47237,9.90818,15.22450,28.57227,comp
22.91396,-6.31238,-4.78607,-3.78342,-13.41309,47.07996,-13.73109,-40.82491,8.87693,14.44471,28.62891,comp
22.93754,-2.21863,-4.24017,-2.19749,40.02441,12.73621,-20.01625,-40.81793,8.88912,13.64149,28.62305,comp
22.95341,-6.98035,-4.85589,-3.39085,41.24512,19.93542,2.01500,-40.82963,9.21920,14.83680,28.60352,comp
22.97778,-7.14624,-7.28753,-0.86936,53.26855,32.20105,-2.74281,-41.55619,9.23698,14.04139,28.61719,comp
22.99317,-10.46655,-6.39007,-1.43235,22.75293,89.79480,22.21031,-41.92118,8.89127,14.05353,28.57617,comp
23.01752,-8.64819,-9.02484,1.53054,-3.79395,119.15417,20.38023,-41.18876,8.53092,14.45465,28.58203,comp
23.03326,-5.06421,-6.45257,0.57644,-1.90430,87.91980,-20.55727,-41.19452,8.87345,14.84919,28.58594,comp
23.05729,-4.25464,-7.82562,0.93899,6.09180,37.95105,-53.68227,-41.55682,8.17912,14.86696,28.63867,comp
23.07376,-3.35376,-6.02972,-0.36668,31.40430,-2.14270,-52.28578,-41.16693,6.44279,14.08181,28.58984,comp
23.09723,-5.34888,-8.89495,-0.45249,43.12305,-22.51770,-64.84828,-42.25970,6.10783,13.69289,28.57617,comp
23.11314,-2.80981,-7.93109,0.35561,37.20508,-42.28333,-68.93813,-41.87762,4.71525,13.30837,28.58594,comp
23.13731,-3.87524,-6.83148,-2.63853,50.92383,-34.77942,-38.61000,-41.87102,5.78556,11.68239,28.62305,comp
23.15335,-4.18140,-8.56585,-0.79575,65.33008,-68.62317,-68.98500,-42.21331,3.35197,11.31936,28.57227,comp
23.17728,-4.06744,-6.67913,-3.07310,68.99023,-85.65442,-62.77016,-43.30901,3.36591,10.92531,28.63477,comp
23.19314,-4.99664,-10.63616,-0.21958,83.45117,-86.20276,-60.08266,-42.93474,2.67207,10.53444,28.56445,comp
23.21722,-3.92145,-10.14544,0.19302,53.43555,-81.26526,-49.47328,-42.90650,1.30000,8.94265,28.57422,comp
23.23466,-3.82715,-8.49798,-1.24351,57.69336,-77.41760,-46.17250,-43.27881,2.00068,8.93534,28.63477,comp
23.25765,-4.21631,-10.50384,1.23110,62.88477,-69.73010,-25.92250,-42.88672,0.98212,6.93925,28.58789,comp
23.27324,-5.10693,-9.71527,1.13473,34.27539,-46.49573,11.04625,-42.50855,1.34541,5.71757,28.58008,comp
23.29722,-11.39990,-12.25628,1.61031,18.75977,7.75427,42.67125,-42.87940,1.34230,6.12431,28.58789,comp
23.31370,-6.09912,-12.84954,5.30953,-14.52148,2.33630,-4.64125,-43.25586,1.68190,6.92655,28.58594,comp
23.33726,-2.45264,-10.19720,2.76266,-41.39648,11.52380,21.49937,-42.52832,1.67101,7.32597,28.61719,comp
23.35331,-3.09228,-12.95306,6.77438,-79.99023,51.96130,105.12437,-43.26319,3.08312,6.50175,28.57227,comp
23.37727,-12.07295,-10.40800,-0.97851,-194.85466,149.64659,201.90567,-42.94776,5.47757,9.27969,28.60938,full
23.39353,-9.46944,-11.99590,-0.16747,-216.32341,205.11534,142.40567,-41.54444,7.84281,13.65860,28.61523,comp
23.41725,-6.21944,-8.59160,0.63038,-280.51091,271.24034,157.48380,-41.56952,7.80783,16.08047,28.62305,comp
23.43968,-0.48897,-5.78691,-0.79833,-307.18279,288.14659,161.76505,-39.43671,9.45236,21.66641,28.55664,comp
23.45759,1.06474,-2.13652,-4.55615,-291.46404,231.92784,169.20255,-36.93476,10.04221,27.67422,28.57812,comp
23.47317,-4.25948,-4.41972,-3.92040,-197.96404,155.74034,137.71817,-34.01484,9.29318,29.67422,28.63672,comp
23.49740,-2.93721,-4.41008,-5.79736,-143.02654,100.64659,53.34317,-32.93671,8.89353,32.47305,28.61133,comp
23.51320,-3.97432,-1.74211,-4.74169,-71.21404,63.92784,44.03848,-31.13105,8.83872,35.27969,28.58008,comp
23.54535,-3.99350,-4.66008,-3.57079,-24.33904,27.36534,17.89786,-30.39325,8.83903,34.86929,28.58789,comp
23.55370,-3.70102,-2.50578,-2.99316,-12.83122,-14.79091,-8.24277,-30.03315,9.17912,35.26309,28.60156,comp
23.57726,-2.76791,-3.02971,-3.20519,24.66878,-69.94716,-36.47714,-30.01313,9.20858,33.24942,28.57617,comp
23.59316,-3.04819,-2.88872,-1.89465,28.09065,-108.44716,-42.54355,-31.11860,10.27010,32.84659,28.55469,comp
23.61730,-3.96762,-0.56841,-3.45910,24.21565,-106.58974,-3.76230,-30.76459,10.95272,33.63223,28.58008,comp
23.63331,-9.33871,-2.87505,-4.62219,21.14729,-72.12099,40.26895,-31.48822,10.62167,32.84463,28.62109,comp
23.65725,-11.20102,-5.32036,-3.39855,8.35823,-40.82411,42.30020,-30.77924,13.40096,33.18497,28.55664,comp
23.67312,-9.52621,-5.10307,-2.78088,-26.36052,-12.12099,35.86661,-30.40522,13.06283,32.40225,28.58984,comp
23.69727,-5.87387,-4.93791,-2.01183,-72.17302,21.44151,70.89786,-29.31342,13.74593,32.77774,28.56445,comp
23.71337,-6.01730,-0.90276,-5.92004,-120.42302,47.67589,129.30411,-28.22943,13.71398,34.37832,28.58594,comp
23.73755,-12.57590,-0.98552,-9.47277,-100.28239,69.20714,115.32755,-26.41986,15.78039,35.13272,28.55469,comp
23.75335,-8.31418,-4.20427,-6.94152,-27.78239,34.01964,-2.54745,-24.94916,14.36144,35.94620,28.60547,comp
23.77736,-2.22433,-0.56364,-8.60266,-49.07927,28.89464,6.72598,-25.68012,14.72082,35.53360,28.56055,comp
23.79312,-7.99777,1.43440,-11.71008,9.45198,13.02745,19.90567,-25.69535,13.99426,37.56485,28.56445,comp
23.81738,-5.75949,-2.57732,-8.42297,91.13948,-37.44130,-46.78183,-24.94487,14.01179,35.93985,28.60352,comp
23.83319,-2.85519,-5.83122,-4.82336,130.48323,-101.75380,-91.31308,-26.76225,13.34626,34.76700,28.58789,comp
23.85733,-4.64523,-6.83025,-1.42492,90.04573,-143.72255,-107.78183,-28.57866,14.09382,32.36270,28.59570,comp
23.87315,-4.51083,-4.32243,-3.59484,51.48323,-168.48817,-120.96152,-29.31498,14.44831,32.36468,28.57227,comp
23.89719,-6.91122,-3.87859,-3.43920,64.78011,-173.37099,-92.28964,-30.02055,14.49516,29.55023,28.57422,comp
23.91331,-12.54013,-8.54655,-1.46362,47.45198,-127.62099,-45.66464,-30.01812,15.20463,28.73285,28.57227,comp
23.93777,-14.73740,-7.71208,-2.28100,-21.42302,-60.74599,-30.40683,-30.74712,14.86039,28.73623,28.61914,comp
23.95299,-11.92294,-7.34978,-2.76391,-56.32927,-25.37099,-64.18808,-31.85748,15.56107,29.14419,28.58594,comp
23.97720,-7.66542,-6.28638,-1.61786,-91.85978,9.60424,-42.53773,-31.49003,14.50522,29.98115,28.61523,full
24.00127,-6.81044,-4.92603,-3.10028,-120.00040,34.38549,-6.47523,-30.00566,13.45933,29.17158,28.57617,comp
24.01757,-6.11268,-3.12915,-4.60028,-154.62540,48.84642,21.58727,-28.56230,13.41282,31.57392,28.55273,comp
24.04150,-8.22401,-1.96216,-6.11688,-179.75040,75.40892,52.00915,-27.46855,13.03660,32.76142,28.61523,comp
24.05721,-7.30116,-2.94068,-7.21649,-156.34415,79.98705,43.22790,-26.73125,11.97898,33.17890,28.58008,comp
24.08123,-4.37928,-1.00025,-7.80096,-106.78165,72.24486,36.51305,-24.19414,11.91904,35.98554,28.55273,comp
24.09719,-3.78553,-2.39380,-6.78631,-68.90665,59.80736,58.05993,-22.75761,10.45420,40.04023,28.56055,comp
24.12118,-5.13612,-3.89478,-5.79559,-43.48478,47.94017,65.84899,-22.00224,10.47730,38.00507,28.53906,comp
24.13729,-6.57167,-2.63794,-8.11004,-27.99259,23.75267,41.23962,-20.89091,10.83472,36.76679,28.60352,comp
24.16139,-7.26796,-2.72846,-7.42840,22.25741,-1.84108,17.33337,-21.27519,10.81475,38.39472,28.57227,comp
24.17722,-6.64051,-4.28314,-6.47723,52.44491,-8.10280,3.15368,-21.64873,11.16045,38.79609,28.55469,comp
24.20160,-8.83778,-3.88593,-6.44966,51.19296,0.21752,1.16442,-21.26835,11.17453,37.57148,28.58008,comp
24.21722,-8.13856,-3.68146,-7.08735,50.08260,23.20189,-9.29652,-22.36894,11.18290,37.58276,28.53125,comp
24.24126,-7.85536,-4.89630,-5.25142,24.19198,53.74877,3.02380,-22.73540,11.54081,37.18383,28.54688,comp
24.25718,-8.21815,-3.75861,-6.19819,-22.77677,63.30345,-7.18714,-23.81743,10.16581,36.41674,28.55664,comp
24.28113,-6.89491,-3.78116,-10.13960,-8.56583,54.35033,6.42223,-22.35063,8.74100,37.62670,28.55273,comp
24.29727,-6.32313,-3.52457,-5.79194,20.21542,22.77220,-28.73402,-23.08012,8.75248,37.23119,28.58008,comp
24.32136,-6.02674,-2.79703,-8.46968,14.74667,8.69408,-35.77699,-23.09158,8.38700,38.46459,28.57617,comp
24.33709,-5.20741,-3.06729,-6.11421,37.43417,-1.14967,-17.82386,-24.52420,6.32841,36.88842,28.53125,comp
24.36135,-7.59217,-4.35831,-6.60444,0.74667,18.31908,6.58239,-24.16092,7.37723,36.45898,28.58984,comp
24.37717,-8.01258,-3.84024,-7.11079,-8.62052,18.12169,-4.48792,-24.53103,7.37379,36.85986,28.59766,comp
24.40120,-6.95790,-3.66849,-6.51851,6.38729,5.01232,-17.93324,-23.40896,5.63257,36.07030,28.59375,comp
24.41756,-5.53309,-3.56821,-6.48488,10.99276,-15.94081,-31.57386,-23.78616,6.32740,36.47192,28.62891,comp
24.44129,-4.72743,-3.34848,-5.89796,-6.49162,-9.05409,-19.23011,-24.51517,6.33854,36.07055,28.57422,comp
24.45725,-5.81727,-1.46665,-10.30421,1.01229,14.58654,5.67614,-23.79007,6.32150,36.87475,28.56055,comp
24.48155,-7.26063,-5.72836,-3.19093,55.98104,5.31310,7.53356,-24.88089,5.63791,36.49413,28.55664,comp
24.49719,-8.45985,-3.56626,-5.31593,32.30917,40.34435,43.15856,-25.23880,5.65217,35.68603,28.60352,comp
24.52115,-6.35438,-4.42856,-6.23927,-18.59708,0.28185,-56.84144,-24.87723,4.58577,36.91943,28.55664,comp
24.55479,-2.54188,-4.57346,-7.55665,-33.15958,-11.50721,-66.55238,-24.15652,4.56280,38.12743,28.54297,comp
24.56135,-12.84657,-4.59261,-10.94142,67.90292,21.11779,-38.66175,-24.16021,4.20148,38.92675,28.53711,comp
24.57740,-4.78000,-3.88956,-3.37015,80.34529,48.88224,-77.84628,-25.25706,3.85809,38.96088,28.56250,full
24.60138,-5.12228,-4.00742,-5.34378,80.60823,3.41349,-57.75253,-25.96555,2.84051,37.36615,28.58594,comp
24.62516,-4.13791,-3.78488,-5.00662,80.52834,-1.40682,-49.11190,-26.70188,2.49188,37.79437,28.55078,comp
24.64131,-5.11740,-4.36057,-4.96704,75.58693,-8.05917,-38.36971,-27.77317,1.48309,35.80023,28.54102,comp
24.66524,-5.50656,-5.65744,-7.17603,52.94630,1.94865,-38.49172,-28.87766,1.84076,35.81749,28.54883,comp
24.68410,-4.82150,-6.90061,-6.81714,74.60255,10.48771,-42.15188,-29.56712,0.49798,32.61632,28.59375,comp
24.70526,-3.76291,-6.15744,-4.65894,76.25002,20.97990,-36.17141,-30.65989,0.86639,31.79991,28.56250,comp
24.72121,-6.25119,-5.79245,-6.40991,71.06252,42.63615,-29.70266,-31.73899,0.20037,30.21007,28.55078,comp
24.74575,-5.24240,-6.12644,-5.95386,68.50002,74.60490,-34.21828,-33.18723,-1.17267,29.44102,28.59570,comp
24.76142,-5.49826,-7.35104,-6.38965,88.93752,97.66740,-39.34328,-33.88840,-1.82355,26.64220,28.55664,comp
24.78519,-4.09201,-5.99265,-5.41846,122.84377,115.29240,-55.45266,-35.33958,-2.84699,25.86778,28.56836,comp
24.80127,-3.40842,-5.58298,-3.44580,100.32814,122.85880,-31.53078,-35.68015,-5.63019,25.51256,28.55859,comp
24.82524,-3.91623,-7.40427,-4.20313,60.23439,129.20255,-8.71828,-36.03806,-5.61574,24.70592,28.57031,comp
24.84125,-5.15060,-9.36228,-4.99463,26.67189,152.45255,-15.24563,-34.55076,-7.36574,24.30699,28.54492,comp
24.86546,-7.46701,-7.41306,-3.77588,-65.51561,193.95255,4.03562,-34.18284,-9.13039,25.54430,28.55469,comp
24.88111,0.36111,-7.68039,-7.48291,-87.48436,156.26505,3.42625,-34.17475,-10.88039,25.98375,28.58984,comp
24.90548,-3.23264,-5.81809,-6.59668,-69.90623,127.70255,48.98875,-34.52949,-10.51125,24.76012,28.57812,comp
24.92110,-2.62277,-6.07663,-7.64648,-115.18748,151.49943,44.65672,-33.06953,-11.23781,25.96910,28.58008,comp
24.94529,-2.63979,-6.79343,-8.64111,-114.15038,166.39005,71.87547,-32.69990,-11.58937,25.97087,28.61328,comp
24.96172,-1.71107,-5.49069,-7.18018,-110.85545,177.31193,76.75828,-31.97871,-12.67141,28.00017,28.57031,comp
24.98517,0.60338,-4.14694,-5.60498,-111.34349,134.06193,76.81931,-31.59174,-12.64472,25.98064,28.57812,comp
25.00129,0.38304,-6.15866,-6.79541,-145.81224,98.43693,58.75681,-30.13081,-12.31293,26.35857,28.57617,comp
25.02524,1.64378,-1.94772,-5.82764,-156.79662,78.96818,51.79978,-30.88715,-13.40082,29.60271,28.53906,comp
25.04125,-2.23317,-4.47507,-10.74951,-231.35912,49.06193,83.64353,-29.06196,-12.36860,29.57222,28.54492,comp
25.06541,-1.46803,-2.74558,-8.76904,-235.70677,54.49162,106.45603,-27.61762,-13.11860,32.38863,28.53516,comp
25.08109,0.30638,-1.96677,-9.32910,-241.67943,36.38224,100.17478,-24.71333,-12.47846,34.76558,28.58789,comp
25.10524,0.70677,-0.96286,-9.04199,-228.57787,8.50724,90.72947,-22.52192,-11.80317,35.13497,28.58594,comp
25.12152,-0.96803,-0.03757,-9.29199,-246.92162,-1.14901,80.22947,-18.51411,-11.52045,37.50606,28.55273,comp
25.14520,-1.83766,-0.20346,-11.41309,-275.70287,11.56193,65.18259,-16.34223,-10.16498,39.08614,28.52344,comp
25.16120,-0.69899,-0.02365,-10.59619,-252.34349,31.59318,24.40134,-14.51215,-10.53974,39.86641,28.59180,comp
25.18538,0.45239,0.77947,-11.07921,-235.30728,44.21842,11.75820,-11.20983,-10.93019,40.64443,28.60938,full
25.20131,1.05737,1.64080,-10.96880,-213.32291,39.00357,21.44570,-7.55944,-10.27784,41.81142,28.57617,comp
25.22537,-0.04712,3.44842,-7.16607,-207.68228,29.94889,18.28750,-4.60827,-12.39308,41.81454,28.58984,comp
25.24126,-0.91431,5.23260,-8.66900,-222.45572,1.96451,33.82656,-0.56921,-12.76686,41.38217,28.59961,comp
25.26523,0.79566,6.02898,-9.22905,-204.09634,-0.46127,38.66250,2.72181,-13.51344,42.95834,28.58789,comp
25.28985,1.74097,5.07342,-6.26616,-209.56900,29.14811,30.58438,4.92884,-12.45973,41.32651,28.52930,comp
25.30530,1.48120,4.56756,-7.83257,-196.47525,5.30436,30.42691,6.39564,-12.82569,41.70712,28.57422,comp
25.32922,-1.16919,6.39959,-6.99028,-183.05338,13.17936,12.39566,10.08509,-13.88233,40.47079,28.56445,comp
25.34558,0.14819,7.93670,-7.20318,-183.45743,14.10758,15.79214,10.81995,-13.53321,40.06113,28.60156,comp
25.36938,1.55737,7.68645,-6.09478,-173.20743,6.29898,39.71402,13.01331,-13.56178,40.85117,28.54102,comp
25.38548,0.73023,8.40325,-5.04888,-182.25430,-16.46664,61.01089,14.87464,-14.94752,39.23593,28.59180,comp
25.40960,0.10523,7.88518,-5.40654,-200.83243,-13.85922,55.79605,18.53284,-13.58033,39.17621,28.60156,comp
25.42528,-0.55249,7.92516,-5.44066,-216.48868,0.58609,32.71792,20.40198,-13.89601,35.93793,28.57227,comp
25.44933,-0.30102,9.22008,-4.31566,-220.43985,29.44547,6.95230,23.73011,-15.29347,34.31390,28.62109,comp
25.46567,0.85913,8.19958,-4.24712,-205.01016,32.70719,-14.39145,24.46497,-14.94435,33.90326,28.59375,comp
25.48912,1.01514,8.57921,-6.14263,-176.66641,48.05094,-42.57895,27.05872,-15.27735,31.46381,28.59180,comp
25.50525,-0.53369,8.91320,-2.22661,-132.44766,16.83219,-49.76255,28.55482,-14.89234,28.20795,28.59375,comp
25.52967,-2.08935,9.78185,-3.71880,-125.46719,32.47281,-79.26255,28.94495,-15.21461,26.20404,28.60547,comp
25.55365,-1.10742,10.40832,-2.89751,-98.04532,49.56656,-120.88755,31.52894,-15.21056,24.56537,28.60156,comp
25.56932,-0.84131,11.14660,-0.80571,-57.17032,31.03531,-143.63755,34.09339,-13.82286,23.71478,28.61328,comp
25.58517,-0.56030,9.29406,0.41499,-52.13516,22.04313,-171.46567,34.44373,-12.79064,24.50092,28.58789,comp
25.60926,-0.33020,8.28234,-0.57964,-56.99063,15.44156,-200.59067,34.79725,-9.63634,23.23334,28.58789,comp
25.62542,-1.54211,8.20238,-0.46099,-35.14688,-2.43344,-237.87192,36.62928,-7.88829,21.97357,28.63672,comp
25.64919,-1.63147,9.01439,0.88764,-5.33438,-43.40219,-235.27036,36.24622,-4.37853,20.70892,28.55859,comp
25.66558,-2.07361,8.66015,0.75410,-32.75626,-42.93856,-223.71567,37.67982,-1.97032,22.28314,28.62109,comp
25.68917,-3.76697,7.78026,0.35224,-48.25626,-45.37802,-201.68442,38.00965,1.50429,23.01801,28.58594,comp
25.70524,-4.63562,6.77343,-0.86455,-56.55313,-46.23202,-164.40317,39.45984,4.64491,22.15082,28.59766,comp
25.72968,-5.54822,7.00475,0.84248,-35.92813,-69.60702,-165.62290,38.72108,7.82069,20.09418,28.58789,comp
25.74525,-7.90759,7.98229,0.49140,-39.77188,-70.46151,-179.84165,38.68999,10.59999,20.84857,28.57617,comp
25.76926,-8.65369,6.99352,-0.54668,-60.02188,-46.97714,-187.59165,39.05376,13.06288,19.19720,28.58008,comp
25.78547,-9.63950,7.66943,-0.83370,-29.70161,-35.10222,-210.10922,36.84892,15.87810,19.16944,28.57031,full
25.80939,-8.31723,6.86523,0.41044,-18.77974,-23.93816,-215.17172,37.56181,19.01873,18.71266,28.57617,comp
25.82531,-8.44138,5.74121,1.07938,0.37651,-34.06316,-210.29282,36.05985,22.86248,19.07350,28.57227,comp
25.84959,-8.54282,4.60937,1.39213,-21.95161,-21.61784,-173.38657,34.58915,24.28142,18.26002,28.59961,comp
25.86541,-10.33579,4.78625,-1.13717,-25.43599,11.00716,-133.23032,33.46708,26.02361,19.05348,28.57422,comp
25.88947,-9.77182,5.96985,0.91947,5.12651,32.11653,-149.87094,31.26200,27.44646,18.24049,28.50977,comp
25.90514,-9.93613,6.10034,1.92631,20.69682,34.37825,-154.15219,30.50907,28.83611,19.03199,28.55078,comp
25.92946,-8.28672,4.84448,1.50639,21.98296,26.69466,-147.99203,28.29423,30.24431,19.44288,28.58594,comp
25.94524,-9.43808,2.38550,-0.60885,37.89702,38.82747,-128.77328,27.91044,31.27947,20.22511,28.53711,comp
25.96934,-9.89145,3.02270,-1.37447,71.27202,61.78059,-111.99203,24.96317,31.28489,21.46827,28.61523,comp
25.98570,-11.67368,2.06177,-2.50045,112.42827,96.46809,-97.17172,24.56522,32.65403,23.46534,28.57031,comp
26.00928,-10.10532,1.93817,-0.37740,154.58452,111.44466,-108.67953,23.44608,32.98851,25.08839,28.56445,comp
26.02514,-5.33579,2.29339,0.71537,164.49858,81.85091,-109.49789,18.66093,32.29319,27.57667,28.57227,comp
26.04936,-7.43930,2.05389,0.31083,168.82671,44.66341,-87.98227,15.33085,32.27623,30.42823,28.56055,comp
26.06513,-10.36313,0.06268,-1.39816,152.13921,45.24007,-53.45102,13.47636,32.26069,32.46339,28.53711,comp
26.08939,-15.83188,-0.39166,-4.03292,160.88921,80.95882,-58.88461,10.91972,31.94307,31.68897,28.59375,comp
26.10516,-7.32407,1.00580,-1.22823,151.49077,88.28694,-81.05649,10.18778,31.24482,32.11085,28.55859,comp
26.12917,-5.69907,-0.50690,-2.14376,180.03764,27.75569,-73.48618,6.51591,30.20869,33.37452,28.56250,comp
26.14564,-10.01938,-0.10773,-2.48238,194.04546,2.06819,-42.43930,3.58231,29.52656,33.81324,28.55469,comp
26.16924,-11.33969,-0.49664,-2.68075,183.65483,13.29475,-32.12680,0.27177,30.24336,34.23927,28.55664,comp
26.18526,-11.16465,-0.42279,-2.04452,174.24858,28.23225,-16.87680,-2.65987,30.27157,33.86622,28.58203,comp
26.20952,-9.95468,0.14752,-2.41439,153.74858,34.86507,-17.14780,-4.48898,29.58798,33.89608,28.58984,comp
26.22515,-10.10044,0.76275,0.09928,127.18608,42.45491,-6.90561,-7.04171,28.21786,33.54135,28.60156,comp
26.24947,-10.57773,-1.17963,-3.47689,69.27983,85.89241,45.31314,-6.68575,28.55209,34.33822,28.60547,comp
26.26523,-8.67734,-0.46283,-2.68148,101.06108,58.93929,25.92252,-7.76974,27.52475,33.55404,28.55664,comp
26.28925,-7.55136,-0.61383,-2.56802,83.70171,51.04866,29.39517,-8.14571,28.21859,33.94418,28.62695,comp
26.30527,-8.83945,-1.07477,-2.10806,88.30327,36.47054,51.39517,-8.87228,26.82309,34.37679,28.52539,comp
26.32936,-9.47763,-2.43219,-3.04263,98.86577,11.48616,55.71158,-9.59298,26.14340,33.59457,28.55664,comp
26.34513,-8.93711,-2.72321,-2.29263,103.47905,5.33382,71.22720,-10.32540,26.50375,33.19345,28.54492,comp
26.36962,-8.29160,-1.13043,-1.59878,56.22905,41.24007,96.38345,-11.80392,27.55453,33.58407,28.57227,comp
26.39378,-8.52049,-0.24504,-2.12877,-1.74701,71.28214,131.38223,-10.33095,25.81347,32.80653,28.55078,full
26.40939,-9.07079,1.65730,-2.64537,-48.49701,79.57901,150.78848,-7.78798,26.81640,34.37587,28.58203,comp
26.42570,-10.08543,2.55818,-3.85534,-104.68451,74.57510,149.50723,-5.60439,26.42064,36.36903,28.56250,comp
26.44939,-6.43895,4.40388,-5.10143,-35.30951,50.48135,152.74161,-2.66298,24.99779,36.77601,28.54297,comp
26.46525,-8.81981,2.87166,-3.50475,-65.38764,64.63760,202.05411,-0.81923,24.29174,36.36512,28.62695,comp
26.48931,-13.04247,1.98103,-4.53112,-88.51264,78.61417,201.62759,1.74522,24.62035,36.32737,28.62695,comp
26.50730,-9.57567,3.25935,-6.00670,-109.68451,100.14542,190.76822,5.41514,22.83129,37.53929,28.57422,comp
26.53248,-10.38914,3.27045,-5.45836,-119.45014,139.17667,222.50259,9.08311,20.33129,39.54319,28.55664,comp
26.56202,-11.02147,2.68354,-5.38085,-131.89545,150.70792,201.87759,11.66514,18.56762,39.54454,28.58594,comp
26.56940,-7.11327,4.74604,-4.43993,-125.48920,139.78604,151.65884,14.63975,15.07348,38.35411,28.57227,comp
26.58539,-2.94530,7.28119,-3.39794,-146.84858,137.52823,161.41666,17.21983,12.59887,39.16661,28.59766,comp
26.60934,-4.07616,7.52338,-6.56395,-192.91108,147.59854,192.22916,17.98203,10.51879,37.98302,28.54883,comp
26.62587,-4.61375,8.99799,-7.41600,-170.89545,136.68448,167.52603,22.80625,5.62035,36.40001,28.55469,comp
26.64930,-3.85936,9.26923,-6.70751,-130.02045,109.46573,126.40103,23.95371,1.79809,34.83751,28.55469,comp
26.66525,-2.89452,7.94208,-5.73046,-119.58295,95.55167,109.13541,25.08360,1.12719,32.41368,28.58789,comp
26.68933,-3.66454,7.84168,-5.09716,-137.14545,95.60855,100.47134,27.67539,-0.97437,31.60948,28.58594,comp
26.70550,-2.42528,7.59644,-4.21483,-154.58295,96.82730,69.61197,30.26914,-3.07398,30.83604,28.60742,comp
26.99392,0.22375,6.69261,6.62094,-218.54376,46.73532,56.81567,34.16355,-20.26437,-12.87388,28.53906,full
27.00988,1.62805,9.18480,6.62863,-193.98126,29.78219,48.30005,31.97214,-19.88107,-14.06626,28.55078,comp
27.03328,2.63684,7.86253,7.25412,-161.82501,11.86032,48.56055,30.17722,-21.22091,-16.84556,28.54102,comp
27.04928,2.18615,6.31663,6.79440,-144.87189,-5.09281,64.24023,29.09616,-21.18292,-18.84556,28.58984,comp
27.07336,0.26526,4.83128,7.33883,-147.12579,-10.50296,108.45898,29.10321,-21.52593,-19.24448,28.52539,comp
27.08925,-1.94568,3.75804,5.05758,-106.96954,-10.30509,122.70898,26.55243,-22.54156,-20.00767,28.56836,comp
27.11356,-1.68347,3.35277,9.89743,-93.82892,15.44491,66.02148,23.63641,-24.25836,-20.35459,28.55664,comp
27.12926,1.13684,5.23363,9.85006,-132.26642,25.55429,22.27148,22.56317,-24.56329,-22.75303,28.56445,comp
27.15337,2.45031,6.83616,8.89254,-119.39142,29.98007,36.41992,21.09540,-23.49395,-23.56504,28.56641,comp
27.16941,1.54504,5.58714,8.51071,-118.93195,37.08163,94.60742,19.27216,-23.81695,-24.34483,28.58594,comp
27.19337,0.43176,2.53831,8.50267,-106.10382,50.25351,116.20117,17.09247,-24.82867,-25.51475,28.56055,comp
27.21765,-0.51404,-1.24684,11.69994,-121.58038,57.89022,77.13867,15.26630,-25.86090,-25.48179,28.52734,comp
27.23381,2.63440,0.86839,10.07103,-163.29913,61.23202,52.74805,13.81708,-25.11627,-27.88999,28.55078,comp
27.25732,3.00891,0.85235,9.96764,-197.45538,79.20077,85.96680,11.62567,-23.31939,-30.31577,28.55859,comp
27.27329,0.92102,1.99884,9.72863,-234.26788,101.65390,120.93555,7.97723,-23.26202,-32.29331,28.55664,comp
27.29743,-0.86512,1.26495,8.34777,-220.08038,116.03671,112.98242,3.19598,-21.83038,-32.27323,28.54688,comp
27.31333,-1.42273,0.13409,8.08141,-186.98663,130.48202,85.46680,-3.01495,-19.97979,-36.26542,28.53320,comp
27.33728,-0.47303,-0.01642,8.29723,-152.20538,141.18515,76.63086,-4.14191,-19.30303,-34.25761,28.57227,comp
27.35320,-0.34546,-0.83478,8.97155,-136.12726,147.18515,93.72461,-5.61066,-17.52960,-35.47245,28.54102,comp
27.37746,-1.57593,-2.12775,9.04967,-125.61163,148.56308,101.67773,-8.20050,-15.42217,-35.08378,28.53516,comp
27.39325,-2.72632,-2.66046,8.93669,-97.36163,135.32089,66.77148,-10.02765,-13.63409,-37.09550,28.56055,comp
27.41738,-1.10425,-2.38532,10.13298,-74.48663,122.38339,29.30273,-11.88019,-10.82354,-37.52811,28.51758,comp
27.43338,-3.01734,-2.75958,9.58318,-88.15070,105.72714,46.31836,-13.34796,-9.05108,-38.73710,28.56641,comp
27.45728,-2.66382,-1.40119,8.39861,-86.68683,101.21151,62.72461,-14.45734,-7.99542,-38.75078,28.54297,comp
27.47332,-5.48609,-0.43244,7.92131,-53.49933,104.26229,57.29492,-15.93781,-5.88604,-39.17192,28.57227,comp
27.49756,-6.67261,0.44061,7.10686,3.00067,109.93808,24.04492,-17.05597,-4.84210,-38.37944,28.59180,comp
27.51327,-6.24414,-0.10236,7.30767,83.12567,130.75058,-18.04883,-17.06639,-2.38897,-39.21587,28.52734,comp
27.53734,-2.74219,-0.62921,9.91704,142.62567,140.14901,-31.35352,-15.24315,-1.00714,-39.25679,28.55273,comp
27.56190,-1.96826,-0.41486,10.87749,162.87567,127.70370,-11.52539,-13.40038,1.46161,-42.13570,28.55273,comp
27.57763,-2.66992,-1.19757,10.94548,156.34833,114.89120,17.20898,-10.46678,3.55732,-43.82027,28.57812,comp
27.59319,-3.78882,-1.16936,11.92306,135.33875,102.65448,61.00739,-10.12980,5.30001,-43.45058,28.56836,full
27.61767,-5.40796,-1.23259,8.92110,96.58875,80.01385,80.96051,-5.71573,5.28466,-44.70937,28.49414,comp
27.63345,-4.95679,-1.95818,9.77218,92.56140,70.49823,89.43708,-4.27140,7.00732,-43.96035,28.55664,comp
27.65728,-8.84937,-2.04149,6.85812,38.74890,59.51385,101.76520,-3.89420,8.42724,-45.97597,28.57422,comp
27.67312,-8.73151,0.13234,3.46163,54.72546,62.74628,71.98395,-3.53361,9.12304,-46.00100,28.56250,comp
27.69741,-6.08893,0.87062,6.81710,88.60046,72.19940,57.52301,-1.34025,10.50683,-46.44362,28.58984,comp
27.71355,-6.39582,2.67824,8.09933,86.64832,64.26581,70.64020,-0.62833,11.17529,-44.84987,28.56836,comp
27.74033,-4.80304,2.96583,8.93917,96.59363,46.45331,62.53083,-0.26554,11.16660,-44.45070,28.54883,comp
27.75320,-4.29328,4.89552,10.09737,104.22253,3.26581,63.19977,2.66415,12.19688,-44.90529,28.56836,comp
27.77764,-6.03351,5.68751,7.70870,124.53503,-46.76544,57.59040,3.78427,12.21798,-46.93068,28.55664,comp
27.79325,-5.54108,4.97609,8.69112,171.62878,-78.95294,48.37946,7.45223,10.77560,-45.72170,28.56641,comp
27.81733,-6.76764,3.38331,8.28683,177.68738,-105.68732,43.68415,9.65145,8.99337,-44.12404,28.57031,comp
27.83345,-3.71296,3.76930,7.91940,195.18738,-128.74982,34.28571,12.59677,6.51485,-43.29494,28.57617,comp
27.85748,-3.87238,4.17335,10.44283,173.14050,-135.57794,66.94196,14.42977,6.14669,-42.90993,28.53125,comp
27.88148,-5.84406,3.95485,8.06393,130.60925,-174.54669,89.59821,17.02157,2.63302,-42.48244,28.58789,comp
27.89747,-6.77668,4.25514,7.58834,117.35925,-214.54669,74.94196,19.20126,0.11544,-38.42775,28.57617,comp
27.91347,-3.44074,4.73439,7.54089,106.12488,-245.64044,50.80133,21.04501,-5.17753,-35.14260,28.54297,comp
27.93741,-3.55213,5.66945,9.16589,76.42175,-233.40607,68.86383,21.79843,-8.68339,-34.28859,28.55664,comp
27.95317,-3.34204,7.49074,6.50768,62.95300,-231.04279,89.44196,20.71249,-12.53690,-32.60402,28.60352,comp
27.97756,-3.92994,8.23439,7.49010,82.64050,-239.22247,113.33258,22.17050,-13.97343,-30.57863,28.58008,comp
27.99341,-3.91822,8.32472,5.58776,115.76550,-246.42560,91.87946,21.80087,-17.15116,-27.70363,28.55469,comp
28.01742,-1.73072,8.79640,5.91393,166.67175,-247.71954,63.58258,20.70028,-20.67265,-24.81887,28.53320,comp
28.03367,-0.77954,7.48781,6.12341,188.49988,-221.00079,69.63727,22.51278,-22.48417,-21.18215,28.56250,comp
28.05731,-1.12134,5.87941,5.29967,178.17957,-181.21954,69.96735,23.22470,-25.34550,-16.71340,28.63477,comp
28.07335,3.67553,5.52077,7.04382,147.83582,-161.39142,54.18610,22.83578,-27.14042,-13.05519,28.59766,comp
28.09763,7.76538,6.14284,8.69225,86.55457,-182.93829,112.74860,22.44979,-29.28300,-9.39113,28.58398,comp
28.11331,1.20288,7.87037,5.60046,8.86707,-193.18829,188.81110,21.70272,-29.64970,-7.76613,28.57031,comp
28.13768,-1.73267,8.45192,0.72155,15.95300,-166.28204,131.84235,19.14022,-32.80009,-5.67629,28.55273,comp
28.15339,3.05249,7.78981,3.32507,60.01550,-153.66486,66.09235,18.01327,-33.53641,-2.43019,28.58594,comp
28.17730,10.05639,10.88746,5.78796,81.79675,-195.50861,58.95173,16.14706,-33.56992,0.81395,28.55664,comp
28.20135,8.16281,9.11740,3.02012,84.80080,-226.14212,159.88539,16.13738,-33.61382,2.84126,28.56836,full
28.21748,-1.01687,3.91818,2.14414,80.77346,-192.17337,151.71352,12.80730,-35.04253,6.92719,28.57812,comp
28.23322,-0.89200,6.45920,-0.09414,54.53909,-149.76712,59.40102,10.94304,-34.36723,9.35883,28.57031,comp
28.25760,5.18613,8.87717,0.03611,101.82034,-146.28860,-41.91148,11.28703,-34.05058,11.36469,28.52539,comp
28.27329,7.07675,5.92795,0.56687,140.69534,-164.10110,-87.13023,10.88030,-33.04668,14.56196,28.57422,comp
28.29747,7.23593,5.12521,0.16209,126.84377,-160.19681,-79.93102,13.39006,-32.09209,19.37055,28.52930,comp
28.31333,4.29257,6.75217,-2.35940,94.15627,-142.68118,-74.98961,14.46330,-30.72881,20.94965,28.58789,comp
28.33746,1.50546,9.90256,-4.91213,103.85159,-113.50931,-116.30211,14.06291,-30.06963,23.76411,28.51758,comp
28.35466,5.12070,9.01388,-3.45901,170.91409,-120.64603,-193.05211,16.21526,-27.68486,26.52583,28.50000,comp
28.37749,4.54892,6.50607,-3.98196,208.78909,-132.91165,-226.17711,15.80242,-25.98466,29.72309,28.54688,comp
28.39331,1.57431,6.70224,-4.94582,205.62502,-125.04446,-255.09898,16.47771,-23.25224,33.29926,28.55273,comp
28.41756,2.92685,9.05966,-5.70412,199.27737,-115.70853,-274.50523,17.17839,-20.12920,34.04292,28.55469,comp
28.43324,0.93076,9.34482,-8.31936,228.43362,-107.04446,-296.89586,16.77190,-17.71318,36.02339,28.60156,comp
28.45750,-0.08682,7.00693,-5.62405,260.10549,-114.41556,-325.98961,15.64104,-14.92607,36.79047,28.54688,comp
28.47348,-0.18832,7.88486,-5.82229,251.88674,-132.83743,-337.41930,14.51897,-13.18486,37.58003,28.56055,comp
28.49745,-1.28403,8.51913,-7.57131,231.26174,-137.67337,-295.70055,13.00530,-10.41728,39.96870,28.56445,comp
28.51339,-4.90317,4.24179,-7.37124,219.62893,-123.90775,-253.20055,10.76702,-7.27861,41.14350,28.53711,comp
28.53731,-5.72543,4.31332,-8.78530,185.00393,-104.06400,-234.09117,7.40959,-1.68877,42.30464,28.55859,comp
28.56992,-6.43002,3.52670,-8.53591,181.10549,-92.22806,-234.53722,4.08147,-0.29131,43.92866,28.59961,comp
28.57791,-4.50326,2.31674,-7.43728,174.34768,-92.52713,-238.75206,1.49944,1.11787,44.32197,28.59180,comp
28.60130,-4.19052,2.40225,-6.63503,149.97268,-96.60916,-203.31456,-0.71931,3.22725,44.32517,28.58008,comp
28.61741,-7.35263,1.25870,-7.94851,131.06643,-99.66385,-179.68956,-2.56404,4.63643,44.30799,28.58203,comp
28.64140,-7.68564,-0.16513,-8.14919,122.53518,-94.73416,-194.11925,-4.03377,5.35176,43.92274,28.58594,comp
28.65912,-6.42392,-0.35874,-7.38259,112.24612,-85.05447,-201.15831,-5.15584,6.38985,45.14051,28.58398,comp
28.68146,-6.75155,-1.51499,-6.79812,87.90237,-76.82010,-192.11925,-7.71834,7.47285,43.92762,28.54883,comp
28.69722,-7.39511,-2.34653,-6.89034,52.24612,-61.36697,-169.71300,-8.83162,8.52266,44.33924,28.61328,comp
28.72138,-6.77792,-1.93930,-5.94601,11.43362,-38.97635,-146.46300,-10.29548,8.54007,43.95814,28.58398,comp
28.73734,-4.61777,-2.03201,-4.76241,-20.81638,-37.78690,-98.43175,-10.66633,8.53696,44.36512,28.57031,comp
28.76452,-5.79941,-3.65799,-4.11202,-62.03513,-54.20877,-43.65050,-9.95442,8.85019,46.35340,28.53320,comp
28.77729,-7.39804,-4.18631,-4.71603,-106.81638,-67.81033,-26.18175,-8.84602,8.85361,45.53602,28.55664,comp
28.80163,-7.53563,-3.82042,-4.58579,-160.47914,-73.15014,-20.82081,-7.38425,10.26929,44.30393,28.52344,full
28.81722,-7.50340,-1.21495,-4.94712,-225.79164,-63.21264,8.00731,-4.82566,10.94068,44.65574,28.56836,comp
28.84139,-9.15672,1.04872,-5.42002,-271.41664,-54.25951,39.22606,-1.88035,11.99439,42.59519,28.54102,comp
28.85739,-9.88719,2.67567,-6.81748,-297.21352,-39.34545,51.63231,1.41457,12.66724,42.55701,28.55664,comp
28.88128,-10.22972,4.98231,-9.41514,-293.87367,-12.20483,56.24559,9.12942,12.62549,41.25623,28.54102,comp
28.89721,-11.59007,4.79908,-7.82432,-234.62367,1.94361,21.40184,12.81692,12.62749,39.21131,28.55273,comp
28.92134,-7.16819,3.45240,-4.73448,-226.31117,-5.65795,-14.09816,15.37551,12.59661,39.99744,28.57031,comp
28.93727,-2.09788,4.61647,-3.90733,-245.52992,-20.71264,27.65184,17.99075,12.29339,35.54823,28.55078,comp
28.96161,-2.51170,4.90846,-2.70323,-258.63930,-53.96264,95.21434,21.27395,12.94964,36.72987,28.54102,comp
28.97728,-3.71971,6.68971,-3.84483,-264.12758,-81.69701,136.12059,26.43020,12.58538,35.06971,28.55664,comp
29.00130,-5.63768,9.02955,-5.25205,-245.09633,-96.48608,176.08934,28.66653,12.61992,31.39783,28.50977,comp
29.02533,-7.80174,9.03523,-4.77134,-216.17445,-101.54467,210.90184,30.57082,12.00371,24.95643,28.56250,comp
29.04125,-8.16844,8.33650,-4.45420,-210.42836,-97.11108,216.51122,35.03567,9.59160,20.50330,28.52539,comp
29.06531,-6.78758,8.78328,-4.24473,-193.33461,-99.82006,207.52684,36.88332,8.89190,19.68934,28.55469,comp
29.08133,-5.72606,10.12019,-3.20860,-170.70961,-107.28881,206.22216,38.02493,7.88506,16.47449,28.50781,comp
29.10534,-5.20506,10.54817,-2.13926,-150.45961,-116.25756,211.89794,38.79983,5.82256,14.08582,28.55664,comp
29.12140,-6.92869,9.44856,-1.72691,-146.12758,-109.48412,214.46044,41.04202,3.04326,12.08680,28.57617,comp
29.14560,-7.96287,7.61848,-0.78892,-154.24477,-100.27319,192.36669,41.08321,0.98662,9.70399,28.54492,comp
29.16145,-6.70115,7.68940,-0.41978,-177.97914,-78.97631,155.39794,40.77145,-1.40010,6.11610,28.54688,comp
29.18541,-4.66209,9.24019,0.54116,-199.02602,-60.30444,127.47606,40.80132,-2.76631,4.11805,28.55859,comp
29.20126,-2.91600,8.63472,1.28628,-203.42836,-45.53881,117.44481,41.21539,-4.46553,0.92274,28.55664,comp
29.22561,-0.74412,8.51063,3.23061,-211.60023,-39.07006,118.23778,41.28460,-6.48115,-4.28429,28.52930,comp
29.24121,-0.85795,11.03602,5.38491,-225.51430,-59.50756,152.08153,40.95770,-8.89131,-6.25695,28.53711,comp
29.26578,-2.27885,10.62928,5.50368,-236.00648,-84.46069,157.02294,39.53484,-10.93232,-9.03039,28.54492,comp
29.28135,0.27388,10.47023,4.74978,-239.11781,-91.84350,162.75731,36.64031,-12.96748,-11.38390,28.54297,comp
29.30535,-2.12260,8.54249,3.64919,-248.93813,-87.63256,208.10106,35.20477,-16.79365,-11.30901,28.50391,comp
29.32125,-3.62065,6.03859,3.85354,-232.95375,-50.78881,174.72606,33.05242,-18.11982,-14.89300,28.50977,comp
29.34586,-0.12846,6.39943,5.86526,-232.58730,-26.92944,135.44481,30.87859,-20.53389,-15.63567,28.49609,comp
29.36126,2.83248,8.01466,8.07229,-233.19765,-22.71850,148.49950,27.25750,-21.84834,-19.20794,28.52930,comp
29.38603,4.54244,8.54591,9.74709,-221.97108,-57.62475,184.68700,24.35320,-22.48847,-21.58294,28.56836,comp
29.40122,4.94261,6.82737,10.75662,-228.85828,-94.30468,239.59491,20.71431,-24.91778,-21.53208,28.53125,full
29.42528,2.27659,6.20481,10.27957,-240.81921,-115.78905,260.82928,15.96431,-26.97442,-21.44627,28.54492,comp
29.44135,-0.44802,6.81955,6.92410,-247.40906,-96.75780,277.00116,10.46431,-29.04864,-19.74803,28.55469,comp
29.46576,1.43577,4.57737,6.18826,-207.31531,-65.46093,269.61835,6.44477,-30.05254,-20.49461,28.51367,comp
29.48137,5.68187,2.51877,9.63162,-183.58093,-78.51562,293.04022,0.57368,-31.07207,-19.20848,28.53125,comp
29.50530,3.95823,-1.30935,9.62770,-199.08093,-100.10937,317.75897,-5.28960,-32.07891,-18.72556,28.54102,comp
29.52122,6.33519,-2.75076,12.29762,-217.86218,-132.79687,297.25897,-11.53179,-30.98418,-18.67518,28.55664,comp
29.54550,4.13011,1.22776,9.52028,-263.67468,-145.61718,302.31757,-15.59429,-30.99500,-15.81385,28.54102,comp
29.57788,3.57298,2.15256,6.82497,-244.11218,-139.82030,313.05975,-22.23882,-30.29969,-12.13026,28.50977,comp
29.58559,2.58470,-0.71267,5.95143,-200.23718,-119.50780,311.10858,-25.95562,-29.28406,-8.07948,28.54492,comp
29.60946,1.72874,-5.37283,6.32619,-157.45593,-111.51171,281.93671,-31.49858,-27.53895,-5.22987,28.57617,comp
29.62524,1.98485,-6.16922,5.57472,-134.39343,-107.42577,217.37421,-35.20952,-25.80750,-2.39979,28.58594,comp
29.64954,4.55321,-5.65701,5.42580,-109.92468,-110.59765,190.46796,-35.59673,-24.77625,-1.20350,28.51758,comp
29.66531,1.30516,-7.17556,4.82277,-86.31531,-117.49218,179.91327,-37.12798,-21.68445,2.79064,28.54297,comp
29.68936,1.38389,-8.41189,4.51418,-70.94031,-129.50780,126.16327,-38.27837,-19.62977,5.99376,28.54492,comp
29.70561,0.48887,-9.47537,2.97609,-50.87781,-138.17187,84.13202,-40.15728,-16.86024,8.38244,28.58594,comp
29.72959,1.04454,-9.14724,2.45119,-34.88562,-135.92577,38.19452,-39.79985,-15.81629,8.36414,28.58008,comp
29.74520,2.38536,-8.83181,3.22951,-24.44031,-133.23632,19.67889,-41.28814,-15.47986,9.99012,28.54688,comp
29.76940,2.60216,-8.22146,2.86452,-10.06531,-133.60131,13.70624,-40.57720,-14.81141,11.58582,28.53516,comp
29.78732,2.31138,-8.64773,2.26003,1.05188,-135.73608,9.97577,-40.22759,-13.78504,12.76649,28.56445,comp
29.80925,2.13328,-6.36062,2.17696,7.14563,-127.77123,14.16718,-41.33989,-13.43958,13.58094,28.56055,comp
29.82541,2.62156,-6.58841,2.30538,35.92688,-131.68334,14.42523,-41.36412,-10.65442,13.93397,28.61133,comp
29.84966,3.41990,-6.63034,3.81807,73.61438,-147.26928,-1.66852,-41.36237,-11.00330,13.94230,28.58594,comp
29.86525,2.43162,-9.35299,3.37886,94.70813,-159.51928,-28.40289,-42.09480,-10.28797,13.13566,28.58203,comp
29.88936,2.73387,-10.17331,3.17745,88.20813,-150.98803,-30.31110,-42.45368,-10.62830,12.73942,28.58594,comp
29.90536,1.26903,-9.08346,0.25752,72.02063,-107.17553,-46.79547,-42.83625,-10.29432,13.94938,28.57617,comp
29.92928,4.56395,-7.68698,-0.08256,126.11438,-78.69115,-94.82672,-41.71418,-11.33143,12.74332,28.54688,comp
29.94523,3.80076,-8.53317,2.70259,178.95813,-82.68725,-122.49860,-42.43098,-11.65101,11.14957,28.56836,comp
29.96933,4.72020,-10.92770,4.54927,143.92688,-66.07787,-152.20172,-42.38850,-14.05726,8.77262,28.53711,comp
29.98577,5.04686,-8.89450,4.49648,79.67688,-34.07787,-152.12170,-40.90022,-15.09730,7.56266,28.61133,comp
30.00940,4.50885,-6.45400,3.25124,76.15170,-29.78274,-204.65883,-38.30925,-19.28191,5.99692,28.55859,full
30.02547,5.92682,-3.90517,3.36587,101.10483,-36.79055,-263.19008,-37.18816,-21.37762,5.61581,28.56055,comp
30.04969,7.76275,-1.93446,3.81118,139.41733,-51.79055,-310.72133,-35.33073,-22.76922,4.40976,28.55664,comp
30.07336,10.03033,-0.28603,5.36684,133.95248,-61.96243,-305.66273,-32.35612,-26.26336,3.22617,28.54297,comp
30.08935,11.62017,1.94640,5.23183,102.62436,-53.87649,-243.85023,-29.04362,-29.09734,4.44394,28.57617,comp
30.11333,10.98248,2.03532,4.87026,108.23764,-76.57961,-205.53773,-25.71745,-31.20477,3.63876,28.56836,comp
30.12934,6.34576,0.36443,2.26675,109.79721,-89.14211,-208.96352,-22.77214,-32.62273,3.63083,28.54297,comp
30.15353,5.29400,1.19304,1.28579,120.70346,-84.67727,-263.99477,-20.55730,-34.38445,3.63594,28.59766,comp
30.16928,10.08697,3.32976,2.76138,138.32846,-91.59914,-304.49477,-14.32683,-35.49578,4.79805,28.55078,comp
30.19322,14.62213,4.17546,4.50649,139.88217,-111.06789,-262.80727,-9.57292,-36.96355,7.19062,28.52148,comp
30.20954,12.92682,4.58049,4.36977,89.03842,-110.32327,-157.18227,-8.11003,-36.98101,7.58052,28.53516,comp
30.23361,8.01666,4.94109,0.03384,52.63217,-87.19827,-82.24477,-5.92644,-36.67120,9.15864,28.55664,comp
30.24957,4.29986,4.53215,-0.89243,77.30405,-75.53420,-104.13539,-4.47820,-37.41631,11.57661,28.54492,comp
30.27396,4.95514,4.49016,-0.39561,108.06967,-84.57327,-164.79164,-3.37761,-37.42426,11.56285,28.53320,comp
30.28946,9.38092,4.08122,0.13369,155.16342,-107.08889,-226.97914,-1.56413,-36.40961,12.73668,28.56836,comp
30.31347,9.05328,2.49040,1.57705,143.22592,-95.67483,-197.32289,2.45540,-36.46308,14.30211,28.54883,comp
30.32932,6.19390,4.16130,-0.54014,94.22592,-73.58108,-173.46352,4.25423,-36.17622,17.50719,28.56055,comp
30.35328,5.14215,6.06755,-1.38194,103.37436,-75.28909,-200.13539,6.44368,-34.79633,17.45595,28.52930,comp
30.36957,3.40387,7.48943,-1.70225,131.62436,-94.19534,-263.91664,8.99641,-34.48554,18.63954,28.52734,comp
30.39388,7.83355,9.31950,-0.95322,158.78061,-120.80471,-319.63539,11.17024,-32.07148,19.38417,28.55078,comp
30.40945,8.45318,8.63982,-0.64463,125.53061,-109.03127,-253.82289,14.07063,-31.43769,22.16738,28.54883,comp
30.43350,4.61529,9.54509,-3.49229,104.96811,-91.09377,-179.82289,16.23860,-29.38496,23.73183,28.58008,comp
30.44939,0.62310,7.11345,-4.24961,137.65561,-101.71096,-213.60414,17.64290,-25.60566,26.87636,28.49023,comp
30.47340,0.33014,7.49113,-3.64756,141.07358,-107.08205,-267.79164,19.81477,-24.60468,28.84804,28.57812,comp
30.48928,0.93121,9.64152,-5.08897,147.05405,-117.81643,-312.63539,20.86458,-20.80585,30.80703,28.55664,comp
30.51336,2.44488,9.51347,-4.24619,151.20248,-121.47854,-311.66029,19.73470,-17.66328,31.14077,28.55273,comp
30.52937,-0.56098,8.29668,-4.17960,117.63998,-105.86135,-268.81654,19.64680,-14.26289,37.14858,28.55078,comp
30.55354,-4.09418,8.67046,-4.67350,91.59311,-107.63088,-283.45717,22.93587,-12.18867,36.67836,28.49609,comp
30.58573,-4.18335,10.05424,-6.66862,86.89389,-112.63479,-318.11342,22.53426,-8.35468,37.01845,28.56641,comp
30.59410,-3.86621,8.27788,-7.07243,109.70639,-114.76955,-340.56654,22.10555,-3.14765,38.96083,28.50000,comp
30.61762,-4.00187,6.90116,-6.54869,115.80678,-110.54188,-334.31677,19.90911,0.73362,37.71190,28.52344,full
30.63354,-3.75688,5.48124,-5.31725,93.16615,-108.03992,-294.78552,19.14788,3.16917,38.49266,28.59961,comp
30.65726,-3.80775,4.98490,-3.76256,12.91615,-87.96180,-200.09802,17.64495,6.65745,39.25829,28.47461,comp
30.67345,-5.67299,4.53226,-4.05382,-81.14635,-71.85242,-93.34802,16.90081,9.47190,38.00633,28.52539,comp
30.69752,-7.16127,6.49906,-4.00356,-165.08385,-63.91883,-17.34802,18.73577,9.81346,37.59105,28.54688,comp
30.71334,-6.66688,7.89457,-5.80532,-225.67760,-41.52821,49.96448,22.40374,10.84373,36.73070,28.60156,comp
30.73732,-7.87391,8.40482,-4.56020,-268.08385,-12.41883,97.93323,26.45452,10.83540,35.05980,28.55273,comp
30.75350,-10.19813,10.80521,-7.11879,-299.02135,21.61242,106.29260,30.18694,9.48969,29.81761,28.57031,comp
30.77735,-9.23475,8.85990,-5.19204,-235.52135,36.26086,57.91760,32.03264,9.49303,28.58519,28.53320,comp
30.79332,-3.74647,9.47123,-2.36977,-203.30260,13.87023,45.58167,33.93108,8.51549,22.94456,28.53320,comp
30.81754,-0.43593,9.26188,-1.47182,-206.16588,-17.84852,114.58167,35.42327,8.54047,20.51878,28.55664,comp
30.83334,-2.10097,8.53141,0.90904,-203.29869,-71.37977,164.23792,38.03460,6.46821,17.70042,28.49609,comp
30.85752,-3.57850,10.41617,1.03978,-250.82994,-104.84852,200.70667,40.27874,4.04438,15.29808,28.51367,comp
30.87335,-6.19960,13.36735,-1.02468,-270.28307,-106.21278,226.17542,41.42718,3.04828,11.27464,28.53516,comp
30.89727,-7.19716,12.49186,0.00950,-203.84557,-104.74696,178.95667,42.21136,1.35200,7.66917,28.56055,comp
30.91474,-3.20302,11.82242,1.34056,-152.75182,-100.11024,121.36292,42.99114,-1.76324,5.69945,28.55664,comp
30.93731,-2.28895,10.50309,1.49559,-165.16588,-98.29383,172.26917,42.65178,-2.77789,3.70042,28.53711,comp
30.95338,-4.04384,7.99723,-0.74074,-176.33775,-78.80946,186.60510,43.07635,-5.87359,0.52269,28.54883,comp
30.97747,-2.79091,9.83121,3.68504,-141.96275,-83.70008,152.19885,40.57439,-9.99468,-2.61012,28.47656,comp
30.99325,0.93370,10.08195,3.01512,-138.95689,-93.94227,153.68127,41.68670,-12.45758,-1.77614,28.54492,comp
31.01747,-1.50184,9.55460,3.97264,-129.51158,-97.13367,186.58752,36.97185,-13.75250,-6.13942,28.50000,comp
31.03330,-1.49716,8.96427,4.37718,-123.88658,-78.88367,167.86877,37.36419,-15.83648,-6.91579,28.51953,comp
31.05726,3.38956,9.41959,5.58909,-135.34752,-81.71180,158.24377,35.91497,-17.56402,-7.27614,28.50195,comp
31.07339,1.94522,11.05533,5.40086,-173.87877,-111.32117,236.80627,33.38372,-20.66754,-8.40895,28.51172,comp
31.09726,-1.86142,9.05729,5.79808,-156.30064,-109.67860,253.24377,29.75481,-23.05230,-10.34743,28.50391,comp
31.11956,0.00772,6.96940,3.43870,-106.14439,-91.94422,177.43127,27.56927,-25.48394,-9.88380,28.48828,comp
31.13745,5.13272,6.41520,6.56370,-92.29283,-95.47938,166.87659,24.99505,-28.29644,-6.99123,28.54883,comp
31.15342,4.21866,6.53824,5.91380,-114.87096,-111.91688,234.31409,22.07122,-30.02496,-6.53029,28.55469,comp
31.17751,2.79386,6.19352,5.10472,-93.63658,-97.48719,219.93909,21.34612,-31.06597,-6.50607,28.50000,comp
31.19315,6.49698,6.01456,6.31370,-69.71471,-84.70594,208.84534,16.25237,-33.08355,-8.83810,28.47266,comp
31.22201,6.47353,4.15387,8.12959,-80.19804,-96.61982,238.39272,14.74688,-33.13636,-5.21259,28.52539,full
31.23356,6.45604,2.68122,7.61689,-109.65117,-105.89326,245.90053,11.06524,-34.53870,-2.73603,28.55859,comp
31.25722,5.76708,3.64069,5.84150,-117.40117,-99.51435,245.17201,7.03399,-35.21155,-2.28119,28.54297,comp
31.28135,5.33177,2.64850,5.57417,-97.63554,-91.01435,219.25014,4.84649,-36.93909,-2.23099,28.53320,comp
31.29758,5.07616,1.79645,4.77583,-81.10429,-80.62373,188.92201,-2.86835,-37.24695,-0.93802,28.52930,comp
31.32215,6.50096,0.69294,4.97895,-72.48711,-70.89716,172.26576,-5.80976,-37.23564,-0.10355,28.52148,comp
31.33738,7.21190,0.07965,4.48090,-67.44023,-71.33076,175.66811,-6.17133,-37.93095,-0.08782,28.55664,comp
31.36153,7.50951,-0.66595,4.69147,-47.84648,-70.30341,163.74623,-9.48774,-37.57426,1.14851,28.52539,comp
31.37720,8.65892,-1.04681,5.99812,-40.52617,-80.17060,163.23500,-13.17329,-36.51176,1.97663,28.52148,comp
31.40171,6.98900,-1.55511,4.97761,-45.81523,-83.08076,163.25453,-15.39594,-36.17533,4.00593,28.58203,comp
31.41763,7.19200,-2.94671,2.90339,-26.94023,-78.63935,146.17641,-18.34126,-35.46147,4.42927,28.56250,comp
31.44144,7.61461,-3.38079,4.59284,-12.77617,-79.21992,143.04359,-18.76044,-34.12260,8.44490,28.58789,comp
31.82550,8.97039,-4.94321,-1.21856,-8.64377,59.01342,-50.74656,-19.71876,-27.72794,24.87584,28.55273,full
31.84137,7.99627,-3.17270,-2.14043,-8.21726,90.31030,-71.91843,-19.32422,-28.74845,22.87779,28.56641,comp
31.86537,10.58416,-3.47495,0.26972,-15.35398,132.15405,-75.88718,-18.20508,-30.14103,22.08629,28.56445,comp
31.88128,7.59198,-3.60434,-0.76934,-34.15085,177.96655,-81.43797,-16.68555,-32.54728,18.88121,28.57617,comp
31.90528,13.40838,-3.20176,2.97480,-23.84617,189.01342,-82.29441,-15.95362,-32.20328,18.86128,28.61328,comp
31.92121,11.61053,-1.20273,4.57246,-14.56492,159.96655,-63.51316,-13.68213,-35.29117,14.06441,28.54102,comp
31.94901,8.30194,-2.45664,-0.45489,-43.84617,199.65405,-51.18504,-12.56690,-35.63029,12.84663,28.57227,comp
31.96130,6.11248,-3.91269,1.78144,-12.56492,247.74780,-71.60691,-11.43897,-36.65568,10.83882,28.55078,comp
31.98528,11.42108,-3.14756,8.58613,-4.79929,273.93530,-112.79441,-9.91846,-37.29435,5.99898,28.55078,comp
32.00170,10.59246,-0.30771,8.26508,-19.32273,252.43530,-119.77488,-8.41260,-36.89689,1.94429,28.54102,comp
32.02530,9.80438,2.66104,7.23969,27.23977,198.21655,-117.09324,-7.29835,-37.23722,0.73140,28.61133,comp
32.42567,-1.71525,11.59522,6.12921,207.09731,142.92415,-57.58987,36.28949,0.79390,-22.49869,28.57227,full
32.44959,-5.43790,9.36670,8.47296,199.80824,134.39290,11.22263,35.88934,2.51265,-20.51138,28.51953,comp
32.46557,-4.58195,9.02979,6.52082,199.14711,92.51790,21.30075,37.69989,2.81782,-18.51919,28.54297,comp
32.49039,-4.04825,9.61768,5.73420,176.42836,75.56477,78.26950,38.03119,2.76234,-14.89615,28.57031,comp
32.50535,-6.25333,7.81690,5.61389,153.16273,37.40852,120.42575,40.93548,1.98890,-11.28677,28.54492,comp
32.52939,-6.84611,6.03370,5.27307,137.61586,-5.21648,117.25388,40.93499,-0.48180,-9.23404,28.52930,comp
32.55322,-4.71329,7.42823,2.60511,123.49086,-13.43523,73.97263,40.91368,-1.92516,-5.98794,28.50195,comp
32.56984,-3.20939,10.52588,2.85047,106.30336,-15.51726,119.09763,41.65733,-3.68102,-5.56485,28.55273,comp
32.59371,-4.30021,8.38526,2.33484,87.20961,-2.98601,133.58200,41.66048,-5.08824,-4.73672,28.52539,comp
32.60975,-1.24943,9.92628,3.90418,104.67836,-13.05632,112.14450,40.55306,-7.20738,-2.27383,28.54492,comp
32.62533,-3.16544,7.20753,6.29285,86.38148,-52.77507,121.78513,40.54413,-9.68981,0.58359,28.52734,comp
32.65546,-4.36564,7.51417,-0.53527,23.78773,-85.24382,135.45700,39.09491,-11.41735,0.22446,28.47461,comp
32.66529,-3.91544,12.11573,-1.71301,50.33461,-83.04851,102.20700,39.11287,-13.15563,-0.15079,28.52539,comp
32.68927,-3.23673,10.24366,-0.77063,134.14711,-100.50163,94.27341,37.97322,-13.20616,3.89218,28.56055,comp
32.70532,-0.96720,10.74341,0.09705,157.58461,-98.85417,89.26950,37.59310,-14.63390,6.33359,28.50586,comp
32.72938,-2.45743,10.44483,0.73279,161.36781,-84.02605,93.60153,36.10872,-16.05968,9.19101,28.53320,comp
32.74564,0.19491,13.40577,0.76654,129.50844,-39.61980,54.19528,35.35530,-17.14171,12.03671,28.54102,comp
32.76953,0.19709,11.43213,0.14789,157.69594,-44.01042,68.04684,33.88558,-18.89855,13.69101,28.55078,comp
32.78554,-0.55682,8.91651,-1.23883,154.95180,-41.69206,58.03903,33.86277,-18.57921,15.70078,28.55859,comp
32.80951,-0.68243,8.56153,-3.10211,182.40492,-27.77800,21.25778,31.28269,-18.93199,17.34140,28.52539,comp
32.82532,-1.23760,6.28809,-2.08746,189.97133,-20.45378,-29.74222,30.87595,-18.98812,21.37265,28.57422,comp
32.84959,-1.94317,9.08301,-2.87310,168.19008,-8.92253,-68.30472,29.76365,-17.93929,21.77426,28.52148,comp
32.86524,-0.71758,8.68824,-4.16900,190.39320,-10.14226,-102.89847,28.62302,-16.93148,24.99692,28.50586,comp
32.88942,0.62617,9.69507,-3.08404,203.02602,-23.25945,-122.66409,27.86228,-15.55355,26.59848,28.53711,comp
32.91342,-0.31036,7.27125,-2.59747,201.50063,-36.80632,-138.89847,26.73142,-13.82405,28.18442,28.55859,comp
32.92962,-0.82550,7.80298,-4.36700,170.20375,-52.24382,-134.56644,27.77732,-12.50179,32.60629,28.60352,comp
32.95358,-2.77862,7.37818,-7.06036,175.08266,-44.86101,-140.97269,25.14841,-9.04085,35.79184,28.54688,comp
32.96931,-3.82061,6.23560,-6.80157,199.06703,-37.29460,-168.55081,24.39597,-8.71004,37.40610,28.54883,comp
32.99376,-4.15997,4.88306,-7.43927,214.99672,-24.54460,-214.67581,23.25339,-5.94051,39.38266,28.58203,comp
33.00930,-3.99529,4.71497,-6.88018,208.83656,-12.88835,-226.39456,21.03269,-4.89461,40.60434,28.51367,comp
33.03341,-4.01150,3.81908,-7.00214,180.68852,-7.69749,-203.33586,18.41040,-2.47818,43.44040,28.54102,full
33.04930,-5.72049,3.74626,-7.98456,152.86040,-3.24437,-173.61711,17.29907,-1.07486,43.41591,28.53516,comp
33.07330,-5.55935,2.42204,-9.24140,140.22758,10.78688,-166.71867,14.36352,-1.05218,43.45961,28.54492,comp
33.09005,-5.35000,2.46156,-8.00117,123.57133,18.17360,-145.12492,12.15454,-0.34417,43.85366,28.52539,comp
33.11394,-5.28482,1.66566,-8.19562,90.29008,25.18923,-113.71867,11.78906,0.01349,43.44887,28.53711,comp
33.12928,-4.33657,0.81166,-7.30207,55.50883,17.99392,-84.78117,10.33398,0.04192,42.24184,28.49609,comp
33.15397,-1.82681,2.02943,-6.01398,19.97758,-7.05296,-45.71867,9.21875,0.38176,43.46254,28.55664,comp
33.16923,-4.33657,-0.63658,-6.05500,-45.95992,-42.24046,26.28133,9.22572,0.03850,43.05849,28.57812,comp
33.19347,-4.80825,-1.36217,-5.55060,-123.83492,-74.45921,38.82039,9.95960,0.03272,43.04422,28.55273,comp
33.20929,-4.50454,0.63685,-4.29572,-219.64742,-118.36546,65.96101,13.25452,2.82178,41.37429,28.52930,comp
33.23335,-4.99624,4.66810,-3.80060,-326.83492,-154.58421,127.33601,17.30140,3.16358,39.71511,28.53906,comp
33.24941,-6.17300,10.27357,-4.85724,-391.08492,-175.41233,197.71101,21.35999,4.93604,35.60965,28.58594,comp
33.27334,-9.81753,11.66225,-3.79084,-369.97554,-168.99046,219.75789,24.31702,4.23975,33.98465,28.54688,comp
33.28930,-8.79605,11.92958,-3.61860,-394.75679,-163.67405,213.96883,29.84046,4.93702,31.10183,28.52930,comp
33.31602,-1.78433,12.00838,-5.70258,-373.92867,-142.48655,246.46883,33.93031,4.63380,25.82449,28.55859,comp
33.32932,-2.64761,12.03323,-1.35493,-370.36617,-141.72630,324.03133,35.83949,2.96485,19.79715,28.49414,comp
33.35355,-4.93862,11.08694,-4.08149,-358.26460,-106.72630,346.04695,37.75941,-0.80468,14.19168,28.52539,comp
33.36936,-6.95425,7.87796,-3.76118,-297.54585,-40.53880,264.35945,39.32679,-5.25780,7.80105,28.55273,comp
33.39345,-5.89175,10.21194,-2.85200,-221.85835,0.08620,178.85945,40.10316,-8.02538,5.82449,28.50000,comp
33.40989,-3.72769,15.69241,3.95269,-152.17085,19.32058,132.04695,39.04163,-9.72558,3.44754,28.54102,comp
33.43362,1.66294,11.07522,5.54840,-129.17085,2.72683,70.10945,37.97425,-10.37402,0.64676,28.51758,comp
33.44948,4.16294,7.93655,4.77691,-136.67476,-43.27317,83.41414,38.35023,-11.42284,0.66184,28.54102,comp
33.47335,2.05552,7.54324,5.75640,-181.89351,-71.58567,135.94539,37.30433,-14.15917,-2.50808,28.51758,comp
33.48933,0.51938,8.82938,2.08453,-256.20601,-56.69505,181.88289,37.71204,-15.16113,-5.71902,28.52930,comp
33.51357,-0.28286,6.09305,3.26715,-240.70601,-27.83567,154.55476,35.54798,-18.26659,-6.85574,28.52539,comp
33.52925,2.32651,7.65262,4.21441,-250.58882,-20.75755,128.74226,33.04603,-19.91503,-12.04324,28.50000,comp
33.55322,1.53598,10.92605,4.53277,-233.99507,-21.36741,144.30476,31.25697,-21.59863,-15.22097,28.51172,comp
33.56975,4.14927,9.40945,7.48394,-163.74507,-51.38304,114.46101,28.34681,-22.24462,-17.19461,28.54492,comp
33.60211,5.78989,7.83426,9.69488,-160.99898,-77.19554,110.31258,25.41712,-24.33251,-15.92312,28.53516,comp
33.61733,2.71177,5.92996,8.20074,-163.25679,-92.87522,112.08211,23.62611,-26.72509,-18.28054,28.51562,comp
33.63350,1.67877,4.71552,6.77953,-173.74405,-85.15099,99.03362,22.53496,-27.77634,-17.87271,28.46094,full
33.64938,-0.74310,5.18305,5.25512,-157.02530,-47.43224,90.30705,19.62285,-29.13181,-19.02896,28.51172,comp
33.67958,0.11383,5.27960,7.42309,-129.07217,6.06776,46.61955,18.17559,-30.14939,-20.20669,28.52344,comp
33.68932,3.94391,7.70148,5.49437,-87.10342,4.35975,28.55705,15.98614,-30.11543,-21.39712,28.50977,comp
33.71335,8.87750,5.95636,9.97484,-38.72842,-23.40588,21.72112,15.98614,-30.11497,-21.39337,28.52539,comp
33.72927,9.97027,5.78791,14.30687,-47.32999,-75.68713,83.40862,14.14824,-31.16575,-20.15118,28.49219,comp
33.75349,4.11871,5.00373,7.25609,-91.32999,-108.31213,142.97112,12.69512,-32.89915,-20.10678,28.54102,comp
33.76963,-0.15473,3.65119,6.06176,-42.01749,-98.18713,122.90862,9.36699,-33.61888,-16.83725,28.54102,comp
33.79368,0.51569,2.95539,3.50316,-25.54874,-47.65588,72.62737,9.71734,-32.58763,-16.05258,28.49805,comp
33.81737,1.37360,0.51398,9.73363,54.07626,-19.15588,25.47112,8.98052,-33.64427,-14.81332,28.48438,comp
33.83359,9.41266,2.76984,12.89379,21.88876,-32.45275,1.00237,7.88091,-34.34104,-14.39291,28.51367,comp
33.85733,9.27887,6.21906,6.83129,-2.22061,-90.42150,51.22112,8.58599,-34.38917,-11.58237,28.47266,comp
33.87360,5.49762,4.26984,9.17309,66.52939,-132.45275,61.17424,8.20415,-35.46632,-9.14096,28.47852,comp
33.89730,7.47809,3.88947,8.33080,75.26376,-151.98400,68.18596,6.72954,-35.11329,-8.72909,28.52344,comp
33.91350,7.82721,3.71417,8.69652,91.60751,-172.84338,115.34221,5.60650,-35.84376,-5.88534,28.49023,comp
33.93734,8.86236,2.62140,9.20189,82.09970,-187.48400,147.01408,4.12603,-36.20460,-4.25253,28.49219,comp
33.95370,6.56940,0.75128,7.67748,38.84970,-185.06213,187.85783,0.82134,-36.88966,-3.40048,28.50195,comp
33.97764,3.58111,-0.33954,4.21850,-5.58780,-152.18713,192.06877,-0.71772,-35.92579,3.04483,28.55664,comp
33.99350,5.27252,2.92023,3.62572,-10.43546,-116.90588,175.08440,-3.30171,-37.34181,5.91202,28.51172,comp
34.01760,9.32330,2.79425,5.62572,30.84579,-119.21838,129.92815,-5.52046,-36.64454,7.13077,28.50781,comp
34.03335,10.14996,2.01691,6.27270,51.83017,-141.90588,132.85979,-7.00288,-37.36085,9.17374,28.46680,comp
34.05741,6.54840,0.47785,4.31469,55.80478,-147.93713,141.37541,-9.58100,-37.00416,10.00040,28.52539,comp
34.07345,6.61987,1.48566,2.78930,60.41415,-133.25744,128.50822,-11.44233,-35.61842,11.60880,28.46094,comp
34.09734,5.36304,-0.08954,1.81225,97.07040,-117.50744,95.10197,-13.29780,-34.57643,12.82462,28.55273,comp
34.11388,6.48511,-3.51922,2.70434,123.89853,-102.31213,28.28947,-15.52046,-33.53541,14.43399,28.50781,comp
34.13771,8.63745,-4.22870,4.98363,115.27353,-106.59338,1.14885,-15.53548,-34.26295,16.46329,28.50977,comp
34.15340,6.80640,-1.86932,2.23559,87.19540,-108.92541,-14.80428,-17.01009,-33.20533,16.45860,28.50781,comp
34.17781,9.08960,-1.30682,1.40990,54.66415,-85.11291,0.08635,-17.01627,-32.86207,16.85289,28.52344,comp
34.19329,5.51147,-0.73846,-0.09303,36.94540,-59.94103,18.58635,-17.76285,-31.81617,17.24986,28.54297,comp
34.21737,6.47485,-0.23456,0.09582,47.07822,-47.01916,-35.38240,-18.12223,-32.15602,16.85314,28.52148,comp
34.23341,8.80998,1.07644,0.72407,59.97721,-46.29537,-61.34785,-17.05763,-31.14275,18.45206,28.55078,full
34.25756,8.78799,-1.51536,1.00483,46.28190,-43.19185,-39.36348,-17.40870,-32.52947,18.07169,28.50781,comp
34.27360,8.65493,-1.55784,-0.29888,20.28190,-36.51607,-27.30879,-16.32277,-32.20671,19.26310,28.51758,comp
34.29730,7.95718,-0.87473,-1.52740,38.20377,-28.03951,-53.80879,-16.69508,-31.50603,19.25579,28.49219,comp
34.31348,7.06167,-0.93260,0.49799,69.17252,-25.16646,-125.99629,-15.58473,-31.85173,18.44769,28.53906,comp
34.33741,9.08706,0.91213,-1.49127,65.82487,-14.24459,-167.05879,-14.86012,-32.22380,19.65472,28.56055,comp
34.35330,12.40738,3.64846,1.46186,58.74674,-14.54952,-124.27754,-13.02028,-32.93572,19.64699,28.52148,comp
34.37764,12.13272,3.71999,0.57465,51.54752,-30.29171,-88.27754,-11.91090,-33.63640,19.24733,28.50391,comp
34.39332,9.63076,1.31179,-0.10894,72.59440,-46.76046,-102.00410,-11.18336,-33.29875,19.63381,28.52930,comp
34.41741,12.56631,4.80202,1.56293,60.57096,-53.53389,-139.28535,-10.44411,-34.00188,19.63735,28.49414,comp
34.43354,13.66494,4.81315,1.53022,56.66471,-65.97921,-96.34785,-9.00172,-32.99016,21.21743,28.55664,comp
34.45748,8.36026,2.38737,-1.64947,37.57096,-71.71358,-107.44941,-7.53004,-32.99508,20.79580,28.50391,comp
34.47346,8.95401,2.83781,-1.65396,49.77409,-72.99483,-169.91816,-6.44508,-32.67306,21.99502,28.55078,comp
34.49911,10.25283,5.13663,-4.14810,20.49284,-54.08858,-139.90254,-3.51539,-33.05563,22.77236,28.53711,comp
34.51337,5.70987,4.82194,-5.67642,-13.41341,-0.65108,-73.65254,-2.80250,-33.44503,25.18252,28.53516,comp
34.53757,8.22744,4.84888,-3.76724,-22.62435,39.63017,-8.96504,-2.04664,-33.77072,23.17471,28.52148,comp
34.55338,9.37197,2.10670,-0.12857,-52.57748,49.27079,57.34746,-2.42702,-33.08175,23.97354,28.53125,comp
34.57726,9.58657,1.68873,-0.87759,-93.20248,47.37919,90.65996,-3.12965,-33.38351,21.16299,28.52539,comp
34.60955,8.72525,1.17896,-2.16861,-113.26498,62.61357,110.53496,-4.23610,-33.03170,21.56777,28.51758,comp
34.61797,6.97720,2.75025,-2.39456,-129.62435,108.05107,118.17949,-4.21733,-34.41549,20.78799,28.50391,comp
34.63338,8.17251,6.80103,0.58591,-69.21810,121.45732,61.02324,-5.28276,-35.41354,18.00479,28.50000,comp
34.65745,9.96939,3.44556,3.04294,2.84440,89.01982,-20.53926,-5.27992,-34.70358,17.18447,28.52539,comp
34.67338,11.35220,4.64478,3.72263,17.38346,49.86357,-56.19551,-4.53237,-35.39450,16.37881,28.51367,comp
34.69733,8.88345,4.49366,0.88669,36.47721,29.23857,-69.13301,-3.05971,-36.10397,16.37796,28.51953,comp
34.71344,8.42080,3.98243,1.24240,63.99284,21.36747,-92.42988,-3.05728,-35.39450,15.56107,28.51758,comp
34.73749,8.31198,4.27686,1.39231,80.35221,16.23857,-119.28926,-1.95279,-36.45504,15.96952,28.53516,comp
34.75359,8.33865,2.91846,1.64743,105.10221,2.70732,-160.88301,0.25424,-35.75582,14.72440,28.48242,comp
34.77739,9.34744,2.21436,2.47068,91.31315,-16.30831,-176.89863,1.71518,-36.48141,15.92264,28.46875,comp
34.79378,7.45584,3.70460,0.39646,63.36002,-24.99581,-164.83613,3.18784,-37.19088,15.92481,28.48828,comp
34.81772,6.07205,3.08692,-0.80081,70.38346,-20.62471,-182.05488,6.83041,-35.49264,17.07129,28.50391,comp
34.83334,5.48629,5.12501,-0.13984,72.21847,-11.87009,-198.39212,9.76374,-34.82487,17.43020,28.47656,full
34.85750,5.82052,7.02540,-0.04078,89.48409,-16.60056,-234.61087,9.77220,-33.40105,15.40286,28.47266,comp
34.87347,5.93569,8.38673,0.84008,110.90597,-26.02243,-264.70462,11.25462,-33.74333,14.18411,28.46680,comp
34.89761,5.31020,6.87110,-0.70680,98.10128,-24.96775,-262.40384,13.79563,-32.03532,15.33352,28.50977,comp
34.92141,5.40279,7.71290,-0.23072,82.86691,-27.04197,-251.44290,17.43235,-31.05193,17.70071,28.49023,comp
34.93757,4.65230,8.64015,-0.96656,67.14816,-31.61228,-228.80228,20.71165,-28.28435,17.60934,28.46875,comp
34.96148,3.03316,9.58985,-1.87379,67.30050,-32.36081,-217.63040,23.23509,-25.89763,19.97653,28.47656,comp
34.97737,2.16256,9.96363,-2.11024,69.06612,-29.11277,-192.94290,23.94310,-22.76286,19.90829,28.50391,comp
