t,u,omega_radps,thro,m0_omega
2.384185791015625e-06,0.6231487989425659,0.7366015911102295,0.5,258.7260437011719
0.01060175895690918,-0.8351482152938843,-0.6668959259986877,0.5,307.5420837402344
0.020874738693237305,-0.8351482152938843,-0.6668959259986877,0.5,307.5420837402344
0.031000852584838867,0.026473790407180786,0.521101713180542,0.5,270.7406921386719
0.04112362861633301,0.026473790407180786,0.521101713180542,0.5,270.7406921386719
0.05126023292541504,0.33985260128974915,-0.4939722716808319,0.5,295.6246032714844
0.0613861083984375,0.33985260128974915,0.5059746503829956,0.5,272.88372802734375
0.07152652740478516,-0.6201280951499939,0.5059746503829956,0.5,272.88372802734375
0.08165097236633301,-0.6201280951499939,-0.5439653396606445,0.5,276.3310852050781
0.09176349639892578,-0.20599794387817383,0.40401387214660645,0.5,265.9837341308594
0.10188007354736328,-0.20599794387817383,0.40401387214660645,0.5,265.9837341308594
0.11199164390563965,0.5801958441734314,-0.2164796143770218,0.5,286.19244384765625
0.12213897705078125,0.5801958441734314,-0.2164796143770218,0.5,286.19244384765625
0.1322629451751709,-0.2863210439682007,0.32198795676231384,0.5,305.52734375
0.14239788055419922,-0.2863210439682007,-0.44222554564476013,0.5,317.5806579589844
0.15251660346984863,-0.04388006031513214,-0.44222554564476013,0.5,317.5806579589844
0.16266918182373047,-0.04388006031513214,0.36871108412742615,0.5,306.91790771484375
0.17282438278198242,0.627358078956604,-0.4974442720413208,0.5,328.7580261230469
0.1829841136932373,0.627358078956604,-0.4974442720413208,0.5,328.7580261230469
0.19309663772583008,-0.692360520362854,0.3202469050884247,0.5,297.5182800292969
0.20326018333435059,-0.692360520362854,0.3202469050884247,0.5,297.5182800292969
0.2134411334991455,0.5150887370109558,-0.4127229154109955,0.5,318.3266906738281
0.22359776496887207,0.5150887370109558,0.8102554678916931,0.5,330.314697265625
0.23372173309326172,-0.22322076559066772,0.8102554678916931,0.5,330.314697265625
0.24383807182312012,-0.22322076559066772,-0.9366553425788879,0.5,345.707763671875
0.25395679473876953,-0.14802604913711548,0.8287288546562195,0.5,281.9145202636719
0.2640705108642578,-0.14802604913711548,0.8287288546562195,0.5,281.9145202636719
0.27420568466186523,0.517156720161438,-0.6485841274261475,0.5,328.26165771484375
0.28438663482666016,0.517156720161438,0.8198575377464294,0.5,294.8570251464844
0.29450559616088867,-0.8238775730133057,0.8198575377464294,0.5,294.8570251464844
0.30463600158691406,-0.8238775730133057,-0.6259816288948059,0.5,320.0893249511719
0.31476736068725586,0.3903464376926422,-0.6259816288948059,0.5,320.0893249511719
0.3249213695526123,0.3903464376926422,0.7454773187637329,0.5,287.32373046875
0.33506178855895996,0.3478865325450897,-0.5891345143318176,0.5,318.6551208496094
0.3452129364013672,0.3478865325450897,-0.5891345143318176,0.5,318.6551208496094
0.3553590774536133,-0.5923012495040894,0.3794187009334564,0.5,287.117919921875
0.36550021171569824,-0.5923012495040894,-0.19393371045589447,0.5,295.9338073730469
0.37561750411987305,-0.018940240144729614,-0.19393371045589447,0.5,295.9338073730469
0.3857288360595703,-0.018940240144729614,0.029196415096521378,0.5,305.4842529296875
0.3958456516265869,0.5198216438293457,0.2261950969696045,0.5,280.3746337890625
0.40596842765808105,0.5198216438293457,0.2261950969696045,0.5,280.3746337890625
0.4160885810852051,-0.8355381488800049,-0.09141543507575989,0.5,337.69866943359375
0.42621397972106934,-0.8355381488800049,0.046638697385787964,0.5,296.62139892578125
0.436321496963501,0.8159071207046509,0.046638697385787964,0.5,296.62139892578125
0.4465625286102295,0.8159071207046509,0.29215699434280396,0.5,359.303955078125
0.457211971282959,-0.05007752776145935,0.29215699434280396,0.5,359.303955078125
0.467327356338501,-0.05007752776145935,-0.16546133160591125,0.5,334.06011962890625
0.4774465560913086,-0.4118884801864624,-0.028120791539549828,0.5,319.09246826171875
0.4875600337982178,-0.4118884801864624,-0.028120791539549828,0.5,319.09246826171875
0.49796462059020996,0.7497991323471069,0.21403132379055023,0.5,300.5028076171875
0.5080950260162354,0.7497991323471069,0.04345326125621796,0.5,357.2413024902344
0.5182178020477295,-0.6352725028991699,0.04345326125621796,0.5,357.2413024902344
0.5283794403076172,-0.6352725028991699,-0.21170838177204132,0.5,324.33984375
0.5386176109313965,0.1660037338733673,0.4092969000339508,0.5,328.17742919921875
0.5487611293792725,0.1660037338733673,0.4092969000339508,0.5,328.17742919921875
0.5588884353637695,0.22876766324043274,-0.18467946350574493,0.5,340.6498718261719
0.5690507888793945,0.22876766324043274,-0.18467946350574493,0.5,340.6498718261719
0.579190731048584,-0.8107060194015503,0.5584573745727539,0.5,335.98394775390625
0.5893287658691406,-0.8107060194015503,-0.43534496426582336,0.5,337.7931213378906
0.599440336227417,0.8124350309371948,-0.43534496426582336,0.5,337.7931213378906
0.6095609664916992,0.8124350309371948,0.7715182900428772,0.5,309.6198425292969
0.6196885108947754,-0.7559260725975037,-0.8489967584609985,0.5,368.95989990234375
0.6298441886901855,-0.7559260725975037,-0.8489967584609985,0.5,368.95989990234375
0.6399850845336914,0.13040155172348022,1.2606289386749268,0.5,298.34234619140625
0.6501247882843018,-0.1303989291191101,1.2606289386749268,0.5,298.34234619140625
0.6602625846862793,-0.1303989291191101,-1.145850658416748,0.5,391.6475524902344
0.6703841686248779,-0.1303989291191101,0.8531322479248047,0.5,277.4136657714844
0.6805346012115479,-0.10691040754318237,0.8531322479248047,0.5,277.4136657714844
0.6906676292419434,-0.10691040754318237,-0.3767157196998596,0.5,388.5492858886719
0.7007906436920166,0.5588976144790649,0.16940468549728394,0.5,326.3828125
0.7108914852142334,0.5588976144790649,0.16940468549728394,0.5,326.3828125
0.720999002456665,-0.6990923285484314,0.312173068523407,0.5,381.0162048339844
0.7310945987701416,-0.6990923285484314,-0.2940458059310913,0.5,372.5609436035156
0.7413415908813477,0.8625681400299072,-0.2940458059310913,0.5,372.5609436035156
0.7514538764953613,0.8625681400299072,0.7174473404884338,0.5,339.287353515625
0.761573314666748,-0.9548168778419495,0.7174473404884338,0.5,339.287353515625
0.7717325687408447,-0.9548168778419495,-0.6915323138237,0.5,375.16705322265625
0.7819259166717529,0.5485420227050781,0.7290223836898804,0.5,303.0784912109375
0.792025089263916,0.5485420227050781,0.7290223836898804,0.5,303.0784912109375
0.8021438121795654,0.1514856070280075,-0.8147707581520081,0.5,356.9533996582031
0.8122572898864746,-0.4088362455368042,1.1266064643859863,0.5,305.04742431640625
0.8223636150360107,-0.4088362455368042,1.1266064643859863,0.5,305.04742431640625
0.832496166229248,0.7003436088562012,-0.8044163584709167,0.5,386.7550354003906
0.8426198959350586,0.7003436088562012,-0.8044163584709167,0.5,386.7550354003906
0.8527469635009766,-0.7266353368759155,0.737334132194519,0.5,292.1507568359375
0.8628911972045898,-0.7266353368759155,-0.8958258032798767,0.5,338.1063232421875
0.8730130195617676,0.6114033460617065,-0.8958258032798767,0.5,338.1063232421875
0.8831357955932617,0.6114033460617065,0.9221256971359253,0.5,275.8453063964844
0.893256664276123,0.04557943344116211,-0.6833720207214355,0.5,351.9702453613281
0.9034221172332764,0.04557943344116211,-0.6833720207214355,0.5,351.9702453613281
0.9135956764221191,-0.5814337134361267,0.8388037085533142,0.5,284.0154113769531
0.9237456321716309,-0.5814337134361267,-1.0108689069747925,0.5,348.6624755859375
0.9338691234588623,0.9281018376350403,-1.0108689069747925,0.5,348.6624755859375
0.9439938068389893,0.9281018376350403,0.9005832076072693,0.5,266.310302734375
0.954127311706543,-0.8885525465011597,-0.8225846290588379,0.5,377.7763977050781
0.9642908573150635,-0.8885525465011597,-0.8225846290588379,0.5,377.7763977050781
0.9746408462524414,0.2417733073234558,0.7012022733688354,0.5,282.1785583496094
0.9848427772521973,0.2417733073234558,0.7012022733688354,0.5,282.1785583496094
0.9949603080749512,0.47397637367248535,-0.6874526143074036,0.5,337.0580749511719
1.0050811767578125,0.47397637367248535,0.7062812447547913,0.5,268.8243713378906
1.0152287483215332,-0.7880976796150208,0.7062812447547913,0.5,268.8243713378906
1.0253710746765137,-0.7880976796150208,-0.6074507236480713,0.5,339.8995361328125
1.0355043411254883,0.7856571674346924,0.6755146384239197,0.5,271.4556579589844
1.0456199645996094,0.7856571674346924,0.6755146384239197,0.5,271.4556579589844
1.0557215213775635,-0.05099967122077942,-0.6074776649475098,0.5,338.4548034667969
1.0658221244812012,-0.05099967122077942,-0.6074776649475098,0.5,338.4548034667969
1.0759291648864746,-0.4797857999801636,0.7496914863586426,0.5,271.88397216796875
1.0860302448272705,-0.4797857999801636,-0.5999346375465393,0.5,357.00823974609375
1.0961358547210693,0.7146812081336975,-0.5999346375465393,0.5,357.00823974609375
1.1062452793121338,0.7146812081336975,0.6760251522064209,0.5,274.29388427734375
1.116365671157837,-0.8593826293945312,-0.6069952845573425,0.5,347.52886962890625
1.1264991760253906,-0.8593826293945312,-0.6069952845573425,0.5,347.52886962890625
1.1366069316864014,0.42587345838546753,0.5449260473251343,0.5,282.8955993652344
1.1467370986938477,0.42587345838546753,0.5449260473251343,0.5,282.8955993652344
1.1568653583526611,0.2938809394836426,-0.7303661704063416,0.5,333.9317626953125
1.1670379638671875,0.2938809394836426,0.6403487324714661,0.5,280.8575744628906
1.1772425174713135,-0.7967976927757263,0.6403487324714661,0.5,280.8575744628906
1.187371015548706,-0.7967976927757263,-0.18562638759613037,0.5,393.2988586425781
1.1975111961364746,0.7692616581916809,0.05537721514701843,0.5,321.50262451171875
1.2076587677001953,0.7692616581916809,0.05537721514701843,0.5,321.50262451171875
1.217789649963379,-0.82033771276474,-0.0888523980975151,0.5,344.63531494140625
1.2279419898986816,-0.82033771276474,-0.17157632112503052,0.5,320.96112060546875
1.2380850315093994,0.22341591119766235,-0.17157632112503052,0.5,320.96112060546875
1.2482166290283203,0.22341591119766235,0.12801221013069153,0.5,344.2527770996094
1.2583630084991455,0.2818247079849243,0.12801221013069153,0.5,344.2527770996094
1.2684969902038574,0.2818247079849243,-0.3593362867832184,0.5,339.25384521484375
1.2786006927490234,-0.5076569318771362,0.3934038579463959,0.5,336.4896545410156
1.2887160778045654,-0.5076569318771362,0.3934038579463959,0.5,336.4896545410156
1.2988264560699463,0.9300066828727722,-0.8547756671905518,0.5,368.4706726074219
1.3089895248413086,0.9300066828727722,0.9002896547317505,0.5,318.2013854980469
1.3191239833831787,-0.9682454466819763,0.9002896547317505,0.5,318.2013854980469
1.3292593955993652,-0.9682454466819763,-0.9958839416503906,0.5,399.6922302246094
1.3393974304199219,0.9087050557136536,-0.9958839416503906,0.5,399.6922302246094
1.3495028018951416,0.9087050557136536,0.7649191617965698,0.5,293.0696105957031
1.3596103191375732,-0.04501727223396301,-0.7367566823959351,0.5,362.60595703125
1.3697054386138916,-0.04501727223396301,-0.7367566823959351,0.5,362.60595703125
1.3797991275787354,-0.5737031698226929,0.5955634117126465,0.5,304.9393615722656
1.389972448348999,-0.5737031698226929,-0.7022868990898132,0.5,334.99310302734375
1.4000802040100098,0.7854275703430176,-0.7022868990898132,0.5,334.99310302734375
1.410466194152832,0.7854275703430176,0.7590727210044861,0.5,294.371337890625
1.4206795692443848,-0.8006436824798584,-0.8719817996025085,0.5,378.7088928222656
1.4307868480682373,-0.8006436824798584,-0.8719817996025085,0.5,378.7088928222656
1.4408857822418213,-0.041920095682144165,1.0457197427749634,0.5,299.6731262207031
1.4510023593902588,-0.041920095682144165,-1.3449914455413818,0.5,409.37213134765625
1.4611232280731201,0.3370613157749176,-1.3449914455413818,0.5,409.37213134765625
1.4712376594543457,0.3370613157749176,1.1012474298477173,0.5,285.2374572753906
1.4813451766967773,-0.5920158624649048,1.1012474298477173,0.5,285.2374572753906
1.491497278213501,-0.5920158624649048,-0.8959861397743225,0.5,437.0240478515625
1.5016498565673828,0.9327375292778015,-0.1252027004957199,0.5,339.9932861328125
1.5117576122283936,0.9327375292778015,-0.1252027004957199,0.5,339.9932861328125
1.5218653678894043,-0.9896019697189331,0.4961457848548889,0.5,393.55450439453125
1.531972885131836,-0.9896019697189331,-1.0320769548416138,0.5,422.4860534667969
1.5420682430267334,1.0,-1.0320769548416138,0.5,422.4860534667969
1.5521647930145264,1.0,1.2618005275726318,0.5,337.07720947265625
1.5623154640197754,-1.0,1.2618005275726318,0.5,337.07720947265625
1.572444200515747,-1.0,-1.5962821245193481,0.5,451.77801513671875
1.5825796127319336,1.0,0.9600058794021606,0.5,297.7040710449219
1.5926978588104248,1.0,0.9600058794021606,0.5,297.7040710449219
1.6027932167053223,-1.0,-0.1331706941127777,0.5,439.8249206542969
1.6130115985870361,-1.0,-0.3709825575351715,0.5,398.8852844238281
1.6231906414031982,1.0,-0.3709825575351715,0.5,398.8852844238281
1.633301019668579,1.0,0.8422635793685913,0.5,380.1871032714844
1.6434216499328613,-1.0,-1.09151291847229,0.5,421.55072021484375
1.653566598892212,-1.0,-1.09151291847229,0.5,421.55072021484375
1.6636879444122314,0.2995854616165161,1.3479640483856201,0.5,321.5679626464844
1.6738028526306152,0.2995854616165161,1.3479640483856201,0.5,321.5679626464844
1.683901309967041,-0.3576640486717224,-1.3145575523376465,0.5,453.3902587890625
1.6941113471984863,-0.03364934027194977,0.9939848780632019,0.5,301.1595153808594
1.7042169570922852,-0.03364934027194977,0.9939848780632019,0.5,301.1595153808594
1.714332103729248,0.03763298690319061,-0.43242591619491577,0.5,445.43975830078125
1.7245213985443115,0.03763298690319061,-0.14648815989494324,0.5,360.837646484375
1.7346246242523193,-0.3381061553955078,-0.14648815989494324,0.5,360.837646484375
1.7447402477264404,-0.3381061553955078,0.695809543132782,0.5,384.7707214355469
1.7548463344573975,0.7053720951080322,0.695809543132782,0.5,384.7707214355469
1.764951229095459,0.7053720951080322,-1.2831918001174927,0.5,438.13323974609375
1.7750585079193115,0.7053720951080322,1.248976469039917,0.5,305.2088623046875
1.7851758003234863,-0.7661786079406738,1.248976469039917,0.5,305.2088623046875
1.795288324356079,0.9335092306137085,-1.1943013668060303,0.5,439.18902587890625
1.8054094314575195,0.9335092306137085,1.151971697807312,0.5,307.1871032714844
1.815549373626709,-1.0,1.151971697807312,0.5,307.1871032714844
1.8257291316986084,-1.0,-0.4847535789012909,0.5,450.185546875
1.8358337879180908,1.0,-0.15994763374328613,0.5,357.3082275390625
1.8459534645080566,1.0,-0.15994763374328613,0.5,357.3082275390625
1.856086015701294,-1.0,0.6255013346672058,0.5,401.9247131347656
1.8662497997283936,-1.0,0.6255013346672058,0.5,401.9247131347656
1.8763744831085205,1.0,-1.3380755186080933,0.5,438.68194580078125
1.8864881992340088,1.0,1.3981908559799194,0.5,312.3401184082031
1.8966424465179443,-1.0,1.3981908559799194,0.5,312.3401184082031
1.906785488128662,-1.0,-1.4447178840637207,0.5,465.04058837890625
1.9169137477874756,1.0,0.5995911359786987,0.5,318.3386535644531
1.9270341396331787,1.0,0.5995911359786987,0.5,318.3386535644531
1.9372069835662842,-1.0,0.06892222166061401,0.5,436.09326171875
1.9473695755004883,-1.0,0.06892222166061401,0.5,436.09326171875
1.95750093460083,0.7333347201347351,-0.8380129933357239,0.5,406.0251159667969
1.9676275253295898,0.7333347201347351,1.4026415348052979,0.5,346.6458435058594
1.9777812957763672,-1.0,1.4026415348052979,0.5,346.6458435058594
1.987907886505127,-1.0,-1.4695055484771729,0.5,471.64263916015625
1.9980149269104004,0.6802408695220947,1.0610740184783936,0.5,307.03448486328125
2.0081348419189453,0.6802408695220947,1.0610740184783936,0.5,307.03448486328125
2.0182526111602783,-0.1090870201587677,-0.9209597110748291,0.5,436.3402404785156
2.0283753871917725,-0.1090870201587677,0.0244465209543705,0.5,345.4354248046875
2.038503646850586,0.29945701360702515,0.0244465209543705,0.5,345.4354248046875
2.0487895011901855,0.29945701360702515,0.8845447897911072,0.5,391.637451171875
2.0589709281921387,-0.02599245309829712,0.8845447897911072,0.5,391.637451171875
2.0690863132476807,-0.02599245309829712,-1.4496961832046509,0.5,464.2596435546875
2.0792245864868164,0.16922274231910706,1.2287976741790771,0.5,310.2441711425781
2.089339256286621,0.16922274231910706,1.2287976741790771,0.5,310.2441711425781
2.0994534492492676,0.2486017346382141,-1.0879606008529663,0.5,442.371337890625
2.1095781326293945,0.2486017346382141,1.1507488489151,0.5,312.8220520019531
2.1196770668029785,-0.8125802278518677,1.1507488489151,0.5,312.8220520019531
2.1297900676727295,-0.8125802278518677,-0.5938219428062439,0.5,440.4059143066406
2.139920234680176,0.8783233165740967,-0.5938219428062439,0.5,440.4059143066406
2.150024652481079,0.8783233165740967,0.5192100405693054,0.5,327.43316650390625
2.1601386070251465,-0.9645399451255798,-0.1940336972475052,0.5,399.9203186035156
2.1702656745910645,-0.9645399451255798,-0.1940336972475052,0.5,399.9203186035156
2.180389404296875,1.0,-0.3461270332336426,0.5,360.8167724609375
2.1905038356781006,1.0,1.087349534034729,0.5,356.9234619140625
2.2006049156188965,-1.0,1.087349534034729,0.5,356.9234619140625
2.210728406906128,-1.0,-1.008122444152832,0.5,454.7625427246094
2.2208311557769775,0.7995514869689941,1.1520034074783325,0.5,322.8707275390625
2.230902671813965,0.7995514869689941,1.1520034074783325,0.5,322.8707275390625
2.241010904312134,-0.1268988847732544,-1.4585736989974976,0.5,420.1849670410156
2.2516074180603027,-0.1268988847732544,-1.4585736989974976,0.5,420.1849670410156
2.261841297149658,0.009562373161315918,1.0550522804260254,0.5,280.9109802246094
2.271944046020508,0.009562373161315918,-0.33847635984420776,0.5,455.36395263671875
2.282036542892456,0.18997739255428314,-0.33847635984420776,0.5,455.36395263671875
2.2921302318573,0.18997739255428314,-0.1356186419725418,0.5,385.4405212402344
2.3022301197052,-0.48113691806793213,1.2645643949508667,0.5,380.7479248046875
2.312329053878784,-0.48113691806793213,1.2645643949508667,0.5,380.7479248046875
2.3224260807037354,0.18434259295463562,-1.5859966278076172,0.5,482.1434020996094
2.3325271606445312,0.18434259295463562,1.339098572731018,0.5,312.7615661621094
2.342642068862915,-0.2524557411670685,1.339098572731018,0.5,312.7615661621094
2.352735996246338,-0.2524557411670685,-1.1442959308624268,0.5,468.4714660644531
2.3628242015838623,0.5196503400802612,-1.1442959308624268,0.5,468.4714660644531
2.3729100227355957,0.5196503400802612,-0.09540258347988129,0.5,343.39508056640625
2.3830108642578125,-0.5050604343414307,0.6162070631980896,0.5,400.0014953613281
2.3931212425231934,-0.5050604343414307,0.6162070631980896,0.5,400.0014953613281
2.4032297134399414,0.7588170170783997,-0.9350634217262268,0.5,436.55224609375
2.413339853286743,0.7588170170783997,1.3130433559417725,0.5,337.7727355957031
2.423468589782715,-0.9298697113990784,1.3130433559417725,0.5,337.7727355957031
2.4336161613464355,-0.9298697113990784,-1.3842865228652954,0.5,461.889892578125
2.4437167644500732,0.9968875050544739,0.947801411151886,0.5,304.1771240234375
2.453848123550415,0.9968875050544739,0.947801411151886,0.5,304.1771240234375
2.4639885425567627,-0.9811491370201111,-1.1116774082183838,0.5,420.5528869628906
2.474121332168579,-0.9811491370201111,-1.1116774082183838,0.5,420.5528869628906
2.484248399734497,1.0,0.7883495688438416,0.5,296.3749694824219
2.4943692684173584,1.0,-0.2992100119590759,0.5,453.0244445800781
2.504488706588745,-0.56787109375,-0.2992100119590759,0.5,453.0244445800781
2.5146005153656006,-0.56787109375,-0.14811357855796814,0.5,383.97357177734375
2.5247015953063965,0.18461355566978455,0.8633489012718201,0.5,385.8667297363281
2.5347981452941895,0.18461355566978455,0.8633489012718201,0.5,385.8667297363281
2.5448994636535645,-0.24548280239105225,-1.13153874874115,0.5,442.18499755859375
2.5549957752227783,-0.24548280239105225,-1.13153874874115,0.5,442.18499755859375
2.5650882720947266,-0.17218178510665894,1.1036735773086548,0.5,330.2447814941406
2.575209379196167,-0.17218178510665894,-1.5803606510162354,0.5,433.9255065917969
2.585331678390503,0.6378604173660278,-1.5803606510162354,0.5,433.9255065917969
2.5954360961914062,0.6378604173660278,1.2832106351852417,0.5,286.6521911621094
2.6055335998535156,-0.7170451879501343,-0.5451741814613342,0.5,479.48297119140625
2.6156909465789795,-0.7170451879501343,-0.5451741814613342,0.5,479.48297119140625
2.6258089542388916,0.8875464200973511,-0.1976373791694641,0.5,386.7996826171875
2.6359548568725586,-1.0,-0.1976373791694641,0.5,386.7996826171875
2.6461880207061768,-1.0,0.8979547023773193,0.5,385.8182067871094
2.6563069820404053,-1.0,-1.7960950136184692,0.5,453.03802490234375
2.666416883468628,1.0,-1.7960950136184692,0.5,453.03802490234375
2.6764979362487793,-1.0,1.315649151802063,0.5,302.28765869140625
2.686605453491211,-1.0,-1.3063385486602783,0.5,474.9427795410156
2.696720838546753,1.0,-1.3063385486602783,0.5,474.9427795410156
2.7068161964416504,1.0,0.09424488991498947,0.5,347.8993225097656
2.7169103622436523,-1.0,0.09424488991498947,0.5,347.8993225097656
2.7270047664642334,-1.0,0.9185623526573181,0.5,394.552978515625
2.737109422683716,1.0,-1.7767128944396973,0.5,482.2953796386719
2.747232437133789,1.0,-1.7767128944396973,0.5,482.2953796386719
2.757354497909546,-1.0,1.3199487924575806,0.5,327.07208251953125
2.767514228820801,-1.0,-1.306180477142334,0.5,463.6881103515625
2.777639627456665,1.0,-1.306180477142334,0.5,463.6881103515625
2.7877535820007324,1.0,0.34525465965270996,0.5,321.48223876953125
2.797863006591797,-1.0,0.06850019097328186,0.5,433.99993896484375
2.80804443359375,-1.0,0.06850019097328186,0.5,433.99993896484375
2.818169593811035,1.0,-0.9974249005317688,0.5,409.1897277832031
2.82826828956604,1.0,-0.9974249005317688,0.5,409.1897277832031
2.8383631706237793,-1.0,1.5844790935516357,0.5,339.3299560546875
2.848515033721924,-1.0,-1.6065388917922974,0.5,499.27154541015625
2.8586585521698,1.0,-1.6065388917922974,0.5,499.27154541015625
2.8687775135040283,1.0,1.1584675312042236,0.5,319.2130432128906
2.8788857460021973,-1.0,-0.18895871937274933,0.5,458.675537109375
2.890432596206665,-1.0,-0.18895871937274933,0.5,458.675537109375
2.900653600692749,1.0,-1.056960105895996,0.5,411.9346923828125
2.910764217376709,1.0,1.629477858543396,0.5,337.6914978027344
2.9208688735961914,-1.0,1.629477858543396,0.5,337.6914978027344
2.930976390838623,-1.0,-1.3993805646896362,0.5,498.9076843261719
2.941080331802368,1.0,-1.3993805646896362,0.5,498.9076843261719
2.9512016773223877,1.0,1.1869133710861206,0.5,332.7463684082031
2.961362600326538,-1.0,-0.6081259250640869,0.5,461.3905334472656
2.971487522125244,-1.0,-0.6081259250640869,0.5,461.3905334472656
2.9815964698791504,1.0,0.07402122020721436,0.5,349.4577941894531
2.9917118549346924,1.0,0.2340848445892334,0.5,410.383056640625
3.001833438873291,-0.3601941466331482,0.2340848445892334,0.5,410.383056640625
3.0119569301605225,-0.3601941466331482,-0.907783567905426,0.5,406.1655578613281
3.0220718383789062,0.10274279117584229,1.1640806198120117,0.5,328.8899841308594
3.0321943759918213,0.10274279117584229,1.1640806198120117,0.5,328.8899841308594
3.042328119277954,0.10566696524620056,-1.3822519779205322,0.5,462.37896728515625
3.052455425262451,0.10566696524620056,1.3838483095169067,0.5,320.6197814941406
3.062640905380249,-0.37391987442970276,1.3838483095169067,0.5,320.6197814941406
3.0727381706237793,-0.37391987442970276,-1.2439223527908325,0.5,470.38934326171875
3.082848072052002,0.7798348069190979,-1.2439223527908325,0.5,470.38934326171875
3.0929553508758545,0.7798348069190979,0.31107351183891296,0.5,318.3214416503906
3.1030609607696533,-0.7894567847251892,0.5053545832633972,0.5,425.328857421875
3.113163709640503,-0.7894567847251892,0.5053545832633972,0.5,425.328857421875
3.1232750415802,0.9587737917900085,-1.1711947917938232,0.5,448.2203674316406
3.1334125995635986,0.9587737917900085,-1.1711947917938232,0.5,448.2203674316406
3.1435282230377197,-0.9620448350906372,1.9087555408477783,0.5,333.36419677734375
3.15366268157959,-0.9620448350906372,-1.2560733556747437,0.5,518.8876953125
3.1637699604034424,0.7706711888313293,-1.2560733556747437,0.5,518.8876953125
3.1738812923431396,0.7706711888313293,0.9160771369934082,0.5,344.5897521972656
3.183992385864258,-1.0,0.1805252879858017,0.5,452.6961669921875
3.1941239833831787,-1.0,0.1805252879858017,0.5,452.6961669921875
3.2042741775512695,1.0,-0.6241703629493713,0.5,402.2779846191406
3.214406967163086,1.0,0.9159737825393677,0.5,374.17901611328125
3.224508762359619,-1.0,0.9159737825393677,0.5,374.17901611328125
3.23461651802063,-1.0,-0.8806136846542358,0.5,434.85430908203125
3.244727849960327,1.0,-0.8806136846542358,0.5,434.85430908203125
3.2548341751098633,1.0,1.4762494564056396,0.5,343.05474853515625
3.2649409770965576,-1.0,-1.5174585580825806,0.5,487.06610107421875
3.2750983238220215,-1.0,-1.5174585580825806,0.5,487.06610107421875
3.2855117321014404,1.0,1.182419776916504,0.5,314.8573303222656
3.295712947845459,1.0,-0.6924885511398315,0.5,472.0523681640625
3.3058395385742188,-0.3762289881706238,-0.6924885511398315,0.5,472.0523681640625
3.3159759044647217,-0.3762289881706238,-0.5659246444702148,0.5,375.734619140625
3.3261072635650635,0.5119978189468384,1.2241216897964478,0.5,368.67315673828125
3.3362390995025635,-0.2864055633544922,1.2241216897964478,0.5,368.67315673828125
3.3463754653930664,-0.2864055633544922,-1.5158641338348389,0.5,468.5623779296875
3.356518268585205,-0.2864055633544922,-1.5158641338348389,0.5,468.5623779296875
3.3666505813598633,0.13492822647094727,1.567643642425537,0.5,318.36468505859375
3.3767757415771484,0.13492822647094727,-1.1973854303359985,0.5,500.0143127441406
3.386934995651245,0.2958083152770996,-1.1973854303359985,0.5,500.0143127441406
3.3970563411712646,0.2958083152770996,-0.017377767711877823,0.5,348.3345947265625
3.4071593284606934,-0.273496150970459,0.4834839105606079,0.5,403.34808349609375
3.4172685146331787,0.4354845881462097,0.4834839105606079,0.5,403.34808349609375
3.4275989532470703,0.4354845881462097,-1.083633303642273,0.5,434.1253356933594
3.437713623046875,0.4354845881462097,1.330603837966919,0.5,344.4776306152344
3.4478366374969482,-0.5985877513885498,1.330603837966919,0.5,344.4776306152344
3.457968235015869,-0.5985877513885498,-1.2815476655960083,0.5,476.9593811035156
3.4681925773620605,0.8167205452919006,-1.2815476655960083,0.5,476.9593811035156
3.4783003330230713,0.8167205452919006,1.2606408596038818,0.5,317.798828125
3.4887304306030273,-1.0,-1.0694867372512817,0.5,464.0523376464844
3.498933792114258,-1.0,-1.0694867372512817,0.5,464.0523376464844
3.5090389251708984,1.0,0.8231853246688843,0.5,310.50433349609375
3.5191612243652344,1.0,-0.4032854735851288,0.5,443.0307922363281
3.5292937755584717,-1.0,-0.4032854735851288,0.5,443.0307922363281
3.5394299030303955,-1.0,-0.6820049285888672,0.5,386.6206970214844
3.549506664276123,1.0,-0.6820049285888672,0.5,386.6206970214844
3.5596272945404053,1.0,1.1789754629135132,0.5,367.2135314941406
3.569746494293213,-0.7274574041366577,-1.4666773080825806,0.5,474.9708557128906
3.5798661708831787,-0.7274574041366577,-1.4666773080825806,0.5,474.9708557128906
3.589993715286255,0.1784360408782959,1.3297094106674194,0.5,327.64093017578125
3.6001110076904297,0.1784360408782959,1.3297094106674194,0.5,327.64093017578125
3.6102347373962402,0.030017808079719543,-1.4447662830352783,0.5,477.6477966308594
3.6203579902648926,0.030017808079719543,0.5903401374816895,0.5,315.0467224121094
3.6304678916931152,-0.13744407892227173,0.5903401374816895,0.5,315.0467224121094
3.640604257583618,-0.13744407892227173,0.25921615958213806,0.5,440.8728332519531
3.6507301330566406,0.22756798565387726,-1.2196587324142456,0.5,435.821044921875
3.660871744155884,0.22756798565387726,-1.2196587324142456,0.5,435.821044921875
3.671010732650757,-0.34713014960289,1.7056806087493896,0.5,342.42596435546875
3.681165933609009,-0.34713014960289,-1.7868870496749878,0.5,509.2567138671875
3.6913154125213623,0.06073887646198273,-1.7868870496749878,0.5,509.2567138671875
3.7015817165374756,-0.0013572722673416138,0.6135037541389465,0.5,323.0981750488281
3.7117152214050293,-0.0013572722673416138,0.6135037541389465,0.5,323.0981750488281
3.7218825817108154,-0.0013572722673416138,-0.1452622264623642,0.5,430.7925109863281
3.732004165649414,0.30244433879852295,-0.7839807271957397,0.5,384.1460876464844
3.74214768409729,-0.3899422585964203,-0.7839807271957397,0.5,384.1460876464844
3.7523043155670166,-0.3899422585964203,1.0571686029434204,0.5,359.41217041015625
3.7624590396881104,-0.3899422585964203,-1.099335789680481,0.5,455.2702331542969
3.772610902786255,0.7028722763061523,-1.099335789680481,0.5,455.2702331542969
3.782724618911743,-1.0,1.1892704963684082,0.5,340.81329345703125
3.7928361892700195,-1.0,-1.550834059715271,0.5,455.0326232910156
3.80294132232666,1.0,-1.550834059715271,0.5,455.0326232910156
3.8130643367767334,1.0,1.1029517650604248,0.5,283.4566955566406
3.8232064247131348,1.0,1.1029517650604248,0.5,283.4566955566406
3.8333723545074463,-1.0,-0.9662961959838867,0.5,469.85791015625
3.8435070514678955,-1.0,0.2790876626968384,0.5,345.9282531738281
3.853628158569336,0.6806514263153076,0.2790876626968384,0.5,345.9282531738281
3.8637590408325195,0.6806514263153076,0.7702293395996094,0.5,421.2374267578125
3.8739218711853027,-0.6210235953330994,-1.266751766204834,0.5,458.86065673828125
3.884068250656128,-0.6210235953330994,-1.266751766204834,0.5,458.86065673828125
3.8941993713378906,0.4569109082221985,1.5336134433746338,0.5,348.7501525878906
3.90433931350708,-0.2471257448196411,1.5336134433746338,0.5,348.7501525878906
3.9144489765167236,-0.2471257448196411,-1.6028881072998047,0.5,481.34271240234375
3.924680233001709,0.24559345841407776,0.7851256728172302,0.5,303.0161437988281
3.934840202331543,0.24559345841407776,0.7851256728172302,0.5,303.0161437988281
3.944984197616577,0.18204478919506073,-0.603319525718689,0.5,453.8805847167969
3.955129384994507,0.18204478919506073,-0.29860594868659973,0.5,376.8944396972656
3.965269088745117,-0.40367329120635986,-0.29860594868659973,0.5,376.8944396972656
3.9754385948181152,-0.40367329120635986,1.5465964078903198,0.5,374.92694091796875
3.9856104850769043,0.2085132598876953,1.5465964078903198,0.5,374.92694091796875
3.995732545852661,0.2085132598876953,-1.6491507291793823,0.5,500.928955078125
4.005859613418579,-0.4436901807785034,1.4911919832229614,0.5,329.92010498046875
4.016019821166992,-0.4436901807785034,1.4911919832229614,0.5,329.92010498046875
4.026197910308838,0.6640315055847168,-0.9880441427230835,0.5,471.0470275878906
4.036302328109741,0.6640315055847168,0.10568015277385712,0.5,339.0119934082031
4.046432256698608,-0.6100237369537354,0.10568015277385712,0.5,339.0119934082031
4.0565431118011475,-0.6100237369537354,1.1016292572021484,0.5,414.53570556640625
4.066711187362671,0.7843316793441772,-1.2963181734085083,0.5,484.1130676269531
4.076844930648804,0.7843316793441772,-1.2963181734085083,0.5,484.1130676269531
4.087004661560059,-0.9243987202644348,1.4235458374023438,0.5,354.1065368652344
4.097144365310669,-0.9243987202644348,1.4235458374023438,0.5,354.1065368652344
4.10727858543396,1.0,-1.7238891124725342,0.5,463.264404296875
4.117438316345215,1.0,0.7186147570610046,0.5,287.7381896972656
4.127598285675049,-0.980749249458313,0.7186147570610046,0.5,287.7381896972656
4.137736797332764,-0.980749249458313,-0.16420114040374756,0.5,460.94873046875
4.147849798202515,1.0,-0.921898603439331,0.5,423.6804504394531
4.157998085021973,1.0,-0.921898603439331,0.5,423.6804504394531
4.1681296825408936,-1.0,2.0320401191711426,0.5,358.321533203125
4.178265333175659,-1.0,-1.7310041189193726,0.5,535.5184936523438
4.188389778137207,1.0,-1.7310041189193726,0.5,535.5184936523438
4.198511123657227,1.0,0.8124135136604309,0.5,339.1117858886719
4.208660840988159,-1.0,0.8124135136604309,0.5,339.1117858886719
4.218797445297241,-1.0,0.25931042432785034,0.5,432.7413024902344
4.228927135467529,1.0,-1.8264445066452026,0.5,439.32025146484375
4.239044427871704,1.0,-1.8264445066452026,0.5,439.32025146484375
4.249138593673706,-0.823747456073761,2.058811664581299,0.5,300.5771789550781
4.259243965148926,-0.823747456073761,-1.0876225233078003,0.5,544.6437377929688
4.269340515136719,0.5983127355575562,-1.0876225233078003,0.5,544.6437377929688
4.279443979263306,0.5983127355575562,-0.09296534955501556,0.5,402.0523986816406
4.289513349533081,-0.74664306640625,-0.09296534955501556,0.5,402.0523986816406
4.299647092819214,-0.74664306640625,1.5680912733078003,0.5,388.7271423339844
4.309791564941406,0.41458234190940857,-2.228015422821045,0.5,508.79766845703125
4.319926977157593,0.41458234190940857,-2.228015422821045,0.5,508.79766845703125
4.33008885383606,-0.012857869267463684,1.0415678024291992,0.5,296.1612548828125
4.340229511260986,-0.012857869267463684,-0.4595542252063751,0.5,477.8658447265625
4.350339412689209,0.40914493799209595,-0.4595542252063751,0.5,477.8658447265625
4.360449552536011,0.40914493799209595,-0.03957497328519821,0.5,385.36187744140625
4.370588064193726,-0.865559995174408,0.9869173765182495,0.5,415.7028503417969
4.380703687667847,-0.865559995174408,0.9869173765182495,0.5,415.7028503417969
4.390843152999878,0.5935438871383667,-1.5360881090164185,0.5,465.8573303222656
4.401009559631348,0.5935438871383667,-1.5360881090164185,0.5,465.8573303222656
4.411159515380859,-0.7755880951881409,0.9326092600822449,0.5,315.8222351074219
4.421302318572998,-0.7755880951881409,-1.41474187374115,0.5,404.3634338378906
4.4314422607421875,1.0,-1.41474187374115,0.5,404.3634338378906
4.441565990447998,1.0,1.3099355697631836,0.5,279.155029296875
4.451769113540649,-1.0,-0.7663936614990234,0.5,492.310546875
4.461904764175415,-1.0,-0.7663936614990234,0.5,492.310546875
4.472050428390503,1.0,0.56563401222229,0.5,349.02349853515625
4.482187032699585,1.0,-0.344502329826355,0.5,433.4703674316406
4.49232029914856,-0.5080774426460266,-0.344502329826355,0.5,433.4703674316406
4.502452373504639,-0.5080774426460266,-1.3220597505569458,0.5,376.27117919921875
4.512579441070557,0.9960200190544128,-1.3220597505569458,0.5,376.27117919921875
4.522700786590576,0.9960200190544128,1.4835219383239746,0.5,319.69439697265625
4.532834768295288,-0.7556847333908081,-1.5045709609985352,0.5,464.0450134277344
4.543004035949707,-0.7556847333908081,-1.5045709609985352,0.5,464.0450134277344
4.553152799606323,0.4860197901725769,1.612878680229187,0.5,333.6459655761719
4.563276290893555,0.4860197901725769,-0.14190003275871277,0.5,525.78564453125
4.5734169483184814,-0.8418302536010742,-0.14190003275871277,0.5,525.78564453125
4.583574056625366,-0.8418302536010742,-0.4934040904045105,0.5,406.0352783203125
4.593722105026245,0.07849738001823425,0.35268762707710266,0.5,385.12469482421875
4.603884220123291,0.07849738001823425,0.35268762707710266,0.5,385.12469482421875
4.614002704620361,0.5071797370910645,-1.1222599744796753,0.5,370.6017150878906
4.624141216278076,0.5071797370910645,-1.1222599744796753,0.5,370.6017150878906
4.634253740310669,-0.2937766909599304,1.5555593967437744,0.5,313.6203308105469
4.644382476806641,-0.2937766909599304,-0.917370080947876,0.5,499.8603210449219
4.654504060745239,0.5141066908836365,-0.917370080947876,0.5,499.8603210449219
4.664624214172363,0.5141066908836365,1.5446525812149048,0.5,373.64154052734375
4.674757719039917,-1.0,-1.365439772605896,0.5,483.68023681640625
4.68488621711731,-1.0,-1.365439772605896,0.5,483.68023681640625
4.695028781890869,1.0,-0.11898504197597504,0.5,316.7615051269531
4.705148458480835,-0.8490087389945984,-0.11898504197597504,0.5,316.7615051269531
4.7152485847473145,-0.8490087389945984,0.10032236576080322,0.5,377.5360107421875
4.7253570556640625,-0.8490087389945984,-1.0788891315460205,0.5,404.57305908203125
4.735499858856201,1.0,-1.0788891315460205,0.5,404.57305908203125
4.745636940002441,1.0,2.434380531311035,0.5,322.8236083984375
4.755747079849243,-1.0,-1.2300876379013062,0.5,581.3001708984375
4.765852451324463,-1.0,-1.2300876379013062,0.5,581.3001708984375
4.775984048843384,1.0,0.01908373460173607,0.5,389.786865234375
4.786086320877075,1.0,0.5274462699890137,0.5,400.17156982421875
4.79618239402771,-1.0,0.5274462699890137,0.5,400.17156982421875
4.806376695632935,1.0,-2.0002989768981934,0.5,407.18975830078125
4.8165881633758545,1.0,-2.0002989768981934,0.5,407.18975830078125
4.826690673828125,-1.0,2.090193033218384,0.5,268.0028991699219
4.836792707443237,-1.0,-0.4348537027835846,0.5,542.3184814453125
4.846908807754517,0.790031909942627,-0.4348537027835846,0.5,542.3184814453125
4.857027530670166,0.790031909942627,-0.0115186907351017,0.5,428.7256164550781
4.8671324253082275,-1.0,1.0545397996902466,0.5,405.8535461425781
4.877226114273071,-1.0,1.0545397996902466,0.5,405.8535461425781
4.887299537658691,1.0,-2.363734722137451,0.5,454.3887634277344
4.897397041320801,1.0,1.2540770769119263,0.5,254.6932830810547
4.90757155418396,-0.6110225915908813,1.2540770769119263,0.5,254.6932830810547
4.917700529098511,-0.6110225915908813,-0.43034693598747253,0.5,483.3787841796875
4.927834749221802,1.0,-0.43034693598747253,0.5,483.3787841796875
4.937965154647827,1.0,-0.5389537811279297,0.5,424.0989074707031
4.9480931758880615,-1.0,1.937758445739746,0.5,374.31817626953125
4.958221435546875,-1.0,1.937758445739746,0.5,374.31817626953125
4.968357086181641,0.644212007522583,-2.177246332168579,0.5,544.5441284179688
4.978512287139893,0.644212007522583,0.390533983707428,0.5,322.0691833496094
4.988645553588867,-0.29101288318634033,0.390533983707428,0.5,322.0691833496094
4.998776435852051,-0.29101288318634033,0.23877322673797607,0.5,404.9385681152344
5.00890851020813,0.9069197177886963,-1.540658950805664,0.5,427.5186462402344
5.019066572189331,0.9069197177886963,-1.540658950805664,0.5,427.5186462402344
5.029173135757446,-0.15815159678459167,2.23797869682312,0.5,324.3683776855469
5.039324045181274,-0.15815159678459167,2.23797869682312,0.5,324.3683776855469
5.0494725704193115,-0.4879239797592163,-1.0547481775283813,0.5,579.8846435546875
5.0596535205841064,-0.4879239797592163,0.14190047979354858,0.5,387.0626525878906
5.069764614105225,-0.31913357973098755,0.14190047979354858,0.5,387.0626525878906
5.079884767532349,-0.31913357973098755,0.318146288394928,0.5,396.234375
5.090040683746338,0.454670786857605,-2.3060030937194824,0.5,392.48846435546875
5.100169897079468,0.454670786857605,-2.3060030937194824,0.5,392.48846435546875
5.110290288925171,0.5328009128570557,1.904974102973938,0.5,247.11827087402344
5.120419502258301,0.5328009128570557,1.904974102973938,0.5,247.11827087402344
5.130499839782715,-0.6524159908294678,-0.17991159856319427,0.5,552.7027587890625
5.140652418136597,-0.6524159908294678,-0.280453622341156,0.5,461.0859375
5.1507790088653564,-0.13161596655845642,-0.280453622341156,0.5,461.0859375
5.160913705825806,-0.13161596655845642,1.4781949520111084,0.5,401.61712646484375
5.171066522598267,-0.7713645696640015,-2.814446210861206,0.5,459.126953125
5.181213855743408,-0.7713645696640015,-2.814446210861206,0.5,459.126953125
5.19131326675415,1.0,0.12462630867958069,0.5,272.4152526855469
5.201444864273071,1.0,1.0282137393951416,0.5,416.51165771484375
5.211633682250977,-1.0,1.0282137393951416,0.5,416.51165771484375
5.221786022186279,-1.0,-0.987477719783783,0.5,485.55474853515625
5.231878280639648,1.0,-0.987477719783783,0.5,485.55474853515625
5.241967678070068,1.0,2.309810161590576,0.5,398.8003234863281
5.2520670890808105,-1.0,-1.3883514404296875,0.5,546.9625854492188
5.262189865112305,-1.0,-1.3883514404296875,0.5,546.9625854492188
5.272280216217041,1.0,-1.8413242101669312,0.5,382.5289611816406
5.282370090484619,1.0,1.7831320762634277,0.5,276.95782470703125
5.292463302612305,-0.7714369297027588,1.7831320762634277,0.5,276.95782470703125
5.302581548690796,-0.7714369297027588,-1.4450331926345825,0.5,449.0605773925781
5.312684535980225,1.0,1.2182120084762573,0.5,373.3952941894531
5.322785139083862,1.0,1.2182120084762573,0.5,373.3952941894531
5.332882642745972,-1.0,2.1653144359588623,0.5,449.65203857421875
5.342986583709717,-1.0,2.1653144359588623,0.5,449.65203857421875
5.35309624671936,-0.45739173889160156,-2.2380266189575195,0.5,602.12255859375
5.363223075866699,-0.45739173889160156,0.5335874557495117,0.5,334.0206298828125
5.3733508586883545,0.46280843019485474,0.5335874557495117,0.5,334.0206298828125
5.383455514907837,0.46280843019485474,-0.08524782210588455,0.5,362.3307800292969
5.393563747406006,0.32034212350845337,-1.0319151878356934,0.5,389.2829895019531
5.403670787811279,0.32034212350845337,-1.0319151878356934,0.5,389.2829895019531
5.413784027099609,0.29422706365585327,3.0609495639801025,0.5,351.4129638671875
5.424016714096069,-1.0,3.0609495639801025,0.5,351.4129638671875
5.434147834777832,-1.0,-0.08679093420505524,0.5,626.7364501953125
5.444252014160156,-1.0,-1.4940754175186157,0.5,482.22845458984375
5.454361915588379,1.0,-1.4940754175186157,0.5,482.22845458984375
5.46446967124939,-0.5698518753051758,0.7093769907951355,0.5,331.7392272949219
5.474586486816406,-0.5698518753051758,-1.9474146366119385,0.5,305.0446472167969
5.484709739685059,-0.5698518753051758,-1.9474146366119385,0.5,305.0446472167969
5.494825839996338,1.0,1.397510051727295,0.5,263.5302734375
5.504938125610352,-1.0,1.397510051727295,0.5,263.5302734375
5.515043497085571,-1.0,2.6330389976501465,0.5,503.4051818847656
5.5251336097717285,-0.4003022313117981,-1.2318668365478516,0.5,675.3170776367188
5.535244703292847,-0.4003022313117981,-1.2318668365478516,0.5,675.3170776367188
5.545517683029175,-0.4003022313117981,0.18916359543800354,0.5,427.3662414550781
5.555670738220215,-0.7411675453186035,-1.271826148033142,0.5,310.5174560546875
5.5658278465271,-0.7411675453186035,-1.271826148033142,0.5,310.5174560546875
5.57597279548645,1.0,-1.19056236743927,0.5,249.4141387939453
5.586115121841431,1.0,2.839521646499634,0.5,272.2978515625
5.596296787261963,-0.4357304275035858,2.839521646499634,0.5,272.2978515625
5.6064229011535645,-0.4357304275035858,0.6015753149986267,0.5,645.6044921875
5.616565942764282,-0.9047704935073853,0.6015753149986267,0.5,645.6044921875
5.6267054080963135,-0.9047704935073853,-0.6665959358215332,0.5,540.1192626953125
5.6368186473846436,-0.566635251045227,-0.5247964262962341,0.5,435.067138671875
5.647068500518799,0.6251793503761292,-0.5247964262962341,0.5,435.067138671875
5.65728497505188,0.6251793503761292,-3.2638282775878906,0.5,246.08419799804688
5.667406797409058,0.6251793503761292,-0.6640823483467102,0.5,134.97767639160156
5.677516460418701,1.0,-0.6640823483467102,0.5,134.97767639160156
5.687673568725586,-1.0,2.9153800010681152,0.5,408.4361572265625
5.6978583335876465,-1.0,2.9153800010681152,0.5,408.4361572265625
5.707967281341553,-1.0,1.8857941627502441,0.5,690.4363403320312
5.718072414398193,-1.0,-0.6490613222122192,0.5,690.8197631835938
5.728180646896362,0.37495332956314087,-0.6490613222122192,0.5,690.8197631835938
5.738302707672119,0.37495332956314087,-2.8461101055145264,0.5,383.4663391113281
5.748441457748413,1.0,-1.4969748258590698,0.5,205.352783203125
5.758507251739502,1.0,-1.4969748258590698,0.5,205.352783203125
5.768615007400513,0.4870866537094116,1.3102980852127075,0.5,255.72198486328125
5.778723478317261,0.4870866537094116,3.4458296298980713,0.5,618.5091552734375
5.788846731185913,-1.0,3.4458296298980713,0.5,618.5091552734375
5.798959970474243,-1.0,2.025719165802002,0.5,741.7981567382812
5.809084892272949,-1.0,2.025719165802002,0.5,741.7981567382812
5.819211959838867,-1.0,-1.2827385663986206,0.5,621.5322875976562
5.829324722290039,1.0,-4.026230812072754,0.5,341.9216613769531
5.839447259902954,1.0,-4.026230812072754,0.5,341.9216613769531
5.84959864616394,1.0,-2.339060068130493,0.5,183.4116973876953
5.859715938568115,1.0,0.8445371985435486,0.5,180.2035675048828
5.869811773300171,0.1528702676296234,0.8445371985435486,0.5,180.2035675048828
5.879899024963379,0.1528702676296234,3.919349431991577,0.5,572.2559814453125
5.889991760253906,-1.0,2.5432028770446777,0.5,735.9799194335938
5.900122404098511,-1.0,2.5432028770446777,0.5,735.9799194335938
5.910218000411987,-1.0,-0.31246665120124817,0.5,696.4013061523438
5.920317649841309,-1.0,-0.31246665120124817,0.5,696.4013061523438
5.930441617965698,1.0,-3.652144432067871,0.5,405.17010498046875
5.940621376037598,1.0,-2.60003662109375,0.5,216.81533813476562
5.950731515884399,1.0,-2.60003662109375,0.5,216.81533813476562
5.960854530334473,1.0,0.13196872174739838,0.5,174.5988006591797
5.970972537994385,0.08866474032402039,3.9171552658081055,0.5,526.0016479492188
5.981071472167969,0.08866474032402039,3.9171552658081055,0.5,526.0016479492188
5.991212368011475,-1.0,3.196408748626709,0.5,723.332275390625
6.001334190368652,-1.0,3.196408748626709,0.5,723.332275390625
6.011434316635132,-1.0,0.6259464025497437,0.5,720.0907592773438
6.021502733230591,-1.0,-3.6882283687591553,0.5,480.311767578125
6.03162407875061,1.0,-3.6882283687591553,0.5,480.311767578125
6.041759252548218,1.0,-3.9280333518981934,0.5,256.500244140625
6.051918268203735,1.0,-1.30638587474823,0.5,138.2976531982422
6.06209135055542,1.0,-1.30638587474823,0.5,138.2976531982422
6.072206020355225,0.325492799282074,3.4984495639801025,0.5,362.1135559082031
6.082310199737549,0.325492799282074,4.816323280334473,0.5,675.998046875
6.09243631362915,-1.0,4.816323280334473,0.5,675.998046875
6.1025025844573975,-1.0,2.886045455932617,0.5,462.09619140625
6.1125805377960205,-1.0,2.886045455932617,0.5,462.09619140625
6.1226959228515625,-1.0,0.8667238354682922,0.5,244.04881286621094
6.132817029953003,-1.0,-1.111372470855713,0.5,128.89051818847656
6.142929792404175,-1.0,-1.111372470855713,0.5,128.89051818847656
6.153038740158081,1.0,-2.051339864730835,0.5,68.07146453857422
6.163153171539307,1.0,-1.4375543594360352,0.5,35.95085144042969
6.17328667640686,1.0,-1.4375543594360352,0.5,35.95085144042969
6.183416128158569,1.0,0.20079226791858673,0.5,18.986865997314453
6.193516492843628,-1.0,1.6621755361557007,0.5,10.027606010437012
6.203626394271851,-1.0,1.6621755361557007,0.5,10.027606010437012
6.21373438835144,-1.0,1.932822346687317,0.5,5.295917987823486
6.223871946334839,-1.0,1.932822346687317,0.5,5.295917987823486
6.23397421836853,-1.0,0.8701074123382568,0.5,2.7969541549682617
6.244074821472168,-1.0,-0.7525370717048645,0.5,1.4771666526794434
6.254247426986694,1.0,-0.7525370717048645,0.5,1.4771666526794434
6.264362096786499,1.0,-1.8215187788009644,0.5,0.7801417708396912
6.27449893951416,1.0,-1.6457473039627075,0.5,0.41201961040496826
6.2845988273620605,1.0,-1.6457473039627075,0.5,0.41201961040496826
6.294697523117065,0.7878427505493164,-0.3876936435699463,0.5,0.21760158240795135
6.304813623428345,0.7878427505493164,-0.3876936435699463,0.5,0.21760158240795135
6.314941644668579,-1.0,1.0927963256835938,0.5,0.11492276191711426
6.3250648975372314,-1.0,1.8341106176376343,0.5,0.06069459766149521
6.3351640701293945,-1.0,1.8341106176376343,0.5,0.06069459766149521
6.345274925231934,-1.0,1.3920000791549683,0.5,0.03205488994717598
6.355370283126831,0.5214225053787231,0.08931787312030792,0.5,0.01692928932607174
6.3654704093933105,0.5214225053787231,0.08931787312030792,0.5,0.01692928932607174
6.376626014709473,1.0,-1.2306232452392578,0.5,0.008940935134887695
6.3868114948272705,1.0,-1.7547191381454468,0.5,0.004722011275589466
6.396935224533081,1.0,-1.7547191381454468,0.5,0.004722011275589466
6.407058000564575,1.0,-1.1939680576324463,0.5,0.002493856009095907
6.417165517807007,-0.4782210886478424,-1.1939680576324463,0.5,0.002493856009095907
6.4273457527160645,-0.4782210886478424,0.07320001721382141,0.5,0.0013170895399525762
6.437503814697266,-1.0,1.2660630941390991,0.5,0.0006955998833291233
6.447623014450073,-1.0,1.2660630941390991,0.5,0.0006955998833291233
6.457736253738403,-1.0,1.6855454444885254,0.5,0.00036737005575560033
6.467875719070435,-1.0,1.1167820692062378,0.5,0.00019402058387640864
6.47803258895874,0.39463403820991516,1.1167820692062378,0.5,0.00019402058387640864
6.488146781921387,1.0,-0.07568757236003876,0.5,0.00010246880992781371
6.4982686042785645,1.0,-1.1900629997253418,0.5,5.4117266699904576e-05
6.508391857147217,1.0,-1.1900629997253418,0.5,5.4117266699904576e-05
6.518514394760132,0.35578835010528564,-1.6026411056518555,0.5,2.8581145670614205e-05
6.528697967529297,0.35578835010528564,-1.6026411056518555,0.5,2.8581145670614205e-05
6.538878679275513,-0.21688535809516907,-1.1105930805206299,0.5,1.5094678929017391e-05
6.5489795207977295,-0.21688535809516907,-0.018743060529232025,0.5,7.97201028035488e-06
6.559074878692627,-1.0,-0.018743060529232025,0.5,7.97201028035488e-06
6.569185018539429,-1.0,1.0566720962524414,0.5,4.210287897876697e-06
6.579303503036499,-0.6259099245071411,1.5383116006851196,0.5,2.2235969936446054e-06
6.589411497116089,-0.6259099245071411,1.5383116006851196,0.5,2.2235969936446054e-06
6.599503040313721,-0.052440449595451355,1.1927539110183716,0.5,1.1743566119548632e-06
6.6096014976501465,0.8333158493041992,1.1927539110183716,0.5,1.1743566119548632e-06
6.619731903076172,0.8333158493041992,0.2329513281583786,0.5,6.202176336955745e-07
6.629845142364502,-0.5436289310455322,-0.8192347884178162,0.5,3.2755801271378004e-07
6.639934062957764,-0.5436289310455322,-0.8192347884178162,0.5,3.2755801271378004e-07
6.650020122528076,-0.025730371475219727,-1.4199806451797485,0.5,1.7299450405516836e-07
6.66011381149292,-0.025730371475219727,-1.2814384698867798,0.5,9.136423528843807e-08
6.670225143432617,-0.6048008799552917,-1.2814384698867798,0.5,9.136423528843807e-08
6.680338382720947,-0.6048008799552917,-0.501308262348175,0.5,4.8252541517967984e-08
6.690472841262817,0.04643326997756958,0.508784294128418,0.5,2.5483812393645167e-08
6.700655221939087,0.04643326997756958,0.508784294128418,0.5,2.5483812393645167e-08
6.710747957229614,0.2630276083946228,1.244459629058838,0.5,1.3458866021665017e-08
6.720854043960571,0.2630276083946228,1.244459629058838,0.5,1.3458866021665017e-08
6.7309889793396,0.15429739654064178,1.359275221824646,0.5,7.108083899254325e-09
6.741098403930664,0.15429739654064178,0.8218206763267517,0.5,3.754020205803954e-09
6.7512006759643555,-0.9267001152038574,0.8218206763267517,0.5,3.754020205803954e-09
6.761307716369629,-0.9267001152038574,-0.08818532526493073,0.5,1.982626285368383e-09
6.771441221237183,-0.6946099400520325,-0.9299635291099548,0.5,1.0470921907312913e-09
6.781581401824951,-0.6946099400520325,-0.9299635291099548,0.5,1.0470921907312913e-09
6.791679382324219,-0.11128595471382141,-1.3160220384597778,0.5,5.53004864123352e-10
6.801772594451904,-0.11128595471382141,-1.3160220384597778,0.5,5.53004864123352e-10
6.811874151229858,1.0,-1.0868903398513794,0.5,2.920606534395631e-10
6.821976900100708,1.0,-0.3698878586292267,0.5,1.5424717059175919e-10
6.832082986831665,1.0,-0.3698878586292267,0.5,1.5424717059175919e-10
6.842176914215088,1.0,0.4952371120452881,0.5,8.146315566559537e-11
6.852274656295776,0.40549588203430176,1.1198214292526245,0.5,4.302346326423567e-11
6.862387657165527,0.40549588203430176,1.1198214292526245,0.5,4.302346326423567e-11
6.872509956359863,-0.018216073513031006,1.239695429801941,0.5,2.2722141876374558e-11
6.882619380950928,-0.018216073513031006,0.8222984075546265,0.5,1.200033909048992e-11
6.892741441726685,-1.0,0.8222984075546265,0.5,1.200033909048992e-11
6.902864217758179,-1.0,0.06674735248088837,0.5,6.337787933352601e-12
6.912961483001709,-0.9293866157531738,0.06674735248088837,0.5,6.337787933352601e-12
6.923074722290039,-0.9293866157531738,-0.6945225596427917,0.5,3.347201205441963e-12
6.933185577392578,-0.35773754119873047,-1.1430721282958984,0.5,1.7677706087154688e-12
6.943290948867798,-0.35773754119873047,-1.1430721282958984,0.5,1.7677706087154688e-12
6.953398942947388,1.0,-1.1055265665054321,0.5,9.336197179937722e-13
6.963518857955933,1.0,-0.6158869862556458,0.5,4.930762829286062e-13
6.9736363887786865,1.0,-0.6158869862556458,0.5,4.930762829286062e-13
6.983800172805786,1.0,0.11072396486997604,0.5,2.6041039984103787e-13
6.993923664093018,0.8021906614303589,0.11072396486997604,0.5,2.6041039984103787e-13
7.004021883010864,0.8021906614303589,0.7750987410545349,0.5,1.3753157412834532e-13
7.014172077178955,-1.0,1.1173970699310303,0.5,7.263510810612966e-14
7.0242931842803955,-1.0,1.1173970699310303,0.5,7.263510810612966e-14
7.0344250202178955,-1.0,1.0164210796356201,0.5,3.8361041367106566e-14
7.0445733070373535,-1.0,0.5281506776809692,0.5,2.0259766019231455e-14
7.0546650886535645,-1.0,0.5281506776809692,0.5,2.0259766019231455e-14
7.064763784408569,-1.0,-0.14635096490383148,0.5,1.069987519674567e-14
7.074873208999634,-0.792665958404541,-0.7456990480422974,0.5,5.650969719695224e-15
7.0849950313568115,-0.792665958404541,-0.7456990480422974,0.5,5.650969719695224e-15
7.095099925994873,1.0,-1.0494756698608398,0.5,2.984469767673692e-15
7.105217218399048,1.0,-1.0494756698608398,0.5,2.984469767673692e-15
7.115345239639282,1.0,-0.9571712017059326,0.5,1.576199777590507e-15
7.125441551208496,1.0,-0.5176585912704468,0.5,8.324445517432987e-16
7.135525465011597,1.0,-0.5176585912704468,0.5,8.324445517432987e-16
7.145654678344727,1.0,0.0974765345454216,0.5,4.3964218099785913e-16
7.155754327774048,0.3005390167236328,0.6625959873199463,0.5,2.321898097018717e-16
7.165859699249268,0.3005390167236328,0.6625959873199463,0.5,2.321898097018717e-16
7.175981521606445,-1.0,0.9808589220046997,0.5,1.226272626448304e-16
7.186108589172363,-1.0,0.9808589220046997,0.5,1.226272626448304e-16
7.19622015953064,-1.0,0.9511170983314514,0.5,6.476363622125137e-17
7.206329345703125,-1.0,0.5970097184181213,0.5,3.420385546334114e-17
7.216440916061401,-1.0,0.5970097184181213,0.5,3.420385546334114e-17
7.226590633392334,-1.0,0.051352836191654205,0.5,1.806421671675556e-17
7.236712455749512,0.6705719828605652,-0.49522340297698975,0.5,9.54032150928546e-18
7.2468321323394775,0.6705719828605652,-0.49522340297698975,0.5,9.54032150928546e-18
7.2569475173950195,1.0,-0.8612503409385681,0.5,5.0385663877554675e-18
7.267082691192627,1.0,-0.9335950016975403,0.5,2.6610373422460992e-18
7.277180433273315,1.0,-0.9335950016975403,0.5,2.6610373422460992e-18
7.287271976470947,1.0,-0.7001444101333618,0.5,1.4053839966306568e-18
7.297373294830322,1.0,-0.7001444101333618,0.5,1.4053839966306568e-18
7.307471990585327,1.0,-0.24758125841617584,0.5,7.422308180050568e-19
7.317593812942505,-1.0,0.27217766642570496,0.5,3.919973250724882e-19
7.327844142913818,-1.0,0.27217766642570496,0.5,3.919973250724882e-19
7.337987184524536,-1.0,0.6936936974525452,0.5,2.0702708682719854e-19
7.348088502883911,-1.0,0.8902232050895691,0.5,1.0933802583696631e-19
7.358186960220337,-1.0,0.8902232050895691,0.5,1.0933802583696631e-19
7.36829400062561,-1.0,0.8103010058403015,0.5,5.774511020846033e-20
7.37839937210083,-1.0,0.8103010058403015,0.5,5.774511020846033e-20
7.388512134552002,-1.0,0.48880577087402344,0.5,3.049714428963285e-20
7.398625135421753,1.0,0.03124440833926201,0.5,1.6106574928709856e-20
7.408720970153809,1.0,0.03124440833926201,0.5,1.6106574928709856e-20
7.418820381164551,1.0,-0.4218469560146332,0.5,8.506429767049834e-21
7.428914308547974,1.0,-0.7382428050041199,0.5,4.492533017358783e-21
7.43900728225708,1.0,-0.7382428050041199,0.5,4.492533017358783e-21
7.4491236209869385,1.0,-0.8318503499031067,0.5,2.372659342770389e-21
7.459218502044678,1.0,-0.6845821738243103,0.5,1.2530816927898034e-21
7.4693379402160645,1.0,-0.6845821738243103,0.5,1.2530816927898034e-21
7.47944712638855,-0.7136589288711548,-0.3473493456840515,0.5,6.617950276274542e-22
7.489569902420044,-0.7136589288711548,-0.3473493456840515,0.5,6.617950276274542e-22
7.499683856964111,-1.0,0.07839788496494293,0.5,3.495165244431155e-22
7.5097815990448,-1.0,0.47182580828666687,0.5,1.8459145758134836e-22
7.519876718521118,-1.0,0.47182580828666687,0.5,1.8459145758134836e-22
7.529967784881592,-1.0,0.7269536852836609,0.5,9.748906518700826e-23
7.54007363319397,-1.0,0.7804085612297058,0.5,5.1487259965994647e-23
7.550191640853882,0.07817795127630234,0.7804085612297058,0.5,5.1487259965994647e-23
7.560302257537842,0.07817795127630234,0.6257787346839905,0.5,2.7192171087043975e-23
7.570428371429443,0.07817795127630234,0.6257787346839905,0.5,2.7192171087043975e-23
7.580628871917725,1.0,0.3118404150009155,0.5,1.436110233902179e-23
7.590734958648682,1.0,-0.07354877144098282,0.5,7.584586792503371e-24
7.600834608078003,1.0,-0.07354877144098282,0.5,7.584586792503371e-24
7.610923528671265,1.0,-0.42851775884628296,0.5,4.0056771156703485e-24
7.620988845825195,1.0,-0.6640315651893616,0.5,2.11553404346369e-24
7.631101846694946,1.0,-0.6640315651893616,0.5,2.11553404346369e-24
7.641199350357056,1.0,-0.7255680561065674,0.5,1.1172854923470258e-24
7.651339054107666,-0.7398099303245544,-0.6046147346496582,0.5,5.900761415372085e-25
7.661511182785034,-0.7398099303245544,-0.6046147346496582,0.5,5.900761415372085e-25
7.671632766723633,-1.0,-0.33796101808547974,0.5,3.116392787404311e-25
7.6817309856414795,-1.0,-0.33796101808547974,0.5,3.116392787404311e-25
7.691842317581177,-1.0,0.0040297782979905605,0.5,1.645872366860682e-25
7.7019548416137695,-1.0,0.336418092250824,0.5,8.692411476014082e-26
7.7120702266693115,-1.0,0.336418092250824,0.5,8.692411476014082e-26
7.722198724746704,-1.0,0.5807956457138062,0.5,4.5907563164110477e-26
7.732310056686401,0.6070502400398254,0.68333500623703,0.5,2.424534409912834e-26
7.742408752441406,0.6070502400398254,0.68333500623703,0.5,2.424534409912834e-26
7.75251841545105,0.7602549195289612,0.6258085370063782,0.5,1.2804792524663397e-26
7.762648105621338,0.7602549195289612,0.42761102318763733,0.5,6.76264877696312e-27
7.772790431976318,1.0,0.42761102318763733,0.5,6.76264877696312e-27
7.782978296279907,1.0,0.13905012607574463,0.5,3.571586237315597e-27
7.79308557510376,1.0,0.13905012607574463,0.5,3.571586237315597e-27
7.803186893463135,1.0,-0.17184364795684814,0.5,1.886275624611286e-27
7.81329345703125,0.34387582540512085,-0.43550440669059753,0.5,9.9620623414425e-28
7.823409557342529,0.34387582540512085,-0.43550440669059753,0.5,9.9620623414425e-28
7.833516359329224,-0.6375521421432495,-0.5961894989013672,0.5,5.261303570325661e-28
7.843628644943237,-0.6375521421432495,-0.6232268214225769,0.5,2.778673223639843e-28
7.853735685348511,-0.7361761331558228,-0.6232268214225769,0.5,2.778673223639843e-28
7.863867998123169,-0.7361761331558228,-0.516061544418335,0.5,1.4675123953044084e-28
7.874002456665039,-0.9780119061470032,-0.516061544418335,0.5,1.4675123953044084e-28
7.88411808013916,-0.9780119061470032,-0.3025316596031189,0.5,7.750428393525195e-29
7.894221305847168,-1.0,-0.03129884973168373,0.5,4.093262267461598e-29
7.904328107833862,-1.0,-0.03129884973168373,0.5,4.093262267461598e-29
7.914422273635864,-0.07598108053207397,0.23950357735157013,0.5,2.161791663365603e-29
7.924501657485962,-0.07598108053207397,0.45474743843078613,0.5,1.141715646083612e-29
7.934599876403809,0.710851788520813,0.45474743843078613,0.5,1.141715646083612e-29
7.9447150230407715,0.710851788520813,0.5732774138450623,0.5,6.0297879862717785e-30
7.9548399448394775,0.7269765734672546,0.5732774138450623,0.5,6.0297879862717785e-30
7.964946508407593,0.7269765734672546,0.5752848982810974,0.5,3.1845353193154856e-30
7.975056886672974,0.8953307867050171,0.46491995453834534,0.5,1.6818606417327833e-30
7.985195636749268,0.8953307867050171,0.46491995453834534,0.5,1.6818606417327833e-30
7.995316028594971,1.0,0.2680135667324066,0.5,8.882477300689114e-31
8.005430698394775,1.0,0.025759311392903328,0.5,4.691140285770049e-31
8.015503644943237,0.3302152454853058,0.025759311392903328,0.5,4.691140285770049e-31
8.025620937347412,0.3302152454853058,-0.2140902280807495,0.5,2.477550416815688e-31
8.035741806030273,-0.8130268454551697,-0.4066339135169983,0.5,1.308478144280248e-31
8.045857191085815,-0.8130268454551697,-0.4066339135169983,0.5,1.308478144280248e-31
8.055954217910767,-0.7412973642349243,-0.5180193185806274,0.5,6.910514997523677e-32
8.066051483154297,-0.7412973642349243,-0.5180193185806274,0.5,6.910514997523677e-32
8.076154470443726,-0.7888924479484558,-0.5310066938400269,0.5,3.6496775052953276e-32
8.086277484893799,-0.7888924479484558,-0.4470921456813812,0.5,1.9275181841919906e-32
8.096405982971191,-0.9626381397247314,-0.4470921456813812,0.5,1.9275181841919906e-32
8.10651445388794,-0.9626381397247314,-0.2850903868675232,0.5,1.017988026045686e-32
8.11664342880249,0.09395356476306915,-0.07672268152236938,0.5,5.376339043230711e-33
8.12676215171814,0.09395356476306915,-0.07672268152236938,0.5,5.376339043230711e-33
8.136873006820679,0.9909529089927673,0.13975515961647034,0.5,2.8394269918913825e-33
8.146977424621582,0.9909529089927673,0.13975515961647034,0.5,2.8394269918913825e-33
8.157083749771118,0.8369218707084656,0.32660675048828125,0.5,1.499598347153147e-33
8.167185306549072,0.8369218707084656,0.45306751132011414,0.5,7.91988584182547e-34
8.177289724349976,0.7799924612045288,0.45306751132011414,0.5,7.91988584182547e-34
8.187384605407715,0.7799924612045288,0.5001447796821594,0.5,4.182762926063388e-34
8.197499990463257,0.8430351614952087,0.46308544278144836,0.5,2.2090599269860247e-34
8.207615375518799,0.8430351614952087,0.46308544278144836,0.5,2.2090599269860247e-34
8.217714071273804,0.06121955066919327,0.35129114985466003,0.5,1.1666800946954137e-34
8.227823257446289,0.06121955066919327,0.18590803444385529,0.5,6.161634312070153e-35
8.237923860549927,-1.0,0.18590803444385529,0.5,6.161634312070153e-35
8.248043537139893,-1.0,-0.004325210116803646,0.5,3.2541681344703046e-35
8.258186340332031,-1.0,-0.18814831972122192,0.5,1.7186361647917184e-35
8.26830792427063,-1.0,-0.18814831972122192,0.5,1.7186361647917184e-35
8.278429508209229,-0.8875196576118469,-0.33688706159591675,0.5,9.076697581089671e-36
8.28853702545166,-0.8875196576118469,-0.33688706159591675,0.5,9.076697581089671e-36
8.298688888549805,-0.8396461606025696,-0.42878371477127075,0.5,4.793713889302846e-36
8.308792114257812,-0.8396461606025696,-0.4519402086734772,0.5,2.5317234692103498e-36
8.318920135498047,-0.865609347820282,-0.4519402086734772,0.5,2.5317234692103498e-36
8.329039573669434,-0.865609347820282,-0.40553298592567444,0.5,1.3370898476506825e-36
8.339157342910767,1.0,-0.40553298592567444,0.5,1.3370898476506825e-36
8.349279403686523,1.0,-0.29925814270973206,0.5,7.061629492559567e-37
8.359379053115845,1.0,-0.15123532712459564,0.5,3.7294874794354416e-37
8.369503498077393,1.0,-0.15123532712459564,0.5,3.7294874794354416e-37
8.37961196899414,1.0,0.015186513774096966,0.5,1.96966915719454e-37
8.389723062515259,1.0,0.175160214304924,0.5,1.0402492066286878e-37
8.39985466003418,0.9677492380142212,0.175160214304924,0.5,1.0402492066286878e-37
8.410338401794434,0.9677492380142212,0.30601775646209717,0.5,5.493910020014606e-38
8.420572519302368,0.868442714214325,0.39036932587623596,0.5,2.9015199121804874e-38
8.430706024169922,0.868442714214325,0.39036932587623596,0.5,2.9015199121804874e-38
8.440850496292114,0.7239237427711487,0.4182315766811371,0.5,1.5323911968310216e-38
8.450987815856934,-0.7979557514190674,0.3879636228084564,0.5,8.093081571636978e-39
8.46111536026001,-0.7979557514190674,0.3879636228084564,0.5,8.093081571636978e-39
8.471229791641235,-1.0,0.305980384349823,0.5,4.274232168092771e-39
8.481348991394043,-1.0,0.305980384349823,0.5,4.274232168092771e-39
8.491462230682373,-1.0,0.1853838711977005,0.5,2.2573713143593484e-39
8.501599311828613,-1.0,0.04378843680024147,0.5,1.1921939048813392e-39
8.511721849441528,-1.0,0.04378843680024147,0.5,1.1921939048813392e-39
8.521836280822754,-1.0,-0.09929944574832916,0.5,6.296426363781414e-40
8.531960725784302,-0.9711349010467529,-0.2251623570919037,0.5,3.3253793467352936e-40
8.542080163955688,-0.9711349010467529,-0.2251623570919037,0.5,3.3253793467352936e-40
8.552213191986084,-0.8187400102615356,-0.31825515627861023,0.5,1.7562753913075797e-40
8.562325954437256,-0.8187400102615356,-0.31825515627861023,0.5,1.7562753913075797e-40
8.572437524795532,0.6484555602073669,-0.3680066168308258,0.5,9.275895184598127e-41
8.582601070404053,0.6484555602073669,-0.369855672121048,0.5,4.89893943127956e-41
8.592755794525146,1.0,-0.369855672121048,0.5,4.89893943127956e-41
8.602883338928223,1.0,-0.32545408606529236,0.5,2.5870772248364773e-41
8.613015174865723,1.0,-0.24207963049411774,0.5,1.366406132563129e-41
8.623160362243652,1.0,-0.24207963049411774,0.5,1.366406132563129e-41
8.633295774459839,1.0,-0.13139718770980835,0.5,7.215285792808483e-42
8.643401384353638,1.0,-0.007775452919304371,0.5,3.808729226034853e-42
8.65352463722229,1.0,-0.007775452919304371,0.5,3.808729226034853e-42
8.663655042648315,1.0,0.11360059678554535,0.5,2.013665893234762e-42
8.67377257347107,1.0,0.11360059678554535,0.5,2.013665893234762e-42
8.683898448944092,1.0,0.21857719123363495,0.5,1.064986832886861e-42
8.694005966186523,0.2046641707420349,0.29562461376190186,0.5,5.717297734445254e-43
8.704137802124023,0.2046641707420349,0.29562461376190186,0.5,5.717297734445254e-43
8.714261531829834,-1.0,0.33700838685035706,0.5,3.1669345293740866e-43
8.724394798278809,-1.0,0.3394407033920288,0.5,1.401298464324817e-43
8.734515190124512,-1.0,0.3394407033920288,0.5,1.401298464324817e-43
8.744633197784424,-1.0,0.3041781485080719,0.5,1.401298464324817e-43
8.754733085632324,-1.0,0.3041781485080719,0.5,1.401298464324817e-43
8.76484203338623,-1.0,0.23660115897655487,0.5,1.401298464324817e-43
8.774998188018799,-1.0,0.145366370677948,0.5,1.401298464324817e-43
8.785109281539917,-1.0,0.145366370677948,0.5,1.401298464324817e-43
8.795239686965942,-1.0,0.04126017913222313,0.5,1.401298464324817e-43
8.805372714996338,-1.0,-0.06409573554992676,0.5,1.401298464324817e-43
8.81559157371521,-1.0,-0.06409573554992676,0.5,1.401298464324817e-43
8.825700521469116,-1.0,-0.1595345437526703,0.5,1.401298464324817e-43
8.83579134941101,0.9073466062545776,-0.23549257218837738,0.5,1.401298464324817e-43
8.845882892608643,0.9073466062545776,-0.23549257218837738,0.5,1.401298464324817e-43
8.855980396270752,1.0,-0.28490686416625977,0.5,1.401298464324817e-43
8.866089820861816,1.0,-0.28490686416625977,0.5,1.401298464324817e-43
8.876185417175293,1.0,-0.30378782749176025,0.5,1.401298464324817e-43
8.886288166046143,1.0,-0.2914358675479889,0.5,1.401298464324817e-43
8.896395683288574,1.0,-0.2914358675479889,0.5,1.401298464324817e-43
8.906504392623901,1.0,-0.25030970573425293,0.5,1.401298464324817e-43
8.91660761833191,1.0,-0.18558679521083832,0.5,1.401298464324817e-43
8.926758766174316,1.0,-0.18558679521083832,0.5,1.401298464324817e-43
8.936888456344604,1.0,-0.10448724776506424,0.5,1.401298464324817e-43
8.947007179260254,1.0,-0.10448724776506424,0.5,1.401298464324817e-43
8.95707392692566,0.9469943642616272,-0.015446566045284271,0.5,1.401298464324817e-43
8.967170715332031,0.9469943642616272,0.07276865094900131,0.5,1.401298464324817e-43
8.97727108001709,-0.547913134098053,0.07276865094900131,0.5,1.401298464324817e-43
8.987383604049683,-0.547913134098053,0.151913121342659,0.5,1.401298464324817e-43
8.997534990310669,-1.0,0.21500369906425476,0.5,1.401298464324817e-43
9.007659435272217,-1.0,0.21500369906425476,0.5,1.401298464324817e-43
9.017761468887329,-1.0,0.2568891644477844,0.5,1.401298464324817e-43
9.027875900268555,-1.0,0.2746090292930603,0.5,1.401298464324817e-43
9.038008213043213,-1.0,0.2746090292930603,0.5,1.401298464324817e-43
9.048152208328247,-1.0,0.2675272822380066,0.5,1.401298464324817e-43
9.058276414871216,-1.0,0.2675272822380066,0.5,1.401298464324817e-43
9.068386316299438,-1.0,0.23724472522735596,0.5,1.401298464324817e-43
9.078475713729858,-1.0,0.18732120096683502,0.5,1.401298464324817e-43
9.088590383529663,-1.0,0.18732120096683502,0.5,1.401298464324817e-43
9.09870433807373,-1.0,0.12284228205680847,0.5,1.401298464324817e-43
9.108803033828735,-1.0,0.0498858243227005,0.5,1.401298464324817e-43
9.118909358978271,0.12065034359693527,0.0498858243227005,0.5,1.401298464324817e-43
9.1290442943573,0.12065034359693527,-0.025058429688215256,0.5,1.401298464324817e-43
9.139156818389893,1.0,-0.025058429688215256,0.5,1.401298464324817e-43
9.149268627166748,1.0,-0.09566251188516617,0.5,1.401298464324817e-43
9.159391403198242,1.0,-0.15627844631671906,0.5,1.401298464324817e-43
9.169504404067993,1.0,-0.15627844631671906,0.5,1.401298464324817e-43
9.17962646484375,1.0,-0.20236240327358246,0.5,1.401298464324817e-43
9.189741849899292,1.0,-0.23077693581581116,0.5,1.401298464324817e-43
9.199835062026978,1.0,-0.23077693581581116,0.5,1.401298464324817e-43
9.209965229034424,1.0,-0.2399577796459198,0.5,1.401298464324817e-43
9.220128774642944,1.0,-0.22994129359722137,0.5,1.401298464324817e-43
9.230236768722534,1.0,-0.22994129359722137,0.5,1.401298464324817e-43
9.240343570709229,1.0,-0.20226265490055084,0.5,1.401298464324817e-43
9.250454425811768,1.0,-0.20226265490055084,0.5,1.401298464324817e-43
9.260584115982056,1.0,-0.159744530916214,0.5,1.401298464324817e-43
9.270694255828857,-0.45636147260665894,-0.1061994880437851,0.5,1.401298464324817e-43
9.280787229537964,-0.45636147260665894,-0.1061994880437851,0.5,1.401298464324817e-43
9.290878057479858,-1.0,-0.046079959720373154,0.5,1.401298464324817e-43
9.300967454910278,-1.0,0.015896933153271675,0.5,1.401298464324817e-43
9.311061143875122,-1.0,0.015896933153271675,0.5,1.401298464324817e-43
9.32115650177002,-1.0,0.07511584460735321,0.5,1.401298464324817e-43
9.331276655197144,-1.0,0.07511584460735321,0.5,1.401298464324817e-43
9.341398477554321,-1.0,0.1273961067199707,0.5,1.401298464324817e-43
9.351503133773804,-1.0,0.16926856338977814,0.5,1.401298464324817e-43
9.361600160598755,-1.0,0.16926856338977814,0.5,1.401298464324817e-43
9.371699333190918,-1.0,0.19818061590194702,0.5,1.401298464324817e-43
9.38179898262024,-1.0,0.2126210480928421,0.5,1.401298464324817e-43
9.391891479492188,-1.0,0.2126210480928421,0.5,1.401298464324817e-43
9.401989698410034,-1.0,0.21216163039207458,0.5,1.401298464324817e-43
9.412118434906006,-1.0,0.1974201798439026,0.5,1.401298464324817e-43
9.42222547531128,-1.0,0.1974201798439026,0.5,1.401298464324817e-43
9.432331323623657,-0.08470886945724487,0.1699533760547638,0.5,1.401298464324817e-43
9.442447423934937,-0.08470886945724487,0.13209383189678192,0.5,1.401298464324817e-43
9.452588558197021,1.0,0.13209383189678192,0.5,1.401298464324817e-43
9.462697744369507,1.0,0.08674587309360504,0.5,1.401298464324817e-43
9.47281265258789,1.0,0.08674587309360504,0.5,1.401298464324817e-43
9.482941150665283,1.0,0.037157800048589706,0.5,1.401298464324817e-43
9.493067979812622,1.0,-0.013311534188687801,0.5,1.401298464324817e-43
9.503190994262695,1.0,-0.013311534188687801,0.5,1.401298464324817e-43
9.51331901550293,1.0,-0.06141702085733414,0.5,1.401298464324817e-43
9.523451328277588,1.0,-0.10422759503126144,0.5,1.401298464324817e-43
9.533581256866455,1.0,-0.10422759503126144,0.5,1.401298464324817e-43
9.543703079223633,1.0,-0.13929221034049988,0.5,1.401298464324817e-43
9.553822040557861,1.0,-0.13929221034049988,0.5,1.401298464324817e-43
9.563915252685547,1.0,-0.16476328670978546,0.5,1.401298464324817e-43
9.574025869369507,1.0,-0.17947350442409515,0.5,1.401298464324817e-43
9.584181785583496,1.0,-0.17947350442409515,0.5,1.401298464324817e-43
9.59427261352539,1.0,-0.18296509981155396,0.5,1.401298464324817e-43
9.604375839233398,1.0,-0.1754741072654724,0.5,1.401298464324817e-43
9.614500761032104,-0.5271673798561096,-0.1754741072654724,0.5,1.401298464324817e-43
9.624624729156494,-0.5271673798561096,-0.1578730195760727,0.5,1.401298464324817e-43
9.63474416732788,-1.0,-0.1578730195760727,0.5,1.401298464324817e-43
9.644845008850098,-1.0,-0.13158023357391357,0.5,1.401298464324817e-43
9.654961585998535,-1.0,-0.09844393283128738,0.5,1.401298464324817e-43
9.665082454681396,-1.0,-0.09844393283128738,0.5,1.401298464324817e-43
9.675184488296509,-1.0,-0.060608748346567154,0.5,1.401298464324817e-43
9.685304641723633,-1.0,-0.020375413820147514,0.5,1.401298464324817e-43
9.695418357849121,-1.0,-0.020375413820147514,0.5,1.401298464324817e-43
9.705543041229248,-1.0,0.01993817277252674,0.5,1.401298464324817e-43
9.715668678283691,-1.0,0.01993817277252674,0.5,1.401298464324817e-43
9.725781202316284,-1.0,0.058127183467149734,0.5,1.401298464324817e-43
9.73590350151062,-1.0,0.09221412241458893,0.5,1.401298464324817e-43
9.746022939682007,-1.0,0.09221412241458893,0.5,1.401298464324817e-43
9.756125211715698,-1.0,0.12054233998060226,0.5,1.401298464324817e-43
9.766219854354858,-1.0,0.14184536039829254,0.5,1.401298464324817e-43
9.776355266571045,-1.0,0.14184536039829254,0.5,1.401298464324817e-43
9.786518096923828,-1.0,0.15528999269008636,0.5,1.401298464324817e-43
9.796644687652588,-0.5078271627426147,0.16049350798130035,0.5,1.401298464324817e-43
9.806755781173706,-0.5078271627426147,0.16049350798130035,0.5,1.401298464324817e-43
9.816863059997559,0.6710061430931091,0.15751583874225616,0.5,1.401298464324817e-43
9.826974630355835,0.6710061430931091,0.15751583874225616,0.5,1.401298464324817e-43
9.837080240249634,1.0,0.14682893455028534,0.5,1.401298464324817e-43
9.847209692001343,1.0,0.1292675882577896,0.5,1.401298464324817e-43
9.857340574264526,1.0,0.1292675882577896,0.5,1.401298464324817e-43
9.867443799972534,1.0,0.10596513748168945,0.5,1.401298464324817e-43
9.877562522888184,1.0,0.07827877253293991,0.5,1.401298464324817e-43
9.887683629989624,1.0,0.07827877253293991,0.5,1.401298464324817e-43
9.897783756256104,1.0,0.04770933836698532,0.5,1.401298464324817e-43
9.907954692840576,1.0,0.015819694846868515,0.5,1.401298464324817e-43
9.918131113052368,1.0,0.015819694846868515,0.5,1.401298464324817e-43
9.928253173828125,1.0,-0.01584404520690441,0.5,1.401298464324817e-43
9.938372135162354,1.0,-0.01584404520690441,0.5,1.401298464324817e-43
9.94849443435669,1.0,-0.04582468420267105,0.5,1.401298464324817e-43
9.958598613739014,1.0,-0.07281669229269028,0.5,1.401298464324817e-43
9.968714952468872,1.0,-0.07281669229269028,0.5,1.401298464324817e-43
9.978851795196533,1.0,-0.09571719169616699,0.5,1.401298464324817e-43
9.988966703414917,1.0,-0.09571719169616699,0.5,1.401298464324817e-43
9.999074459075928,0.6677780151367188,-0.1136641800403595,0.5,1.401298464324817e-43
10.00918197631836,0.6677780151367188,-0.12606032192707062,0.5,1.401298464324817e-43
10.01929235458374,-0.8252455592155457,-0.12606032192707062,0.5,1.401298464324817e-43
10.029407024383545,-0.8252455592155457,-0.1325836330652237,0.5,1.401298464324817e-43
10.039511919021606,-1.0,-0.13318465650081635,0.5,1.401298464324817e-43
10.04965615272522,-1.0,-0.13318465650081635,0.5,1.401298464324817e-43
10.059845924377441,-1.0,-0.1280718296766281,0.5,1.401298464324817e-43
10.069960117340088,-1.0,-0.11768649518489838,0.5,1.401298464324817e-43
10.080060958862305,-1.0,-0.11768649518489838,0.5,1.401298464324817e-43
10.09018588066101,-1.0,-0.10266980528831482,0.5,1.401298464324817e-43
10.10034990310669,-1.0,-0.10266980528831482,0.5,1.401298464324817e-43
10.110492706298828,-1.0,-0.0838233008980751,0.5,1.401298464324817e-43
10.120630025863647,-1.0,-0.06206563487648964,0.5,1.401298464324817e-43
10.130783796310425,-1.0,-0.06206563487648964,0.5,1.401298464324817e-43
10.140921354293823,-1.0,-0.03838726133108139,0.5,1.401298464324817e-43
10.151050090789795,-1.0,-0.013805770315229893,0.5,1.401298464324817e-43
10.16117525100708,-1.0,-0.013805770315229893,0.5,1.401298464324817e-43
10.17127537727356,-1.0,0.010676972568035126,0.5,1.401298464324817e-43
10.181393146514893,-1.0,0.010676972568035126,0.5,1.401298464324817e-43
10.19152307510376,-1.0,0.03411371633410454,0.5,1.401298464324817e-43
10.201651573181152,-1.0,0.055645860731601715,0.5,1.401298464324817e-43
10.21179461479187,-1.0,0.055645860731601715,0.5,1.401298464324817e-43
10.221944093704224,-0.7895936965942383,0.07453135401010513,0.5,1.401298464324817e-43
10.232081651687622,0.650779664516449,0.09016631543636322,0.5,1.401298464324817e-43
10.242186307907104,0.650779664516449,0.09016631543636322,0.5,1.401298464324817e-43
10.25229787826538,0.650779664516449,0.10209932923316956,0.5,1.401298464324817e-43
10.262426614761353,1.0,0.1100391373038292,0.5,1.401298464324817e-43
10.27258586883545,1.0,0.1100391373038292,0.5,1.401298464324817e-43
10.282695531845093,1.0,0.11385572701692581,0.5,1.401298464324817e-43
10.292800426483154,1.0,0.11385572701692581,0.5,1.401298464324817e-43
10.302916765213013,1.0,0.11357496678829193,0.5,1.401298464324817e-43
10.313047885894775,1.0,0.10936826467514038,0.5,1.401298464324817e-43
10.323173761367798,1.0,0.10936826467514038,0.5,1.401298464324817e-43
10.333304643630981,1.0,0.1015373170375824,0.5,1.401298464324817e-43
10.343456983566284,1.0,0.09049539268016815,0.5,1.401298464324817e-43
10.353595972061157,1.0,0.09049539268016815,0.5,1.401298464324817e-43
10.36375880241394,1.0,0.07674600183963776,0.5,1.401298464324817e-43
10.37392282485962,1.0,0.06085965037345886,0.5,1.401298464324817e-43
10.384068250656128,1.0,0.06085965037345886,0.5,1.401298464324817e-43
10.394196033477783,1.0,0.04345020279288292,0.5,1.401298464324817e-43
10.404309749603271,1.0,0.04345020279288292,0.5,1.401298464324817e-43
10.414582967758179,1.0,0.025151386857032776,0.5,1.401298464324817e-43
10.424731492996216,1.0,0.0065941945649683475,0.5,1.401298464324817e-43
10.434846639633179,1.0,0.0065941945649683475,0.5,1.401298464324817e-43
10.444956064224243,1.0,-0.011613933369517326,0.5,1.401298464324817e-43
10.455073595046997,0.746804416179657,-0.028907569125294685,0.5,1.401298464324817e-43
10.465299606323242,0.746804416179657,-0.028907569125294685,0.5,1.401298464324817e-43
10.475408554077148,-0.6067653894424438,-0.044779133051633835,0.5,1.401298464324817e-43
10.485512256622314,-0.6067653894424438,-0.05879152566194534,0.5,1.401298464324817e-43
10.495630264282227,-0.6067653894424438,-0.05879152566194534,0.5,1.401298464324817e-43
10.50575041770935,-1.0,-0.07058779895305634,0.5,1.401298464324817e-43
10.515856742858887,-1.0,-0.07058779895305634,0.5,1.401298464324817e-43
10.525958776473999,-1.0,-0.07989746332168579,0.5,1.401298464324817e-43
10.536083936691284,-1.0,-0.08653944730758667,0.5,1.401298464324817e-43
10.546200513839722,-1.0,-0.08653944730758667,0.5,1.401298464324817e-43
10.556300401687622,-1.0,-0.09042225778102875,0.5,1.401298464324817e-43
10.566417932510376,-1.0,-0.0915410965681076,0.5,1.401298464324817e-43
10.5765221118927,-1.0,-0.0915410965681076,0.5,1.401298464324817e-43
10.58665680885315,-1.0,-0.08997289836406708,0.5,1.401298464324817e-43
10.59677505493164,-1.0,-0.08997289836406708,0.5,1.401298464324817e-43
10.606899499893188,-1.0,-0.08586878329515457,0.5,1.401298464324817e-43
10.617021083831787,-1.0,-0.07944536209106445,0.5,1.401298464324817e-43
10.627125263214111,-1.0,-0.07944536209106445,0.5,1.401298464324817e-43
10.637258291244507,-1.0,-0.07097398489713669,0.5,1.401298464324817e-43
10.647385597229004,-1.0,-0.06077002361416817,0.5,1.401298464324817e-43
10.657507419586182,-1.0,-0.06077002361416817,0.5,1.401298464324817e-43
10.66762399673462,-1.0,-0.04918104037642479,0.5,1.401298464324817e-43
10.677733182907104,-1.0,-0.03657500073313713,0.5,1.401298464324817e-43
10.688282012939453,-1.0,-0.03657500073313713,0.5,1.401298464324817e-43
10.698461294174194,-1.0,-0.023328911513090134,0.5,1.401298464324817e-43
10.708597660064697,-1.0,-0.009817814454436302,0.5,1.401298464324817e-43
10.718694925308228,-0.5429643988609314,-0.009817814454436302,0.5,1.401298464324817e-43
10.728779315948486,-0.5429643988609314,0.0035951596219092607,0.5,1.401298464324817e-43
10.738890647888184,0.33113598823547363,0.0035951596219092607,0.5,1.401298464324817e-43
10.749008893966675,0.33113598823547363,0.01656782254576683,0.5,1.401298464324817e-43
10.759137392044067,1.0,0.02878674305975437,0.5,1.401298464324817e-43
10.769287347793579,1.0,0.02878674305975437,0.5,1.401298464324817e-43
10.77942681312561,1.0,0.03997368738055229,0.5,1.401298464324817e-43
10.789499998092651,1.0,0.04989064857363701,0.5,1.401298464324817e-43
10.799632787704468,1.0,0.04989064857363701,0.5,1.401298464324817e-43
10.809760332107544,1.0,0.058343540877103806,0.5,1.401298464324817e-43
10.819931745529175,1.0,0.058343540877103806,0.5,1.401298464324817e-43
10.830089092254639,1.0,0.0651843473315239,0.5,1.401298464324817e-43
10.840221881866455,1.0,0.07031203806400299,0.5,1.401298464324817e-43
10.850346803665161,1.0,0.07031203806400299,0.5,1.401298464324817e-43
10.860487937927246,1.0,0.07367225736379623,0.5,1.401298464324817e-43
10.870626449584961,1.0,0.07525568455457687,0.5,1.401298464324817e-43
10.880760431289673,1.0,0.07525568455457687,0.5,1.401298464324817e-43
10.890887260437012,1.0,0.07509554922580719,0.5,1.401298464324817e-43
10.901029109954834,1.0,0.07509554922580719,0.5,1.401298464324817e-43
10.911155462265015,1.0,0.07326416671276093,0.5,1.401298464324817e-43
10.9212806224823,1.0,0.06986893713474274,0.5,1.401298464324817e-43
10.931397914886475,1.0,0.06986893713474274,0.5,1.401298464324817e-43
10.941507577896118,1.0,0.06504761427640915,0.5,1.401298464324817e-43
10.951621055603027,1.0,0.05896314978599548,0.5,1.401298464324817e-43
10.961750984191895,1.0,0.05896314978599548,0.5,1.401298464324817e-43
10.971888542175293,1.0,0.05179864540696144,0.5,1.401298464324817e-43
10.9820077419281,1.0,0.04375172033905983,0.5,1.401298464324817e-43
10.992118835449219,1.0,0.04375172033905983,0.5,1.401298464324817e-43
11.002216577529907,0.839783251285553,0.03502931818366051,0.5,1.401298464324817e-43
11.012327194213867,0.839783251285553,0.03502931818366051,0.5,1.401298464324817e-43
11.022451162338257,0.25808238983154297,0.025842543691396713,0.5,1.401298464324817e-43
11.032602548599243,0.25808238983154297,0.01640169695019722,0.5,1.401298464324817e-43
11.042720079421997,-0.7987076640129089,0.01640169695019722,0.5,1.401298464324817e-43
11.052897453308105,-0.7987076640129089,0.006911866832524538,0.5,1.401298464324817e-43
11.063056707382202,-1.0,-0.002431220840662718,0.5,1.401298464324817e-43
11.073161125183105,-1.0,-0.002431220840662718,0.5,1.401298464324817e-43
11.083253383636475,-1.0,-0.011444765143096447,0.5,1.401298464324817e-43
11.09334945678711,-1.0,-0.019961919635534286,0.5,1.401298464324817e-43
11.103514194488525,-1.0,-0.019961919635534286,0.5,1.401298464324817e-43
11.113647937774658,-1.0,-0.027834320440888405,0.5,1.401298464324817e-43
11.123746156692505,-1.0,-0.027834320440888405,0.5,1.401298464324817e-43
11.133848905563354,-1.0,-0.03493395447731018,0.5,1.401298464324817e-43
11.143965005874634,-1.0,-0.04115450382232666,0.5,1.401298464324817e-43
11.154083251953125,-1.0,-0.04115450382232666,0.5,1.401298464324817e-43
11.164186239242554,-1.0,-0.04641221836209297,0.5,1.401298464324817e-43
11.174306869506836,-1.0,-0.05064615607261658,0.5,1.401298464324817e-43
11.184422731399536,-1.0,-0.05064615607261658,0.5,1.401298464324817e-43
11.194523811340332,-1.0,-0.05381791666150093,0.5,1.401298464324817e-43
11.2046480178833,-1.0,-0.05381791666150093,0.5,1.401298464324817e-43
11.214765310287476,-1.0,-0.055911168456077576,0.5,1.401298464324817e-43
11.224880695343018,-1.0,-0.05693044885993004,0.5,1.401298464324817e-43
11.23497748374939,-1.0,-0.05693044885993004,0.5,1.401298464324817e-43
11.245095014572144,-1.0,-0.056899894028902054,0.5,1.401298464324817e-43
11.255196332931519,-1.0,-0.05586158111691475,0.5,1.401298464324817e-43
11.265311002731323,-1.0,-0.05586158111691475,0.5,1.401298464324817e-43
11.275416851043701,-1.0,-0.05387361720204353,0.5,1.401298464324817e-43
11.285498142242432,-1.0,-0.051008112728595734,0.5,1.401298464324817e-43
11.295619010925293,-1.0,-0.051008112728595734,0.5,1.401298464324817e-43
11.305723905563354,-1.0,-0.04734896868467331,0.5,1.401298464324817e-43
11.31584119796753,-0.9503682851791382,-0.04734896868467331,0.5,1.401298464324817e-43
11.325992107391357,-0.9503682851791382,-0.04298973083496094,0.5,1.401298464324817e-43
11.336103677749634,-0.4889875054359436,-0.03803130239248276,0.5,1.401298464324817e-43
11.346219062805176,-0.4889875054359436,-0.03803130239248276,0.5,1.401298464324817e-43
11.35634160041809,0.5296083688735962,-0.03257961943745613,0.5,1.401298464324817e-43
11.366457223892212,0.5296083688735962,-0.026743674650788307,0.5,1.401298464324817e-43
11.376575708389282,0.9930577278137207,-0.026743674650788307,0.5,1.401298464324817e-43
11.386698246002197,0.9930577278137207,-0.020633287727832794,0.5,1.401298464324817e-43
11.396806478500366,1.0,-0.014357306994497776,0.5,1.401298464324817e-43
11.40691328048706,1.0,-0.014357306994497776,0.5,1.401298464324817e-43
11.417027711868286,1.0,-0.00802177470177412,0.5,1.401298464324817e-43
11.427144289016724,1.0,-0.00802177470177412,0.5,1.401298464324817e-43
11.437254428863525,1.0,-0.001728343078866601,0.5,1.401298464324817e-43
11.447377443313599,1.0,0.004427134525030851,0.5,1.401298464324817e-43
11.45753026008606,1.0,0.004427134525030851,0.5,1.401298464324817e-43
11.467693090438843,1.0,0.010355823673307896,0.5,1.401298464324817e-43
11.477830648422241,1.0,0.015976890921592712,0.5,1.401298464324817e-43
11.488348484039307,1.0,0.015976890921592712,0.5,1.401298464324817e-43
11.498508930206299,1.0,0.021218322217464447,0.5,1.401298464324817e-43
11.508684396743774,1.0,0.026017537340521812,0.5,1.401298464324817e-43
11.518802881240845,1.0,0.026017537340521812,0.5,1.401298464324817e-43
11.5291166305542,1.0,0.030321745201945305,0.5,1.401298464324817e-43
11.539275646209717,1.0,0.030321745201945305,0.5,1.401298464324817e-43
11.549408912658691,1.0,0.03408821299672127,0.5,1.401298464324817e-43
11.559505939483643,1.0,0.03728426620364189,0.5,1.401298464324817e-43
11.569634914398193,1.0,0.03728426620364189,0.5,1.401298464324817e-43
11.579835891723633,1.0,0.0398872010409832,0.5,1.401298464324817e-43
11.589972019195557,1.0,0.04188402742147446,0.5,1.401298464324817e-43
11.600088596343994,1.0,0.04188402742147446,0.5,1.401298464324817e-43
11.610204458236694,1.0,0.04327100142836571,0.5,1.401298464324817e-43
11.620316982269287,1.0,0.04327100142836571,0.5,1.401298464324817e-43
11.630433082580566,1.0,0.04405315965414047,0.5,1.401298464324817e-43
11.640507459640503,1.0,0.04424376040697098,0.5,1.401298464324817e-43
11.650619983673096,1.0,0.04424376040697098,0.5,1.401298464324817e-43
11.660731792449951,1.0,0.043863553553819656,0.5,1.401298464324817e-43
11.670841455459595,1.0,0.042939942330121994,0.5,1.401298464324817e-43
11.680945873260498,1.0,0.042939942330121994,0.5,1.401298464324817e-43
11.69106674194336,1.0,0.041506361216306686,0.5,1.401298464324817e-43
11.701240062713623,0.8064723610877991,0.041506361216306686,0.5,1.401298464324817e-43
11.711348056793213,0.8064723610877991,0.03960132226347923,0.5,1.401298464324817e-43
11.721459150314331,0.04835132136940956,0.03726761415600777,0.5,1.401298464324817e-43
11.731589078903198,0.04835132136940956,0.03726761415600777,0.5,1.401298464324817e-43
11.74171233177185,-0.7495711445808411,0.0345514751970768,0.5,1.401298464324817e-43
11.751822710037231,-0.7495711445808411,0.03150174766778946,0.5,1.401298464324817e-43
11.761956453323364,-1.0,0.03150174766778946,0.5,1.401298464324817e-43
11.772078037261963,-1.0,0.028169065713882446,0.5,1.401298464324817e-43
11.782195091247559,-1.0,0.024605080485343933,0.5,1.401298464324817e-43
11.792312860488892,-1.0,0.024605080485343933,0.5,1.401298464324817e-43
11.802438735961914,-1.0,0.020861739292740822,0.5,1.401298464324817e-43
11.81250810623169,-1.0,0.020861739292740822,0.5,1.401298464324817e-43
11.822619199752808,-1.0,0.01699056848883629,0.5,1.401298464324817e-43
11.832716941833496,-1.0,0.01304209791123867,0.5,1.401298464324817e-43
11.84281063079834,-1.0,0.01304209791123867,0.5,1.401298464324817e-43
11.852919101715088,-1.0,0.009065235033631325,0.5,1.401298464324817e-43
11.863054990768433,-1.0,0.0051067546010017395,0.5,1.401298464324817e-43
11.873157739639282,-1.0,0.0051067546010017395,0.5,1.401298464324817e-43
11.883257865905762,-1.0,0.0012108731316402555,0.5,1.401298464324817e-43
11.89336895942688,-1.0,-0.002581146778538823,0.5,1.401298464324817e-43
11.903470277786255,-1.0,-0.002581146778538823,0.5,1.401298464324817e-43
11.913599252700806,-1.0,-0.006231313571333885,0.5,1.401298464324817e-43
11.923699378967285,-1.0,-0.006231313571333885,0.5,1.401298464324817e-43
11.93380618095398,-1.0,-0.00970516912639141,0.5,1.401298464324817e-43
11.943922996520996,-1.0,-0.012971975840628147,0.5,1.401298464324817e-43
11.95402455329895,-1.0,-0.012971975840628147,0.5,1.401298464324817e-43
11.96412992477417,-1.0,-0.016004854813218117,0.5,1.401298464324817e-43
11.974241018295288,-1.0,-0.018780887126922607,0.5,1.401298464324817e-43
11.984400033950806,-1.0,-0.018780887126922607,0.5,1.401298464324817e-43
11.994500875473022,-1.0,-0.021281065419316292,0.5,1.401298464324817e-43
12.004599571228027,-1.0,-0.02349035069346428,0.5,1.401298464324817e-43
12.014703512191772,-1.0,-0.02349035069346428,0.5,1.401298464324817e-43
12.024832963943481,-1.0,-0.02539757639169693,0.5,1.401298464324817e-43
12.03495478630066,-1.0,-0.02539757639169693,0.5,1.401298464324817e-43
12.04506230354309,-1.0,-0.026995336636900902,0.5,1.401298464324817e-43
12.055171966552734,-1.0,-0.02827981859445572,0.5,1.401298464324817e-43
12.065361499786377,-1.0,-0.02827981859445572,0.5,1.401298464324817e-43
12.075462818145752,-1.0,-0.02925065904855728,0.5,1.401298464324817e-43
12.085609912872314,-1.0,-0.02925065904855728,0.5,1.401298464324817e-43
12.095730304718018,-1.0,-0.029910724610090256,0.5,1.401298464324817e-43
12.105836153030396,-1.0,-0.030265886336565018,0.5,1.401298464324817e-43
12.115956544876099,-0.8447377681732178,-0.030265886336565018,0.5,1.401298464324817e-43
12.12609052658081,-0.8447377681732178,-0.030324786901474,0.5,1.401298464324817e-43
12.136232137680054,-0.5124087929725647,-0.0300985686480999,0.5,1.401298464324817e-43
12.146340131759644,-0.5124087929725647,-0.0300985686480999,0.5,1.401298464324817e-43
12.156448364257812,0.23317405581474304,-0.029600588604807854,0.5,1.401298464324817e-43
12.166613101959229,0.23317405581474304,-0.02884620614349842,0.5,1.401298464324817e-43
12.176755905151367,0.6619170308113098,-0.02884620614349842,0.5,1.401298464324817e-43
12.186877489089966,0.6619170308113098,-0.02785247564315796,0.5,1.401298464324817e-43
12.19697904586792,1.0,-0.02785247564315796,0.5,1.401298464324817e-43
12.20709228515625,1.0,-0.026637839153409004,0.5,1.401298464324817e-43
12.217190980911255,1.0,-0.025221915915608406,0.5,1.401298464324817e-43
12.227295637130737,1.0,-0.025221915915608406,0.5,1.401298464324817e-43
12.237397193908691,1.0,-0.023625215515494347,0.5,1.401298464324817e-43
12.247529029846191,1.0,-0.02186886966228485,0.5,1.401298464324817e-43
12.257623434066772,1.0,-0.02186886966228485,0.5,1.401298464324817e-43
12.267723560333252,1.0,-0.019974417984485626,0.5,1.401298464324817e-43
12.27783465385437,1.0,-0.019974417984485626,0.5,1.401298464324817e-43
12.287973880767822,1.0,-0.01796354539692402,0.5,1.401298464324817e-43
12.298113584518433,1.0,-0.01585790514945984,0.5,1.401298464324817e-43
12.308226585388184,1.0,-0.01585790514945984,0.5,1.401298464324817e-43
12.318318128585815,1.0,-0.013678890652954578,0.5,1.401298464324817e-43
12.32849931716919,1.0,-0.011447482742369175,0.5,1.401298464324817e-43
12.338679313659668,1.0,-0.011447482742369175,0.5,1.401298464324817e-43
12.348798274993896,1.0,-0.009184055030345917,0.5,1.401298464324817e-43
12.3589026927948,1.0,-0.0069082267582416534,0.5,1.401298464324817e-43
12.369009017944336,1.0,-0.0069082267582416534,0.5,1.401298464324817e-43
12.379112720489502,1.0,-0.004638750571757555,0.5,1.401298464324817e-43
12.38921856880188,1.0,-0.004638750571757555,0.5,1.401298464324817e-43
12.399319171905518,1.0,-0.0023933921474963427,0.5,1.401298464324817e-43
12.409435510635376,1.0,-0.00018882009317167103,0.5,1.401298464324817e-43
12.419559717178345,1.0,-0.00018882009317167103,0.5,1.401298464324817e-43
12.429669618606567,1.0,0.001959460088983178,0.5,1.401298464324817e-43
12.439770460128784,1.0,0.0040371716022491455,0.5,1.401298464324817e-43
12.44989275932312,1.0,0.0040371716022491455,0.5,1.401298464324817e-43
12.460017442703247,1.0,0.0060313185676932335,0.5,1.401298464324817e-43
12.470138311386108,1.0,0.0060313185676932335,0.5,1.401298464324817e-43
12.480273962020874,1.0,0.007930216379463673,0.5,1.401298464324817e-43
12.490403175354004,1.0,0.009723507799208164,0.5,1.401298464324817e-43
12.500522375106812,1.0,0.009723507799208164,0.5,1.401298464324817e-43
12.510644435882568,1.0,0.011402172967791557,0.5,1.401298464324817e-43
12.520779848098755,1.0,0.012958523817360401,0.5,1.401298464324817e-43
12.530915021896362,1.0,0.012958523817360401,0.5,1.401298464324817e-43
12.541039228439331,1.0,0.014386187307536602,0.5,1.401298464324817e-43
12.551162719726562,1.0,0.01568007655441761,0.5,1.401298464324817e-43
12.561267614364624,1.0,0.01568007655441761,0.5,1.401298464324817e-43
12.571389198303223,1.0,0.016836345195770264,0.5,1.401298464324817e-43
12.581514596939087,1.0,0.017852364107966423,0.5,1.401298464324817e-43
12.591635704040527,1.0,0.017852364107966423,0.5,1.401298464324817e-43
12.601748943328857,1.0,0.018726643174886703,0.5,1.401298464324817e-43
12.61187481880188,1.0,0.018726643174886703,0.5,1.401298464324817e-43
12.622010946273804,0.9990257620811462,0.01945880427956581,0.5,1.401298464324817e-43
12.632153272628784,0.9990257620811462,0.02004948817193508,0.5,1.401298464324817e-43
12.642274141311646,0.727878212928772,0.02004948817193508,0.5,1.401298464324817e-43
12.652379274368286,0.727878212928772,0.020500319078564644,0.5,1.401298464324817e-43
12.662493705749512,0.12024431675672531,0.02081380784511566,0.5,1.401298464324817e-43
12.672604084014893,0.12024431675672531,0.02081380784511566,0.5,1.401298464324817e-43
12.682732343673706,-0.32484379410743713,0.02099328674376011,0.5,1.401298464324817e-43
12.692864418029785,-0.32484379410743713,0.02099328674376011,0.5,1.401298464324817e-43
12.702968835830688,-0.6932985186576843,0.021042844280600548,0.5,1.401298464324817e-43
12.713067770004272,-0.6932985186576843,0.02096724510192871,0.5,1.401298464324817e-43
12.723172426223755,-1.0,0.02096724510192871,0.5,1.401298464324817e-43
12.733299493789673,-1.0,0.02077185921370983,0.5,1.401298464324817e-43
12.74341869354248,-1.0,0.020462585613131523,0.5,1.401298464324817e-43
12.753496646881104,-1.0,0.020462585613131523,0.5,1.401298464324817e-43
12.763593673706055,-1.0,0.020045768469572067,0.5,1.401298464324817e-43
12.773687839508057,-1.0,0.020045768469572067,0.5,1.401298464324817e-43
12.783799886703491,-1.0,0.019528156146407127,0.5,1.401298464324817e-43
12.793927431106567,-1.0,0.01891678012907505,0.5,1.401298464324817e-43
12.80402398109436,-1.0,0.01891678012907505,0.5,1.401298464324817e-43
12.814137697219849,-1.0,0.018218953162431717,0.5,1.401298464324817e-43
12.8242769241333,-1.0,0.017442142590880394,0.5,1.401298464324817e-43
12.834405899047852,-1.0,0.017442142590880394,0.5,1.401298464324817e-43
12.844505310058594,-1.0,0.016593951731920242,0.5,1.401298464324817e-43
12.854641675949097,-1.0,0.015682058408856392,0.5,1.401298464324817e-43
12.864765882492065,-1.0,0.015682058408856392,0.5,1.401298464324817e-43
12.874916315078735,-1.0,0.014714116230607033,0.5,1.401298464324817e-43
12.885047674179077,-1.0,0.014714116230607033,0.5,1.401298464324817e-43
12.895201444625854,-1.0,0.013697761110961437,0.5,1.401298464324817e-43
12.905330896377563,-1.0,0.012640547938644886,0.5,1.401298464324817e-43
12.91543173789978,-1.0,0.012640547938644886,0.5,1.401298464324817e-43
12.925526142120361,-1.0,0.011549877934157848,0.5,1.401298464324817e-43
12.935677766799927,-1.0,0.010433000512421131,0.5,1.401298464324817e-43
12.945778369903564,-1.0,0.010433000512421131,0.5,1.401298464324817e-43
12.955897092819214,-1.0,0.00929694902151823,0.5,1.401298464324817e-43
12.966105937957764,-1.0,0.00929694902151823,0.5,1.401298464324817e-43
12.976297855377197,-1.0,0.008148524910211563,0.5,1.401298464324817e-43
12.986496210098267,-1.0,0.006994256284087896,0.5,1.401298464324817e-43
12.996613264083862,-1.0,0.006994256284087896,0.5,1.401298464324817e-43
13.0067458152771,-1.0,0.005840384401381016,0.5,1.401298464324817e-43
13.016969919204712,-1.0,0.0046928380616009235,0.5,1.401298464324817e-43
13.02709174156189,-1.0,0.0046928380616009235,0.5,1.401298464324817e-43
13.037206888198853,-1.0,0.0035572219640016556,0.5,1.401298464324817e-43
13.047345876693726,-1.0,0.0024387973826378584,0.5,1.401298464324817e-43
13.057476043701172,-1.0,0.0024387973826378584,0.5,1.401298464324817e-43
13.067610740661621,-1.0,0.0013424711069092155,0.5,1.401298464324817e-43
13.077738761901855,-1.0,0.0013424711069092155,0.5,1.401298464324817e-43
13.087856769561768,-1.0,0.0002727900864556432,0.5,1.401298464324817e-43
13.097976207733154,-1.0,-0.0007660650298930705,0.5,1.401298464324817e-43
13.108082294464111,-1.0,-0.0007660650298930705,0.5,1.401298464324817e-43
13.118197202682495,-1.0,-0.0017702813493087888,0.5,1.401298464324817e-43
13.128324270248413,-1.0,-0.002736414084210992,0.5,1.401298464324817e-43
13.13845944404602,-1.0,-0.002736414084210992,0.5,1.401298464324817e-43
13.148613214492798,-1.0,-0.0036613878328353167,0.5,1.401298464324817e-43
13.158712148666382,-1.0,-0.0036613878328353167,0.5,1.401298464324817e-43
13.168809652328491,-1.0,-0.004542478825896978,0.5,1.401298464324817e-43
13.178917169570923,-1.0,-0.005377335008233786,0.5,1.401298464324817e-43
13.189016580581665,-1.0,-0.005377335008233786,0.5,1.401298464324817e-43
13.199148893356323,-1.0,-0.006163937970995903,0.5,1.401298464324817e-43
13.209295511245728,-1.0,-0.006900615058839321,0.5,1.401298464324817e-43
13.219458103179932,-1.0,-0.006900615058839321,0.5,1.401298464324817e-43
13.229574203491211,-1.0,-0.007586014457046986,0.5,1.401298464324817e-43
13.239688158035278,-0.9622016549110413,-0.008219104260206223,0.5,1.401298464324817e-43
13.249813556671143,-0.9622016549110413,-0.008219104260206223,0.5,1.401298464324817e-43
13.259939432144165,-0.8100675940513611,-0.008799155242741108,0.5,1.401298464324817e-43
13.270076036453247,-0.8100675940513611,-0.009325722232460976,0.5,1.401298464324817e-43
13.28020691871643,-0.595988929271698,-0.009325722232460976,0.5,1.401298464324817e-43
13.290334463119507,-0.595988929271698,-0.009798634797334671,0.5,1.401298464324817e-43
13.300448656082153,-0.1102323979139328,-0.009798634797334671,0.5,1.401298464324817e-43
13.31056523323059,-0.1102323979139328,-0.010217978619039059,0.5,1.401298464324817e-43
13.32066798210144,0.4187607169151306,-0.010584098286926746,0.5,1.401298464324817e-43
13.330787181854248,0.4187607169151306,-0.010584098286926746,0.5,1.401298464324817e-43
13.34090805053711,0.7075792551040649,-0.01089754793792963,0.5,1.401298464324817e-43
13.351008892059326,0.7075792551040649,-0.011159100569784641,0.5,1.401298464324817e-43
13.361113786697388,0.9187203645706177,-0.011159100569784641,0.5,1.401298464324817e-43
13.371281862258911,0.9187203645706177,-0.011369720101356506,0.5,1.401298464324817e-43
13.381396055221558,1.0,-0.011369720101356506,0.5,1.401298464324817e-43
13.391498327255249,1.0,-0.011530552059412003,0.5,1.401298464324817e-43
13.401609420776367,1.0,-0.011642904952168465,0.5,1.401298464324817e-43
13.411727666854858,1.0,-0.011642904952168465,0.5,1.401298464324817e-43
13.421847820281982,1.0,-0.011708227917551994,0.5,1.401298464324817e-43
13.431974172592163,1.0,-0.01172812283039093,0.5,1.401298464324817e-43
13.442089557647705,1.0,-0.01172812283039093,0.5,1.401298464324817e-43
13.452243328094482,1.0,-0.011704285629093647,0.5,1.401298464324817e-43
13.462370157241821,1.0,-0.011704285629093647,0.5,1.401298464324817e-43
13.47247576713562,1.0,-0.011638518422842026,0.5,1.401298464324817e-43
13.482614517211914,1.0,-0.011532719247043133,0.5,1.401298464324817e-43
13.492729902267456,1.0,-0.011532719247043133,0.5,1.401298464324817e-43
13.502841234207153,1.0,-0.011388852261006832,0.5,1.401298464324817e-43
13.512949705123901,1.0,-0.01120895054191351,0.5,1.401298464324817e-43
13.523050546646118,1.0,-0.01120895054191351,0.5,1.401298464324817e-43
13.533154010772705,1.0,-0.010995081625878811,0.5,1.401298464324817e-43
13.543259859085083,1.0,-0.010749360546469688,0.5,1.401298464324817e-43
13.553355693817139,1.0,-0.010749360546469688,0.5,1.401298464324817e-43
13.56345272064209,1.0,-0.010473920963704586,0.5,1.401298464324817e-43
13.573617458343506,1.0,-0.010170912370085716,0.5,1.401298464324817e-43
13.583734273910522,1.0,-0.010170912370085716,0.5,1.401298464324817e-43
13.59384298324585,1.0,-0.009842487052083015,0.5,1.401298464324817e-43
13.603943824768066,1.0,-0.009842487052083015,0.5,1.401298464324817e-43
13.614076614379883,1.0,-0.009490790776908398,0.5,1.401298464324817e-43
13.624229431152344,1.0,-0.009117959067225456,0.5,1.401298464324817e-43
13.634351968765259,1.0,-0.009117959067225456,0.5,1.401298464324817e-43
13.644451379776001,1.0,-0.008726093918085098,0.5,1.401298464324817e-43
13.654558658599854,1.0,-0.008317278698086739,0.5,1.401298464324817e-43
13.664688348770142,1.0,-0.008317278698086739,0.5,1.401298464324817e-43
13.674813985824585,1.0,-0.007893546484410763,0.5,1.401298464324817e-43
13.68491816520691,1.0,-0.007893546484410763,0.5,1.401298464324817e-43
13.695013523101807,1.0,-0.007456897757947445,0.5,1.401298464324817e-43
13.705111503601074,1.0,-0.007009273860603571,0.5,1.401298464324817e-43
13.715195894241333,1.0,-0.007009273860603571,0.5,1.401298464324817e-43
13.725304365158081,1.0,-0.006552570499479771,0.5,1.401298464324817e-43
13.735434770584106,1.0,-0.006088615860790014,0.5,1.401298464324817e-43
13.74557113647461,1.0,-0.006088615860790014,0.5,1.401298464324817e-43
13.755676031112671,1.0,-0.00561918318271637,0.5,1.401298464324817e-43
13.765777826309204,1.0,-0.00561918318271637,0.5,1.401298464324817e-43
13.7759268283844,1.0,-0.00514597212895751,0.5,1.401298464324817e-43
13.786044359207153,1.0,-0.004670619964599609,0.5,1.401298464324817e-43
13.796139478683472,1.0,-0.004670619964599609,0.5,1.401298464324817e-43
13.80623722076416,1.0,-0.004194682464003563,0.5,1.401298464324817e-43
13.816357374191284,1.0,-0.0037196525372564793,0.5,1.401298464324817e-43
13.826521635055542,1.0,-0.0037196525372564793,0.5,1.401298464324817e-43
13.836687326431274,1.0,-0.0032469406723976135,0.5,1.401298464324817e-43
13.846806526184082,1.0,-0.0032469406723976135,0.5,1.401298464324817e-43
13.856929540634155,1.0,-0.002777885878458619,0.5,1.401298464324817e-43
13.867049217224121,1.0,-0.002313744742423296,0.5,1.401298464324817e-43
13.877191543579102,1.0,-0.002313744742423296,0.5,1.401298464324817e-43
13.887306451797485,1.0,-0.0018556993454694748,0.5,1.401298464324817e-43
13.897440433502197,1.0,-0.0014048550510779023,0.5,1.401298464324817e-43
13.907517194747925,1.0,-0.0014048550510779023,0.5,1.401298464324817e-43
13.91763424873352,1.0,-0.0009622411453165114,0.5,1.401298464324817e-43
13.927744388580322,1.0,-0.0005288085667416453,0.5,1.401298464324817e-43
13.93785834312439,1.0,-0.0005288085667416453,0.5,1.401298464324817e-43
13.947956085205078,1.0,-0.0001054339882102795,0.5,1.401298464324817e-43
13.958045721054077,1.0,-0.0001054339882102795,0.5,1.401298464324817e-43
13.968135356903076,1.0,0.0003070803650189191,0.5,1.401298464324817e-43
13.978230714797974,1.0,0.000708005391061306,0.5,1.401298464324817e-43
13.988321304321289,1.0,0.000708005391061306,0.5,1.401298464324817e-43
13.998415470123291,1.0,0.001096682739444077,0.5,1.401298464324817e-43
14.00850772857666,1.0,0.0014725244836881757,0.5,1.401298464324817e-43
14.018622398376465,1.0,0.0014725244836881757,0.5,1.401298464324817e-43
14.028714895248413,1.0,0.0018350094323977828,0.5,1.401298464324817e-43
14.038818836212158,1.0,0.002183682518079877,0.5,1.401298464324817e-43
14.048999786376953,1.0,0.002183682518079877,0.5,1.401298464324817e-43
14.059200763702393,0.947363555431366,0.002518152352422476,0.5,1.401298464324817e-43
14.069314956665039,0.947363555431366,0.002518152352422476,0.5,1.401298464324817e-43
14.079440593719482,0.8298273086547852,0.002838087733834982,0.5,1.401298464324817e-43
14.089577913284302,0.8298273086547852,0.003143216948956251,0.5,1.401298464324817e-43
14.09969711303711,0.6125330924987793,0.003143216948956251,0.5,1.401298464324817e-43
14.109801292419434,0.6125330924987793,0.003433325095102191,0.5,1.401298464324817e-43
14.119909763336182,0.44000840187072754,0.0037082512862980366,0.5,1.401298464324817e-43
14.130004167556763,0.44000840187072754,0.0037082512862980366,0.5,1.401298464324817e-43
14.14012622833252,0.05619586259126663,0.003967885859310627,0.5,1.401298464324817e-43
14.15026307106018,0.05619586259126663,0.004212169907987118,0.5,1.401298464324817e-43
14.16038179397583,-0.3163387179374695,0.004212169907987118,0.5,1.401298464324817e-43
14.17049789428711,-0.3163387179374695,0.004441082943230867,0.5,1.401298464324817e-43
14.180600881576538,-0.40262657403945923,0.004441082943230867,0.5,1.401298464324817e-43
14.190703392028809,-0.40262657403945923,0.004654658492654562,0.5,1.401298464324817e-43
14.200810432434082,-0.7437637448310852,0.004852966871112585,0.5,1.401298464324817e-43
14.210911512374878,-0.7437637448310852,0.004852966871112585,0.5,1.401298464324817e-43
14.221041917800903,-0.8557958602905273,0.005036120768636465,0.5,1.401298464324817e-43
14.231168270111084,-0.8557958602905273,0.0052042631432414055,0.5,1.401298464324817e-43
14.241310834884644,-1.0,0.0052042631432414055,0.5,1.401298464324817e-43
14.25145149230957,-1.0,0.005357571877539158,0.5,1.401298464324817e-43
14.26160717010498,-1.0,0.005357571877539158,0.5,1.401298464324817e-43
14.271705389022827,-1.0,0.005496257916092873,0.5,1.401298464324817e-43
14.28179931640625,-1.0,0.005620562005788088,0.5,1.401298464324817e-43
14.291923522949219,-1.0,0.005620562005788088,0.5,1.401298464324817e-43
14.302057981491089,-1.0,0.005730749573558569,0.5,1.401298464324817e-43
14.312160730361938,-1.0,0.005827109329402447,0.5,1.401298464324817e-43
14.322279691696167,-1.0,0.005827109329402447,0.5,1.401298464324817e-43
14.332391500473022,-1.0,0.005909956991672516,0.5,1.401298464324817e-43
14.342499732971191,-1.0,0.0059796227142214775,0.5,1.401298464324817e-43
14.35260272026062,-1.0,0.0059796227142214775,0.5,1.401298464324817e-43
14.36270546913147,-1.0,0.006036457139998674,0.5,1.401298464324817e-43
14.372824668884277,-1.0,0.006036457139998674,0.5,1.401298464324817e-43
14.382928133010864,-1.0,0.006080827675759792,0.5,1.401298464324817e-43
14.393025636672974,-1.0,0.0061131133697927,0.5,1.401298464324817e-43
14.403132438659668,-1.0,0.0061131133697927,0.5,1.401298464324817e-43
14.413253784179688,-1.0,0.006133705377578735,0.5,1.401298464324817e-43
14.423555135726929,-1.0,0.006143009290099144,0.5,1.401298464324817e-43
14.433691263198853,-1.0,0.006143009290099144,0.5,1.401298464324817e-43
14.44396424293518,-1.0,0.006141433492302895,0.5,1.401298464324817e-43
14.454084157943726,-1.0,0.006129395682364702,0.5,1.401298464324817e-43
14.464195966720581,-1.0,0.006129395682364702,0.5,1.401298464324817e-43
14.474301099777222,-1.0,0.006107320077717304,0.5,1.401298464324817e-43
14.484404802322388,-1.0,0.006107320077717304,0.5,1.401298464324817e-43
14.494534969329834,-1.0,0.0060756322927773,0.5,1.401298464324817e-43
14.504699230194092,-1.0,0.0060347639955580235,0.5,1.401298464324817e-43
14.514813899993896,-1.0,0.0060347639955580235,0.5,1.401298464324817e-43
14.524914741516113,-1.0,0.005985144525766373,0.5,1.401298464324817e-43
14.535050630569458,-1.0,0.0059272064827382565,0.5,1.401298464324817e-43
14.545175075531006,-1.0,0.0059272064827382565,0.5,1.401298464324817e-43
14.555292844772339,-1.0,0.005861382000148296,0.5,1.401298464324817e-43
14.565419435501099,-1.0,0.005861382000148296,0.5,1.401298464324817e-43
14.57551646232605,-1.0,0.0057880934327840805,0.5,1.401298464324817e-43
14.585649251937866,-1.0,0.00570776779204607,0.5,1.401298464324817e-43
14.595773220062256,-1.0,0.00570776779204607,0.5,1.401298464324817e-43
14.605932235717773,-1.0,0.005620825104415417,0.5,1.401298464324817e-43
14.61605453491211,-1.0,0.005527683068066835,0.5,1.401298464324817e-43
14.626198530197144,-1.0,0.005527683068066835,0.5,1.401298464324817e-43
14.636324882507324,-1.0,0.00542874913662672,0.5,1.401298464324817e-43
14.646424055099487,-1.0,0.0053244284354150295,0.5,1.401298464324817e-43
14.656500101089478,-1.0,0.0053244284354150295,0.5,1.401298464324817e-43
14.66662049293518,-1.0,0.005215117242187262,0.5,1.401298464324817e-43
14.676750183105469,-1.0,0.005215117242187262,0.5,1.401298464324817e-43
14.68687629699707,-1.0,0.005101202521473169,0.5,1.401298464324817e-43
14.696971654891968,-1.0,0.004983064252883196,0.5,1.401298464324817e-43
14.707097291946411,-1.0,0.004983064252883196,0.5,1.401298464324817e-43
14.717252254486084,-1.0,0.004861073102802038,0.5,1.401298464324817e-43
14.727413654327393,-1.0,0.004735593684017658,0.5,1.401298464324817e-43
14.737501382827759,-1.0,0.004735593684017658,0.5,1.401298464324817e-43
14.747614860534668,-1.0,0.004606977105140686,0.5,1.401298464324817e-43
14.757729530334473,-1.0,0.004606977105140686,0.5,1.401298464324817e-43
14.76781940460205,-1.0,0.0044755651615560055,0.5,1.401298464324817e-43
14.777913808822632,-1.0,0.004341692663729191,0.5,1.401298464324817e-43
14.788041353225708,-1.0,0.004341692663729191,0.5,1.401298464324817e-43
14.798182725906372,-1.0,0.004205679055303335,0.5,1.401298464324817e-43
14.808300733566284,-1.0,0.004067836329340935,0.5,1.401298464324817e-43
14.818415403366089,-1.0,0.004067836329340935,0.5,1.401298464324817e-43
14.828529596328735,-1.0,0.003928463906049728,0.5,1.401298464324817e-43
14.838667392730713,-1.0,0.003787853056564927,0.5,1.401298464324817e-43
14.848788499832153,-1.0,0.003787853056564927,0.5,1.401298464324817e-43
14.858896255493164,-1.0,0.0036462817806750536,0.5,1.401298464324817e-43
14.868999242782593,-1.0,0.0036462817806750536,0.5,1.401298464324817e-43
14.879120349884033,-1.0,0.003504017600789666,0.5,1.401298464324817e-43
14.889272212982178,-1.0,0.0033613168634474277,0.5,1.401298464324817e-43
14.899429082870483,-1.0,0.0033613168634474277,0.5,1.401298464324817e-43
14.909564971923828,-1.0,0.0032184284646064043,0.5,1.401298464324817e-43
14.919676780700684,-1.0,0.0030755798798054457,0.5,1.401298464324817e-43
14.929798364639282,-1.0,0.0030755798798054457,0.5,1.401298464324817e-43
14.939913988113403,-1.0,0.002932998351752758,0.5,1.401298464324817e-43
14.95002293586731,-1.0,0.0027908969204872847,0.5,1.401298464324817e-43
14.960131406784058,-1.0,0.0027908969204872847,0.5,1.401298464324817e-43
14.97022271156311,-1.0,0.0026494774501770735,0.5,1.401298464324817e-43
14.980340957641602,-1.0,0.0026494774501770735,0.5,1.401298464324817e-43
14.990469932556152,-1.0,0.002508930629119277,0.5,1.401298464324817e-43
15.00059175491333,-1.0,0.0023694385308772326,0.5,1.401298464324817e-43
15.010692596435547,-1.0,0.0023694385308772326,0.5,1.401298464324817e-43
15.020817756652832,-1.0,0.0022311711218208075,0.5,1.401298464324817e-43
15.030913352966309,-1.0,0.0020942899864166975,0.5,1.401298464324817e-43
15.041101694107056,-1.0,0.0020942899864166975,0.5,1.401298464324817e-43
15.051223993301392,-1.0,0.0019589453004300594,0.5,1.401298464324817e-43
15.061346769332886,-1.0,0.0019589453004300594,0.5,1.401298464324817e-43
15.071470499038696,-1.0,0.0018252788577228785,0.5,1.401298464324817e-43
15.081591606140137,-1.0,0.001693420810624957,0.5,1.401298464324817e-43
15.091712713241577,-1.0,0.001693420810624957,0.5,1.401298464324817e-43
15.101827144622803,-1.0,0.001563495839945972,0.5,1.401298464324817e-43
15.111949920654297,-1.0,0.0014356168685480952,0.5,1.401298464324817e-43
15.12204909324646,-1.0,0.0014356168685480952,0.5,1.401298464324817e-43
15.132226467132568,-1.0,0.0013098884373903275,0.5,1.401298464324817e-43
15.142372131347656,-1.0,0.0013098884373903275,0.5,1.401298464324817e-43
15.152469396591187,-1.0,0.0011864068219438195,0.5,1.401298464324817e-43
15.162580251693726,-1.0,0.0010652600321918726,0.5,1.401298464324817e-43
15.172696113586426,-1.0,0.0010652600321918726,0.5,1.401298464324817e-43
15.182783842086792,-1.0,0.0009465287439525127,0.5,1.401298464324817e-43
15.192867517471313,-1.0,0.0008302851929329336,0.5,1.401298464324817e-43
15.202955484390259,-1.0,0.0008302851929329336,0.5,1.401298464324817e-43
15.213059186935425,-1.0,0.0007165938732214272,0.5,1.401298464324817e-43
15.223168134689331,-1.0,0.0006055131088942289,0.5,1.401298464324817e-43
15.233267545700073,-1.0,0.0006055131088942289,0.5,1.401298464324817e-43
15.243355989456177,-1.0,0.0004970935406163335,0.5,1.401298464324817e-43
15.253441572189331,-1.0,0.00039137963904067874,0.5,1.401298464324817e-43
15.2635018825531,-0.9533242583274841,0.00039137963904067874,0.5,1.401298464324817e-43
15.273603916168213,-0.9533242583274841,0.00028840929735451937,0.5,1.401298464324817e-43
15.283710241317749,-0.8748131394386292,0.00028840929735451937,0.5,1.401298464324817e-43
15.293803453445435,-0.8748131394386292,0.0001882141805253923,0.5,1.401298464324817e-43
15.303911685943604,-0.713117778301239,9.082022734219208e-05,0.5,1.401298464324817e-43
15.314003467559814,-0.713117778301239,9.082022734219208e-05,0.5,1.401298464324817e-43
15.324100017547607,-0.5089577436447144,-3.752176098714699e-06,0.5,1.401298464324817e-43
15.334197044372559,-0.5089577436447144,-3.752176098714699e-06,0.5,1.401298464324817e-43
15.344314813613892,-0.44115856289863586,-9.548813250148669e-05,0.5,1.401298464324817e-43
15.354426383972168,-0.44115856289863586,-0.00018437774269841611,0.5,1.401298464324817e-43
15.364511489868164,-0.187978595495224,-0.00018437774269841611,0.5,1.401298464324817e-43
15.374638557434082,-0.187978595495224,-0.0002704159414861351,0.5,1.401298464324817e-43
15.384802103042603,0.08107583969831467,-0.0003536022559273988,0.5,1.401298464324817e-43
15.394904613494873,0.08107583969831467,-0.0003536022559273988,0.5,1.401298464324817e-43
15.405020236968994,0.25163134932518005,-0.00043394078966230154,0.5,1.401298464324817e-43
15.415128707885742,0.42875370383262634,-0.0005114394007250667,0.5,1.401298464324817e-43
15.425233364105225,0.42875370383262634,-0.0005114394007250667,0.5,1.401298464324817e-43
15.435350179672241,0.42875370383262634,-0.0005861100507900119,0.5,1.401298464324817e-43
15.445476531982422,0.6115612387657166,-0.0005861100507900119,0.5,1.401298464324817e-43
15.455604791641235,0.7124099135398865,-0.0006579686305485666,0.5,1.401298464324817e-43
15.465714931488037,0.7124099135398865,-0.0007270340574905276,0.5,1.401298464324817e-43
15.475820541381836,0.7124099135398865,-0.0007270340574905276,0.5,1.401298464324817e-43
15.485921144485474,0.8489236831665039,-0.0007933287415653467,0.5,1.401298464324817e-43
15.496035099029541,0.9434692859649658,-0.0008568779448978603,0.5,1.401298464324817e-43
15.506137132644653,0.9434692859649658,-0.0008568779448978603,0.5,1.401298464324817e-43
15.516233682632446,0.9434692859649658,-0.0009177099564112723,0.5,1.401298464324817e-43
15.526348114013672,1.0,-0.0009758556261658669,0.5,1.401298464324817e-43
15.536462783813477,1.0,-0.0009758556261658669,0.5,1.401298464324817e-43
15.546592712402344,1.0,-0.0010313481325283647,0.5,1.401298464324817e-43
15.55671215057373,1.0,-0.0010313481325283647,0.5,1.401298464324817e-43
15.566815376281738,1.0,-0.0010842235060408711,0.5,1.401298464324817e-43
15.5769681930542,1.0,-0.0011345192324370146,0.5,1.401298464324817e-43
15.587108135223389,1.0,-0.0011345192324370146,0.5,1.401298464324817e-43
15.597225666046143,1.0,-0.0011822746600955725,0.5,1.401298464324817e-43
15.607335329055786,1.0,-0.0012275312328711152,0.5,1.401298464324817e-43
15.617430925369263,1.0,-0.0012275312328711152,0.5,1.401298464324817e-43
15.627503633499146,1.0,-0.0012703321408480406,0.5,1.401298464324817e-43
15.637606859207153,1.0,-0.0012703321408480406,0.5,1.401298464324817e-43
15.647755146026611,1.0,-0.0013107210397720337,0.5,1.401298464324817e-43
15.657931566238403,1.0,-0.0013487446121871471,0.5,1.401298464324817e-43
15.668096780776978,1.0,-0.0013487446121871471,0.5,1.401298464324817e-43
15.678210973739624,1.0,-0.0013844495406374335,0.5,1.401298464324817e-43
15.68834114074707,1.0,-0.0014178836718201637,0.5,1.401298464324817e-43
15.698547840118408,1.0,-0.0014178836718201637,0.5,1.401298464324817e-43
15.708719491958618,1.0,-0.0014490956673398614,0.5,1.401298464324817e-43
15.718879222869873,1.0,-0.0014781347708776593,0.5,1.401298464324817e-43
15.729056119918823,1.0,-0.0014781347708776593,0.5,1.401298464324817e-43
15.739262819290161,1.0,-0.0015050515066832304,0.5,1.401298464324817e-43
15.749440908432007,1.0,-0.0015050515066832304,0.5,1.401298464324817e-43
15.759617805480957,1.0,-0.0015298969810828567,0.5,1.401298464324817e-43
15.76974081993103,1.0,-0.0015527220675721765,0.5,1.401298464324817e-43
15.779852628707886,1.0,-0.0015527220675721765,0.5,1.401298464324817e-43
15.790019035339355,1.0,-0.00157357775606215,0.5,1.401298464324817e-43
15.80017614364624,1.0,-0.001592515385709703,0.5,1.401298464324817e-43
15.810314893722534,1.0,-0.001592515385709703,0.5,1.401298464324817e-43
15.82044768333435,1.0,-0.0016095900209620595,0.5,1.401298464324817e-43
15.830600261688232,1.0,-0.0016248513711616397,0.5,1.401298464324817e-43
15.840839862823486,1.0,-0.0016248513711616397,0.5,1.401298464324817e-43
15.850970983505249,1.0,-0.0016383514739573002,0.5,1.401298464324817e-43
15.861067056655884,1.0,-0.0016383514739573002,0.5,1.401298464324817e-43
15.871211290359497,1.0,-0.001650142832659185,0.5,1.401298464324817e-43
15.881339073181152,1.0,-0.0016602767864242196,0.5,1.401298464324817e-43
15.891436576843262,1.0,-0.0016602767864242196,0.5,1.401298464324817e-43
15.90154218673706,1.0,-0.0016688051400706172,0.5,1.401298464324817e-43
15.911639928817749,1.0,-0.0016757783014327288,0.5,1.401298464324817e-43
15.921740531921387,1.0,-0.0016757783014327288,0.5,1.401298464324817e-43
15.931845664978027,1.0,-0.0016812480753287673,0.5,1.401298464324817e-43
15.94196891784668,1.0,-0.001685264753177762,0.5,1.401298464324817e-43
15.952103853225708,1.0,-0.001685264753177762,0.5,1.401298464324817e-43
15.962221145629883,1.0,-0.0016878778114914894,0.5,1.401298464324817e-43
15.972328662872314,1.0,-0.0016878778114914894,0.5,1.401298464324817e-43
15.982462167739868,1.0,-0.0016891364939510822,0.5,1.401298464324817e-43
15.992595195770264,1.0,-0.0016890896949917078,0.5,1.401298464324817e-43
16.002715587615967,1.0,-0.0016890896949917078,0.5,1.401298464324817e-43
16.012843132019043,1.0,-0.001687786658294499,0.5,1.401298464324817e-43
16.023006677627563,1.0,-0.00168527418281883,0.5,1.401298464324817e-43
16.033103466033936,1.0,-0.00168527418281883,0.5,1.401298464324817e-43
16.04319190979004,1.0,-0.0016815996496006846,0.5,1.401298464324817e-43
16.053301095962524,1.0,-0.0016815996496006846,0.5,1.401298464324817e-43
16.063454151153564,1.0,-0.001676809275522828,0.5,1.401298464324817e-43
16.07355833053589,1.0,-0.0016709486953914165,0.5,1.401298464324817e-43
16.083648681640625,1.0,-0.0016709486953914165,0.5,1.401298464324817e-43
16.093748331069946,1.0,-0.0016640623798593879,0.5,1.401298464324817e-43
16.103853225708008,1.0,-0.001656195381656289,0.5,1.401298464324817e-43
16.11394453048706,1.0,-0.001656195381656289,0.5,1.401298464324817e-43
16.12403154373169,1.0,-0.0016473890282213688,0.5,1.401298464324817e-43
16.134121894836426,1.0,-0.0016376865096390247,0.5,1.401298464324817e-43
16.144225358963013,1.0,-0.0016376865096390247,0.5,1.401298464324817e-43
16.154324769973755,1.0,-0.0016271296190097928,0.5,1.401298464324817e-43
16.164416790008545,1.0,-0.0016271296190097928,0.5,1.401298464324817e-43
16.174505949020386,1.0,-0.0016157589852809906,0.5,1.401298464324817e-43
16.184618711471558,1.0,-0.0016036139568313956,0.5,1.401298464324817e-43
16.194708585739136,1.0,-0.0016036139568313956,0.5,1.401298464324817e-43
16.20480728149414,1.0,-0.0015907342312857509,0.5,1.401298464324817e-43
16.21491551399231,1.0,-0.001577157760038972,0.5,1.401298464324817e-43
16.22500991821289,1.0,-0.001577157760038972,0.5,1.401298464324817e-43
16.235121726989746,1.0,-0.0015629209810867906,0.5,1.401298464324817e-43
16.24523663520813,1.0,-0.0015629209810867906,0.5,1.401298464324817e-43
16.255343675613403,1.0,-0.0015480610309168696,0.5,1.401298464324817e-43
16.265445709228516,1.0,-0.0015326127177104354,0.5,1.401298464324817e-43
16.275500535964966,1.0,-0.0015326127177104354,0.5,1.401298464324817e-43
16.285727739334106,1.0,-0.001516610849648714,0.5,1.401298464324817e-43
16.295915842056274,1.0,-0.00150008883792907,0.5,1.401298464324817e-43
16.306018352508545,1.0,-0.00150008883792907,0.5,1.401298464324817e-43
16.316129446029663,1.0,-0.0014830799773335457,0.5,1.401298464324817e-43
16.3262357711792,1.0,-0.0014656151179224253,0.5,1.401298464324817e-43
16.336356163024902,1.0,-0.0014656151179224253,0.5,1.401298464324817e-43
16.346514225006104,1.0,-0.0014477254590019584,0.5,1.401298464324817e-43
16.356628894805908,1.0,-0.0014477254590019584,0.5,1.401298464324817e-43
16.366732597351074,1.0,-0.00142944126855582,0.5,1.401298464324817e-43
16.37684917449951,1.0,-0.0014107916504144669,0.5,1.401298464324817e-43
16.386993885040283,1.0,-0.0014107916504144669,0.5,1.401298464324817e-43
16.397119283676147,1.0,-0.0013918046606704593,0.5,1.401298464324817e-43
16.407222032546997,1.0,-0.0013725081225857139,0.5,1.401298464324817e-43
16.417354106903076,1.0,-0.0013725081225857139,0.5,1.401298464324817e-43
16.427500247955322,1.0,-0.0013529282296076417,0.5,1.401298464324817e-43
16.437617778778076,1.0,-0.0013529282296076417,0.5,1.401298464324817e-43
16.447736740112305,1.0,-0.0013330909423530102,0.5,1.401298464324817e-43
16.457860946655273,1.0,-0.0013130209408700466,0.5,1.401298464324817e-43
16.468010187149048,1.0,-0.0013130209408700466,0.5,1.401298464324817e-43
16.478143453598022,1.0,-0.0012927425559610128,0.5,1.401298464324817e-43
16.488266229629517,1.0,-0.0012722790706902742,0.5,1.401298464324817e-43
16.498429775238037,1.0,-0.0012722790706902742,0.5,1.401298464324817e-43
16.508628129959106,1.0,-0.001251652603968978,0.5,1.401298464324817e-43
16.51874804496765,1.0,-0.001251652603968978,0.5,1.401298464324817e-43
16.529247283935547,1.0,-0.0012308849254623055,0.5,1.401298464324817e-43
16.539396047592163,1.0,-0.0012099971063435078,0.5,1.401298464324817e-43
16.54950261116028,1.0,-0.0012099971063435078,0.5,1.401298464324817e-43
16.55960440635681,1.0,-0.001189009053632617,0.5,1.401298464324817e-43
16.569942712783813,1.0,-0.0011679398594424129,0.5,1.401298464324817e-43
16.580081939697266,1.0,-0.0011679398594424129,0.5,1.401298464324817e-43
16.59019160270691,1.0,-0.0011468087323009968,0.5,1.401298464324817e-43
16.600314378738403,1.0,-0.0011256331345066428,0.5,1.401298464324817e-43
16.610522747039795,1.0,-0.0011256331345066428,0.5,1.401298464324817e-43
16.620718479156494,1.0,-0.001104431808926165,0.5,1.401298464324817e-43
16.630832195281982,1.0,-0.001083214534446597,0.5,1.401298464324817e-43
16.640957832336426,1.0,-0.001083214534446597,0.5,1.401298464324817e-43
16.651066303253174,1.0,-0.0010620075045153499,0.5,1.401298464324817e-43
16.661163091659546,1.0,-0.0010620075045153499,0.5,1.401298464324817e-43
16.671271562576294,1.0,-0.0010408202651888132,0.5,1.401298464324817e-43
16.68138551712036,1.0,-0.001019667717628181,0.5,1.401298464324817e-43
16.691503286361694,1.0,-0.001019667717628181,0.5,1.401298464324817e-43
16.701623916625977,1.0,-0.0009985639480873942,0.5,1.401298464324817e-43
16.711732625961304,1.0,-0.000977522344328463,0.5,1.401298464324817e-43
16.72185206413269,1.0,-0.000977522344328463,0.5,1.401298464324817e-43
16.73199772834778,1.0,-0.0009565550717525184,0.5,1.401298464324817e-43
16.74215316772461,1.0,-0.0009356748196296394,0.5,1.401298464324817e-43
16.752246856689453,1.0,-0.0009356748196296394,0.5,1.401298464324817e-43
16.762356519699097,1.0,-0.0009148928220383823,0.5,1.401298464324817e-43
16.77249050140381,1.0,-0.0009148928220383823,0.5,1.401298464324817e-43
16.78262758255005,1.0,-0.0008942200220189989,0.5,1.401298464324817e-43
16.792754888534546,1.0,-0.0008736667805351317,0.5,1.401298464324817e-43
16.802871704101562,1.0,-0.0008736667805351317,0.5,1.401298464324817e-43
16.812992334365845,1.0,-0.0008532428764738142,0.5,1.401298464324817e-43
16.82310724258423,1.0,-0.0008532428764738142,0.5,1.401298464324817e-43
16.833226680755615,1.0,-0.0008329577976837754,0.5,1.401298464324817e-43
16.84334969520569,1.0,-0.0008128202171064913,0.5,1.401298464324817e-43
16.853564262390137,1.0,-0.0008128202171064913,0.5,1.401298464324817e-43
16.863677501678467,1.0,-0.0007928386330604553,0.5,1.401298464324817e-43
16.873780250549316,1.0,-0.0007730207871645689,0.5,1.401298464324817e-43
16.88390016555786,1.0,-0.0007730207871645689,0.5,1.401298464324817e-43
16.89399814605713,1.0,-0.000753374129999429,0.5,1.401298464324817e-43
16.904099702835083,1.0,-0.0007339056464843452,0.5,1.401298464324817e-43
16.914238214492798,1.0,-0.0007339056464843452,0.5,1.401298464324817e-43
16.92436981201172,1.0,-0.0007146218558773398,0.5,1.401298464324817e-43
16.934529781341553,1.0,-0.0007146218558773398,0.5,1.401298464324817e-43
16.944658994674683,1.0,-0.0006955288699828088,0.5,1.401298464324817e-43
16.95478844642639,1.0,-0.0006766322767361999,0.5,1.401298464324817e-43
16.964922666549683,1.0,-0.0006766322767361999,0.5,1.401298464324817e-43
16.97504234313965,1.0,-0.000657937431242317,0.5,1.401298464324817e-43
16.985150814056396,1.0,-0.0006394493975676596,0.5,1.401298464324817e-43
16.995251417160034,1.0,-0.0006394493975676596,0.5,1.401298464324817e-43
17.00535297393799,1.0,-0.0006211726577021182,0.5,1.401298464324817e-43
17.015458345413208,1.0,-0.0006031114025972784,0.5,1.401298464324817e-43
17.025596618652344,1.0,-0.0006031114025972784,0.5,1.401298464324817e-43
17.035717487335205,1.0,-0.0005852695903740823,0.5,1.401298464324817e-43
17.04582953453064,1.0,-0.0005676507716998458,0.5,1.401298464324817e-43
17.055944442749023,1.0,-0.0005676507716998458,0.5,1.401298464324817e-43
17.066073656082153,1.0,-0.0005502579733729362,0.5,1.401298464324817e-43
17.07620358467102,1.0,-0.0005502579733729362,0.5,1.401298464324817e-43
17.08631682395935,1.0,-0.0005330942221917212,0.5,1.401298464324817e-43
17.0964195728302,1.0,-0.0005161621957086027,0.5,1.401298464324817e-43
17.10650324821472,1.0,-0.0005161621957086027,0.5,1.401298464324817e-43
17.11660623550415,1.0,-0.0004994642804376781,0.5,1.401298464324817e-43
17.126697540283203,1.0,-0.00048300225171260536,0.5,1.401298464324817e-43
17.13680624961853,1.0,-0.00048300225171260536,0.5,1.401298464324817e-43
17.146925687789917,1.0,-0.0004667786124628037,0.5,1.401298464324817e-43
17.15703320503235,1.0,-0.0004667786124628037,0.5,1.401298464324817e-43
17.167410373687744,1.0,-0.0004507938283495605,0.5,1.401298464324817e-43
17.17760992050171,1.0,-0.0004350497911218554,0.5,1.401298464324817e-43
17.187714099884033,1.0,-0.0004350497911218554,0.5,1.401298464324817e-43
17.197832107543945,1.0,-0.0004195475485175848,0.5,1.401298464324817e-43
17.207944631576538,1.0,-0.000404287944547832,0.5,1.401298464324817e-43
17.218037605285645,1.0,-0.000404287944547832,0.5,1.401298464324817e-43
17.228134870529175,1.0,-0.00038927150308154523,0.5,1.401298464324817e-43
17.23822283744812,1.0,-0.0003744988061953336,0.5,1.401298464324817e-43
17.248323917388916,1.0,-0.0003744988061953336,0.5,1.401298464324817e-43
17.258447647094727,1.0,-0.0003599699994083494,0.5,1.401298464324817e-43
17.26850914955139,1.0,-0.0003599699994083494,0.5,1.401298464324817e-43
17.27860927581787,1.0,-0.000345685170032084,0.5,1.401298464324817e-43
17.288702726364136,1.0,-0.0003316441143397242,0.5,1.401298464324817e-43
17.29879593849182,1.0,-0.0003316441143397242,0.5,1.401298464324817e-43
17.30889105796814,1.0,-0.0003178465412929654,0.5,1.401298464324817e-43
17.31900119781494,1.0,-0.0003178465412929654,0.5,1.401298464324817e-43
17.329124689102173,1.0,-0.0003042920143343508,0.5,1.401298464324817e-43
17.339235544204712,1.0,-0.0002909798640757799,0.5,1.401298464324817e-43
17.349342823028564,1.0,-0.0002909798640757799,0.5,1.401298464324817e-43
17.359459400177002,1.0,-0.0002779091300908476,0.5,1.401298464324817e-43
17.36998438835144,1.0,-0.0002650792303029448,0.5,1.401298464324817e-43
17.38018298149109,1.0,-0.0002650792303029448,0.5,1.401298464324817e-43
17.390288591384888,1.0,-0.0002524894953239709,0.5,1.401298464324817e-43
17.400392293930054,1.0,-0.00024013798974920064,0.5,1.401298464324817e-43
17.41052532196045,1.0,-0.00024013798974920064,0.5,1.401298464324817e-43
17.420670747756958,0.9929674863815308,-0.00022802349121775478,0.5,1.401298464324817e-43
17.430773496627808,0.9929674863815308,-0.00021614473371300846,0.5,1.401298464324817e-43
17.440842151641846,0.9597289562225342,-0.00021614473371300846,0.5,1.401298464324817e-43
17.450955629348755,0.9597289562225342,-0.00020450026204343885,0.5,1.401298464324817e-43
17.461085557937622,0.9066100120544434,-0.00020450026204343885,0.5,1.401298464324817e-43
17.47120428085327,0.9066100120544434,-0.00019308828632347286,0.5,1.401298464324817e-43
17.481314420700073,0.8205385804176331,-0.00018190733680967242,0.5,1.401298464324817e-43
17.491425037384033,0.8205385804176331,-0.00018190733680967242,0.5,1.401298464324817e-43
17.501513481140137,0.7797539830207825,-0.0001709554489934817,0.5,1.401298464324817e-43
17.511678218841553,0.7797539830207825,-0.0001602308329893276,0.5,1.401298464324817e-43
17.521795988082886,0.7742437720298767,-0.0001602308329893276,0.5,1.401298464324817e-43
17.531906604766846,0.7742437720298767,-0.00014973145152907819,0.5,1.401298464324817e-43
17.542019844055176,0.7255719304084778,-0.00014973145152907819,0.5,1.401298464324817e-43
17.552140951156616,0.7255719304084778,-0.00013945531100034714,0.5,1.401298464324817e-43
17.562261819839478,0.6869213581085205,-0.00012940030137542635,0.5,1.401298464324817e-43
17.57237958908081,0.6869213581085205,-0.00012940030137542635,0.5,1.401298464324817e-43
17.582515478134155,0.6423234343528748,-0.0001195642544189468,0.5,1.401298464324817e-43
17.592647790908813,0.6423234343528748,-0.0001099449218600057,0.5,1.401298464324817e-43
17.602745056152344,0.6028262972831726,-0.0001099449218600057,0.5,1.401298464324817e-43
17.612866401672363,0.6028262972831726,-0.0001005400117719546,0.5,1.401298464324817e-43
17.623001098632812,0.47777488827705383,-9.134719584835693e-05,0.5,1.401298464324817e-43
17.633111238479614,0.47777488827705383,-9.134719584835693e-05,0.5,1.401298464324817e-43
17.643208503723145,0.39999979734420776,-8.236406574724242e-05,0.5,1.401298464324817e-43
17.653329849243164,0.39999979734420776,-8.236406574724242e-05,0.5,1.401298464324817e-43
17.663474559783936,0.29810670018196106,-7.358823495451361e-05,0.5,1.401298464324817e-43
17.673609256744385,0.29810670018196106,-6.50171932647936e-05,0.5,1.401298464324817e-43
17.683709144592285,0.16315998136997223,-6.50171932647936e-05,0.5,1.401298464324817e-43
17.69381856918335,0.16315998136997223,-5.664848868036643e-05,0.5,1.401298464324817e-43
17.70392370223999,0.08379347622394562,-4.8479556426173076e-05,0.5,1.401298464324817e-43
17.714020252227783,0.08379347622394562,-4.8479556426173076e-05,0.5,1.401298464324817e-43
17.72411823272705,0.035689741373062134,-4.050783172715455e-05,0.5,1.401298464324817e-43
17.73422598838806,0.035689741373062134,-3.273071342846379e-05,0.5,1.401298464324817e-43
17.7443265914917,-0.04215041548013687,-3.273071342846379e-05,0.5,1.401298464324817e-43
17.754419326782227,-0.04215041548013687,-2.5145624022115953e-05,0.5,1.401298464324817e-43
17.764506578445435,-0.12982067465782166,-2.5145624022115953e-05,0.5,1.401298464324817e-43
17.774622678756714,-0.12982067465782166,-1.774991505953949e-05,0.5,1.401298464324817e-43
17.784732580184937,-0.18055428564548492,-1.0540946277615149e-05,0.5,1.401298464324817e-43
17.79484486579895,-0.18055428564548492,-1.0540946277615149e-05,0.5,1.401298464324817e-43
17.804973125457764,-0.2136995941400528,-3.5160514926246833e-06,0.5,1.401298464324817e-43
17.815088033676147,-0.2136995941400528,3.3274347970291274e-06,0.5,1.401298464324817e-43
17.825209856033325,-0.3340398073196411,3.3274347970291274e-06,0.5,1.401298464324817e-43
17.835328102111816,-0.3340398073196411,9.99219628283754e-06,0.5,1.401298464324817e-43
17.845423460006714,-0.43089422583580017,9.99219628283754e-06,0.5,1.401298464324817e-43
17.855504035949707,-0.43089422583580017,1.6480915292049758e-05,0.5,1.401298464324817e-43
17.86560082435608,-0.5167328119277954,2.279628097312525e-05,0.5,1.401298464324817e-43
17.87569808959961,-0.5167328119277954,2.279628097312525e-05,0.5,1.401298464324817e-43
17.885809183120728,-0.6027038097381592,2.8940996344317682e-05,0.5,1.401298464324817e-43
17.895965337753296,-0.6027038097381592,3.4917738958029076e-05,0.5,1.401298464324817e-43
17.906070232391357,-0.7012154459953308,3.4917738958029076e-05,0.5,1.401298464324817e-43
17.91616988182068,-0.7012154459953308,4.0729199099587277e-05,0.5,1.401298464324817e-43
17.92628049850464,-0.7252417802810669,4.0729199099587277e-05,0.5,1.401298464324817e-43
17.936409950256348,-0.7252417802810669,4.6378070692298934e-05,0.5,1.401298464324817e-43
17.94651770591736,-0.7666005492210388,5.186702765058726e-05,0.5,1.401298464324817e-43
17.956673860549927,-0.7666005492210388,5.186702765058726e-05,0.5,1.401298464324817e-43
17.966787338256836,-0.801763653755188,5.719873297493905e-05,0.5,1.401298464324817e-43
17.976892232894897,-0.801763653755188,6.237587513169274e-05,0.5,1.401298464324817e-43
17.987038135528564,-0.8419650197029114,6.237587513169274e-05,0.5,1.401298464324817e-43
17.99716353416443,-0.863357424736023,6.740108074154705e-05,0.5,1.401298464324817e-43
18.00731897354126,-0.863357424736023,7.2277027356904e-05,0.5,1.401298464324817e-43
18.01764726638794,-0.863357424736023,7.2277027356904e-05,0.5,1.401298464324817e-43
18.02775478363037,-0.9450564384460449,7.700627611484379e-05,0.5,1.401298464324817e-43
18.037877559661865,-0.9450564384460449,8.159148273989558e-05,0.5,1.401298464324817e-43
18.047998428344727,-1.0,8.159148273989558e-05,0.5,1.401298464324817e-43
18.058090448379517,-1.0,8.603525202488527e-05,0.5,1.401298464324817e-43
18.06818175315857,-1.0,8.603525202488527e-05,0.5,1.401298464324817e-43
18.078271627426147,-1.0,9.034012327902019e-05,0.5,1.401298464324817e-43
18.088384866714478,-1.0,9.450867946725339e-05,0.5,1.401298464324817e-43
18.09850764274597,-1.0,9.450867946725339e-05,0.5,1.401298464324817e-43
18.108592748641968,-1.0,9.854345989879221e-05,0.5,1.401298464324817e-43
18.11869788169861,-1.0,0.000102447003882844,0.5,1.401298464324817e-43
18.12879776954651,-1.0,0.000102447003882844,0.5,1.401298464324817e-43
18.138908624649048,-1.0,0.0001062217925209552,0.5,1.401298464324817e-43
18.149019718170166,-1.0,0.0001062217925209552,0.5,1.401298464324817e-43
18.15911340713501,-1.0,0.00010987029963871464,0.5,1.401298464324817e-43
18.169220685958862,-1.0,0.00011339504271745682,0.5,1.401298464324817e-43
18.17936873435974,-1.0,0.00011339504271745682,0.5,1.401298464324817e-43
18.189558267593384,-1.0,0.00011679834278766066,0.5,1.401298464324817e-43
18.19970965385437,-1.0,0.00012008280464215204,0.5,1.401298464324817e-43
18.209874868392944,-1.0,0.00012008280464215204,0.5,1.401298464324817e-43
18.220030069351196,-1.0,0.0001232505455845967,0.5,1.401298464324817e-43
18.230174779891968,-1.0,0.0001232505455845967,0.5,1.401298464324817e-43
18.240318298339844,-1.0,0.00012630409037228674,0.5,1.401298464324817e-43
18.250441551208496,-1.0,0.00012924568727612495,0.5,1.401298464324817e-43
18.260610580444336,-1.0,0.00012924568727612495,0.5,1.401298464324817e-43
18.270725965499878,-1.0,0.00013207773736212403,0.5,1.401298464324817e-43
18.28083562850952,-1.0,0.00013480245252139866,0.5,1.401298464324817e-43
18.29097056388855,-1.0,0.00013480245252139866,0.5,1.401298464324817e-43
18.301175594329834,-1.0,0.00013742211740463972,0.5,1.401298464324817e-43
18.311403036117554,-1.0,0.00013993897300679237,0.5,1.401298464324817e-43
18.32166028022766,-1.0,0.00013993897300679237,0.5,1.401298464324817e-43
18.33180069923401,-1.0,0.00014235518756322563,0.5,1.401298464324817e-43
18.34191870689392,-1.0,0.00014235518756322563,0.5,1.401298464324817e-43
18.352049112319946,-1.0,0.00014467292930930853,0.5,1.401298464324817e-43
18.362196922302246,-1.0,0.00014467292930930853,0.5,1.401298464324817e-43
18.372361183166504,-1.0,0.00014689433737657964,0.5,1.401298464324817e-43
18.382509469985962,-1.0,0.00014902155089657754,0.5,1.401298464324817e-43
18.392639636993408,-1.0,0.00014902155089657754,0.5,1.401298464324817e-43
18.402807235717773,-1.0,0.00015105663624126464,0.5,1.401298464324817e-43
18.413041591644287,-1.0,0.00015105663624126464,0.5,1.401298464324817e-43
18.42320418357849,-1.0,0.00015300165978260338,0.5,1.401298464324817e-43
18.433334350585938,-1.0,0.00015485862968489528,0.5,1.401298464324817e-43
18.443453550338745,-1.0,0.00015485862968489528,0.5,1.401298464324817e-43
18.45356273651123,-1.0,0.0001566295832162723,0.5,1.401298464324817e-43
18.463677406311035,-1.0,0.00015831648488529027,0.5,1.401298464324817e-43
18.4737868309021,-1.0,0.00015831648488529027,0.5,1.401298464324817e-43
18.483893394470215,-1.0,0.00015992121188901365,0.5,1.401298464324817e-43
18.494014263153076,-1.0,0.00016144578694365919,0.5,1.401298464324817e-43
18.504185438156128,-1.0,0.00016144578694365919,0.5,1.401298464324817e-43
18.514291048049927,-1.0,0.00016289199993479997,0.5,1.401298464324817e-43
18.524434328079224,-1.0,0.00016426172805950046,0.5,1.401298464324817e-43
18.534512996673584,-1.0,0.00016426172805950046,0.5,1.401298464324817e-43
18.544625997543335,-1.0,0.00016555681941099465,0.5,1.401298464324817e-43
18.554733276367188,-1.0,0.00016555681941099465,0.5,1.401298464324817e-43
18.564829349517822,-1.0,0.00016677902021910995,0.5,1.401298464324817e-43
18.574931621551514,-1.0,0.0001679301494732499,0.5,1.401298464324817e-43
18.58504605293274,-1.0,0.0001679301494732499,0.5,1.401298464324817e-43
18.595170497894287,-1.0,0.00016901192429941148,0.5,1.401298464324817e-43
18.60530185699463,-1.0,0.0001700260618235916,0.5,1.401298464324817e-43
18.61547040939331,-1.0,0.0001700260618235916,0.5,1.401298464324817e-43
18.625658750534058,-1.0,0.00017097425006795675,0.5,1.401298464324817e-43
18.635752201080322,-1.0,0.00017185811884701252,0.5,1.401298464324817e-43
18.64584255218506,-1.0,0.00017185811884701252,0.5,1.401298464324817e-43
18.65593695640564,-1.0,0.0001726792979752645,0.5,1.401298464324817e-43
18.6660418510437,-1.0,0.0001726792979752645,0.5,1.401298464324817e-43
18.676143407821655,-1.0,0.000173439402715303,0.5,1.401298464324817e-43
18.68626379966736,-1.0,0.00017413997557014227,0.5,1.401298464324817e-43
18.6963894367218,-1.0,0.00017413997557014227,0.5,1.401298464324817e-43
18.706509113311768,-1.0,0.00017478257359471172,0.5,1.401298464324817e-43
18.716622591018677,-1.0,0.00017478257359471172,0.5,1.401298464324817e-43
18.726746797561646,-1.0,0.00017536872474011034,0.5,1.401298464324817e-43
18.736865997314453,-1.0,0.00017589988419786096,0.5,1.401298464324817e-43
18.747007608413696,-1.0,0.00017589988419786096,0.5,1.401298464324817e-43
18.757126808166504,-1.0,0.00017637756536714733,0.5,1.401298464324817e-43
18.767237663269043,-1.0,0.0001768031215760857,0.5,1.401298464324817e-43
18.77733564376831,-1.0,0.0001768031215760857,0.5,1.401298464324817e-43
18.787439107894897,-1.0,0.00017717797891236842,0.5,1.401298464324817e-43
18.797497510910034,-1.0,0.00017750357801560313,0.5,1.401298464324817e-43
18.807591438293457,-1.0,0.00017750357801560313,0.5,1.401298464324817e-43
18.81771969795227,-1.0,0.0001777811994543299,0.5,1.401298464324817e-43
18.82783603668213,-1.0,0.00017801222566049546,0.5,1.401298464324817e-43
18.837941646575928,-1.0,0.00017801222566049546,0.5,1.401298464324817e-43
18.848077535629272,-1.0,0.00017819793720263988,0.5,1.401298464324817e-43
18.858240604400635,-1.0,0.00017819793720263988,0.5,1.401298464324817e-43
18.86834716796875,-1.0,0.00017833960009738803,0.5,1.401298464324817e-43
18.87846851348877,-1.0,0.00017843849491328,0.5,1.401298464324817e-43
18.888644456863403,-1.0,0.00017843849491328,0.5,1.401298464324817e-43
18.898791551589966,-1.0,0.00017849581490736455,0.5,1.401298464324817e-43
18.90893816947937,-1.0,0.00017849581490736455,0.5,1.401298464324817e-43
18.91904306411743,-1.0,0.00017851289885584265,0.5,1.401298464324817e-43
18.929142475128174,-1.0,0.00017849069263320416,0.5,1.401298464324817e-43
18.939269542694092,-1.0,0.00017849069263320416,0.5,1.401298464324817e-43
18.949451684951782,-1.0,0.00017843050591181964,0.5,1.401298464324817e-43
18.95960783958435,-1.0,0.0001783334300853312,0.5,1.401298464324817e-43
18.969714164733887,-1.0,0.0001783334300853312,0.5,1.401298464324817e-43
18.97982382774353,-1.0,0.00017820058565121144,0.5,1.401298464324817e-43
18.98998236656189,-1.0,0.00017820058565121144,0.5,1.401298464324817e-43
19.0000958442688,-1.0,0.0001780330785550177,0.5,1.401298464324817e-43
19.0101957321167,-1.0,0.00017783191287890077,0.5,1.401298464324817e-43
19.020312786102295,-1.0,0.00017783191287890077,0.5,1.401298464324817e-43
19.030503273010254,-1.0,0.0001775981654645875,0.5,1.401298464324817e-43
19.040607929229736,-1.0,0.00017733285494614393,0.5,1.401298464324817e-43
19.050723791122437,-1.0,0.00017733285494614393,0.5,1.401298464324817e-43
19.060876846313477,-1.0,0.00017703698540572077,0.5,1.401298464324817e-43
19.071016550064087,-1.0,0.00017671154637355357,0.5,1.401298464324817e-43
19.081166744232178,-1.0,0.00017671154637355357,0.5,1.401298464324817e-43
19.09131622314453,-1.0,0.00017635745462030172,0.5,1.401298464324817e-43
19.101439952850342,-1.0,0.00017635745462030172,0.5,1.401298464324817e-43
19.11150622367859,-1.0,0.00017597569967620075,0.5,1.401298464324817e-43
19.121636390686035,-1.0,0.00017556714010424912,0.5,1.401298464324817e-43
19.13177728652954,-1.0,0.00017556714010424912,0.5,1.401298464324817e-43
19.141923666000366,-1.0,0.00017513272177893668,0.5,1.401298464324817e-43
19.15204644203186,-1.0,0.00017467330326326191,0.5,1.401298464324817e-43
19.16215753555298,-1.0,0.00017467330326326191,0.5,1.401298464324817e-43
19.17229175567627,-1.0,0.0001741897576721385,0.5,1.401298464324817e-43
19.182438135147095,-1.0,0.0001741897576721385,0.5,1.401298464324817e-43
19.192612171173096,-1.0,0.00017368289991281927,0.5,1.401298464324817e-43
19.202760457992554,-1.0,0.0001731535157887265,0.5,1.401298464324817e-43
19.212892770767212,-1.0,0.0001731535157887265,0.5,1.401298464324817e-43
19.223058223724365,-1.0,0.0001726024638628587,0.5,1.401298464324817e-43
19.233177661895752,-1.0,0.00017203048628289253,0.5,1.401298464324817e-43
19.243311882019043,-1.0,0.00017203048628289253,0.5,1.401298464324817e-43
19.253441333770752,-1.0,0.00017143833974841982,0.5,1.401298464324817e-43
19.26358151435852,-1.0,0.00017082682461477816,0.5,1.401298464324817e-43
19.273716926574707,-1.0,0.00017082682461477816,0.5,1.401298464324817e-43
19.283859491348267,-1.0,0.00017019659571815282,0.5,1.401298464324817e-43
19.293978929519653,-1.0,0.00016954843886196613,0.5,1.401298464324817e-43
19.30408811569214,-1.0,0.00016954843886196613,0.5,1.401298464324817e-43
19.314195156097412,-1.0,0.00016888297977857292,0.5,1.401298464324817e-43
19.32432222366333,-1.0,0.00016888297977857292,0.5,1.401298464324817e-43
19.33444881439209,-1.0,0.00016820097516756505,0.5,1.401298464324817e-43
19.34461998939514,-1.0,0.00016750299255363643,0.5,1.401298464324817e-43
19.354794025421143,-1.0,0.00016750299255363643,0.5,1.401298464324817e-43
19.364923238754272,-1.0,0.00016678974498063326,0.5,1.401298464324817e-43
19.375040769577026,-1.0,0.0001660618872847408,0.5,1.401298464324817e-43
19.385172605514526,-1.0,0.0001660618872847408,0.5,1.401298464324817e-43
19.395275354385376,-1.0,0.0001653199433349073,0.5,1.401298464324817e-43
19.405378341674805,-1.0,0.0001653199433349073,0.5,1.401298464324817e-43
19.415513515472412,-1.0,0.000164564567967318,0.5,1.401298464324817e-43
19.425647020339966,-1.0,0.00016379635781049728,0.5,1.401298464324817e-43
19.43577289581299,-1.0,0.00016379635781049728,0.5,1.401298464324817e-43
19.44590425491333,-1.0,0.00016301588038913906,0.5,1.401298464324817e-43
19.456243991851807,-1.0,0.00016222370322793722,0.5,1.401298464324817e-43
19.46639060974121,-1.0,0.00016222370322793722,0.5,1.401298464324817e-43
19.4765145778656,-1.0,0.00016142030654009432,0.5,1.401298464324817e-43
19.486645460128784,-1.0,0.0001606062869541347,0.5,1.401298464324817e-43
19.496934175491333,-1.0,0.0001606062869541347,0.5,1.401298464324817e-43
19.50707721710205,-1.0,0.00015978213923517615,0.5,1.401298464324817e-43
19.517189264297485,-1.0,0.0001589483581483364,0.5,1.401298464324817e-43
19.527294397354126,-1.0,0.0001589483581483364,0.5,1.401298464324817e-43
19.53740906715393,-1.0,0.0001581054530106485,0.5,1.401298464324817e-43
19.547504425048828,-1.0,0.0001581054530106485,0.5,1.401298464324817e-43
19.557613372802734,-1.0,0.0001572538894833997,0.5,1.401298464324817e-43
19.56771445274353,-1.0,0.00015639408957213163,0.5,1.401298464324817e-43
19.57782483100891,-1.0,0.00015639408957213163,0.5,1.401298464324817e-43
19.58796501159668,-1.0,0.00015552657714579254,0.5,1.401298464324817e-43
19.598090887069702,-1.0,0.00015465178876183927,0.5,1.401298464324817e-43
19.60822558403015,-1.0,0.00015465178876183927,0.5,1.401298464324817e-43
19.618353366851807,-1.0,0.00015377004456240684,0.5,1.401298464324817e-43
19.628504276275635,-1.0,0.00015377004456240684,0.5,1.401298464324817e-43
19.63862156867981,-1.0,0.00015288195572793484,0.5,1.401298464324817e-43
19.64873504638672,-1.0,0.0001519877405371517,0.5,1.401298464324817e-43
19.65883731842041,-1.0,0.0001519877405371517,0.5,1.401298464324817e-43
19.6689350605011,-1.0,0.0001510879083070904,0.5,1.401298464324817e-43
19.67904019355774,-1.0,0.0001501827355241403,0.5,1.401298464324817e-43
19.689149618148804,-1.0,0.0001501827355241403,0.5,1.401298464324817e-43
19.699259042739868,-1.0,0.00014927270240150392,0.5,1.401298464324817e-43
19.709437608718872,-1.0,0.00014835815818514675,0.5,1.401298464324817e-43
19.719513654708862,-1.0,0.00014835815818514675,0.5,1.401298464324817e-43
19.729711771011353,-1.0,0.00014743945212103426,0.5,1.401298464324817e-43
19.73984980583191,-1.0,0.00014743945212103426,0.5,1.401298464324817e-43
19.749962329864502,-1.0,0.00014651688979938626,0.5,1.401298464324817e-43
19.760074377059937,-1.0,0.00014559079136233777,0.5,1.401298464324817e-43
19.770172595977783,-1.0,0.00014559079136233777,0.5,1.401298464324817e-43
19.780298948287964,-1.0,0.0001446616224711761,0.5,1.401298464324817e-43
19.790465354919434,-1.0,0.0001446616224711761,0.5,1.401298464324817e-43
19.800610303878784,-1.0,0.00014372948498930782,0.5,1.401298464324817e-43
19.81072735786438,-1.0,0.0001427949609933421,0.5,1.401298464324817e-43
19.820843935012817,-1.0,0.0001427949609933421,0.5,1.401298464324817e-43
19.830983638763428,-1.0,0.00014185812324285507,0.5,1.401298464324817e-43
19.841105699539185,-1.0,0.00014091930643189698,0.5,1.401298464324817e-43
19.85127568244934,-1.0,0.00014091930643189698,0.5,1.401298464324817e-43
19.861453771591187,-1.0,0.00013997867063153535,0.5,1.401298464324817e-43
19.87162947654724,-1.0,0.00013903655053582042,0.5,1.401298464324817e-43
19.881772994995117,-1.0,0.00013903655053582042,0.5,1.401298464324817e-43
19.892072439193726,-1.0,0.00013809374650008976,0.5,1.401298464324817e-43
19.902313232421875,-1.0,0.00013809374650008976,0.5,1.401298464324817e-43
19.91243052482605,-1.0,0.00013714938540942967,0.5,1.401298464324817e-43
19.922499895095825,-1.0,0.00013620502431876957,0.5,1.401298464324817e-43
19.93260431289673,-1.0,0.00013620502431876957,0.5,1.401298464324817e-43
19.94271755218506,-1.0,0.00013526066322810948,0.5,1.401298464324817e-43
19.952832460403442,-1.0,0.00013431630213744938,0.5,1.401298464324817e-43
19.962968826293945,-1.0,0.00013431630213744938,0.5,1.401298464324817e-43
19.97309970855713,-1.0,0.0001333719410467893,0.5,1.401298464324817e-43
19.983207941055298,-1.0,0.0001324275799561292,0.5,1.401298464324817e-43
19.993319511413574,-1.0,0.0001324275799561292,0.5,1.401298464324817e-43
20.00343608856201,-1.0,0.0001314832188654691,0.5,1.401298464324817e-43
20.013505458831787,-1.0,0.0001314832188654691,0.5,1.401298464324817e-43
20.023614406585693,-1.0,0.00013053914881311357,0.5,1.401298464324817e-43
20.03372597694397,-1.0,0.0001295966503676027,0.5,1.401298464324817e-43
20.043850660324097,-1.0,0.0001295966503676027,0.5,1.401298464324817e-43
20.053971767425537,-1.0,0.00012865482131019235,0.5,1.401298464324817e-43
20.064112663269043,-1.0,0.0001277141855098307,0.5,1.401298464324817e-43
20.074218034744263,-1.0,0.0001277141855098307,0.5,1.401298464324817e-43
20.084322214126587,-1.0,0.00012677533959504217,0.5,1.401298464324817e-43
20.09444284439087,-1.0,0.00012583799252752215,0.5,1.401298464324817e-43
20.104621648788452,-1.0,0.00012583799252752215,0.5,1.401298464324817e-43
20.114750385284424,-1.0,0.00012490239168982953,0.5,1.401298464324817e-43
20.124854564666748,-1.0,0.00012490239168982953,0.5,1.401298464324817e-43
20.134962797164917,-1.0,0.00012396871170494705,0.5,1.401298464324817e-43
20.14508819580078,-1.0,0.00012303708354011178,0.5,1.401298464324817e-43
20.155189514160156,-1.0,0.00012303708354011178,0.5,1.401298464324817e-43
20.165299654006958,-1.0,0.00012210794375278056,0.5,1.401298464324817e-43
20.175414323806763,-1.0,0.00012118113227188587,0.5,1.401298464324817e-43
20.18550133705139,-1.0,0.00012118113227188587,0.5,1.401298464324817e-43
20.195601224899292,-1.0,0.00012025682372041047,0.5,1.401298464324817e-43
20.20570993423462,-1.0,0.00012025682372041047,0.5,1.401298464324817e-43
20.215810298919678,-1.0,0.00011933519272133708,0.5,1.401298464324817e-43
20.225916147232056,-1.0,0.00011841637751786038,0.5,1.401298464324817e-43
20.236023902893066,-1.0,0.00011841637751786038,0.5,1.401298464324817e-43
20.24614691734314,-1.0,0.0001175004945253022,0.5,1.401298464324817e-43
20.256272792816162,-1.0,0.00011658766015898436,0.5,1.401298464324817e-43
20.26638174057007,-1.0,0.00011658766015898436,0.5,1.401298464324817e-43
20.27651619911194,-1.0,0.00011567804904188961,0.5,1.401298464324817e-43
20.286640405654907,-1.0,0.00011567804904188961,0.5,1.401298464324817e-43
20.296740531921387,-1.0,0.00011477167572593316,0.5,1.401298464324817e-43
20.306843280792236,-1.0,0.00011386872211005539,0.5,1.401298464324817e-43
20.316965341567993,-1.0,0.00011386872211005539,0.5,1.401298464324817e-43
20.32709503173828,-1.0,0.00011296927550574765,0.5,1.401298464324817e-43
20.337202787399292,-1.0,0.00011207342322450131,0.5,1.401298464324817e-43
20.347314596176147,-1.0,0.00011207342322450131,0.5,1.401298464324817e-43
20.357440948486328,-1.0,0.00011118125257780775,0.5,1.401298464324817e-43
20.367597818374634,-1.0,0.00011029287270503119,0.5,1.401298464324817e-43
20.377717971801758,-1.0,0.00011029287270503119,0.5,1.401298464324817e-43
20.38785433769226,-1.0,0.00010940835636574775,0.5,1.401298464324817e-43
20.397972106933594,-1.0,0.00010940835636574775,0.5,1.401298464324817e-43
20.40807795524597,-1.0,0.00010852780542336404,0.5,1.401298464324817e-43
20.41831398010254,-1.0,0.00010765130718937144,0.5,1.401298464324817e-43
20.42853879928589,-1.0,0.00010765130718937144,0.5,1.401298464324817e-43
20.43869686126709,-1.0,0.00010677888349164277,0.5,1.401298464324817e-43
20.448827981948853,-1.0,0.00010591069440124556,0.5,1.401298464324817e-43
20.45895504951477,-1.0,0.00010591069440124556,0.5,1.401298464324817e-43
20.46907615661621,-1.0,0.00010504671809030697,0.5,1.401298464324817e-43
20.479216814041138,-1.0,0.00010504671809030697,0.5,1.401298464324817e-43
20.48934817314148,-1.0,0.00010418707825010642,0.5,1.401298464324817e-43
20.499470233917236,-1.0,0.00010333184036426246,0.5,1.401298464324817e-43
20.509618282318115,-1.0,0.00010333184036426246,0.5,1.401298464324817e-43
20.519723892211914,-1.0,0.00010248101898469031,0.5,1.401298464324817e-43
20.52987003326416,-1.0,0.00010163470142288134,0.5,1.401298464324817e-43
20.540045022964478,-1.0,0.00010163470142288134,0.5,1.401298464324817e-43
20.55015993118286,-1.0,0.00010079292405862361,0.5,1.401298464324817e-43
20.56026268005371,-1.0,0.00010079292405862361,0.5,1.401298464324817e-43
20.57041335105896,-1.0,9.995577420340851e-05,0.5,1.401298464324817e-43
20.58061981201172,-1.0,9.912328096106648e-05,0.5,1.401298464324817e-43
20.59074068069458,-1.0,9.912328096106648e-05,0.5,1.401298464324817e-43
20.60086226463318,-1.0,9.829548798734322e-05,0.5,1.401298464324817e-43
20.611000537872314,-1.0,9.747244621394202e-05,0.5,1.401298464324817e-43
20.62109661102295,-1.0,9.747244621394202e-05,0.5,1.401298464324817e-43
20.631200551986694,-1.0,9.665417746873572e-05,0.5,1.401298464324817e-43
20.641300439834595,-1.0,9.665417746873572e-05,0.5,1.401298464324817e-43
20.651390552520752,-1.0,9.584072540747002e-05,0.5,1.401298464324817e-43
20.661502838134766,-1.0,9.503211913397536e-05,0.5,1.401298464324817e-43
20.67162036895752,-1.0,9.503211913397536e-05,0.5,1.401298464324817e-43
20.681761741638184,-1.0,9.422842413187027e-05,0.5,1.401298464324817e-43
20.692034244537354,-1.0,9.342965495306998e-05,0.5,1.401298464324817e-43
20.702197551727295,-1.0,9.342965495306998e-05,0.5,1.401298464324817e-43
20.712320566177368,-1.0,9.26358115975745e-05,0.5,1.401298464324817e-43
20.722447156906128,-1.0,9.26358115975745e-05,0.5,1.401298464324817e-43
20.73263955116272,-1.0,9.184695227304474e-05,0.5,1.401298464324817e-43
20.742793560028076,-1.0,9.106311335926875e-05,0.5,1.401298464324817e-43
20.75291919708252,-1.0,9.106311335926875e-05,0.5,1.401298464324817e-43
20.76304340362549,-1.0,9.02842657524161e-05,0.5,1.401298464324817e-43
20.773152828216553,-1.0,8.951050403993577e-05,0.5,1.401298464324817e-43
20.783262252807617,-1.0,8.951050403993577e-05,0.5,1.401298464324817e-43
20.793371438980103,-1.0,8.874177729012445e-05,0.5,1.401298464324817e-43
20.80347180366516,-1.0,8.797814371064305e-05,0.5,1.401298464324817e-43
20.813592195510864,-1.0,8.797814371064305e-05,0.5,1.401298464324817e-43
20.823705911636353,-1.0,8.721960330149159e-05,0.5,1.401298464324817e-43
20.833818912506104,-1.0,8.721960330149159e-05,0.5,1.401298464324817e-43
20.84393882751465,-1.0,8.64661778905429e-05,0.5,1.401298464324817e-43
20.85408616065979,-1.0,8.571786747779697e-05,0.5,1.401298464324817e-43
20.86422562599182,-1.0,8.571786747779697e-05,0.5,1.401298464324817e-43
20.874342441558838,-1.0,8.497468661516905e-05,0.5,1.401298464324817e-43
20.884450674057007,-1.0,8.423664257861674e-05,0.5,1.401298464324817e-43
20.894529342651367,-1.0,8.423664257861674e-05,0.5,1.401298464324817e-43
20.90467405319214,-1.0,8.350374992005527e-05,0.5,1.401298464324817e-43
20.914798498153687,-1.0,8.350374992005527e-05,0.5,1.401298464324817e-43
20.924914836883545,-1.0,8.277599408756942e-05,0.5,1.401298464324817e-43
20.93503475189209,-1.0,8.205341146094725e-05,0.5,1.401298464324817e-43
20.94515824317932,-1.0,8.205341146094725e-05,0.5,1.401298464324817e-43
20.955267667770386,-1.0,8.13359729363583e-05,0.5,1.401298464324817e-43
20.96537208557129,-1.0,8.062370761763304e-05,0.5,1.401298464324817e-43
20.97550082206726,-1.0,8.062370761763304e-05,0.5,1.401298464324817e-43
20.98561143875122,-1.0,7.991657184902579e-05,0.5,1.401298464324817e-43
20.995744705200195,-1.0,7.921463839011267e-05,0.5,1.401298464324817e-43
21.005847930908203,-1.0,7.921463839011267e-05,0.5,1.401298464324817e-43
21.015969276428223,-1.0,7.851781265344471e-05,0.5,1.401298464324817e-43
21.02611541748047,-1.0,7.851781265344471e-05,0.5,1.401298464324817e-43
21.036239624023438,-1.0,7.782617467455566e-05,0.5,1.401298464324817e-43
21.046349048614502,-1.0,7.7139658969827e-05,0.5,1.401298464324817e-43
21.057299613952637,-1.0,7.7139658969827e-05,0.5,1.401298464324817e-43
21.067503213882446,-1.0,7.645830191904679e-05,0.5,1.401298464324817e-43
21.07763361930847,-1.0,7.578205259051174e-05,0.5,1.401298464324817e-43
21.08773136138916,-1.0,7.578205259051174e-05,0.5,1.401298464324817e-43
21.09782338142395,-1.0,7.511094736400992e-05,0.5,1.401298464324817e-43
21.10793948173523,-1.0,7.444493530783802e-05,0.5,1.401298464324817e-43
21.11820697784424,-1.0,7.444493530783802e-05,0.5,1.401298464324817e-43
21.128300189971924,-1.0,7.378405280178413e-05,0.5,1.401298464324817e-43
21.138392686843872,-1.0,7.378405280178413e-05,0.5,1.401298464324817e-43
21.14850425720215,-1.0,7.312824163818732e-05,0.5,1.401298464324817e-43
21.158625841140747,-1.0,7.247753819683567e-05,0.5,1.401298464324817e-43
21.16911220550537,-1.0,7.247753819683567e-05,0.5,1.401298464324817e-43
21.17927360534668,-1.0,7.183187699411064e-05,0.5,1.401298464324817e-43
21.18941330909729,-1.0,7.119130168575794e-05,0.5,1.401298464324817e-43
21.19951105117798,-1.0,7.119130168575794e-05,0.5,1.401298464324817e-43
21.209654092788696,-1.0,7.055574678815901e-05,0.5,1.401298464324817e-43
21.21982502937317,-1.0,6.992521957727149e-05,0.5,1.401298464324817e-43
21.22993016242981,-1.0,6.992521957727149e-05,0.5,1.401298464324817e-43
21.24005651473999,-1.0,6.929972005309537e-05,0.5,1.401298464324817e-43
21.250295877456665,-1.0,6.929972005309537e-05,0.5,1.401298464324817e-43
21.260529041290283,-1.0,6.867918273201212e-05,0.5,1.401298464324817e-43
21.270676612854004,-1.0,6.806366582168266e-05,0.5,1.401298464324817e-43
21.28082036972046,-1.0,6.806366582168266e-05,0.5,1.401298464324817e-43
21.29093337059021,-1.0,6.745308201061562e-05,0.5,1.401298464324817e-43
21.30104637145996,-1.0,6.684743129881099e-05,0.5,1.401298464324817e-43
21.311163663864136,-1.0,6.684743129881099e-05,0.5,1.401298464324817e-43
21.321282863616943,-1.0,6.624670641031116e-05,0.5,1.401298464324817e-43
21.331392526626587,-1.0,6.624670641031116e-05,0.5,1.401298464324817e-43
21.341520071029663,-1.0,6.565089279320091e-05,0.5,1.401298464324817e-43
21.35166573524475,-1.0,6.505995406769216e-05,0.5,1.401298464324817e-43
21.361816883087158,-1.0,6.505995406769216e-05,0.5,1.401298464324817e-43
21.3719584941864,-1.0,6.447386112995446e-05,0.5,1.401298464324817e-43
21.382091999053955,-1.0,6.389259942807257e-05,0.5,1.401298464324817e-43
21.392220497131348,-1.0,6.389259942807257e-05,0.5,1.401298464324817e-43
21.40234398841858,-1.0,6.331618351396173e-05,0.5,1.401298464324817e-43
21.41255259513855,-1.0,6.274456245591864e-05,0.5,1.401298464324817e-43
21.422731637954712,-1.0,6.274456245591864e-05,0.5,1.401298464324817e-43
21.432851314544678,-1.0,6.217770715011284e-05,0.5,1.401298464324817e-43
21.442981243133545,-1.0,6.217770715011284e-05,0.5,1.401298464324817e-43
21.45322871208191,-1.0,6.161558849271387e-05,0.5,1.401298464324817e-43
21.46342420578003,-1.0,6.105819920776412e-05,0.5,1.401298464324817e-43
21.473628520965576,-1.0,6.105819920776412e-05,0.5,1.401298464324817e-43
21.483754634857178,-1.0,6.0505506553454325e-05,0.5,1.401298464324817e-43
21.493876695632935,-1.0,6.0505506553454325e-05,0.5,1.401298464324817e-43
21.50401473045349,-1.0,5.995748870191164e-05,0.5,1.401298464324817e-43
21.514134883880615,-1.0,5.941412382526323e-05,0.5,1.401298464324817e-43
21.524261236190796,-1.0,5.941412382526323e-05,0.5,1.401298464324817e-43
21.534390211105347,-1.0,5.887538645765744e-05,0.5,1.401298464324817e-43
21.544556856155396,-1.0,5.834125477122143e-05,0.5,1.401298464324817e-43
21.554718255996704,-1.0,5.834125477122143e-05,0.5,1.401298464324817e-43
21.564846754074097,-1.0,5.7811692386167124e-05,0.5,1.401298464324817e-43
21.574981451034546,-1.0,5.7811692386167124e-05,0.5,1.401298464324817e-43
21.585118055343628,-1.0,5.728667747462168e-05,0.5,1.401298464324817e-43
21.595215320587158,-1.0,5.676619184669107e-05,0.5,1.401298464324817e-43
21.60531783103943,-1.0,5.676619184669107e-05,0.5,1.401298464324817e-43
21.615428924560547,-1.0,5.625019548460841e-05,0.5,1.401298464324817e-43
21.62550663948059,-1.0,5.5738673836458474e-05,0.5,1.401298464324817e-43
21.63562846183777,-1.0,5.5738673836458474e-05,0.5,1.401298464324817e-43
21.64577031135559,-1.0,5.5231594160431996e-05,0.5,1.401298464324817e-43
21.6559054851532,-1.0,5.472892735269852e-05,0.5,1.401298464324817e-43
21.66600751876831,-1.0,5.472892735269852e-05,0.5,1.401298464324817e-43
21.67609977722168,-1.0,5.4230647947406396e-05,0.5,1.401298464324817e-43
21.686208963394165,-1.0,5.373673411668278e-05,0.5,1.401298464324817e-43
21.69632077217102,-1.0,5.373673411668278e-05,0.5,1.401298464324817e-43
21.706438541412354,-1.0,5.324714948073961e-05,0.5,1.401298464324817e-43
21.71649932861328,-1.0,5.324714948073961e-05,0.5,1.401298464324817e-43
21.726593494415283,-1.0,5.2761868573725224e-05,0.5,1.401298464324817e-43
21.736682176589966,-1.0,5.22808768437244e-05,0.5,1.401298464324817e-43
21.746779203414917,-1.0,5.22808768437244e-05,0.5,1.401298464324817e-43
21.756876707077026,-1.0,5.180413063499145e-05,0.5,1.401298464324817e-43
21.7669894695282,-1.0,5.180413063499145e-05,0.5,1.401298464324817e-43
21.77709722518921,-1.0,5.133160448167473e-05,0.5,1.401298464324817e-43
21.787226676940918,-1.0,5.086326927994378e-05,0.5,1.401298464324817e-43
21.797364234924316,-1.0,5.086326927994378e-05,0.5,1.401298464324817e-43
21.807497262954712,-1.0,5.039909592596814e-05,0.5,1.401298464324817e-43
21.81761360168457,-1.0,4.9939058953896165e-05,0.5,1.401298464324817e-43
21.827728986740112,-1.0,4.9939058953896165e-05,0.5,1.401298464324817e-43
21.837841272354126,-1.0,4.948313653585501e-05,0.5,1.401298464324817e-43
21.847960948944092,-1.0,4.90312886540778e-05,0.5,1.401298464324817e-43
21.858094692230225,-1.0,4.90312886540778e-05,0.5,1.401298464324817e-43
21.868215799331665,-1.0,4.858348984271288e-05,0.5,1.401298464324817e-43
21.878339290618896,-1.0,4.8139714635908604e-05,0.5,1.401298464324817e-43
21.888456106185913,-1.0,4.8139714635908604e-05,0.5,1.401298464324817e-43
21.898580074310303,-1.0,4.769993029185571e-05,0.5,1.401298464324817e-43
21.908686637878418,-1.0,4.769993029185571e-05,0.5,1.401298464324817e-43
21.918780088424683,-1.0,4.726411134470254e-05,0.5,1.401298464324817e-43
21.92888331413269,-1.0,4.683222869061865e-05,0.5,1.401298464324817e-43
21.93899965286255,-1.0,4.683222869061865e-05,0.5,1.401298464324817e-43
21.949113845825195,-1.0,4.640425322577357e-05,0.5,1.401298464324817e-43
21.959216594696045,-1.0,4.598014857037924e-05,0.5,1.401298464324817e-43
21.96931529045105,-1.0,4.598014857037924e-05,0.5,1.401298464324817e-43
21.979412317276,-1.0,4.555989653454162e-05,0.5,1.401298464324817e-43
21.98951768875122,-1.0,4.555989653454162e-05,0.5,1.401298464324817e-43
21.999624729156494,-1.0,4.514347165240906e-05,0.5,1.401298464324817e-43
