t,u,omega_radps,thro,m0_omega
2.384185791015625e-06,-0.42328864336013794,-0.636234700679779,0.5,994.9507446289062
0.010459661483764648,0.7070592641830444,0.7664394378662109,0.5,1053.3948974609375
0.020633459091186523,-0.4452647268772125,0.7664394378662109,0.5,1053.3948974609375
0.030745267868041992,-0.4452647268772125,-0.6791454553604126,0.5,976.3582153320312
0.0408473014831543,-0.05057366192340851,0.7448374629020691,0.5,1075.22705078125
0.05094432830810547,-0.05057366192340851,0.7448374629020691,0.5,1075.22705078125
0.06142449378967285,-0.05057366192340851,-0.5830687284469604,0.5,967.31396484375
0.07160782814025879,0.5992952585220337,0.5635229349136353,0.5,1073.2276611328125
0.08173084259033203,0.5992952585220337,0.5635229349136353,0.5,1073.2276611328125
0.09201216697692871,-0.6542171835899353,-0.5963729023933411,0.5,1011.5811767578125
0.10212349891662598,0.15558144450187683,-0.5963729023933411,0.5,1011.5811767578125
0.1122140884399414,0.15558144450187683,0.6828024983406067,0.5,1047.3465576171875
0.12239646911621094,0.3389022946357727,-0.5683733224868774,0.5,1016.0792236328125
0.13250255584716797,0.3389022946357727,-0.5683733224868774,0.5,1016.0792236328125
0.14260387420654297,-0.7290030121803284,0.6987705230712891,0.5,1031.1087646484375
0.15270209312438965,-0.7290030121803284,-0.6732267141342163,0.5,1020.5260009765625
0.1629195213317871,0.39874789118766785,-0.6732267141342163,0.5,1020.5260009765625
0.17304587364196777,0.39874789118766785,0.6812629699707031,0.5,1017.7369995117188
0.1832435131072998,0.39874789118766785,0.6812629699707031,0.5,1017.7369995117188
0.1933884620666504,0.1986827403306961,-0.6988949179649353,0.5,1015.2506713867188
0.2035226821899414,-0.5025709867477417,0.6621817350387573,0.5,1020.7417602539062
0.213653564453125,-0.5025709867477417,0.6621817350387573,0.5,1020.7417602539062
0.22377943992614746,0.7580285668373108,-0.7717024683952332,0.5,1022.0634155273438
0.2338874340057373,0.7580285668373108,0.8093575835227966,0.5,1040.1920166015625
0.244002103805542,-0.7672281861305237,0.8093575835227966,0.5,1040.1920166015625
0.254101037979126,-0.7672281861305237,-0.795834481716156,0.5,979.467529296875
0.26419973373413086,0.05676572024822235,0.7755770683288574,0.5,1081.0875244140625
0.2743072509765625,0.05676572024822235,0.7755770683288574,0.5,1081.0875244140625
0.2844257354736328,0.12588095664978027,-0.6260021924972534,0.5,965.3837890625
0.2945137023925781,0.12588095664978027,-0.6260021924972534,0.5,965.3837890625
0.30463671684265137,-0.53484046459198,0.6134725213050842,0.5,1088.5032958984375
0.31475210189819336,-0.53484046459198,-0.5448086261749268,0.5,964.6637573242188
0.3248565196990967,0.6820995211601257,-0.5448086261749268,0.5,964.6637573242188
0.3349745273590088,0.6820995211601257,0.6287704706192017,0.5,1085.570556640625
0.3450925350189209,-0.27074024081230164,-0.6036975979804993,0.5,969.4479370117188
0.3552114963531494,-0.27074024081230164,-0.6036975979804993,0.5,969.4479370117188
0.3653533458709717,-0.17988499999046326,0.4941897392272949,0.5,1066.1689453125
0.3754713535308838,-0.17988499999046326,0.4941897392272949,0.5,1066.1689453125
0.38561129570007324,0.5814319252967834,-0.5392764210700989,0.5,1035.0986328125
0.39571332931518555,0.5814319252967834,0.6049836874008179,0.5,1021.9424438476562
0.40581226348876953,-0.41219767928123474,0.6049836874008179,0.5,1021.9424438476562
0.4159202575683594,-0.41219767928123474,-0.5587393045425415,0.5,1044.609375
0.42603325843811035,-0.2898401618003845,0.7182254791259766,0.5,999.8640747070312
0.43614768981933594,-0.2898401618003845,0.7182254791259766,0.5,999.8640747070312
0.4462928771972656,0.5896077752113342,-0.8662088513374329,0.5,1017.154541015625
0.45641446113586426,0.5896077752113342,0.7755429148674011,0.5,1035.4229736328125
0.46653056144714355,-0.7781859040260315,0.7755429148674011,0.5,1035.4229736328125
0.4766252040863037,-0.7781859040260315,-0.9748247861862183,0.5,964.470458984375
0.48673415184020996,0.8716533780097961,-0.9748247861862183,0.5,964.470458984375
0.4968416690826416,0.8716533780097961,0.8150784373283386,0.5,1095.7789306640625
0.5069878101348877,-0.44269564747810364,-0.5761101841926575,0.5,860.3777465820312
0.5171170234680176,-0.44269564747810364,-0.5761101841926575,0.5,860.3777465820312
0.5272307395935059,0.1323482096195221,0.22902706265449524,0.5,1104.9703369140625
0.5373721122741699,0.1323482096195221,-0.18060657382011414,0.5,872.7859497070312
0.5474915504455566,0.32920533418655396,-0.18060657382011414,0.5,872.7859497070312
0.5576145648956299,0.32920533418655396,-0.10118123143911362,0.5,1096.3603515625
0.5677363872528076,-0.5106929540634155,-0.08220037072896957,0.5,902.3074340820312
0.5778408050537109,-0.5106929540634155,-0.08220037072896957,0.5,902.3074340820312
0.5879490375518799,0.6821339130401611,0.08308812230825424,0.5,1102.7398681640625
0.5980522632598877,0.6821339130401611,0.08308812230825424,0.5,1102.7398681640625
0.608212947845459,0.04695945978164673,-0.3412171006202698,0.5,941.2234497070312
0.6183915138244629,0.04695945978164673,0.4200570583343506,0.5,1104.1505126953125
0.6285216808319092,-0.5182061791419983,0.4200570583343506,0.5,1104.1505126953125
0.6386377811431885,-0.5182061791419983,-0.7186434864997864,0.5,938.1757202148438
0.6487631797790527,0.7856775522232056,0.5260297060012817,0.5,1094.5699462890625
0.6589248180389404,0.7856775522232056,0.5260297060012817,0.5,1094.5699462890625
0.6690702438354492,-0.3615817725658417,-0.6096868515014648,0.5,929.1473999023438
0.6791665554046631,-0.3615817725658417,0.3891409635543823,0.5,1100.0130615234375
0.6892671585083008,-0.3019901216030121,0.3891409635543823,0.5,1100.0130615234375
0.6993756294250488,-0.3019901216030121,-0.5620501637458801,0.5,972.2996826171875
0.7095024585723877,0.5774115324020386,-0.5620501637458801,0.5,972.2996826171875
0.719616174697876,0.5774115324020386,0.520590603351593,0.5,1076.041259765625
0.7300801277160645,-0.5126357078552246,-0.8459643125534058,0.5,977.1842651367188
0.7402093410491943,-0.5126357078552246,-0.8459643125534058,0.5,977.1842651367188
0.7503232955932617,-0.16300562024116516,0.6042262315750122,0.5,1067.3575439453125
0.7604563236236572,-0.16300562024116516,-0.7291985750198364,0.5,983.300048828125
0.7705740928649902,0.4909605383872986,-0.7291985750198364,0.5,983.300048828125
0.7807049751281738,0.4909605383872986,0.6532893180847168,0.5,1041.5965576171875
0.7908315658569336,-0.739514946937561,-0.8081277012825012,0.5,981.6737670898438
0.8009612560272217,-0.739514946937561,-0.8081277012825012,0.5,981.6737670898438
0.8111345767974854,0.4049747884273529,0.7032300233840942,0.5,1049.282470703125
0.8213493824005127,0.4049747884273529,0.7032300233840942,0.5,1049.282470703125
0.8314781188964844,0.3620906174182892,-0.8207390904426575,0.5,978.6878662109375
0.8416497707366943,0.3620906174182892,0.7332163453102112,0.5,1062.5274658203125
0.8517727851867676,-0.702419638633728,0.7332163453102112,0.5,1062.5274658203125
0.8619036674499512,-0.702419638633728,-0.7418040037155151,0.5,961.609130859375
0.8720014095306396,0.740592896938324,-0.7418040037155151,0.5,961.609130859375
0.8820927143096924,0.740592896938324,0.685516357421875,0.5,1067.2330322265625
0.8922078609466553,-0.28061139583587646,-0.6583546996116638,0.5,987.7800903320312
0.9023339748382568,-0.28061139583587646,-0.6583546996116638,0.5,987.7800903320312
0.912461519241333,-0.3788614869117737,0.7027464509010315,0.5,1054.2803955078125
0.9225671291351318,-0.3788614869117737,-0.7625442743301392,0.5,982.5390625
0.9326722621917725,0.6911149621009827,-0.7625442743301392,0.5,982.5390625
0.9428114891052246,0.6911149621009827,0.7896813750267029,0.5,1049.103515625
0.9529409408569336,-0.7962422966957092,-0.7399040460586548,0.5,983.5838623046875
0.9630558490753174,-0.7962422966957092,-0.7399040460586548,0.5,983.5838623046875
0.9732246398925781,0.05077071487903595,0.6293219923973083,0.5,1031.5673828125
0.9833645820617676,0.05077071487903595,0.6293219923973083,0.5,1031.5673828125
0.9934790134429932,0.46315038204193115,-0.574709415435791,0.5,1026.81298828125
1.0036475658416748,0.46315038204193115,0.5019544959068298,0.5,1005.3665771484375
1.0138442516326904,-0.6514098048210144,0.5019544959068298,0.5,1005.3665771484375
1.0240156650543213,-0.6514098048210144,-0.5442603230476379,0.5,1054.1265869140625
1.0341556072235107,0.22873695194721222,0.5774362683296204,0.5,975.297607421875
1.044372797012329,0.22873695194721222,0.5774362683296204,0.5,975.297607421875
1.0544888973236084,0.28848329186439514,-0.7093194127082825,0.5,1025.749267578125
1.0646085739135742,0.28848329186439514,-0.7093194127082825,0.5,1025.749267578125
1.074735164642334,-0.7759597897529602,1.000673770904541,0.5,1003.5228271484375
1.0848817825317383,-0.7759597897529602,-1.1766881942749023,0.5,928.0826416015625
1.0950512886047363,0.9708303809165955,-1.1766881942749023,0.5,928.0826416015625
1.1052052974700928,0.9708303809165955,1.008050560951233,0.5,1081.468994140625
1.1153254508972168,-1.0,-0.5604315996170044,0.5,822.7416381835938
1.1254942417144775,-1.0,-0.5604315996170044,0.5,822.7416381835938
1.1356642246246338,1.0,-0.008882595226168633,0.5,1074.977294921875
1.1458168029785156,1.0,0.6076772809028625,0.5,892.1299438476562
1.1559467315673828,-1.0,0.6076772809028625,0.5,892.1299438476562
1.1660735607147217,-1.0,-1.0855740308761597,0.5,994.906982421875
1.1762213706970215,1.0,-1.0855740308761597,0.5,994.906982421875
1.186363935470581,1.0,1.2442127466201782,0.5,1021.0518798828125
1.196484088897705,-1.0,-1.086652398109436,0.5,861.3585815429688
1.206617832183838,-1.0,-1.086652398109436,0.5,861.3585815429688
1.2167577743530273,0.8486928939819336,0.6447282433509827,0.5,1093.6368408203125
1.2268919944763184,-0.5647971034049988,-0.16631709039211273,0.5,843.7507934570312
1.2370426654815674,-0.5647971034049988,-0.16631709039211273,0.5,843.7507934570312
1.2472243309020996,-0.5647971034049988,-0.3698570132255554,0.5,1053.7874755859375
1.2573931217193604,0.479988157749176,0.7866424918174744,0.5,915.6192626953125
1.2675132751464844,-0.08289632201194763,0.7866424918174744,0.5,915.6192626953125
1.277632474899292,-0.08289632201194763,-0.8918566703796387,0.5,1000.3270263671875
1.2877826690673828,-0.1095847338438034,-0.8918566703796387,0.5,1000.3270263671875
1.2979319095611572,-0.1095847338438034,1.0130008459091187,0.5,1013.4319458007812
1.3080353736877441,-0.1095847338438034,-1.166505217552185,0.5,910.8509521484375
1.318138837814331,0.40182262659072876,-1.166505217552185,0.5,910.8509521484375
1.3282854557037354,-0.552019476890564,0.947018563747406,0.5,1079.4586181640625
1.3384056091308594,-0.552019476890564,-0.5382999181747437,0.5,824.318603515625
1.3485279083251953,0.8591110110282898,-0.5382999181747437,0.5,824.318603515625
1.3586559295654297,0.8591110110282898,0.18247981369495392,0.5,1080.4283447265625
1.3687615394592285,-0.9004709124565125,0.18247981369495392,0.5,1080.4283447265625
1.3788635730743408,-0.9004709124565125,0.23904293775558472,0.5,870.191650390625
1.3889803886413574,1.0,-0.6398295760154724,0.5,1029.221923828125
1.3991055488586426,1.0,-0.6398295760154724,0.5,1029.221923828125
1.409209966659546,-1.0,1.1345329284667969,0.5,964.2033081054688
1.419342279434204,-1.0,-1.0872465372085571,0.5,943.4797973632812
1.4294829368591309,0.996842622756958,-1.0872465372085571,0.5,943.4797973632812
1.4396114349365234,0.996842622756958,1.138190507888794,0.5,1042.2318115234375
1.4498114585876465,-0.6300224661827087,-0.8427528142929077,0.5,882.3262329101562
1.4599556922912598,-0.6300224661827087,-0.8427528142929077,0.5,882.3262329101562
1.4700663089752197,0.14864155650138855,0.7425290942192078,0.5,1101.2568359375
1.4802148342132568,0.14864155650138855,0.7425290942192078,0.5,1101.2568359375
1.4903349876403809,0.2218371480703354,-0.28138643503189087,0.5,839.2056274414062
1.500453233718872,0.2218371480703354,-0.16413120925426483,0.5,1056.8214111328125
1.510575532913208,-0.20830754935741425,-0.16413120925426483,0.5,1056.8214111328125
1.5206835269927979,-0.20830754935741425,0.8188936710357666,0.5,900.4212036132812
1.5308194160461426,0.5120176076889038,-1.0101592540740967,0.5,978.53125
1.5409586429595947,0.5120176076889038,-1.0101592540740967,0.5,978.53125
1.5510907173156738,-0.6815482974052429,1.1961607933044434,0.5,1016.760986328125
1.5612266063690186,-0.6815482974052429,-1.0823118686676025,0.5,888.613525390625
1.5713367462158203,0.8003710508346558,-1.0823118686676025,0.5,888.613525390625
1.5814673900604248,0.8003710508346558,0.9183258414268494,0.5,1077.4466552734375
1.5915749073028564,-0.9016610980033875,0.9183258414268494,0.5,1077.4466552734375
1.6016862392425537,-0.9016610980033875,-0.5512821674346924,0.5,829.4765625
1.6128902435302734,1.0,0.2697354257106781,0.5,1080.14111328125
1.623072624206543,1.0,0.2697354257106781,0.5,1080.14111328125
1.633209228515625,-1.0,0.33078065514564514,0.5,868.4656372070312
1.643348217010498,-1.0,-0.6157510280609131,0.5,1016.21240234375
1.6535136699676514,0.6968578100204468,-0.6157510280609131,0.5,1016.21240234375
1.663642168045044,0.6968578100204468,1.2134263515472412,0.5,960.7075805664062
1.6737515926361084,-0.47141212224960327,-1.2339471578598022,0.5,915.6262817382812
1.6838798522949219,-0.47141212224960327,-1.2339471578598022,0.5,915.6262817382812
1.693983793258667,0.09447237849235535,1.122648000717163,0.5,1059.5096435546875
1.704077959060669,0.09447237849235535,1.122648000717163,0.5,1059.5096435546875
1.7141733169555664,-0.026673346757888794,-0.7912488579750061,0.5,824.4747314453125
1.724294900894165,-0.026673346757888794,0.34933575987815857,0.5,1088.6016845703125
1.7344093322753906,-0.32045820355415344,0.34933575987815857,0.5,1088.6016845703125
1.744518756866455,-0.32045820355415344,0.3287152349948883,0.5,864.8236694335938
1.75461745262146,0.6174430251121521,0.3287152349948883,0.5,864.8236694335938
1.764723539352417,0.6174430251121521,-0.9080318212509155,0.5,997.4525756835938
1.7748615741729736,-0.5992635488510132,1.5089125633239746,0.5,991.4037475585938
1.785020112991333,-0.5992635488510132,1.5089125633239746,0.5,991.4037475585938
1.7951347827911377,0.5295408964157104,-1.2764424085617065,0.5,833.7588500976562
1.8052794933319092,0.5295408964157104,0.7533705234527588,0.5,1086.0035400390625
1.8153972625732422,-0.6295470595359802,0.7533705234527588,0.5,1086.0035400390625
1.8255233764648438,-0.6295470595359802,0.07692059874534607,0.5,833.5177612304688
1.8356492519378662,0.6446690559387207,-0.8842629194259644,0.5,1010.17626953125
1.8457822799682617,0.6446690559387207,-0.8842629194259644,0.5,1010.17626953125
1.8559067249298096,-0.6768040657043457,1.3571685552597046,0.5,970.5740966796875
1.8660287857055664,-0.6768040657043457,1.3571685552597046,0.5,970.5740966796875
1.8761310577392578,0.8404483795166016,-1.3240894079208374,0.5,883.2310791015625
1.8862266540527344,0.8404483795166016,1.094887137413025,0.5,1087.3331298828125
1.8963677883148193,-0.9780018925666809,1.094887137413025,0.5,1087.3331298828125
1.9065020084381104,-0.9780018925666809,-0.33993014693260193,0.5,814.2279052734375
1.9166390895843506,0.9152643084526062,-0.5530773401260376,0.5,1029.370849609375
1.927077293395996,0.9152643084526062,-0.5530773401260376,0.5,1029.370849609375
1.937208652496338,-0.9690729975700378,1.3603304624557495,0.5,943.21875
1.9473559856414795,-0.9690729975700378,1.3603304624557495,0.5,943.21875
1.9575002193450928,0.9543496370315552,-1.3710381984710693,0.5,908.0859375
1.9676551818847656,0.9543496370315552,1.0223801136016846,0.5,1057.5938720703125
1.9777674674987793,-0.9550561904907227,1.0223801136016846,0.5,1057.5938720703125
1.9878594875335693,-0.9550561904907227,-0.8283128142356873,0.5,844.6535034179688
1.9979519844055176,0.9965280890464783,0.5953472256660461,0.5,1091.122802734375
2.0080528259277344,0.9965280890464783,0.5953472256660461,0.5,1091.122802734375
2.0181679725646973,-1.0,-0.23453859984874725,0.5,839.0408325195312
2.0282886028289795,-1.0,-0.2818463146686554,0.5,1048.5828857421875
2.0384023189544678,0.6242837905883789,-0.2818463146686554,0.5,1048.5828857421875
2.048567533493042,0.6242837905883789,0.7348165512084961,0.5,910.232177734375
2.0587704181671143,-0.291054904460907,0.7348165512084961,0.5,910.232177734375
2.068927764892578,-0.291054904460907,-1.2456218004226685,0.5,961.657470703125
2.0790867805480957,0.1719069480895996,1.2619645595550537,0.5,1030.580322265625
2.0892271995544434,0.1719069480895996,1.2619645595550537,0.5,1030.580322265625
2.0993523597717285,-0.021035075187683105,-1.239276647567749,0.5,832.2929077148438
2.1094791889190674,-0.021035075187683105,0.5705130100250244,0.5,1083.984619140625
2.1195826530456543,-0.2462594211101532,0.5705130100250244,0.5,1083.984619140625
2.1296751499176025,-0.2462594211101532,-0.188415065407753,0.5,829.9060668945312
2.139773368835449,0.3393285870552063,-0.5625815391540527,0.5,1032.4136962890625
2.1498911380767822,0.3393285870552063,-0.5625815391540527,0.5,1032.4136962890625
2.160008192062378,-0.4860058128833771,0.943566083908081,0.5,931.3171997070312
2.17012619972229,-0.4860058128833771,0.943566083908081,0.5,931.3171997070312
2.180223226547241,0.8094944953918457,-1.4782826900482178,0.5,929.6354370117188
2.1903419494628906,0.8094944953918457,1.240660309791565,0.5,1057.103271484375
2.2004446983337402,-0.7508713603019714,1.240660309791565,0.5,1057.103271484375
2.2105791568756104,-0.7508713603019714,-0.9899937510490417,0.5,803.2936401367188
2.2206997871398926,0.9857594966888428,0.14076057076454163,0.5,1070.6046142578125
2.2308127880096436,0.9857594966888428,0.14076057076454163,0.5,1070.6046142578125
2.240938425064087,-1.0,0.2930373251438141,0.5,864.943603515625
2.25107741355896,-1.0,-0.8888730406761169,0.5,1010.725830078125
2.2612123489379883,1.0,-0.8888730406761169,0.5,1010.725830078125
2.271320104598999,1.0,1.0939111709594727,0.5,981.0678100585938
2.2814152240753174,-1.0,1.0939111709594727,0.5,981.0678100585938
2.2915689945220947,-1.0,-1.373176097869873,0.5,912.08349609375
2.3017139434814453,1.0,1.1013500690460205,0.5,1054.6959228515625
2.3118739128112793,1.0,1.1013500690460205,0.5,1054.6959228515625
2.322002649307251,-0.9247729778289795,-0.8453826904296875,0.5,844.2822875976562
2.332122802734375,0.48129284381866455,0.5508998036384583,0.5,1096.960205078125
2.342226505279541,0.48129284381866455,0.5508998036384583,0.5,1096.960205078125
2.3523480892181396,0.48129284381866455,-0.5177281498908997,0.5,846.5888061523438
2.3624656200408936,0.06644487380981445,-0.5177281498908997,0.5,846.5888061523438
2.3725717067718506,0.06644487380981445,0.16704519093036652,0.5,1072.7900390625
2.382699489593506,-0.6367324590682983,0.2437938153743744,0.5,866.771240234375
2.392821788787842,-0.6367324590682983,0.2437938153743744,0.5,866.771240234375
2.402937650680542,0.7229640483856201,-0.3222837448120117,0.5,1047.8475341796875
2.4131155014038086,0.7229640483856201,0.6370630264282227,0.5,915.5109252929688
2.423269748687744,-0.9969289302825928,0.6370630264282227,0.5,915.5109252929688
2.433403730392456,-0.9969289302825928,-1.0655425786972046,0.5,974.23974609375
2.443507432937622,1.0,-1.0655425786972046,0.5,974.23974609375
2.4536232948303223,-1.0,1.4143059253692627,0.5,1005.1898193359375
2.4637484550476074,-1.0,-1.3340859413146973,0.5,850.5662841796875
2.473888635635376,-1.0,-1.3340859413146973,0.5,850.5662841796875
2.4840340614318848,1.0,0.8928739428520203,0.5,1094.949462890625
2.4941418170928955,1.0,-0.22621935606002808,0.5,827.786376953125
2.5042850971221924,-0.8329473733901978,-0.22621935606002808,0.5,827.786376953125
2.5144424438476562,0.35787177085876465,-0.4532783031463623,0.5,1036.0284423828125
2.524580478668213,0.35787177085876465,0.9593250751495361,0.5,915.3046264648438
2.5347278118133545,-0.3024129271507263,0.9593250751495361,0.5,915.3046264648438
2.544847011566162,-0.3024129271507263,-1.1959586143493652,0.5,949.0772094726562
2.554962396621704,-0.07342886924743652,-1.1959586143493652,0.5,949.0772094726562
2.5652341842651367,-0.07342886924743652,1.3092288970947266,0.5,1036.227783203125
2.5754191875457764,0.2757011651992798,-1.2029013633728027,0.5,823.2366333007812
2.585540771484375,0.2757011651992798,-1.2029013633728027,0.5,823.2366333007812
2.5956578254699707,-0.20741505920886993,0.6601118445396423,0.5,1088.168212890625
2.605788230895996,-0.20741505920886993,0.006605176255106926,0.5,839.7566528320312
2.615885019302368,0.4370540380477905,0.006605176255106926,0.5,839.7566528320312
2.626002788543701,0.4370540380477905,-0.765710175037384,0.5,1010.596923828125
2.636110305786133,-0.47668012976646423,1.5799733400344849,0.5,971.7564086914062
2.6462042331695557,-0.47668012976646423,1.5799733400344849,0.5,971.7564086914062
2.656317710876465,0.4311668276786804,-1.5855616331100464,0.5,821.907958984375
2.666421413421631,0.4311668276786804,-1.5855616331100464,0.5,821.907958984375
2.676522731781006,-0.3704848289489746,0.9912578463554382,0.5,1092.068359375
2.6866676807403564,-0.3704848289489746,0.3408261835575104,0.5,837.4134521484375
2.696798086166382,0.4112231135368347,0.3408261835575104,0.5,837.4134521484375
2.7069339752197266,0.4112231135368347,-1.2947320938110352,0.5,960.6278686523438
2.7170495986938477,-0.030085518956184387,1.7967923879623413,0.5,1017.1178588867188
2.727177143096924,-0.030085518956184387,1.7967923879623413,0.5,1017.1178588867188
2.7373268604278564,0.17588657140731812,-1.2281454801559448,0.5,796.133544921875
2.747445821762085,0.17588657140731812,-1.2281454801559448,0.5,796.133544921875
2.757561445236206,-0.1073564887046814,0.36159253120422363,0.5,1073.636962890625
2.767672061920166,-0.1073564887046814,0.36691978573799133,0.5,848.50146484375
2.7778232097625732,0.3236842453479767,0.36691978573799133,0.5,848.50146484375
2.7879302501678467,0.3236842453479767,-0.6351670026779175,0.5,1012.58544921875
2.798020839691162,-0.6034871339797974,0.8904735445976257,0.5,938.1489868164062
2.808149814605713,-0.6034871339797974,0.8904735445976257,0.5,938.1489868164062
2.818305015563965,0.8104516863822937,-0.9558349847793579,0.5,975.7885131835938
2.8284199237823486,0.8104516863822937,1.284549593925476,0.5,1011.4349365234375
2.838533401489258,-1.0,1.284549593925476,0.5,1011.4349365234375
2.8486294746398926,-1.0,-1.2644892930984497,0.5,849.1893310546875
2.8587393760681152,1.0,-1.2644892930984497,0.5,849.1893310546875
2.868886947631836,1.0,1.1554452180862427,0.5,1062.8817138671875
2.8789942264556885,-1.0,-0.33612847328186035,0.5,813.24609375
2.8891098499298096,-1.0,-0.33612847328186035,0.5,813.24609375
2.8992018699645996,1.0,-0.32097336649894714,0.5,1042.8985595703125
2.909311056137085,1.0,0.8339710235595703,0.5,907.8258056640625
2.9194176197052,-0.8497565388679504,0.8339710235595703,0.5,907.8258056640625
2.929546356201172,-0.8497565388679504,-1.2350486516952515,0.5,948.839111328125
2.939727544784546,0.8094529509544373,-1.2350486516952515,0.5,948.839111328125
2.9498374462127686,0.8094529509544373,1.5403120517730713,0.5,1034.8778076171875
2.9599552154541016,-0.6595950126647949,-1.2147387266159058,0.5,804.9520263671875
2.9700891971588135,-0.6595950126647949,-1.2147387266159058,0.5,804.9520263671875
2.9802048206329346,0.6205153465270996,0.48656904697418213,0.5,1072.2099609375
2.9902968406677246,0.6205153465270996,0.7187949419021606,0.5,865.3497314453125
3.00038480758667,-0.5723518133163452,0.7187949419021606,0.5,865.3497314453125
3.010474443435669,-0.5723518133163452,-1.5202852487564087,0.5,943.1832885742188
3.0206077098846436,0.8999017477035522,1.7266101837158203,0.5,1044.1910400390625
3.030740261077881,0.8999017477035522,1.7266101837158203,0.5,1044.1910400390625
3.0408504009246826,-0.7674961686134338,-1.0361844301223755,0.5,795.5267333984375
3.0509750843048096,-0.7674961686134338,-1.0361844301223755,0.5,795.5267333984375
3.061079740524292,0.7872067093849182,0.05946073681116104,0.5,1053.50537109375
3.0712060928344727,0.7872067093849182,0.7253990769386292,0.5,874.3798828125
3.0813565254211426,-0.61594158411026,0.7253990769386292,0.5,874.3798828125
3.091472625732422,-0.61594158411026,-1.0490459203720093,0.5,975.7457275390625
3.101576805114746,0.43481117486953735,1.0692099332809448,0.5,976.9052124023438
3.1117045879364014,0.43481117486953735,1.0692099332809448,0.5,976.9052124023438
3.121817111968994,-0.031956225633621216,-1.4291713237762451,0.5,904.1995849609375
3.1319751739501953,-0.031956225633621216,1.0855714082717896,0.5,1067.1812744140625
3.142148017883301,-0.26927536725997925,1.0855714082717896,0.5,1067.1812744140625
3.1523263454437256,-0.26927536725997925,-1.0198640823364258,0.5,814.7301635742188
3.1624789237976074,0.48403990268707275,-1.0198640823364258,0.5,814.7301635742188
3.1725990772247314,0.48403990268707275,0.3093004822731018,0.5,1070.7799072265625
3.1827194690704346,-0.6614648103713989,0.596943199634552,0.5,868.8467407226562
3.1928343772888184,-0.6614648103713989,0.596943199634552,0.5,868.8467407226562
3.2029306888580322,0.5793210864067078,-1.1199663877487183,0.5,980.0797119140625
3.2130722999572754,0.5793210864067078,1.3144291639328003,0.5,983.8201904296875
3.223196029663086,-0.9831148386001587,1.3144291639328003,0.5,983.8201904296875
3.233323335647583,-0.9831148386001587,-1.423068881034851,0.5,868.6522827148438
3.243448495864868,0.9538341164588928,-1.423068881034851,0.5,868.6522827148438
3.253662586212158,0.9538341164588928,1.1564329862594604,0.5,1076.12744140625
3.2638378143310547,-1.0,-0.6486409902572632,0.5,811.65283203125
3.273963689804077,1.0,-0.6486409902572632,0.5,811.65283203125
3.2840635776519775,1.0,-0.13078363239765167,0.5,1054.496337890625
3.2941651344299316,-1.0,0.7363294959068298,0.5,898.8275146484375
3.3042876720428467,-1.0,0.7363294959068298,0.5,898.8275146484375
3.314377546310425,1.0,-1.3030357360839844,0.5,959.7783203125
3.324467658996582,1.0,1.4851468801498413,0.5,1011.720703125
3.3345632553100586,-1.0,1.4851468801498413,0.5,1011.720703125
3.3446569442749023,-1.0,-1.2982521057128906,0.5,821.2242431640625
3.3547568321228027,-1.0,-1.2982521057128906,0.5,821.2242431640625
3.3648695945739746,0.9709920883178711,0.829997718334198,0.5,1085.0740966796875
3.37498140335083,-0.70448899269104,-0.10973235964775085,0.5,836.2887573242188
3.3850767612457275,-0.70448899269104,-0.10973235964775085,0.5,836.2887573242188
3.3951754570007324,0.36511069536209106,-0.48666104674339294,0.5,1018.1527099609375
3.4052939414978027,0.36511069536209106,1.1295123100280762,0.5,922.796875
3.415397882461548,-0.3143308162689209,1.1295123100280762,0.5,922.796875
3.4255449771881104,-0.3143308162689209,-1.3988840579986572,0.5,928.5470581054688
3.4356470108032227,0.22660419344902039,1.4771918058395386,0.5,1060.8455810546875
3.4457614421844482,0.22660419344902039,1.4771918058395386,0.5,1060.8455810546875
3.45586895942688,-0.16413187980651855,-1.062487006187439,0.5,799.367919921875
3.465984344482422,-0.16413187980651855,-1.062487006187439,0.5,799.367919921875
3.476081609725952,0.2975494861602783,0.0271000973880291,0.5,1056.8038330078125
3.486175537109375,0.2975494861602783,0.8323104977607727,0.5,886.0271606445312
3.496293306350708,-0.16011637449264526,0.8323104977607727,0.5,886.0271606445312
3.506412982940674,-0.16011637449264526,-1.333772897720337,0.5,940.0226440429688
3.516541004180908,0.03282842040061951,1.6896452903747559,0.5,1022.3457641601562
3.5266716480255127,0.03282842040061951,1.6896452903747559,0.5,1022.3457641601562
3.5368077754974365,0.10662227869033813,-1.1806402206420898,0.5,788.3071899414062
3.546921491622925,0.10662227869033813,-1.1806402206420898,0.5,788.3071899414062
3.557032585144043,0.002372175455093384,0.452151894569397,0.5,1074.207763671875
3.5671591758728027,0.002372175455093384,0.5079453587532043,0.5,871.4793701171875
3.577296733856201,0.15900695323944092,0.5079453587532043,0.5,871.4793701171875
3.5874109268188477,0.15900695323944092,-1.3471205234527588,0.5,957.146728515625
3.5975089073181152,0.021661996841430664,1.865085244178772,0.5,1026.9461669921875
3.607633590698242,0.021661996841430664,1.865085244178772,0.5,1026.9461669921875
3.6178078651428223,-0.10675442218780518,-1.212998390197754,0.5,775.9799194335938
3.6278741359710693,-0.10675442218780518,-1.212998390197754,0.5,775.9799194335938
3.6379995346069336,0.08485987782478333,0.32389622926712036,0.5,1058.5264892578125
3.648132085800171,0.08485987782478333,0.9447329044342041,0.5,880.103271484375
3.6582815647125244,-0.17632469534873962,0.9447329044342041,0.5,880.103271484375
3.668407917022705,-0.17632469534873962,-1.650018572807312,0.5,925.1530151367188
3.6785173416137695,0.21965235471725464,1.590874433517456,0.5,1042.5072021484375
3.688626766204834,0.21965235471725464,1.590874433517456,0.5,1042.5072021484375
3.698737144470215,-0.1325896680355072,-0.903530478477478,0.5,791.00439453125
3.708848476409912,-0.1325896680355072,0.5158817172050476,0.5,1069.5936279296875
3.718944549560547,-0.2774433493614197,0.5158817172050476,0.5,1069.5936279296875
3.7290518283843994,-0.2774433493614197,0.30170881748199463,0.5,849.7474975585938
3.7391772270202637,0.33856505155563354,0.30170881748199463,0.5,849.7474975585938
3.7493317127227783,0.33856505155563354,-1.1375807523727417,0.5,988.9518432617188
3.7594664096832275,-0.3570096790790558,1.4136713743209839,0.5,989.2929077148438
3.7695958614349365,-0.3570096790790558,1.4136713743209839,0.5,989.2929077148438
3.779738664627075,0.6330339908599854,-1.45465087890625,0.5,851.0401000976562
3.7898905277252197,0.6330339908599854,1.252942442893982,0.5,1075.39453125
3.800010919570923,-0.7666140198707581,1.252942442893982,0.5,1075.39453125
3.810124158859253,-0.7666140198707581,-0.3390920162200928,0.5,805.7282104492188
3.8203012943267822,0.8616138100624084,-0.3390920162200928,0.5,805.7282104492188
3.8304238319396973,0.8616138100624084,-0.15970392525196075,0.5,1036.6011962890625
3.8405261039733887,-1.0,0.9006025195121765,0.5,904.8099975585938
3.8506364822387695,-1.0,0.9006025195121765,0.5,904.8099975585938
3.860750675201416,1.0,-1.3777308464050293,0.5,956.56103515625
3.870879650115967,1.0,1.4845458269119263,0.5,1041.4100341796875
3.8809919357299805,-1.0,1.4845458269119263,0.5,1041.4100341796875
3.891172170639038,-1.0,-1.2010999917984009,0.5,816.0045166015625
3.901425838470459,1.0,0.8419157266616821,0.5,1069.20556640625
3.9115564823150635,1.0,0.8419157266616821,0.5,1069.20556640625
3.9216928482055664,-1.0,0.34066855907440186,0.5,830.4303588867188
3.9318110942840576,-1.0,-0.8725669384002686,0.5,1004.7168579101562
3.9419546127319336,1.0,-0.8725669384002686,0.5,1004.7168579101562
3.952103614807129,1.0,-0.8725669384002686,0.5,1004.7168579101562
3.962207794189453,1.0,1.2696508169174194,0.5,973.8518676757812
3.972318410873413,-1.0,-1.5946578979492188,0.5,861.9378662109375
3.9824771881103516,-1.0,-1.5946578979492188,0.5,861.9378662109375
3.9925878047943115,0.9761861562728882,1.354150652885437,0.5,1083.3287353515625
4.002699136734009,0.9761861562728882,-0.4272754490375519,0.5,810.3846435546875
4.012820720672607,-0.9522606730461121,-0.4272754490375519,0.5,810.3846435546875
4.022929430007935,0.8192150592803955,-0.48752400279045105,0.5,1011.6028442382812
4.033034563064575,0.8192150592803955,-0.48752400279045105,0.5,1011.6028442382812
4.04315447807312,0.8192150592803955,1.354849934577942,0.5,923.6643676757812
4.053298711776733,-1.0,-1.731601357460022,0.5,891.717529296875
4.063410520553589,-1.0,-1.731601357460022,0.5,891.717529296875
4.073516368865967,0.6022471785545349,1.1870619058609009,0.5,1091.8779296875
4.083611488342285,0.6022471785545349,-0.7933058142662048,0.5,820.343017578125
4.0937159061431885,-0.5828853845596313,-0.7933058142662048,0.5,820.343017578125
4.1038219928741455,0.6632658243179321,-0.3129136264324188,0.5,1027.976318359375
4.113927364349365,0.6632658243179321,-0.3129136264324188,0.5,1027.976318359375
4.124033451080322,-0.8886892795562744,1.4180774688720703,0.5,910.2694702148438
4.13413143157959,-0.8886892795562744,-1.6462976932525635,0.5,884.4789428710938
4.1442015171051025,0.7114684581756592,-1.6462976932525635,0.5,884.4789428710938
4.15430212020874,0.7114684581756592,1.4222838878631592,0.5,1071.4658203125
4.164393424987793,-0.7553520202636719,-0.6889435648918152,0.5,813.0018920898438
4.1744935512542725,-0.7553520202636719,-0.6889435648918152,0.5,813.0018920898438
4.184608697891235,0.7072538137435913,-0.5462815761566162,0.5,1027.7449951171875
4.194706678390503,0.7072538137435913,-0.5462815761566162,0.5,1027.7449951171875
4.204803943634033,-1.0,1.5551000833511353,0.5,939.49365234375
4.214909315109253,-1.0,-1.7507998943328857,0.5,818.6298217773438
4.225037336349487,1.0,-1.7507998943328857,0.5,818.6298217773438
4.235168933868408,1.0,1.3302196264266968,0.5,1052.169921875
4.245296478271484,-1.0,-0.06656420230865479,0.5,815.6426391601562
4.255435943603516,-1.0,-0.06656420230865479,0.5,815.6426391601562
4.26557183265686,1.0,-1.3650729656219482,0.5,991.0546875
4.275688171386719,1.0,1.8078174591064453,0.5,1013.6509399414062
4.2858240604400635,-1.0,1.8078174591064453,0.5,1013.6509399414062
4.2959513664245605,-1.0,-1.4731886386871338,0.5,802.2169799804688
4.3060808181762695,1.0,-1.4731886386871338,0.5,802.2169799804688
4.316224575042725,1.0,0.7602630257606506,0.5,1063.6239013671875
4.326333284378052,-1.0,1.0601675510406494,0.5,854.6107177734375
4.336452007293701,-1.0,1.0601675510406494,0.5,854.6107177734375
4.346587419509888,1.0,-1.725422978401184,0.5,920.30224609375
4.356728553771973,1.0,1.7520211935043335,0.5,1052.0640869140625
4.366869688034058,-1.0,1.7520211935043335,0.5,1052.0640869140625
4.376995801925659,-1.0,-0.9544835686683655,0.5,803.9833374023438
4.3871238231658936,1.0,-0.6593642234802246,0.5,1022.469970703125
4.397197961807251,1.0,-0.6593642234802246,0.5,1022.469970703125
4.407296419143677,-1.0,1.851319432258606,0.5,946.2843627929688
4.417396068572998,-1.0,1.851319432258606,0.5,946.2843627929688
4.427499055862427,0.8810257911682129,-1.7737133502960205,0.5,799.0372924804688
4.437607526779175,0.8810257911682129,1.0952305793762207,0.5,1071.7430419921875
4.447720527648926,-1.0,1.0952305793762207,0.5,1071.7430419921875
4.457834243774414,-1.0,0.4012596309185028,0.5,844.0112915039062
4.4679601192474365,0.8749750256538391,-1.9305832386016846,0.5,939.4359741210938
4.478096008300781,0.8749750256538391,-1.9305832386016846,0.5,939.4359741210938
4.488224506378174,-0.28520068526268005,1.9357881546020508,0.5,1070.2071533203125
4.498347759246826,-0.28520068526268005,-0.7011110186576843,0.5,781.0979614257812
4.508467435836792,0.2082267850637436,-0.7011110186576843,0.5,781.0979614257812
4.518584489822388,0.2082267850637436,-0.2352820187807083,0.5,1017.6729736328125
4.528679370880127,-0.39668500423431396,-0.2352820187807083,0.5,1017.6729736328125
4.538784027099609,-0.39668500423431396,1.3465772867202759,0.5,907.5167846679688
4.54890513420105,0.05526629090309143,-1.628943681716919,0.5,928.9180908203125
4.559017896652222,0.05526629090309143,-1.628943681716919,0.5,928.9180908203125
4.56916618347168,0.18148154020309448,1.049461007118225,0.5,1078.482666015625
4.579324245452881,0.18148154020309448,-0.8859689235687256,0.5,840.6077270507812
4.589510917663574,0.7238167524337769,-0.8859689235687256,0.5,840.6077270507812
4.599637031555176,0.7238167524337769,1.0113215446472168,0.5,1056.01318359375
4.609783172607422,-1.0,0.4569472372531891,0.5,819.6783447265625
4.619931697845459,-1.0,0.4569472372531891,0.5,819.6783447265625
4.6300458908081055,0.6852136850357056,-0.882649302482605,0.5,1004.9071655273438
4.64016580581665,0.6852136850357056,-0.882649302482605,0.5,1004.9071655273438
4.6502978801727295,-0.9932964444160461,0.8179651498794556,0.5,963.2679443359375
4.660409688949585,-0.9932964444160461,-1.721495270729065,0.5,920.2069702148438
4.670513391494751,1.0,-1.721495270729065,0.5,920.2069702148438
4.680655479431152,1.0,1.247711181640625,0.5,1071.8719482421875
4.6923792362213135,-1.0,-0.7190735936164856,0.5,820.4307250976562
4.702602863311768,-1.0,-0.7190735936164856,0.5,820.4307250976562
4.712717533111572,0.8494626879692078,0.8486705422401428,0.5,1045.4268798828125
4.722823619842529,0.8494626879692078,0.8486705422401428,0.5,1045.4268798828125
4.732942819595337,-0.631422758102417,-0.2087658941745758,0.5,826.248779296875
4.743112802505493,-0.631422758102417,-0.6919332146644592,0.5,1057.075927734375
4.7532031536102295,0.36808693408966064,-0.6919332146644592,0.5,1057.075927734375
4.763301134109497,0.36808693408966064,0.4686260521411896,0.5,965.3833618164062
4.773400783538818,0.35790279507637024,-1.399562954902649,0.5,927.5926513671875
4.783490896224976,0.35790279507637024,-1.399562954902649,0.5,927.5926513671875
4.79360556602478,0.07737502455711365,1.8072429895401,0.5,1016.4442138671875
4.803725242614746,0.07737502455711365,-0.747675895690918,0.5,782.9652709960938
4.813825368881226,-0.1309279501438141,-0.747675895690918,0.5,782.9652709960938
4.823930501937866,-0.1309279501438141,0.5116854310035706,0.5,1055.064208984375
4.834039688110352,-0.5233849287033081,0.5116854310035706,0.5,1055.064208984375
4.844165086746216,-0.5233849287033081,0.33428218960762024,0.5,875.4458618164062
4.85428261756897,0.41798684000968933,-1.755004644393921,0.5,986.00927734375
4.864419937133789,0.41798684000968933,-1.755004644393921,0.5,986.00927734375
4.874489068984985,0.36439716815948486,1.3352833986282349,0.5,1055.7548828125
4.884609699249268,0.36439716815948486,-0.9617523550987244,0.5,814.4520874023438
4.8947412967681885,0.43653368949890137,-0.9617523550987244,0.5,814.4520874023438
4.904887914657593,-1.0,1.295209527015686,0.5,1022.8214111328125
4.915022134780884,-1.0,1.295209527015686,0.5,1022.8214111328125
4.925142765045166,-1.0,0.5423439145088196,0.5,821.3611450195312
4.935267686843872,0.024000346660614014,-1.5445563793182373,0.5,987.2586059570312
4.945407867431641,-0.10892270505428314,-1.5445563793182373,0.5,987.2586059570312
4.955557107925415,-0.10892270505428314,1.1616343259811401,0.5,1048.6817626953125
4.965753793716431,1.0,-1.3021068572998047,0.5,860.1785888671875
4.975879907608032,1.0,-1.3021068572998047,0.5,860.1785888671875
4.986029624938965,-0.6483262777328491,1.3076006174087524,0.5,1058.766845703125
4.996152400970459,-0.6483262777328491,0.429749071598053,0.5,784.3812866210938
5.006518840789795,-0.025924742221832275,0.429749071598053,0.5,784.3812866210938
5.016629695892334,-0.025924742221832275,-0.3108818829059601,0.5,1027.7264404296875
5.0267250537872314,-0.9452157616615295,-0.3108818829059601,0.5,1027.7264404296875
5.036823511123657,-0.9452157616615295,0.43204304575920105,0.5,941.2730712890625
5.046929597854614,1.0,-2.056063413619995,0.5,939.8944091796875
5.057034969329834,1.0,-2.056063413619995,0.5,939.8944091796875
5.067143201828003,-0.5044617652893066,1.3341468572616577,0.5,1104.9158935546875
5.07726526260376,-0.5044617652893066,-0.2882181406021118,0.5,811.1459350585938
5.087425470352173,0.652869462966919,-0.2882181406021118,0.5,811.1459350585938
5.097576379776001,0.652869462966919,0.5692732930183411,0.5,1016.6029052734375
5.10769510269165,-1.0,1.1802409887313843,0.5,887.0352172851562
5.117828845977783,-1.0,1.1802409887313843,0.5,887.0352172851562
5.128046035766602,1.0,-2.2931418418884277,0.5,904.9918212890625
5.1382575035095215,1.0,0.8193042278289795,0.5,1117.45361328125
5.148362874984741,-0.36406487226486206,0.8193042278289795,0.5,1117.45361328125
5.158475637435913,-0.36406487226486206,-0.23618032038211823,0.5,871.7057495117188
5.1686341762542725,1.0,-0.23618032038211823,0.5,871.7057495117188
5.1787707805633545,1.0,-0.704270601272583,0.5,918.8285522460938
5.18889856338501,-1.0,2.3841209411621094,0.5,926.1817016601562
5.199007749557495,-1.0,2.3841209411621094,0.5,926.1817016601562
5.209136724472046,-0.5717618465423584,-0.9871925115585327,0.5,758.5916137695312
5.219305038452148,-0.5717618465423584,-0.13280466198921204,0.5,1076.4892578125
5.229450941085815,0.09719818830490112,-0.13280466198921204,0.5,1076.4892578125
5.23957085609436,0.09719818830490112,-0.12353112548589706,0.5,944.3348388671875
5.2496795654296875,1.0,-0.12353112548589706,0.5,944.3348388671875
5.259789228439331,1.0,-1.4443104267120361,0.5,879.1406860351562
5.2698962688446045,0.22958120703697205,2.447072982788086,0.5,1017.91552734375
5.280000686645508,0.22958120703697205,2.447072982788086,0.5,1017.91552734375
5.2901084423065186,-1.0,0.4839872717857361,0.5,735.173583984375
5.300212144851685,-1.0,-0.6757141351699829,0.5,989.6463012695312
5.310336589813232,-0.031956467777490616,-0.6757141351699829,0.5,989.6463012695312
5.320485353469849,-0.031956467777490616,0.7915415167808533,0.5,968.29443359375
5.330852270126343,0.13768979907035828,0.7915415167808533,0.5,968.29443359375
5.341039419174194,0.13768979907035828,-2.1707775592803955,0.5,875.6820678710938
5.351217031478882,1.0,0.1785668432712555,0.5,1071.0584716796875
5.361358642578125,1.0,0.1785668432712555,0.5,1071.0584716796875
5.37150764465332,-1.0,1.380814552307129,0.5,840.1209106445312
5.38171124458313,-1.0,-0.7028595209121704,0.5,896.3611450195312
5.3918187618255615,0.2630060911178589,-0.7028595209121704,0.5,896.3611450195312
5.401941776275635,0.2630060911178589,1.1075574159622192,0.5,950.7699584960938
5.41209864616394,-1.0,-1.434207558631897,0.5,904.5481567382812
5.422393083572388,-1.0,-1.434207558631897,0.5,904.5481567382812
5.4325110912323,1.0,-1.4821455478668213,0.5,1063.908203125
5.442628860473633,1.0,1.1278811693191528,0.5,951.447998046875
5.452729940414429,-0.0409940630197525,1.1278811693191528,0.5,951.447998046875
5.462848424911499,-0.0409940630197525,0.11061656475067139,0.5,803.919189453125
5.47296929359436,0.1648741066455841,0.11061656475067139,0.5,803.919189453125
5.48308539390564,0.1648741066455841,1.6477631330490112,0.5,919.2056884765625
5.493207931518555,-1.0,0.002178538590669632,0.5,837.199462890625
5.503325700759888,-1.0,0.002178538590669632,0.5,837.199462890625
5.513435125350952,1.0,-2.2411861419677734,0.5,1045.790283203125
5.523543357849121,1.0,0.13033737242221832,0.5,1078.082763671875
5.533678293228149,0.9226304292678833,0.13033737242221832,0.5,1078.082763671875
5.543846607208252,0.9226304292678833,0.03031865507364273,0.5,885.6129760742188
5.553982496261597,0.7432132363319397,0.03031865507364273,0.5,885.6129760742188
5.564113140106201,0.7432132363319397,0.7223991751670837,0.5,798.6129760742188
5.574215888977051,-1.0,1.197407603263855,0.5,797.2018432617188
5.584376096725464,-1.0,1.197407603263855,0.5,797.2018432617188
5.594520330429077,-0.9842146635055542,-0.26482099294662476,0.5,834.1666259765625
5.604643106460571,-0.9842146635055542,-1.3710529804229736,0.5,1064.137451171875
5.614768743515015,1.0,-1.3710529804229736,0.5,1064.137451171875
5.6248939037323,1.0,-1.0826562643051147,0.5,945.743896484375
5.635015487670898,1.0,-1.0826562643051147,0.5,945.743896484375
5.645112037658691,1.0,0.8117008805274963,0.5,862.1719970703125
5.655202865600586,-0.8587024211883545,1.4467991590499878,0.5,717.8638916015625
5.665319919586182,-0.8587024211883545,1.4467991590499878,0.5,717.8638916015625
5.675426006317139,-1.0,0.9745619893074036,0.5,774.6283569335938
5.685527801513672,-1.0,-0.605807900428772,0.5,891.128662109375
5.6957104206085205,-0.2527928352355957,-0.605807900428772,0.5,891.128662109375
5.7059645652771,-0.2527928352355957,-1.0842840671539307,0.5,1060.5771484375
5.7160820960998535,1.0,-1.1382901668548584,0.5,937.6198120117188
5.726250171661377,1.0,-1.1382901668548584,0.5,937.6198120117188
5.736382007598877,1.0,0.5913679599761963,0.5,858.1593627929688
5.74650239944458,1.0,1.3780981302261353,0.5,719.914306640625
5.756615877151489,-0.9667730927467346,1.3780981302261353,0.5,719.914306640625
5.766868591308594,-1.0,1.1449871063232422,0.5,775.1346435546875
5.77700400352478,-1.0,1.1449871063232422,0.5,775.1346435546875
5.787106037139893,-1.0,-0.46735984086990356,0.5,840.0132446289062
5.797204971313477,-0.1281295120716095,-1.3079242706298828,0.5,1087.43212890625
5.807336807250977,1.0,-1.3079242706298828,0.5,1087.43212890625
5.817451477050781,1.0,-1.1667708158493042,0.5,965.3046264648438
5.827560186386108,0.9780042171478271,0.08695776015520096,0.5,882.575439453125
5.837673664093018,0.9780042171478271,0.08695776015520096,0.5,882.575439453125
5.847775459289551,-1.0,0.9800223708152771,0.5,699.6304931640625
5.857867956161499,-1.0,0.9800223708152771,0.5,699.6304931640625
5.867976903915405,-1.0,0.8993061780929565,0.5,757.7681884765625
5.878089904785156,-1.0,0.0691055878996849,0.5,792.8414306640625
5.888193607330322,0.13749659061431885,0.0691055878996849,0.5,792.8414306640625
5.898301124572754,0.13749659061431885,-0.865189790725708,0.5,1055.6275634765625
5.908424139022827,1.0,-1.0142048597335815,0.5,1002.2872924804688
5.918490409851074,1.0,-1.0142048597335815,0.5,1002.2872924804688
5.928633213043213,1.0,-0.9237239956855774,0.5,906.8345947265625
5.938803195953369,1.0,0.40786200761795044,0.5,766.3834838867188
5.948907136917114,-0.7781577110290527,0.40786200761795044,0.5,766.3834838867188
5.959000587463379,-0.7781577110290527,0.5228696465492249,0.5,724.0838623046875
5.969299077987671,-1.0,0.5228696465492249,0.5,724.0838623046875
5.979454040527344,-1.0,1.0793631076812744,0.5,778.7579345703125
5.989599943161011,-0.1535058319568634,0.14692836999893188,0.5,597.2007446289062
5.9997289180755615,-0.1535058319568634,0.14692836999893188,0.5,597.2007446289062
6.0098559856414795,1.0,0.0436067171394825,0.5,315.4019470214844
6.019989967346191,1.0,0.40492531657218933,0.5,166.57452392578125
6.0301194190979,0.7290748953819275,0.40492531657218933,0.5,166.57452392578125
6.040219306945801,0.7290748953819275,0.607170581817627,0.5,87.97368621826172
6.050349950790405,-0.9341830611228943,0.607170581817627,0.5,87.97368621826172
6.060480833053589,-0.9341830611228943,0.4152109622955322,0.5,46.46186828613281
6.070612668991089,-1.0,-0.04820849001407623,0.5,24.5380859375
6.0807273387908936,-1.0,-0.04820849001407623,0.5,24.5380859375
6.090867042541504,0.12657295167446136,-0.45774295926094055,0.5,12.959394454956055
6.101073265075684,0.12657295167446136,-0.5354388952255249,0.5,6.844296455383301
6.111177206039429,1.0,-0.5354388952255249,0.5,6.844296455383301
6.12130880355835,1.0,-0.24141427874565125,0.5,3.6147053241729736
6.131451368331909,1.0,0.21214011311531067,0.5,1.909049153327942
6.141568899154663,1.0,0.21214011311531067,0.5,1.909049153327942
6.15167236328125,-0.3489338159561157,0.517033576965332,0.5,1.0082330703735352
6.161785840988159,-0.3489338159561157,0.517033576965332,0.5,1.0082330703735352
6.171900033950806,-1.0,0.47796303033828735,0.5,0.5324823260307312
6.182050943374634,-1.0,0.13325902819633484,0.5,0.28122204542160034
6.192227125167847,-0.8028730154037476,0.13325902819633484,0.5,0.28122204542160034
6.202372312545776,-0.8028730154037476,-0.28360262513160706,0.5,0.14852288365364075
6.2127768993377686,1.0,-0.5044363737106323,0.5,0.07843997329473495
6.222982406616211,1.0,-0.5044363737106323,0.5,0.07843997329473495
6.233178615570068,1.0,-0.3975658416748047,0.5,0.04142679274082184
6.2433085441589355,1.0,-0.3975658416748047,0.5,0.04142679274082184
6.253437280654907,0.20184211432933807,-0.041902005672454834,0.5,0.021878903731703758
6.263572931289673,0.20184211432933807,0.33415791392326355,0.5,0.011554991826415062
6.273688316345215,-1.0,0.33415791392326355,0.5,0.011554991826415062
6.2838134765625,-1.0,0.5008542537689209,0.5,0.00610258337110281
6.293926954269409,-1.0,0.365703821182251,0.5,0.003222981933504343
6.3040406703948975,-1.0,0.365703821182251,0.5,0.003222981933504343
6.314152240753174,-0.2134523093700409,0.020523983985185623,0.5,0.0017021665116772056
6.324288845062256,-0.2134523093700409,0.020523983985185623,0.5,0.0017021665116772056
6.334445953369141,1.0,-0.3236088454723358,0.5,0.0008989718626253307
6.344630718231201,1.0,-0.46648022532463074,0.5,0.00047477753832936287
6.3547492027282715,1.0,-0.46648022532463074,0.5,0.00047477753832936287
6.364869117736816,1.0,-0.3335089683532715,0.5,0.00025074611767195165
6.3749918937683105,-0.7131221294403076,-0.010805567726492882,0.5,0.00013242749264463782
6.385119915008545,-0.7131221294403076,-0.010805567726492882,0.5,0.00013242749264463782
6.39520788192749,-1.0,0.31288936734199524,0.5,6.99394367984496e-05
6.4053261280059814,-1.0,0.31288936734199524,0.5,6.99394367984496e-05
6.415456295013428,-1.0,0.45747286081314087,0.5,3.6937381082680076e-05
6.425600290298462,-1.0,0.3501984775066376,0.5,1.95078864635434e-05
6.435741186141968,0.4205281138420105,0.3501984775066376,0.5,1.95078864635434e-05
6.445900917053223,0.4205281138420105,0.058923766016960144,0.5,1.0302776900061872e-05
6.45602822303772,1.0,-0.2527996897697449,0.5,5.441243956738617e-06
6.466177225112915,1.0,-0.2527996897697449,0.5,5.441243956738617e-06
6.47633695602417,0.7794952988624573,-0.418522447347641,0.5,2.8737067623296753e-06
6.486470460891724,0.7794952988624573,-0.35671594738960266,0.5,1.5177024579315912e-06
6.496596336364746,-0.7074779868125916,-0.35671594738960266,0.5,1.5177024579315912e-06
6.506727695465088,-0.7074779868125916,-0.1081586629152298,0.5,8.015505272851442e-07
6.516866445541382,-1.0,-0.1081586629152298,0.5,8.015505272851442e-07
6.526987791061401,-1.0,0.19234392046928406,0.5,4.2332601424277527e-07
6.537094593048096,-1.0,0.390171617269516,0.5,2.2357286866281356e-07
6.54720139503479,-1.0,0.390171617269516,0.5,2.2357286866281356e-07
6.5573437213897705,-0.13147462904453278,0.3898749351501465,0.5,1.1807642152916742e-07
6.567464590072632,-0.13147462904453278,0.19912667572498322,0.5,6.236015082095037e-08
6.577583312988281,1.0,0.19912667572498322,0.5,6.236015082095037e-08
6.587700843811035,1.0,-0.08121061325073242,0.5,3.293452621733195e-08
6.597856283187866,0.7679470181465149,-0.3117009401321411,0.5,1.7393846363233934e-08
6.607980251312256,0.7679470181465149,-0.3117009401321411,0.5,1.7393846363233934e-08
6.618117332458496,-0.44476938247680664,-0.38368168473243713,0.5,9.186284621875984e-09
6.628218412399292,-0.44476938247680664,-0.269074946641922,0.5,4.851588908394433e-09
6.638373851776123,-1.0,-0.269074946641922,0.5,4.851588908394433e-09
6.648532390594482,-1.0,-0.028760598972439766,0.5,2.562288381469102e-09
6.658750772476196,-0.9779447913169861,-0.028760598972439766,0.5,2.562288381469102e-09
6.668856859207153,-0.9779447913169861,0.22103632986545563,0.5,1.3532315268349748e-09
6.678956031799316,0.12374766916036606,0.3654492199420929,0.5,7.146875868890845e-10
6.689083814620972,0.12374766916036606,0.3654492199420929,0.5,7.146875868890845e-10
6.699211597442627,0.9172484278678894,0.34305518865585327,0.5,3.7745084835449916e-10
6.709327459335327,0.9172484278678894,0.17024855315685272,0.5,1.9934458250769893e-10
6.719446659088135,0.9209631681442261,0.17024855315685272,0.5,1.9934458250769893e-10
6.7295777797698975,0.9209631681442261,-0.0707036703824997,0.5,1.0528061755721296e-10
6.739703416824341,0.29745978116989136,-0.0707036703824997,0.5,1.0528061755721296e-10
6.749816179275513,0.29745978116989136,-0.271716833114624,0.5,5.5602269316556985e-11
6.759947061538696,-0.8558744788169861,-0.3473317623138428,0.5,2.936543369580491e-11
6.770074367523193,-0.8558744788169861,-0.3473317623138428,0.5,2.936543369580491e-11
6.780219554901123,-0.9983488917350769,-0.27001166343688965,0.5,1.550888237278336e-11
6.7903664112091064,-0.9983488917350769,-0.07833705842494965,0.5,8.190768376048485e-12
6.8005051612854,-0.24493028223514557,-0.07833705842494965,0.5,8.190768376048485e-12
6.8106324672698975,-0.24493028223514557,0.1431407779455185,0.5,4.325821818806919e-12
6.820780992507935,0.39765381813049316,0.1431407779455185,0.5,4.325821818806919e-12
6.830923318862915,0.39765381813049316,0.3017055094242096,0.5,2.284613036945826e-12
6.8410515785217285,0.9293786287307739,0.3349554240703583,0.5,1.2065818179654575e-12
6.851241827011108,0.9293786287307739,0.3349554240703583,0.5,1.2065818179654575e-12
6.8614184856414795,0.6580771803855896,0.23425398766994476,0.5,6.372370621628154e-13
6.871541500091553,0.6580771803855896,0.04495076835155487,0.5,3.365464916298133e-13
6.881674528121948,-0.3931320905685425,0.04495076835155487,0.5,3.365464916298133e-13
6.89181113243103,-0.3931320905685425,-0.15482179820537567,0.5,1.7774162404480404e-13
6.90192437171936,-1.0,-0.2867010235786438,0.5,9.387139638739397e-14
6.912036895751953,-1.0,-0.2867010235786438,0.5,9.387139638739397e-14
6.922163009643555,-0.9369953870773315,-0.30242475867271423,0.5,4.9576675772468326e-14
6.932286024093628,-0.9369953870773315,-0.20047444105148315,0.5,2.618312840575298e-14
6.942412376403809,-0.24314019083976746,-0.20047444105148315,0.5,2.618312840575298e-14
6.952527046203613,-0.24314019083976746,-0.023828869685530663,0.5,1.3828204193148085e-14
6.962649822235107,0.7867330312728882,-0.023828869685530663,0.5,1.3828204193148085e-14
6.97276496887207,0.7867330312728882,0.15878452360630035,0.5,7.30314517628089e-15
6.982884883880615,1.0,0.27983900904655457,0.5,3.857041181804183e-15
6.992983341217041,1.0,0.27983900904655457,0.5,3.857041181804183e-15
7.003205299377441,0.4479440748691559,0.2976020872592926,0.5,2.03703398177484e-15
7.0133302211761475,-0.6372163891792297,0.2976020872592926,0.5,2.03703398177484e-15
7.023449659347534,-0.6372163891792297,0.2096465677022934,0.5,1.0758268165821723e-15
7.034559488296509,-1.0,0.051340848207473755,0.5,5.681807542326793e-16
7.044704437255859,-1.0,0.051340848207473755,0.5,5.681807542326793e-16
7.054839134216309,-1.0,-0.11891579627990723,0.5,3.000755564271432e-16
7.064972639083862,-0.965986430644989,-0.24145826697349548,0.5,1.584800629546266e-16
7.075116157531738,-0.16477073729038239,-0.24145826697349548,0.5,1.584800629546266e-16
7.085213661193848,-0.16477073729038239,-0.27600762248039246,0.5,8.369872688487623e-17
7.095334768295288,0.9293963313102722,-0.21422763168811798,0.5,4.4204151431752025e-17
7.105458736419678,0.9293963313102722,-0.21422763168811798,0.5,4.4204151431752025e-17
7.115572690963745,1.0,-0.08060108125209808,0.5,2.3345711988347437e-17
7.125679016113281,1.0,-0.08060108125209808,0.5,2.3345711988347437e-17
7.135791778564453,0.8233447074890137,0.07771388441324234,0.5,1.2329663043139812e-17
7.145944595336914,0.8233447074890137,0.2077859789133072,0.5,6.511715088118e-18
7.156092405319214,0.015690956264734268,0.2077859789133072,0.5,6.511715088118e-18
7.166211128234863,0.015690956264734268,0.26849132776260376,0.5,3.4390588177902536e-18
7.176331281661987,-0.7054136991500854,0.24303118884563446,0.5,1.8162834843745356e-18
7.186465740203857,-0.7054136991500854,0.24303118884563446,0.5,1.8162834843745356e-18
7.1966259479522705,-1.0,0.14279966056346893,0.5,9.59240824527731e-19
7.206805944442749,-1.0,0.0020919155795127153,0.5,5.066075933387144e-19
7.21697998046875,-1.0,0.0020919155795127153,0.5,5.066075933387144e-19
7.227110385894775,-0.6825934648513794,-0.13394537568092346,0.5,2.675566356115287e-19
7.237210273742676,0.09996439516544342,-0.13394537568092346,0.5,2.675566356115287e-19
7.247316360473633,0.09996439516544342,-0.22384467720985413,0.5,1.413056613799969e-19
7.257420539855957,1.0,-0.24218891561031342,0.5,7.462833179976219e-20
7.267527103424072,1.0,-0.24218891561031342,0.5,7.462833179976219e-20
7.277631998062134,1.0,-0.18626843392848969,0.5,3.9413760320868085e-20
7.2877516746521,1.0,-0.07550552487373352,0.5,2.0815740005368385e-20
7.297875165939331,0.7478967308998108,-0.07550552487373352,0.5,2.0815740005368385e-20
7.307992458343506,0.7478967308998108,0.05558793246746063,0.5,1.0993499336087531e-20
7.3181211948394775,-0.05010686814785004,0.16833607852458954,0.5,5.806041304027222e-21
7.3282151222229,-0.05010686814785004,0.16833607852458954,0.5,5.806041304027222e-21
7.338357925415039,-0.820516049861908,0.23123924434185028,0.5,3.066366608669743e-21
7.348483562469482,-0.820516049861908,0.23123924434185028,0.5,3.066366608669743e-21
7.35862135887146,-1.0,0.22846364974975586,0.5,1.6194524261104703e-21
7.368757963180542,-1.0,0.16332359611988068,0.5,8.552878906891206e-22
7.378882169723511,-1.0,0.16332359611988068,0.5,8.552878906891206e-22
7.389003753662109,-1.0,0.05619874596595764,0.5,4.517068030393448e-22
7.399141550064087,-0.20121583342552185,-0.06208192929625511,0.5,2.385617866197146e-22
7.4093053340911865,-0.20121583342552185,-0.06208192929625511,0.5,2.385617866197146e-22
7.4194536209106445,0.8974562883377075,-0.15921661257743835,0.5,1.259925723785756e-22
7.429598808288574,0.8974562883377075,-0.21015891432762146,0.5,6.654097271346962e-23
7.439737319946289,1.0,-0.21015891432762146,0.5,6.654097271346962e-23
7.449865818023682,1.0,-0.2032964676618576,0.5,3.514255425902014e-23
7.4600746631622314,1.0,-0.2032964676618576,0.5,3.514255425902014e-23
7.470199346542358,1.0,-0.14266693592071533,0.5,1.8559972279241669e-23
7.4803502559661865,0.4238602817058563,-0.04596182331442833,0.5,9.802152894309252e-24
7.490474700927734,0.4238602817058563,-0.04596182331442833,0.5,9.802152894309252e-24
7.50057578086853,-0.6427088379859924,0.06082256883382797,0.5,5.176851964428124e-24
7.5106847286224365,-0.6427088379859924,0.15045170485973358,0.5,2.7340706101318492e-24
7.520808458328247,-1.0,0.15045170485973358,0.5,2.7340706101318492e-24
7.5309507846832275,-1.0,0.2013222724199295,0.5,1.4439558500350545e-24
7.54113245010376,-1.0,0.20244541764259338,0.5,7.626018457498871e-25
7.551226854324341,-1.0,0.20244541764259338,0.5,7.626018457498871e-25
7.56140923500061,-0.7959933876991272,0.15547728538513184,0.5,4.027560413004019e-25
7.571566343307495,-0.7959933876991272,0.15547728538513184,0.5,4.027560413004019e-25
7.581692695617676,0.2424398958683014,0.07354902476072311,0.5,2.1270924334469884e-25
7.591848373413086,0.2424398958683014,-0.02256074734032154,0.5,1.1233898212911424e-25
7.601977348327637,0.9644643068313599,-0.02256074734032154,0.5,1.1233898212911424e-25
7.612101793289185,0.9644643068313599,-0.10978364944458008,0.5,5.933003146644599e-26
7.622220039367676,1.0,-0.16826876997947693,0.5,3.133419302337617e-26
7.6323535442352295,1.0,-0.16826876997947693,0.5,3.133419302337617e-26
7.642466306686401,1.0,-0.18575148284435272,0.5,1.6548651654760477e-26
7.652725458145142,1.0,-0.18575148284435272,0.5,1.6548651654760477e-26
7.6628663539886475,0.31133076548576355,-0.15987801551818848,0.5,8.739907835856186e-27
7.672968149185181,0.31133076548576355,-0.09812922030687332,0.5,4.6158447124618e-27
7.683067083358765,-0.6810033321380615,-0.09812922030687332,0.5,4.6158447124618e-27
7.693168878555298,-0.6810033321380615,-0.015557725913822651,0.5,2.4377860790439815e-27
7.703289985656738,-1.0,0.06897896528244019,0.5,1.2874768492890785e-27
7.713401556015015,-1.0,0.06897896528244019,0.5,1.2874768492890785e-27
7.723575592041016,-1.0,0.13714350759983063,0.5,6.7996015948060775e-28
7.733698129653931,-1.0,0.13714350759983063,0.5,6.7996015948060775e-28
7.7438178062438965,-0.8149750828742981,0.1750200390815735,0.5,3.5911014928490785e-28
7.75394606590271,-0.8149750828742981,0.17579412460327148,0.5,1.8965828646359062e-28
7.764043092727661,-0.22306303679943085,0.17579412460327148,0.5,1.8965828646359062e-28
7.774155139923096,-0.22306303679943085,0.14074668288230896,0.5,1.0016502843921737e-28
7.7843217849731445,0.6855973601341248,0.07849304378032684,0.5,5.290054695129824e-29
7.794433832168579,0.6855973601341248,0.07849304378032684,0.5,5.290054695129824e-29
7.804546356201172,1.0,0.0027706767432391644,0.5,2.793857496062635e-29
7.814677953720093,1.0,-0.07065460085868835,0.5,1.4755315162030062e-29
7.82480001449585,1.0,-0.07065460085868835,0.5,1.4755315162030062e-29
7.834901809692383,1.0,-0.12726642191410065,0.5,7.7927820004147e-30
7.845012903213501,0.7660247683525085,-0.12726642191410065,0.5,7.7927820004147e-30
7.855105638504028,0.7660247683525085,-0.15659171342849731,0.5,4.115629536353225e-30
7.8652098178863525,-0.06775175034999847,-0.15399973094463348,0.5,2.1736034067608576e-30
7.875304460525513,-0.06775175034999847,-0.15399973094463348,0.5,2.1736034067608576e-30
7.885403156280518,-0.63495934009552,-0.121239073574543,0.5,1.1479540228152904e-30
7.895522832870483,-0.63495934009552,-0.06571292877197266,0.5,6.062737186964875e-31
7.905648469924927,-1.0,-0.06571292877197266,0.5,6.062737186964875e-31
7.915759801864624,-1.0,0.0012644644593819976,0.5,3.201939406555116e-31
7.9258787631988525,-1.0,0.0012644644593819976,0.5,3.201939406555116e-31
7.936025381088257,-1.0,0.06681805104017258,0.5,1.691052302259603e-31
7.94616174697876,-0.6768357753753662,0.11898141354322433,0.5,8.931021690895022e-32
7.956272840499878,-0.6768357753753662,0.11898141354322433,0.5,8.931021690895022e-32
7.9663777351379395,-0.1677560657262802,0.14882223308086395,0.5,4.7167751139244764e-32
7.97844123840332,-0.1677560657262802,0.15186510980129242,0.5,2.491089114226566e-32
7.9886391162872314,0.6566763520240784,0.15186510980129242,0.5,2.491089114226566e-32
7.998790979385376,1.0,0.1286153942346573,0.5,1.3156295874244218e-32
8.008932828903198,1.0,0.08416472375392914,0.5,6.948287598309031e-33
8.019040584564209,1.0,0.08416472375392914,0.5,6.948287598309031e-33
8.029145956039429,1.0,0.027024241164326668,0.5,3.669627775012293e-33
8.039242267608643,0.9529390335083008,-0.032548703253269196,0.5,1.9380546176029908e-33
8.049342393875122,0.9529390335083008,-0.032548703253269196,0.5,1.9380546176029908e-33
8.059443473815918,0.21263964474201202,-0.08440076559782028,0.5,1.023552522428891e-33
8.069569110870361,0.21263964474201202,-0.08440076559782028,0.5,1.023552522428891e-33
8.079689264297485,-0.30097833275794983,-0.12018190324306488,0.5,5.4057284223821835e-34
8.089807033538818,-0.30097833275794983,-0.1346210241317749,0.5,2.8549481550147927e-34
8.09992003440857,-0.30097833275794983,-0.1346210241317749,0.5,2.8549481550147927e-34
8.110051155090332,-1.0,-0.12620235979557037,0.5,1.5077955835402092e-34
8.120165586471558,-1.0,-0.09718058258295059,0.5,7.963176405948125e-35
8.130289793014526,-1.0,-0.09718058258295059,0.5,7.963176405948125e-35
8.14041543006897,-1.0,-0.05298793688416481,0.5,4.2056211828374077e-35
8.150518655776978,-0.9911600947380066,-0.05298793688416481,0.5,4.2056211828374077e-35
8.160619974136353,-0.9911600947380066,-0.0011783175868913531,0.5,2.2211300097390323e-35
8.17073392868042,-0.28642499446868896,0.04988614842295647,0.5,1.1730543247372585e-35
8.180847406387329,0.16231848299503326,0.04988614842295647,0.5,1.1730543247372585e-35
8.190949440002441,0.16231848299503326,0.09237943589687347,0.5,6.195297187158715e-36
8.201050758361816,0.8708381056785583,0.12017631530761719,0.5,3.271947343033529e-36
8.211224555969238,0.8708381056785583,0.12017631530761719,0.5,3.271947343033529e-36
8.221395015716553,1.0,0.12967447936534882,0.5,1.7280263801471137e-36
8.231499195098877,1.0,0.12017808854579926,0.5,9.126295026832106e-37
8.241596698760986,1.0,0.12017808854579926,0.5,9.126295026832106e-37
8.251694440841675,1.0,0.09382186084985733,0.5,4.819906197891641e-37
8.261799812316895,0.7066265940666199,0.09382186084985733,0.5,4.819906197891641e-37
8.27193546295166,0.7066265940666199,0.05508548766374588,0.5,2.5455550697803758e-37
8.282052993774414,0.035871170461177826,0.010002993047237396,0.5,1.3443939757661292e-37
8.292177438735962,0.035871170461177826,0.010002993047237396,0.5,1.3443939757661292e-37
8.302376985549927,-0.6269077062606812,-0.034794099628925323,0.5,7.100199952530415e-38
8.312487125396729,-0.6269077062606812,-0.0730486735701561,0.5,3.749856753912867e-38
8.322616577148438,-0.8252831101417542,-0.0730486735701561,0.5,3.749856753912867e-38
8.332759380340576,-0.8252831101417542,-0.09972722083330154,0.5,1.9804275140505168e-38
8.342882871627808,-1.0,-0.11163833737373352,0.5,1.0459305750705078e-38
8.352999210357666,-1.0,-0.11163833737373352,0.5,1.0459305750705078e-38
8.363112926483154,-1.0,-0.10775400698184967,0.5,5.5239171450699646e-39
8.373208284378052,-1.0,-0.10775400698184967,0.5,5.5239171450699646e-39
8.383324384689331,-0.6962668299674988,-0.0892150029540062,0.5,2.917364674176301e-39
8.393441915512085,-0.6962668299674988,-0.05904579162597656,0.5,1.540755687494423e-39
8.40355372428894,-0.2485390305519104,-0.05904579162597656,0.5,1.540755687494423e-39
8.413830757141113,-0.2485390305519104,-0.021640736609697342,0.5,8.137270117410996e-40
8.424019813537598,0.4280514419078827,0.01789110153913498,0.5,4.297572195314565e-40
8.4341402053833,0.4280514419078827,0.01789110153913498,0.5,4.297572195314565e-40
8.444273710250854,0.8671899437904358,0.05442652478814125,0.5,2.2696550966976197e-40
8.45444631576538,0.8671899437904358,0.05442652478814125,0.5,2.2696550966976197e-40
8.464574337005615,1.0,0.08347970992326736,0.5,1.1986707063834485e-40
8.474714994430542,1.0,0.10172591358423233,0.5,6.330646072280226e-41
8.484850645065308,1.0,0.10172591358423233,0.5,6.330646072280226e-41
8.494982957839966,1.0,0.10734277218580246,0.5,3.3434981358790135e-41
8.505203485488892,0.788942813873291,0.1001410186290741,0.5,1.7656360650492695e-41
8.51532506942749,0.788942813873291,0.1001410186290741,0.5,1.7656360650492695e-41
8.525439023971558,0.13965679705142975,0.0814872533082962,0.5,9.325641280081658e-42
8.535558223724365,0.13965679705142975,0.05404419079422951,0.5,4.9227615051730824e-42
8.545664310455322,-0.27916935086250305,0.05404419079422951,0.5,4.9227615051730824e-42
8.555780172348022,-0.27916935086250305,0.02137574553489685,0.5,2.6008099497868605e-42
8.565881252288818,-0.9076564908027649,0.02137574553489685,0.5,2.6008099497868605e-42
8.575982093811035,-0.9076564908027649,-0.012525628320872784,0.5,1.3760750919669704e-42
8.586109638214111,-1.0,-0.04372721165418625,0.5,7.230700075916056e-43
8.596220970153809,-1.0,-0.04372721165418625,0.5,7.230700075916056e-43
8.606348752975464,-1.0,-0.06880205124616623,0.5,3.8956097308229915e-43
8.616637468338013,-1.0,-0.08518514782190323,0.5,2.1019476964872256e-43
8.626830339431763,-1.0,-0.08518514782190323,0.5,2.1019476964872256e-43
8.63697600364685,-1.0,-0.09140688925981522,0.5,1.401298464324817e-43
8.647100925445557,-0.4549626410007477,-0.09140688925981522,0.5,1.401298464324817e-43
8.6572105884552,-0.4549626410007477,-0.08718790113925934,0.5,1.401298464324817e-43
8.667323589324951,0.15574878454208374,-0.0733962282538414,0.5,1.401298464324817e-43
8.677435874938965,0.15574878454208374,-0.0733962282538414,0.5,1.401298464324817e-43
8.687541723251343,0.5669910907745361,-0.05188309773802757,0.5,1.401298464324817e-43
8.697658061981201,0.5669910907745361,-0.05188309773802757,0.5,1.401298464324817e-43
8.70776653289795,1.0,-0.025224845856428146,0.5,1.401298464324817e-43
8.717902421951294,1.0,0.0035931130405515432,0.5,1.401298464324817e-43
8.728041648864746,1.0,0.0035931130405515432,0.5,1.401298464324817e-43
8.738153219223022,1.0,0.031512610614299774,0.5,1.401298464324817e-43
8.74829649925232,1.0,0.05572200194001198,0.5,1.401298464324817e-43
8.758395910263062,1.0,0.05572200194001198,0.5,1.401298464324817e-43
8.768529415130615,0.8276183009147644,0.07392729073762894,0.5,1.401298464324817e-43
8.778665781021118,0.8276183009147644,0.08455077558755875,0.5,1.401298464324817e-43
8.788779973983765,0.4261757731437683,0.08455077558755875,0.5,1.401298464324817e-43
8.798904418945312,0.4261757731437683,0.08684403449296951,0.5,1.401298464324817e-43
8.809035778045654,-0.15323665738105774,0.08684403449296951,0.5,1.401298464324817e-43
8.819156408309937,-0.15323665738105774,0.08091018348932266,0.5,1.401298464324817e-43
8.829297542572021,-0.7188125848770142,0.067641481757164,0.5,1.401298464324817e-43
8.839414358139038,-0.7188125848770142,0.067641481757164,0.5,1.401298464324817e-43
8.849527835845947,-1.0,0.04858497157692909,0.5,1.401298464324817e-43
8.859665632247925,-1.0,0.025755422189831734,0.5,1.401298464324817e-43
8.8698251247406,-1.0,0.025755422189831734,0.5,1.401298464324817e-43
8.87996506690979,-1.0,0.0014173961244523525,0.5,1.401298464324817e-43
8.89009952545166,-1.0,-0.022140121087431908,0.5,1.401298464324817e-43
8.900245428085327,-1.0,-0.022140121087431908,0.5,1.401298464324817e-43
8.910399436950684,-0.8236466646194458,-0.0428149476647377,0.5,1.401298464324817e-43
8.920515298843384,-0.8236466646194458,-0.0428149476647377,0.5,1.401298464324817e-43
8.93062686920166,-0.44664591550827026,-0.05887075886130333,0.5,1.401298464324817e-43
8.940810203552246,-0.44664591550827026,-0.05887075886130333,0.5,1.401298464324817e-43
8.950938940048218,-0.44664591550827026,-0.06906981021165848,0.5,1.401298464324817e-43
8.961060047149658,-0.06750030070543289,-0.07275200635194778,0.5,1.401298464324817e-43
8.97117829322815,-0.06750030070543289,-0.07275200635194778,0.5,1.401298464324817e-43
8.981309175491333,0.4969784915447235,-0.06985681504011154,0.5,1.401298464324817e-43
8.991482734680176,0.8606811165809631,-0.06985681504011154,0.5,1.401298464324817e-43
9.001577377319336,0.8606811165809631,-0.06089166924357414,0.5,1.401298464324817e-43
9.011717319488525,0.8606811165809631,-0.04685352370142937,0.5,1.401298464324817e-43
9.021844863891602,1.0,-0.04685352370142937,0.5,1.401298464324817e-43
9.031980752944946,1.0,-0.02911452017724514,0.5,1.401298464324817e-43
9.042109966278076,1.0,-0.0092841237783432,0.5,1.401298464324817e-43
9.052238464355469,0.95722895860672,-0.0092841237783432,0.5,1.401298464324817e-43
9.062406778335571,0.95722895860672,0.0109381889924407,0.5,1.401298464324817e-43
9.072518825531006,0.95722895860672,0.029907245188951492,0.5,1.401298464324817e-43
9.082629442214966,0.5960710644721985,0.029907245188951492,0.5,1.401298464324817e-43
9.09273886680603,0.25676146149635315,0.046161506325006485,0.5,1.401298464324817e-43
9.102853298187256,0.25676146149635315,0.058528151363134384,0.5,1.401298464324817e-43
9.112945318222046,0.25676146149635315,0.058528151363134384,0.5,1.401298464324817e-43
9.123047113418579,-0.09492950886487961,0.06619786471128464,0.5,1.401298464324817e-43
9.133152484893799,-0.6281300187110901,0.06619786471128464,0.5,1.401298464324817e-43
9.143285512924194,-0.6281300187110901,0.06876523047685623,0.5,1.401298464324817e-43
9.1533784866333,-0.6281300187110901,0.06623532623052597,0.5,1.401298464324817e-43
9.163476943969727,-0.9754292964935303,0.06623532623052597,0.5,1.401298464324817e-43
9.173584699630737,-1.0,0.058997612446546555,0.5,1.401298464324817e-43
9.183687210083008,-1.0,0.04777336120605469,0.5,1.401298464324817e-43
9.193793535232544,-1.0,0.04777336120605469,0.5,1.401298464324817e-43
9.20390248298645,-1.0,0.03354131057858467,0.5,1.401298464324817e-43
9.214018821716309,-1.0,0.03354131057858467,0.5,1.401298464324817e-43
9.224155902862549,-1.0,0.01744995266199112,0.5,1.401298464324817e-43
9.234317541122437,-0.8090366721153259,0.0007235802477225661,0.5,1.401298464324817e-43
9.24445390701294,-0.8090366721153259,0.0007235802477225661,0.5,1.401298464324817e-43
9.254645347595215,-0.3017565608024597,-0.015430277213454247,0.5,1.401298464324817e-43
9.264825344085693,-0.3017565608024597,-0.029905524104833603,0.5,1.401298464324817e-43
9.274936199188232,0.20236895978450775,-0.029905524104833603,0.5,1.401298464324817e-43
9.285058498382568,0.20236895978450775,-0.0417688712477684,0.5,1.401298464324817e-43
9.295201301574707,0.5262120366096497,-0.0417688712477684,0.5,1.401298464324817e-43
9.305377960205078,0.5262120366096497,-0.05031387135386467,0.5,1.401298464324817e-43
9.315500736236572,0.8539420366287231,-0.05509534478187561,0.5,1.401298464324817e-43
9.325605869293213,0.8539420366287231,-0.05509534478187561,0.5,1.401298464324817e-43
9.335742235183716,1.0,-0.05594354495406151,0.5,1.401298464324817e-43
9.3458833694458,1.0,-0.05295836925506592,0.5,1.401298464324817e-43
9.355995178222656,1.0,-0.05295836925506592,0.5,1.401298464324817e-43
9.366109132766724,1.0,-0.046486224979162216,0.5,1.401298464324817e-43
9.376211643218994,1.0,-0.03708215430378914,0.5,1.401298464324817e-43
9.386335372924805,1.0,-0.03708215430378914,0.5,1.401298464324817e-43
9.396448135375977,0.8777021169662476,-0.0254609864205122,0.5,1.401298464324817e-43
9.406568765640259,0.8777021169662476,-0.0254609864205122,0.5,1.401298464324817e-43
9.416687965393066,0.5446674227714539,-0.01244184747338295,0.5,1.401298464324817e-43
9.426812648773193,0.5446674227714539,0.001110117300413549,0.5,1.401298464324817e-43
9.436936140060425,0.21744897961616516,0.001110117300413549,0.5,1.401298464324817e-43
9.447084426879883,0.21744897961616516,0.014340592548251152,0.5,1.401298464324817e-43
9.457324743270874,-0.40948686003685,0.02645820938050747,0.5,1.401298464324817e-43
9.467479228973389,-0.40948686003685,0.02645820938050747,0.5,1.401298464324817e-43
9.477673292160034,-0.7073606848716736,0.0367790125310421,0.5,1.401298464324817e-43
9.487823724746704,-0.7073606848716736,0.04476106911897659,0.5,1.401298464324817e-43
9.497994661331177,-1.0,0.04476106911897659,0.5,1.401298464324817e-43
9.508137702941895,-1.0,0.050028055906295776,0.5,1.401298464324817e-43
9.518308639526367,-1.0,0.050028055906295776,0.5,1.401298464324817e-43
9.528454780578613,-1.0,0.05238122120499611,0.5,1.401298464324817e-43
9.538575410842896,-1.0,0.05180012434720993,0.5,1.401298464324817e-43
9.54870867729187,-1.0,0.05180012434720993,0.5,1.401298464324817e-43
9.558836221694946,-1.0,0.04843265935778618,0.5,1.401298464324817e-43
9.568989038467407,-1.0,0.04257633537054062,0.5,1.401298464324817e-43
9.57912826538086,-0.9954717755317688,0.04257633537054062,0.5,1.401298464324817e-43
9.589216947555542,-0.9954717755317688,0.03465229272842407,0.5,1.401298464324817e-43
9.599354028701782,-0.5427190661430359,0.0251742135733366,0.5,1.401298464324817e-43
9.609480619430542,-0.5427190661430359,0.0251742135733366,0.5,1.401298464324817e-43
9.61959171295166,-0.2475847750902176,0.014714345335960388,0.5,1.401298464324817e-43
9.629719018936157,-0.2475847750902176,0.014714345335960388,0.5,1.401298464324817e-43
9.639870166778564,0.1833178848028183,0.0038688015192747116,0.5,1.401298464324817e-43
9.650067329406738,0.1833178848028183,-0.0067760152742266655,0.5,1.401298464324817e-43
9.660223245620728,0.468607634305954,-0.0067760152742266655,0.5,1.401298464324817e-43
9.670352697372437,0.468607634305954,-0.01667395979166031,0.5,1.401298464324817e-43
9.680453300476074,0.9042174816131592,-0.025345349684357643,0.5,1.401298464324817e-43
9.690561056137085,0.9042174816131592,-0.025345349684357643,0.5,1.401298464324817e-43
9.700665950775146,1.0,-0.03239782154560089,0.5,1.401298464324817e-43
9.71079421043396,1.0,-0.03239782154560089,0.5,1.401298464324817e-43
9.720930576324463,1.0,-0.03754105418920517,0.5,1.401298464324817e-43
9.731052875518799,1.0,-0.040595222264528275,0.5,1.401298464324817e-43
9.741160869598389,1.0,-0.040595222264528275,0.5,1.401298464324817e-43
9.751320362091064,1.0,-0.04149322956800461,0.5,1.401298464324817e-43
9.761447191238403,1.0,-0.040277041494846344,0.5,1.401298464324817e-43
9.771576404571533,1.0,-0.040277041494846344,0.5,1.401298464324817e-43
9.781683921813965,0.8846942186355591,-0.03708897903561592,0.5,1.401298464324817e-43
9.791785955429077,0.8846942186355591,-0.03215854987502098,0.5,1.401298464324817e-43
9.801887512207031,0.6238969564437866,-0.03215854987502098,0.5,1.401298464324817e-43
9.812647819519043,0.6238969564437866,-0.02578607387840748,0.5,1.401298464324817e-43
9.822844505310059,0.08685854822397232,-0.02578607387840748,0.5,1.401298464324817e-43
9.832965850830078,0.08685854822397232,-0.01832417957484722,0.5,1.401298464324817e-43
9.843087196350098,-0.16805601119995117,-0.010157999582588673,0.5,1.401298464324817e-43
9.853296041488647,-0.442859411239624,-0.010157999582588673,0.5,1.401298464324817e-43
9.863423347473145,-0.442859411239624,-0.0016853032866492867,0.5,1.401298464324817e-43
9.87354326248169,-0.442859411239624,0.006702425889670849,0.5,1.401298464324817e-43
9.883699178695679,-0.8533582091331482,0.006702425889670849,0.5,1.401298464324817e-43
9.89382266998291,-1.0,0.014637344516813755,0.5,1.401298464324817e-43
9.903940439224243,-1.0,0.02179022692143917,0.5,1.401298464324817e-43
9.91403579711914,-1.0,0.02179022692143917,0.5,1.401298464324817e-43
9.92413854598999,-1.0,0.027882682159543037,0.5,1.401298464324817e-43
9.93429970741272,-1.0,0.027882682159543037,0.5,1.401298464324817e-43
9.944478273391724,-1.0,0.03269614651799202,0.5,1.401298464324817e-43
9.95464015007019,-1.0,0.03607766330242157,0.5,1.401298464324817e-43
9.964788436889648,-1.0,0.03607766330242157,0.5,1.401298464324817e-43
9.97491979598999,-1.0,0.03794238343834877,0.5,1.401298464324817e-43
9.985060930252075,-1.0,0.038272980600595474,0.5,1.401298464324817e-43
9.995206832885742,-0.7246444821357727,0.038272980600595474,0.5,1.401298464324817e-43
10.005378007888794,-0.7246444821357727,0.037116046994924545,0.5,1.401298464324817e-43
10.015506505966187,-0.48838576674461365,0.037116046994924545,0.5,1.401298464324817e-43
10.025630235671997,-0.48838576674461365,0.03457650542259216,0.5,1.401298464324817e-43
10.03575325012207,-0.10935122519731522,0.030809519812464714,0.5,1.401298464324817e-43
10.045875072479248,-0.10935122519731522,0.030809519812464714,0.5,1.401298464324817e-43
10.055991172790527,0.2655012905597687,0.02601120062172413,0.5,1.401298464324817e-43
10.066116333007812,0.2655012905597687,0.0204082652926445,0.5,1.401298464324817e-43
10.076258897781372,0.38501229882240295,0.0204082652926445,0.5,1.401298464324817e-43
10.08667540550232,0.38501229882240295,0.01424721535295248,0.5,1.401298464324817e-43
10.096844911575317,0.8637948632240295,0.007783480919897556,0.5,1.401298464324817e-43
10.106977462768555,0.8637948632240295,0.007783480919897556,0.5,1.401298464324817e-43
10.117102146148682,1.0,0.001271069166250527,0.5,1.401298464324817e-43
10.127221822738647,1.0,0.001271069166250527,0.5,1.401298464324817e-43
10.137343406677246,1.0,-0.0050470661371946335,0.5,1.401298464324817e-43
10.147473335266113,1.0,-0.010947488248348236,0.5,1.401298464324817e-43
10.157581806182861,1.0,-0.010947488248348236,0.5,1.401298464324817e-43
10.167688846588135,1.0,-0.01623339019715786,0.5,1.401298464324817e-43
10.177793025970459,1.0,-0.020740197971463203,0.5,1.401298464324817e-43
10.187915563583374,1.0,-0.020740197971463203,0.5,1.401298464324817e-43
10.19804573059082,1.0,-0.024339620023965836,0.5,1.401298464324817e-43
10.209430694580078,1.0,-0.024339620023965836,0.5,1.401298464324817e-43
10.219675064086914,0.9130856990814209,-0.026941968128085136,0.5,1.401298464324817e-43
10.2298002243042,0.9130856990814209,-0.02849699929356575,0.5,1.401298464324817e-43
10.240116357803345,0.5758247971534729,-0.028993261978030205,0.5,1.401298464324817e-43
10.250208616256714,0.5758247971534729,-0.028993261978030205,0.5,1.401298464324817e-43
10.260316371917725,0.3632533550262451,-0.028456123545765877,0.5,1.401298464324817e-43
10.270427227020264,0.3632533550262451,-0.028456123545765877,0.5,1.401298464324817e-43
10.280534982681274,0.03423384949564934,-0.026944588869810104,0.5,1.401298464324817e-43
10.290633201599121,0.03423384949564934,-0.024547254666686058,0.5,1.401298464324817e-43
10.300732851028442,-0.18204030394554138,-0.024547254666686058,0.5,1.401298464324817e-43
10.310829162597656,-0.18204030394554138,-0.021377459168434143,0.5,1.401298464324817e-43
10.320940971374512,-0.5400504469871521,-0.017568081617355347,0.5,1.401298464324817e-43
10.331064701080322,-0.5400504469871521,-0.017568081617355347,0.5,1.401298464324817e-43
10.341217756271362,-0.7960818409919739,-0.013265902176499367,0.5,1.401298464324817e-43
10.35131287574768,-0.7960818409919739,-0.013265902176499367,0.5,1.401298464324817e-43
10.36140489578247,-1.0,-0.00862597580999136,0.5,1.401298464324817e-43
10.37150526046753,-1.0,-0.0038061796221882105,0.5,1.401298464324817e-43
10.381622552871704,-1.0,-0.0038061796221882105,0.5,1.401298464324817e-43
10.391729593276978,-1.0,0.0010380023159086704,0.5,1.401298464324817e-43
10.401844263076782,-1.0,0.0057582128793001175,0.5,1.401298464324817e-43
10.411943674087524,-1.0,0.0057582128793001175,0.5,1.401298464324817e-43
10.422042608261108,-1.0,0.01021738164126873,0.5,1.401298464324817e-43
10.432146787643433,-1.0,0.014293256215751171,0.5,1.401298464324817e-43
10.442269563674927,-1.0,0.014293256215751171,0.5,1.401298464324817e-43
10.452380180358887,-1.0,0.01788119599223137,0.5,1.401298464324817e-43
10.462491750717163,-1.0,0.01788119599223137,0.5,1.401298464324817e-43
10.472601413726807,-1.0,0.020896218717098236,0.5,1.401298464324817e-43
10.482717752456665,-0.7815207242965698,0.023274322971701622,0.5,1.401298464324817e-43
10.49286437034607,-0.7815207242965698,0.023274322971701622,0.5,1.401298464324817e-43
10.503004789352417,-0.5558440685272217,0.024973073974251747,0.5,1.401298464324817e-43
10.513116598129272,-0.5558440685272217,0.025971516966819763,0.5,1.401298464324817e-43
10.523221731185913,-0.22163251042366028,0.025971516966819763,0.5,1.401298464324817e-43
10.53340196609497,0.0020349728874862194,0.02626945450901985,0.5,1.401298464324817e-43
10.543498754501343,0.0020349728874862194,0.025886179879307747,0.5,1.401298464324817e-43
10.55359697341919,0.0020349728874862194,0.025886179879307747,0.5,1.401298464324817e-43
10.563718795776367,0.31368568539619446,0.024858716875314713,0.5,1.401298464324817e-43
10.573835372924805,0.31368568539619446,0.024858716875314713,0.5,1.401298464324817e-43
10.58399772644043,0.6400825381278992,0.02323974296450615,0.5,1.401298464324817e-43
10.594151496887207,0.6400825381278992,0.021095119416713715,0.5,1.401298464324817e-43
10.604292392730713,0.8738141655921936,0.021095119416713715,0.5,1.401298464324817e-43
10.614425897598267,1.0,0.018501361832022667,0.5,1.401298464324817e-43
10.624568700790405,1.0,0.01554289273917675,0.5,1.401298464324817e-43
10.634703636169434,1.0,0.01554289273917675,0.5,1.401298464324817e-43
10.644833326339722,1.0,0.012309335172176361,0.5,1.401298464324817e-43
10.654967308044434,1.0,0.012309335172176361,0.5,1.401298464324817e-43
10.665097951889038,1.0,0.008892820216715336,0.5,1.401298464324817e-43
10.675198793411255,1.0,0.005385471507906914,0.5,1.401298464324817e-43
10.685294151306152,1.0,0.005385471507906914,0.5,1.401298464324817e-43
10.695415735244751,1.0,0.0018770183669403195,0.5,1.401298464324817e-43
10.705523252487183,1.0,-0.0015473198145627975,0.5,1.401298464324817e-43
10.715620040893555,1.0,-0.0015473198145627975,0.5,1.401298464324817e-43
10.726220846176147,1.0,-0.004808691795915365,0.5,1.401298464324817e-43
10.7363760471344,1.0,-0.00783618539571762,0.5,1.401298464324817e-43
10.746517419815063,0.9479407072067261,-0.00783618539571762,0.5,1.401298464324817e-43
10.75663423538208,0.6502593159675598,-0.010568078607320786,0.5,1.401298464324817e-43
10.76675796508789,0.6502593159675598,-0.010568078607320786,0.5,1.401298464324817e-43
10.776887893676758,0.44275856018066406,-0.012952766381204128,0.5,1.401298464324817e-43
10.786999940872192,0.44275856018066406,-0.014949385076761246,0.5,1.401298464324817e-43
10.797152996063232,0.16116148233413696,-0.014949385076761246,0.5,1.401298464324817e-43
10.807336330413818,0.16116148233413696,-0.016528116539120674,0.5,1.401298464324817e-43
10.81745457649231,-0.10746152698993683,-0.017670217901468277,0.5,1.401298464324817e-43
10.827605724334717,-0.10746152698993683,-0.017670217901468277,0.5,1.401298464324817e-43
10.837734460830688,-0.2684987187385559,-0.01836777664721012,0.5,1.401298464324817e-43
10.847872018814087,-0.2684987187385559,-0.01862320862710476,0.5,1.401298464324817e-43
10.857996463775635,-0.5371551513671875,-0.01862320862710476,0.5,1.401298464324817e-43
10.868135929107666,-0.5371551513671875,-0.018448583781719208,0.5,1.401298464324817e-43
10.878303527832031,-0.7337155342102051,-0.018448583781719208,0.5,1.401298464324817e-43
10.888431310653687,-0.7337155342102051,-0.017864778637886047,0.5,1.401298464324817e-43
10.898556232452393,-0.9937413930892944,-0.01690044440329075,0.5,1.401298464324817e-43
10.908682346343994,-0.9937413930892944,-0.01690044440329075,0.5,1.401298464324817e-43
10.918792963027954,-1.0,-0.01559092104434967,0.5,1.401298464324817e-43
10.928895473480225,-1.0,-0.013977039605379105,0.5,1.401298464324817e-43
10.93900465965271,-1.0,-0.013977039605379105,0.5,1.401298464324817e-43
10.949126720428467,-1.0,-0.012103945016860962,0.5,1.401298464324817e-43
10.95921802520752,-1.0,-0.012103945016860962,0.5,1.401298464324817e-43
10.969362497329712,-1.0,-0.010019839741289616,0.5,1.401298464324817e-43
10.97952914237976,-1.0,-0.007774817291647196,0.5,1.401298464324817e-43
10.989647626876831,-1.0,-0.007774817291647196,0.5,1.401298464324817e-43
10.999757528305054,-1.0,-0.005419653840363026,0.5,1.401298464324817e-43
11.009885787963867,-1.0,-0.0030047849286347628,0.5,1.401298464324817e-43
11.02003002166748,-1.0,-0.0030047849286347628,0.5,1.401298464324817e-43
11.030145645141602,-1.0,-0.000579261512029916,0.5,1.401298464324817e-43
11.04022479057312,-0.9825036525726318,0.0018101312452927232,0.5,1.401298464324817e-43
11.050359725952148,-0.9825036525726318,0.0018101312452927232,0.5,1.401298464324817e-43
11.060492515563965,-0.8344749212265015,0.0041196709498763084,0.5,1.401298464324817e-43
11.07062840461731,-0.8344749212265015,0.0041196709498763084,0.5,1.401298464324817e-43
11.08074951171875,-0.5860482454299927,0.006309370510280132,0.5,1.401298464324817e-43
11.090888738632202,-0.5860482454299927,0.008343524299561977,0.5,1.401298464324817e-43
11.101012945175171,-0.4642829895019531,0.008343524299561977,0.5,1.401298464324817e-43
11.111129522323608,-0.4642829895019531,0.010191131383180618,0.5,1.401298464324817e-43
11.12130331993103,-0.2181732952594757,0.011826200410723686,0.5,1.401298464324817e-43
11.131462335586548,-0.2181732952594757,0.011826200410723686,0.5,1.401298464324817e-43
11.141623973846436,-0.042332664132118225,0.013227930292487144,0.5,1.401298464324817e-43
11.151781558990479,-0.042332664132118225,0.014380770735442638,0.5,1.401298464324817e-43
11.16193151473999,0.2277102768421173,0.014380770735442638,0.5,1.401298464324817e-43
11.172114372253418,0.2277102768421173,0.015274401754140854,0.5,1.401298464324817e-43
11.18227481842041,0.5039910674095154,0.015274401754140854,0.5,1.401298464324817e-43
11.192386150360107,0.5039910674095154,0.015903592109680176,0.5,1.401298464324817e-43
11.202505826950073,0.6781045198440552,0.016267992556095123,0.5,1.401298464324817e-43
11.212619066238403,0.6781045198440552,0.016267992556095123,0.5,1.401298464324817e-43
11.222711324691772,0.9359468221664429,0.016371818259358406,0.5,1.401298464324817e-43
11.232829809188843,0.9359468221664429,0.016371818259358406,0.5,1.401298464324817e-43
11.242949485778809,1.0,0.01622353121638298,0.5,1.401298464324817e-43
11.25307822227478,1.0,0.01583540253341198,0.5,1.401298464324817e-43
11.263222694396973,1.0,0.01583540253341198,0.5,1.401298464324817e-43
11.2733314037323,1.0,0.015223093330860138,0.5,1.401298464324817e-43
11.283424854278564,1.0,0.014405161142349243,0.5,1.401298464324817e-43
11.293545722961426,1.0,0.014405161142349243,0.5,1.401298464324817e-43
11.303693532943726,1.0,0.013402575626969337,0.5,1.401298464324817e-43
11.313820838928223,1.0,0.012238239869475365,0.5,1.401298464324817e-43
11.323922395706177,1.0,0.012238239869475365,0.5,1.401298464324817e-43
11.334056615829468,1.0,0.010936466977000237,0.5,1.401298464324817e-43
11.34420919418335,1.0,0.00952250324189663,0.5,1.401298464324817e-43
11.354341506958008,1.0,0.00952250324189663,0.5,1.401298464324817e-43
11.364503383636475,1.0,0.00802207924425602,0.5,1.401298464324817e-43
11.37467908859253,1.0,0.00802207924425602,0.5,1.401298464324817e-43
11.384806632995605,0.9469793438911438,0.006460961420089006,0.5,1.401298464324817e-43
11.394937515258789,0.9469793438911438,0.004864536225795746,0.5,1.401298464324817e-43
11.405066013336182,0.7102261781692505,0.004864536225795746,0.5,1.401298464324817e-43
11.41520619392395,0.7102261781692505,0.0032574450597167015,0.5,1.401298464324817e-43
11.425316095352173,0.5579878091812134,0.0016632499173283577,0.5,1.401298464324817e-43
11.435405015945435,0.5579878091812134,0.0016632499173283577,0.5,1.401298464324817e-43
11.445499181747437,0.42199137806892395,0.00010413035488454625,0.5,1.401298464324817e-43
11.455614805221558,0.42199137806892395,0.00010413035488454625,0.5,1.401298464324817e-43
11.465752363204956,0.24223613739013672,-0.0013993614120408893,0.5,1.401298464324817e-43
11.475845336914062,0.24223613739013672,-0.00282851024530828,0.5,1.401298464324817e-43
11.485968828201294,0.10600537806749344,-0.00282851024530828,0.5,1.401298464324817e-43
11.496134757995605,0.10600537806749344,-0.00416660076007247,0.5,1.401298464324817e-43
11.506197690963745,-0.1089470237493515,-0.005399046465754509,0.5,1.401298464324817e-43
11.516305923461914,-0.1089470237493515,-0.005399046465754509,0.5,1.401298464324817e-43
11.526430606842041,-0.2509056031703949,-0.006513467989861965,0.5,1.401298464324817e-43
11.536547660827637,-0.2509056031703949,-0.006513467989861965,0.5,1.401298464324817e-43
11.546658992767334,-0.4406772255897522,-0.007499728351831436,0.5,1.401298464324817e-43
11.55678105354309,-0.4406772255897522,-0.008349956013262272,0.5,1.401298464324817e-43
11.56688666343689,-0.5746899247169495,-0.008349956013262272,0.5,1.401298464324817e-43
11.576999425888062,-0.5746899247169495,-0.009058507159352303,0.5,1.401298464324817e-43
11.587118864059448,-0.792316734790802,-0.009058507159352303,0.5,1.401298464324817e-43
11.597218990325928,-0.792316734790802,-0.009621904231607914,0.5,1.401298464324817e-43
11.607370853424072,-0.9626604914665222,-0.0100387679412961,0.5,1.401298464324817e-43
11.617557764053345,-0.9626604914665222,-0.0100387679412961,0.5,1.401298464324817e-43
11.62767767906189,-1.0,-0.010309696197509766,0.5,1.401298464324817e-43
11.637782096862793,-1.0,-0.010437125340104103,0.5,1.401298464324817e-43
11.647908210754395,-1.0,-0.010437125340104103,0.5,1.401298464324817e-43
11.658021688461304,-1.0,-0.010425212793052197,0.5,1.401298464324817e-43
11.668128490447998,-1.0,-0.01027966570109129,0.5,1.401298464324817e-43
11.678209066390991,-1.0,-0.01027966570109129,0.5,1.401298464324817e-43
11.688320398330688,-1.0,-0.010007563047111034,0.5,1.401298464324817e-43
11.698412656784058,-1.0,-0.010007563047111034,0.5,1.401298464324817e-43
11.708525657653809,-1.0,-0.00961719173938036,0.5,1.401298464324817e-43
11.718617677688599,-1.0,-0.009117864072322845,0.5,1.401298464324817e-43
11.728735446929932,-1.0,-0.009117864072322845,0.5,1.401298464324817e-43
11.738845348358154,-1.0,-0.008519742637872696,0.5,1.401298464324817e-43
11.748956680297852,-1.0,-0.007833654060959816,0.5,1.401298464324817e-43
11.759065866470337,-1.0,-0.007833654060959816,0.5,1.401298464324817e-43
11.76916790008545,-1.0,-0.007070917636156082,0.5,1.401298464324817e-43
11.779289722442627,-1.0,-0.006243180483579636,0.5,1.401298464324817e-43
11.789426803588867,-0.9646790027618408,-0.006243180483579636,0.5,1.401298464324817e-43
11.799553871154785,-0.8460083603858948,-0.005362256895750761,0.5,1.401298464324817e-43
11.810161352157593,-0.8460083603858948,-0.005362256895750761,0.5,1.401298464324817e-43
11.820416688919067,-0.8460083603858948,-0.004439969081431627,0.5,1.401298464324817e-43
11.830546617507935,-0.6526243090629578,-0.0034880167804658413,0.5,1.401298464324817e-43
11.840680122375488,-0.6526243090629578,-0.0034880167804658413,0.5,1.401298464324817e-43
11.850821495056152,-0.5339253544807434,-0.0025178410578519106,0.5,1.401298464324817e-43
11.861015796661377,-0.5339253544807434,-0.0015405126614496112,0.5,1.401298464324817e-43
11.871156215667725,-0.3159143626689911,-0.0015405126614496112,0.5,1.401298464324817e-43
11.881316184997559,-0.3159143626689911,-0.0005666204378940165,0.5,1.401298464324817e-43
11.89144492149353,-0.10677599906921387,0.00039381408714689314,0.5,1.401298464324817e-43
11.901582956314087,0.01573997363448143,0.00039381408714689314,0.5,1.401298464324817e-43
11.911709070205688,0.01573997363448143,0.001331418170593679,0.5,1.401298464324817e-43
11.921854257583618,0.01573997363448143,0.001331418170593679,0.5,1.401298464324817e-43
11.931983947753906,0.18417418003082275,0.002237530192360282,0.5,1.401298464324817e-43
11.94213342666626,0.28243690729141235,0.003104256233200431,0.5,1.401298464324817e-43
11.952288627624512,0.28243690729141235,0.003104256233200431,0.5,1.401298464324817e-43
11.962411403656006,0.4104462265968323,0.003924502991139889,0.5,1.401298464324817e-43
11.972556591033936,0.4104462265968323,0.004692011047154665,0.5,1.401298464324817e-43
11.982696533203125,0.5945356488227844,0.004692011047154665,0.5,1.401298464324817e-43
11.992842674255371,0.5945356488227844,0.005401373840868473,0.5,1.401298464324817e-43
12.002957582473755,0.7597267031669617,0.005401373840868473,0.5,1.401298464324817e-43
12.013282299041748,0.7597267031669617,0.006048031151294708,0.5,1.401298464324817e-43
12.02353572845459,0.8597224950790405,0.0066282846964895725,0.5,1.401298464324817e-43
12.033690214157104,0.8597224950790405,0.0066282846964895725,0.5,1.401298464324817e-43
12.043824195861816,0.9717764854431152,0.0071392604149878025,0.5,1.401298464324817e-43
12.053950786590576,0.9717764854431152,0.007578911259770393,0.5,1.401298464324817e-43
12.06407642364502,1.0,0.007578911259770393,0.5,1.401298464324817e-43
12.074203252792358,1.0,0.007945972494781017,0.5,1.401298464324817e-43
12.084322929382324,1.0,0.008239937014877796,0.5,1.401298464324817e-43
12.094432353973389,1.0,0.008239937014877796,0.5,1.401298464324817e-43
12.104557514190674,1.0,0.008461005054414272,0.5,1.401298464324817e-43
12.114672422409058,1.0,0.008461005054414272,0.5,1.401298464324817e-43
12.12479281425476,1.0,0.00861004926264286,0.5,1.401298464324817e-43
12.134926795959473,1.0,0.00868856068700552,0.5,1.401298464324817e-43
12.14510989189148,1.0,0.00868856068700552,0.5,1.401298464324817e-43
12.15526819229126,1.0,0.008698596619069576,0.5,1.401298464324817e-43
12.165426969528198,1.0,0.008642725646495819,0.5,1.401298464324817e-43
12.175549507141113,1.0,0.008642725646495819,0.5,1.401298464324817e-43
12.185646295547485,1.0,0.008523986674845219,0.5,1.401298464324817e-43
12.195792198181152,1.0,0.008345800451934338,0.5,1.401298464324817e-43
12.205925941467285,1.0,0.008345800451934338,0.5,1.401298464324817e-43
12.216033697128296,1.0,0.008111951872706413,0.5,1.401298464324817e-43
12.226165056228638,1.0,0.007826507091522217,0.5,1.401298464324817e-43
12.236288785934448,1.0,0.007826507091522217,0.5,1.401298464324817e-43
12.24638819694519,0.9564493894577026,0.007493778597563505,0.5,1.401298464324817e-43
12.256508588790894,0.9564493894577026,0.007493778597563505,0.5,1.401298464324817e-43
12.266623735427856,0.8556836843490601,0.0071182530373334885,0.5,1.401298464324817e-43
12.276726245880127,0.8556836843490601,0.006704557221382856,0.5,1.401298464324817e-43
12.286866664886475,0.69314044713974,0.006704557221382856,0.5,1.401298464324817e-43
12.296998977661133,0.69314044713974,0.006257400382310152,0.5,1.401298464324817e-43
12.307126522064209,0.5649849772453308,0.006257400382310152,0.5,1.401298464324817e-43
12.317214488983154,0.5649849772453308,0.005781532730907202,0.5,1.401298464324817e-43
12.327338218688965,0.3881646692752838,0.005281695164740086,0.5,1.401298464324817e-43
12.337461948394775,0.3881646692752838,0.005281695164740086,0.5,1.401298464324817e-43
12.347570657730103,0.2981416583061218,0.004762586671859026,0.5,1.401298464324817e-43
12.357673168182373,0.2981416583061218,0.0042288219556212425,0.5,1.401298464324817e-43
12.367807865142822,0.2161710262298584,0.0042288219556212425,0.5,1.401298464324817e-43
12.37794303894043,0.2161710262298584,0.003684906056150794,0.5,1.401298464324817e-43
12.388081073760986,0.07493685185909271,0.0031351905781775713,0.5,1.401298464324817e-43
12.398233890533447,0.07493685185909271,0.0031351905781775713,0.5,1.401298464324817e-43
12.408381938934326,-0.03340626880526543,0.0025838587898761034,0.5,1.401298464324817e-43
12.418513774871826,-0.03340626880526543,0.0025838587898761034,0.5,1.401298464324817e-43
12.428653001785278,-0.17421011626720428,0.0020348981488496065,0.5,1.401298464324817e-43
12.438770294189453,-0.17421011626720428,0.0014920785324648023,0.5,1.401298464324817e-43
12.448909282684326,-0.25535905361175537,0.0014920785324648023,0.5,1.401298464324817e-43
12.459070205688477,-0.25535905361175537,0.0009589352994225919,0.5,1.401298464324817e-43
12.469220876693726,-0.3868243992328644,0.00043875843402929604,0.5,1.401298464324817e-43
12.47933554649353,-0.3868243992328644,0.00043875843402929604,0.5,1.401298464324817e-43
12.489460945129395,-0.5579376220703125,-6.542199844261631e-05,0.5,1.401298464324817e-43
12.4995756149292,-0.5579376220703125,-0.0005508417380042374,0.5,1.401298464324817e-43
12.509701251983643,-0.6875749230384827,-0.0005508417380042374,0.5,1.401298464324817e-43
12.519840955734253,-0.6875749230384827,-0.001015006797388196,0.5,1.401298464324817e-43
12.529983520507812,-0.8575157523155212,-0.001015006797388196,0.5,1.401298464324817e-43
12.5401132106781,-0.8575157523155212,-0.0014556989772245288,0.5,1.401298464324817e-43
12.550205707550049,-0.9587163925170898,-0.0018709729192778468,0.5,1.401298464324817e-43
12.560316324234009,-0.9587163925170898,-0.0018709729192778468,0.5,1.401298464324817e-43
12.570409059524536,-1.0,-0.0022591566666960716,0.5,1.401298464324817e-43
12.580512046813965,-1.0,-0.002618847182020545,0.5,1.401298464324817e-43
12.590615272521973,-1.0,-0.002618847182020545,0.5,1.401298464324817e-43
12.600727796554565,-1.0,-0.0029489025473594666,0.5,1.401298464324817e-43
12.610830783843994,-1.0,-0.003248437074944377,0.5,1.401298464324817e-43
12.620954751968384,-1.0,-0.003248437074944377,0.5,1.401298464324817e-43
12.63106083869934,-1.0,-0.003516810480505228,0.5,1.401298464324817e-43
12.641169548034668,-1.0,-0.003516810480505228,0.5,1.401298464324817e-43
12.651310682296753,-1.0,-0.0037536208983510733,0.5,1.401298464324817e-43
12.661506175994873,-1.0,-0.003958689980208874,0.5,1.401298464324817e-43
12.67160940170288,-1.0,-0.003958689980208874,0.5,1.401298464324817e-43
12.6817147731781,-1.0,-0.004132051952183247,0.5,1.401298464324817e-43
12.691829442977905,-1.0,-0.004273942206054926,0.5,1.401298464324817e-43
12.701969623565674,-1.0,-0.004273942206054926,0.5,1.401298464324817e-43
12.71206545829773,-1.0,-0.004384778439998627,0.5,1.401298464324817e-43
12.722166538238525,-1.0,-0.004384778439998627,0.5,1.401298464324817e-43
12.732293128967285,-1.0,-0.004465159494429827,0.5,1.401298464324817e-43
12.742416620254517,-1.0,-0.004515838343650103,0.5,1.401298464324817e-43
12.75253939628601,-1.0,-0.004515838343650103,0.5,1.401298464324817e-43
12.762641191482544,-1.0,-0.004537707194685936,0.5,1.401298464324817e-43
12.772738933563232,-1.0,-0.004531793761998415,0.5,1.401298464324817e-43
12.782841205596924,-1.0,-0.004531793761998415,0.5,1.401298464324817e-43
12.792937517166138,-1.0,-0.0044992403127253056,0.5,1.401298464324817e-43
12.803030967712402,-1.0,-0.0044992403127253056,0.5,1.401298464324817e-43
12.813124179840088,-1.0,-0.00444128829985857,0.5,1.401298464324817e-43
12.823202133178711,-0.9145827889442444,-0.00435926578938961,0.5,1.401298464324817e-43
12.833301067352295,-0.9145827889442444,-0.00435926578938961,0.5,1.401298464324817e-43
12.843388795852661,-0.8432437181472778,-0.004254579544067383,0.5,1.401298464324817e-43
12.85349440574646,-0.8432437181472778,-0.004128693137317896,0.5,1.401298464324817e-43
12.863627910614014,-0.7445814609527588,-0.004128693137317896,0.5,1.401298464324817e-43
12.87374210357666,-0.7445814609527588,-0.003983117640018463,0.5,1.401298464324817e-43
12.883858680725098,-0.6779710054397583,-0.0038194009102880955,0.5,1.401298464324817e-43
12.89395546913147,-0.6779710054397583,-0.0038194009102880955,0.5,1.401298464324817e-43
12.904067754745483,-0.5311347246170044,-0.0036391187459230423,0.5,1.401298464324817e-43
12.914262533187866,-0.5311347246170044,-0.0034438534639775753,0.5,1.401298464324817e-43
12.92439079284668,-0.4297959506511688,-0.0034438534639775753,0.5,1.401298464324817e-43
12.9345064163208,-0.4297959506511688,-0.0032351959962397814,0.5,1.401298464324817e-43
12.944607019424438,-0.29242372512817383,-0.0032351959962397814,0.5,1.401298464324817e-43
12.95470643043518,-0.29242372512817383,-0.003014730289578438,0.5,1.401298464324817e-43
12.964811325073242,-0.20217537879943848,-0.0027840237598866224,0.5,1.401298464324817e-43
12.97494125366211,-0.20217537879943848,-0.0027840237598866224,0.5,1.401298464324817e-43
12.985072135925293,-0.06180168315768242,-0.0025446221698075533,0.5,1.401298464324817e-43
12.995186805725098,-0.06180168315768242,-0.0022980396170169115,0.5,1.401298464324817e-43
13.005277633666992,0.057204511016607285,-0.0022980396170169115,0.5,1.401298464324817e-43
13.01537275314331,0.057204511016607285,-0.0020457543432712555,0.5,1.401298464324817e-43
13.025484323501587,0.18403135240077972,-0.0020457543432712555,0.5,1.401298464324817e-43
13.035632371902466,0.18403135240077972,-0.0017891963943839073,0.5,1.401298464324817e-43
13.045752763748169,0.25066429376602173,-0.0015297533245757222,0.5,1.401298464324817e-43
13.05585527420044,0.25066429376602173,-0.0015297533245757222,0.5,1.401298464324817e-43
13.065953016281128,0.35124969482421875,-0.00126875308342278,0.5,1.401298464324817e-43
13.076054096221924,0.35124969482421875,-0.001007468206807971,0.5,1.401298464324817e-43
13.086220026016235,0.4684574604034424,-0.001007468206807971,0.5,1.401298464324817e-43
13.096457958221436,0.4684574604034424,-0.0007471108110621572,0.5,1.401298464324817e-43
13.1065673828125,0.5487514138221741,-0.0007471108110621572,0.5,1.401298464324817e-43
13.1166672706604,0.5487514138221741,-0.0004888271214440465,0.5,1.401298464324817e-43
13.12677812576294,0.6108303666114807,-0.0002336971228942275,0.5,1.401298464324817e-43
13.13690185546875,0.6108303666114807,-0.0002336971228942275,0.5,1.401298464324817e-43
13.147050857543945,0.7109357118606567,1.726725349726621e-05,0.5,1.401298464324817e-43
13.157202959060669,0.7109357118606567,0.00026312406407669187,0.5,1.401298464324817e-43
13.167336225509644,0.79915452003479,0.00026312406407669187,0.5,1.401298464324817e-43
13.177441835403442,0.79915452003479,0.0005030018510296941,0.5,1.401298464324817e-43
13.187562704086304,0.9449679851531982,0.0007360998424701393,0.5,1.401298464324817e-43
13.197667360305786,0.9449679851531982,0.0007360998424701393,0.5,1.401298464324817e-43
13.207803964614868,1.0,0.0009616883471608162,0.5,1.401298464324817e-43
13.217898607254028,1.0,0.0009616883471608162,0.5,1.401298464324817e-43
13.227997303009033,1.0,0.0011791072320193052,0.5,1.401298464324817e-43
13.238110542297363,1.0,0.0013877663295716047,0.5,1.401298464324817e-43
13.248199701309204,1.0,0.0013877663295716047,0.5,1.401298464324817e-43
13.258301734924316,1.0,0.0015871451469138265,0.5,1.401298464324817e-43
13.268414974212646,1.0,0.0017767869867384434,0.5,1.401298464324817e-43
13.27851152420044,1.0,0.0017767869867384434,0.5,1.401298464324817e-43
13.28860592842102,1.0,0.0019563029054552317,0.5,1.401298464324817e-43
13.298706293106079,1.0,0.002125366823747754,0.5,1.401298464324817e-43
13.308820009231567,1.0,0.002125366823747754,0.5,1.401298464324817e-43
13.318931579589844,1.0,0.0022837130818516016,0.5,1.401298464324817e-43
13.32905125617981,1.0,0.0022837130818516016,0.5,1.401298464324817e-43
13.339207649230957,1.0,0.0024311363231390715,0.5,1.401298464324817e-43
13.349344491958618,1.0,0.002567485673353076,0.5,1.401298464324817e-43
13.359464645385742,1.0,0.002567485673353076,0.5,1.401298464324817e-43
13.369569301605225,1.0,0.002692665671929717,0.5,1.401298464324817e-43
13.379689693450928,1.0,0.002806631149724126,0.5,1.401298464324817e-43
13.38982629776001,1.0,0.002806631149724126,0.5,1.401298464324817e-43
13.399924993515015,1.0,0.002909385832026601,0.5,1.401298464324817e-43
13.410020112991333,1.0,0.002909385832026601,0.5,1.401298464324817e-43
13.420121431350708,1.0,0.0030009783804416656,0.5,1.401298464324817e-43
13.43021559715271,1.0,0.003081501927226782,0.5,1.401298464324817e-43
13.44032597541809,1.0,0.003081501927226782,0.5,1.401298464324817e-43
13.450419664382935,1.0,0.0031510870903730392,0.5,1.401298464324817e-43
13.460545778274536,1.0,0.003209901973605156,0.5,1.401298464324817e-43
13.470693349838257,1.0,0.003209901973605156,0.5,1.401298464324817e-43
13.480799913406372,1.0,0.0032581505365669727,0.5,1.401298464324817e-43
13.490916728973389,1.0,0.003296065842732787,0.5,1.401298464324817e-43
13.501041889190674,1.0,0.003296065842732787,0.5,1.401298464324817e-43
13.51116418838501,1.0,0.003323910990729928,0.5,1.401298464324817e-43
13.521306991577148,1.0,0.003323910990729928,0.5,1.401298464324817e-43
13.531433343887329,1.0,0.0033419730607420206,0.5,1.401298464324817e-43
13.5415620803833,1.0,0.0033505638130009174,0.5,1.401298464324817e-43
13.551635503768921,0.9416144490242004,0.0033505638130009174,0.5,1.401298464324817e-43
13.561758279800415,0.9416144490242004,0.0033500147983431816,0.5,1.401298464324817e-43
13.571866750717163,0.8830768465995789,0.0033406750299036503,0.5,1.401298464324817e-43
13.58195948600769,0.8830768465995789,0.0033406750299036503,0.5,1.401298464324817e-43
13.592050552368164,0.7649893164634705,0.003322909353300929,0.5,1.401298464324817e-43
13.602147817611694,0.679320752620697,0.003322909353300929,0.5,1.401298464324817e-43
13.612266063690186,0.679320752620697,0.0032970942556858063,0.5,1.401298464324817e-43
13.622358322143555,0.679320752620697,0.00326361833140254,0.5,1.401298464324817e-43
13.632469415664673,0.5847217440605164,0.00326361833140254,0.5,1.401298464324817e-43
13.64258337020874,0.5847217440605164,0.0032228799536824226,0.5,1.401298464324817e-43
13.652673721313477,0.5185142755508423,0.003175281221047044,0.5,1.401298464324817e-43
13.662829875946045,0.39296355843544006,0.003175281221047044,0.5,1.401298464324817e-43
13.672915697097778,0.39296355843544006,0.0031212300527840853,0.5,1.401298464324817e-43
13.682999610900879,0.31310445070266724,0.003061136929318309,0.5,1.401298464324817e-43
13.694108724594116,0.31310445070266724,0.003061136929318309,0.5,1.401298464324817e-43
13.704292058944702,0.23324427008628845,0.002995413960888982,0.5,1.401298464324817e-43
13.714392185211182,0.23324427008628845,0.002924470929428935,0.5,1.401298464324817e-43
13.724486827850342,0.19732357561588287,0.002924470929428935,0.5,1.401298464324817e-43
13.734583377838135,0.19732357561588287,0.002848717849701643,0.5,1.401298464324817e-43
13.744692325592041,0.1119290366768837,0.002848717849701643,0.5,1.401298464324817e-43
13.754791021347046,0.1119290366768837,0.0027685589157044888,0.5,1.401298464324817e-43
13.76496434211731,0.05176875740289688,0.0026843936648219824,0.5,1.401298464324817e-43
13.775056838989258,0.05176875740289688,0.0026843936648219824,0.5,1.401298464324817e-43
13.785151243209839,-0.015162492170929909,0.002596617443487048,0.5,1.401298464324817e-43
13.795199871063232,-0.015162492170929909,0.002596617443487048,0.5,1.401298464324817e-43
13.805300951004028,-0.05776919424533844,0.002505616284906864,0.5,1.401298464324817e-43
13.81542158126831,-0.05776919424533844,0.0024117687717080116,0.5,1.401298464324817e-43
13.825519800186157,-0.15292689204216003,0.0024117687717080116,0.5,1.401298464324817e-43
13.83561086654663,-0.15292689204216003,0.0023154427763074636,0.5,1.401298464324817e-43
13.845706701278687,-0.2685161530971527,0.002217000350356102,0.5,1.401298464324817e-43
13.855800867080688,-0.2685161530971527,0.002217000350356102,0.5,1.401298464324817e-43
13.865898609161377,-0.35884547233581543,0.0021167879458516836,0.5,1.401298464324817e-43
13.87600064277649,-0.35884547233581543,0.002015143632888794,0.5,1.401298464324817e-43
13.88611125946045,-0.42302772402763367,0.002015143632888794,0.5,1.401298464324817e-43
13.89620590209961,-0.42302772402763367,0.0019123938400298357,0.5,1.401298464324817e-43
13.906306028366089,-0.5308600664138794,0.0019123938400298357,0.5,1.401298464324817e-43
13.916398525238037,-0.5308600664138794,0.001808851957321167,0.5,1.401298464324817e-43
13.9264976978302,-0.6478483080863953,0.0017048190347850323,0.5,1.401298464324817e-43
13.936601400375366,-0.6478483080863953,0.0017048190347850323,0.5,1.401298464324817e-43
13.946698188781738,-0.6478483080863953,0.0016005841316655278,0.5,1.401298464324817e-43
13.956794738769531,-0.7316989302635193,0.0016005841316655278,0.5,1.401298464324817e-43
13.966917753219604,-0.7316989302635193,0.0014964184956625104,0.5,1.401298464324817e-43
13.977047681808472,-0.7668136358261108,0.0013925855746492743,0.5,1.401298464324817e-43
13.987152338027954,-0.7668136358261108,0.0013925855746492743,0.5,1.401298464324817e-43
13.997202396392822,-0.8378418684005737,0.001289332751184702,0.5,1.401298464324817e-43
14.007297039031982,-0.8378418684005737,0.001289332751184702,0.5,1.401298464324817e-43
14.017400026321411,-0.8980088233947754,0.0011868953006342053,0.5,1.401298464324817e-43
14.02754020690918,-0.8980088233947754,0.0010854927822947502,0.5,1.401298464324817e-43
14.037678003311157,-0.9816829562187195,0.0010854927822947502,0.5,1.401298464324817e-43
14.047822713851929,-0.9816829562187195,0.0009853326482698321,0.5,1.401298464324817e-43
14.058011770248413,-1.0,0.0008866090211085975,0.5,1.401298464324817e-43
14.068220615386963,-1.0,0.0008866090211085975,0.5,1.401298464324817e-43
14.078366994857788,-1.0,0.0007895026355981827,0.5,1.401298464324817e-43
14.08852219581604,-1.0,0.0007895026355981827,0.5,1.401298464324817e-43
14.098678588867188,-1.0,0.0006941808387637138,0.5,1.401298464324817e-43
14.108999252319336,-1.0,0.0006007979973219335,0.5,1.401298464324817e-43
14.119136333465576,-1.0,0.0006007979973219335,0.5,1.401298464324817e-43
14.129669904708862,-1.0,0.0005094962543807924,0.5,1.401298464324817e-43
14.139873027801514,-1.0,0.0004204052092973143,0.5,1.401298464324817e-43
14.149990320205688,-1.0,0.0004204052092973143,0.5,1.401298464324817e-43
14.160080671310425,-1.0,0.0003336422087159008,0.5,1.401298464324817e-43
14.170212745666504,-1.0,0.00024931319057941437,0.5,1.401298464324817e-43
14.180354118347168,-1.0,0.00024931319057941437,0.5,1.401298464324817e-43
14.190462827682495,-1.0,0.00016751229122746736,0.5,1.401298464324817e-43
14.200565338134766,-1.0,0.00016751229122746736,0.5,1.401298464324817e-43
14.210765361785889,-1.0,8.832284947857261e-05,0.5,1.401298464324817e-43
14.220972299575806,-1.0,1.1817188351415098e-05,0.5,1.401298464324817e-43
14.23107361793518,-1.0,1.1817188351415098e-05,0.5,1.401298464324817e-43
14.241163969039917,-1.0,-6.194242450874299e-05,0.5,1.401298464324817e-43
14.25126576423645,-1.0,-0.00013290367496665567,0.5,1.401298464324817e-43
14.261354923248291,-1.0,-0.00013290367496665567,0.5,1.401298464324817e-43
14.271456241607666,-1.0,-0.00020102372218389064,0.5,1.401298464324817e-43
14.281551599502563,-1.0,-0.0002662691695149988,0.5,1.401298464324817e-43
14.291666507720947,-1.0,-0.0002662691695149988,0.5,1.401298464324817e-43
14.301774263381958,-1.0,-0.0003286150167696178,0.5,1.401298464324817e-43
14.311872482299805,-1.0,-0.00038804460200481117,0.5,1.401298464324817e-43
14.321973323822021,-1.0,-0.00038804460200481117,0.5,1.401298464324817e-43
14.333115577697754,-1.0,-0.000444549135863781,0.5,1.401298464324817e-43
14.343288898468018,-1.0,-0.000444549135863781,0.5,1.401298464324817e-43
14.353401184082031,-1.0,-0.0004981275415048003,0.5,1.401298464324817e-43
14.363526105880737,-1.0,-0.0005487852613441646,0.5,1.401298464324817e-43
14.373644351959229,-1.0,-0.0005487852613441646,0.5,1.401298464324817e-43
14.383764028549194,-1.0,-0.0005965349264442921,0.5,1.401298464324817e-43
14.393885374069214,-1.0,-0.0006413955125026405,0.5,1.401298464324817e-43
14.404009580612183,-1.0,-0.0006413955125026405,0.5,1.401298464324817e-43
14.414118528366089,-1.0,-0.0006833921070210636,0.5,1.401298464324817e-43
14.424220085144043,-1.0,-0.0007225527078844607,0.5,1.401298464324817e-43
14.434341430664062,-1.0,-0.0007225527078844607,0.5,1.401298464324817e-43
14.44445252418518,-1.0,-0.0007589136366732419,0.5,1.401298464324817e-43
14.454567670822144,-1.0,-0.0007589136366732419,0.5,1.401298464324817e-43
14.464685916900635,-1.0,-0.0007925147656351328,0.5,1.401298464324817e-43
14.474779844284058,-1.0,-0.000823400157969445,0.5,1.401298464324817e-43
14.484878301620483,-1.0,-0.000823400157969445,0.5,1.401298464324817e-43
14.495007753372192,-1.0,-0.0008516180678270757,0.5,1.401298464324817e-43
14.505136489868164,-1.0,-0.0008772207074798644,0.5,1.401298464324817e-43
14.51519775390625,-0.9786810278892517,-0.0008772207074798644,0.5,1.401298464324817e-43
14.525292873382568,-0.9786810278892517,-0.0009002629085443914,0.5,1.401298464324817e-43
14.53538465499878,-0.9130727052688599,-0.0009208027040585876,0.5,1.401298464324817e-43
14.545493602752686,-0.9130727052688599,-0.0009208027040585876,0.5,1.401298464324817e-43
14.555628776550293,-0.849321186542511,-0.0009389008046127856,0.5,1.401298464324817e-43
14.565766096115112,-0.849321186542511,-0.0009389008046127856,0.5,1.401298464324817e-43
14.575876235961914,-0.7620105743408203,-0.000954620772972703,0.5,1.401298464324817e-43
14.585992574691772,-0.7620105743408203,-0.0009680279181338847,0.5,1.401298464324817e-43
14.596107244491577,-0.7320258021354675,-0.0009680279181338847,0.5,1.401298464324817e-43
14.606215000152588,-0.7320258021354675,-0.0009791894117370248,0.5,1.401298464324817e-43
14.616412878036499,-0.6953895688056946,-0.0009791894117370248,0.5,1.401298464324817e-43
14.626528263092041,-0.6953895688056946,-0.000988174113444984,0.5,1.401298464324817e-43
14.63667106628418,-0.6730650663375854,-0.0009950518142431974,0.5,1.401298464324817e-43
14.646778583526611,-0.6730650663375854,-0.0009950518142431974,0.5,1.401298464324817e-43
14.656893730163574,-0.6138131618499756,-0.000999893993139267,0.5,1.401298464324817e-43
14.667009115219116,-0.6138131618499756,-0.0010027703829109669,0.5,1.401298464324817e-43
14.67823076248169,-0.5888776183128357,-0.0010027703829109669,0.5,1.401298464324817e-43
14.688434362411499,-0.5888776183128357,-0.0010037575848400593,0.5,1.401298464324817e-43
14.69859504699707,-0.5590220093727112,-0.0010037575848400593,0.5,1.401298464324817e-43
14.708758115768433,-0.5590220093727112,-0.001002926379442215,0.5,1.401298464324817e-43
14.718920946121216,-0.5086949467658997,-0.0010003504576161504,0.5,1.401298464324817e-43
14.729088306427002,-0.5086949467658997,-0.0010003504576161504,0.5,1.401298464324817e-43
14.741238832473755,-0.4149428606033325,-0.0009961026953533292,0.5,1.401298464324817e-43
14.751450300216675,-0.4149428606033325,-0.0009902565507218242,0.5,1.401298464324817e-43
14.761666297912598,-0.3616790175437927,-0.0009902565507218242,0.5,1.401298464324817e-43
14.771854400634766,-0.3616790175437927,-0.0009828847832977772,0.5,1.401298464324817e-43
14.782036781311035,-0.2941039800643921,-0.0009740598616190255,0.5,1.401298464324817e-43
14.792224168777466,-0.2941039800643921,-0.0009740598616190255,0.5,1.401298464324817e-43
14.802377939224243,-0.23121044039726257,-0.000963853788562119,0.5,1.401298464324817e-43
14.812544345855713,-0.23121044039726257,-0.000963853788562119,0.5,1.401298464324817e-43
14.822721242904663,-0.13859738409519196,-0.000952337693888694,0.5,1.401298464324817e-43
14.832911729812622,-0.13859738409519196,-0.0009395818342454731,0.5,1.401298464324817e-43
14.843360185623169,-0.11186902225017548,-0.0009395818342454731,0.5,1.401298464324817e-43
14.853561639785767,-0.11186902225017548,-0.0009256555931642652,0.5,1.401298464324817e-43
14.863719701766968,-0.06654804944992065,-0.0009106274228543043,0.5,1.401298464324817e-43
14.873887300491333,-0.06654804944992065,-0.0009106274228543043,0.5,1.401298464324817e-43
14.88403844833374,-0.03031354956328869,-0.0008945642039179802,0.5,1.401298464324817e-43
14.895208835601807,-0.03031354956328869,-0.0008945642039179802,0.5,1.401298464324817e-43
14.905463933944702,0.004501379560679197,-0.0008775324677117169,0.5,1.401298464324817e-43
14.915619611740112,0.004501379560679197,-0.0008595968247391284,0.5,1.401298464324817e-43
14.925774335861206,0.02716774120926857,-0.0008595968247391284,0.5,1.401298464324817e-43
14.936110019683838,0.02716774120926857,-0.0008408204303123057,0.5,1.401298464324817e-43
14.946355819702148,0.02716774120926857,-0.0008212652173824608,0.5,1.401298464324817e-43
14.956553936004639,0.11099434643983841,-0.0008212652173824608,0.5,1.401298464324817e-43
14.967235326766968,0.11099434643983841,-0.0008009918965399265,0.5,1.401298464324817e-43
14.977433443069458,0.20217569172382355,-0.0008009918965399265,0.5,1.401298464324817e-43
14.987617254257202,0.20217569172382355,-0.0007800592575222254,0.5,1.401298464324817e-43
14.99778413772583,0.25034502148628235,-0.000758524751290679,0.5,1.401298464324817e-43
15.00794529914856,0.25034502148628235,-0.000758524751290679,0.5,1.401298464324817e-43
15.018234252929688,0.25034502148628235,-0.0007364441989921033,0.5,1.401298464324817e-43
15.028403997421265,0.3228493630886078,-0.0007364441989921033,0.5,1.401298464324817e-43
15.03860855102539,0.41647106409072876,-0.000713871733751148,0.5,1.401298464324817e-43
15.048779249191284,0.41647106409072876,-0.000690859742462635,0.5,1.401298464324817e-43
15.058936357498169,0.41647106409072876,-0.000690859742462635,0.5,1.401298464324817e-43
15.06910514831543,0.4739033579826355,-0.0006674592732451856,0.5,1.401298464324817e-43
15.07923150062561,0.49847277998924255,-0.0006437194533646107,0.5,1.401298464324817e-43
15.092394828796387,0.49847277998924255,-0.0006437194533646107,0.5,1.401298464324817e-43
15.103549718856812,0.528113603591919,-0.0006196876056492329,0.5,1.401298464324817e-43
15.113772630691528,0.528113603591919,-0.0005954097723588347,0.5,1.401298464324817e-43
15.124041557312012,0.5846160650253296,-0.0005954097723588347,0.5,1.401298464324817e-43
15.13430643081665,0.5846160650253296,-0.0005709294928237796,0.5,1.401298464324817e-43
15.144527912139893,0.625088632106781,-0.0005709294928237796,0.5,1.401298464324817e-43
15.154731035232544,0.625088632106781,-0.0005462895496748388,0.5,1.401298464324817e-43
15.16497254371643,0.6583876609802246,-0.0005215306882746518,0.5,1.401298464324817e-43
15.175128698348999,0.6583876609802246,-0.0005215306882746518,0.5,1.401298464324817e-43
15.185301065444946,0.6822733283042908,-0.0004966920241713524,0.5,1.401298464324817e-43
15.195440769195557,0.6822733283042908,-0.00047181069385260344,0.5,1.401298464324817e-43
15.20557713508606,0.7460412383079529,-0.00047181069385260344,0.5,1.401298464324817e-43
15.215723752975464,0.7460412383079529,-0.0004469221457839012,0.5,1.401298464324817e-43
15.225891828536987,0.8539754152297974,-0.0004220613045617938,0.5,1.401298464324817e-43
15.236046314239502,0.8539754152297974,-0.0004220613045617938,0.5,1.401298464324817e-43
15.24622917175293,0.9016194343566895,-0.000397260271711275,0.5,1.401298464324817e-43
15.256412267684937,0.9016194343566895,-0.00037254998460412025,0.5,1.401298464324817e-43
15.266554832458496,0.9553130269050598,-0.00037254998460412025,0.5,1.401298464324817e-43
15.276672601699829,0.9553130269050598,-0.00034795989631675184,0.5,1.401298464324817e-43
15.286787033081055,1.0,-0.00034795989631675184,0.5,1.401298464324817e-43
15.296926736831665,1.0,-0.000323517742799595,0.5,1.401298464324817e-43
15.307034254074097,1.0,-0.0002992500376421958,0.5,1.401298464324817e-43
15.317119598388672,1.0,-0.0002992500376421958,0.5,1.401298464324817e-43
15.327221155166626,1.0,-0.000275181548204273,0.5,1.401298464324817e-43
15.337352752685547,1.0,-0.0002513357612770051,0.5,1.401298464324817e-43
15.347521781921387,1.0,-0.0002513357612770051,0.5,1.401298464324817e-43
15.35765027999878,1.0,-0.00022773491218686104,0.5,1.401298464324817e-43
15.36776876449585,1.0,-0.00022773491218686104,0.5,1.401298464324817e-43
15.377884864807129,1.0,-0.0002043996937572956,0.5,1.401298464324817e-43
15.387990474700928,1.0,-0.00018134935817215592,0.5,1.401298464324817e-43
15.398093938827515,1.0,-0.00018134935817215592,0.5,1.401298464324817e-43
15.40820026397705,1.0,-0.0001586020371178165,0.5,1.401298464324817e-43
15.41831374168396,1.0,-0.00013617458171211183,0.5,1.401298464324817e-43
15.428408861160278,1.0,-0.00013617458171211183,0.5,1.401298464324817e-43
15.438515424728394,1.0,-0.00011408255522837862,0.5,1.401298464324817e-43
15.448614358901978,1.0,-9.234034951077774e-05,0.5,1.401298464324817e-43
15.458718299865723,1.0,-9.234034951077774e-05,0.5,1.401298464324817e-43
15.4688138961792,1.0,-7.096127956174314e-05,0.5,1.401298464324817e-43
15.478911876678467,1.0,-7.096127956174314e-05,0.5,1.401298464324817e-43
15.489025592803955,1.0,-4.9957470764638856e-05,0.5,1.401298464324817e-43
15.499193668365479,1.0,-2.9339986213017255e-05,0.5,1.401298464324817e-43
15.509298086166382,1.0,-2.9339986213017255e-05,0.5,1.401298464324817e-43
15.51940631866455,1.0,-9.118885827774648e-06,0.5,1.401298464324817e-43
15.529529571533203,1.0,1.0696812751120888e-05,0.5,1.401298464324817e-43
15.539635419845581,1.0,1.0696812751120888e-05,0.5,1.401298464324817e-43
15.549742698669434,1.0,3.0099043215159327e-05,0.5,1.401298464324817e-43
15.559850215911865,1.0,4.9080666940426454e-05,0.5,1.401298464324817e-43
15.570011615753174,1.0,4.9080666940426454e-05,0.5,1.401298464324817e-43
15.580209255218506,1.0,6.763544661225751e-05,0.5,1.401298464324817e-43
15.590313196182251,1.0,6.763544661225751e-05,0.5,1.401298464324817e-43
15.600419759750366,1.0,8.575798710808158e-05,0.5,1.401298464324817e-43
15.610517978668213,1.0,0.00010344373004045337,0.5,1.401298464324817e-43
15.620634317398071,1.0,0.00010344373004045337,0.5,1.401298464324817e-43
15.630737781524658,1.0,0.0001206888846354559,0.5,1.401298464324817e-43
15.640852928161621,1.0,0.0001206888846354559,0.5,1.401298464324817e-43
15.65095853805542,1.0,0.00013749046775046736,0.5,1.401298464324817e-43
15.661060333251953,1.0,0.00015384609287139028,0.5,1.401298464324817e-43
15.671173572540283,1.0,0.00015384609287139028,0.5,1.401298464324817e-43
15.681277990341187,1.0,0.00016975421749521047,0.5,1.401298464324817e-43
15.691431760787964,1.0,0.00018521383753977716,0.5,1.401298464324817e-43
15.701583623886108,1.0,0.00018521383753977716,0.5,1.401298464324817e-43
15.711724042892456,1.0,0.00020022467651870102,0.5,1.401298464324817e-43
15.721863985061646,1.0,0.00021478692360688,0.5,1.401298464324817e-43
15.731983184814453,1.0,0.00021478692360688,0.5,1.401298464324817e-43
15.742087602615356,1.0,0.00022890139371156693,0.5,1.401298464324817e-43
15.752230644226074,1.0,0.00022890139371156693,0.5,1.401298464324817e-43
15.762351989746094,1.0,0.00024256945471279323,0.5,1.401298464324817e-43
15.772496461868286,1.0,0.000255792896496132,0.5,1.401298464324817e-43
15.782625913619995,1.0,0.000255792896496132,0.5,1.401298464324817e-43
15.792731523513794,1.0,0.0002685740764718503,0.5,1.401298464324817e-43
15.802854776382446,1.0,0.00028091584681533277,0.5,1.401298464324817e-43
15.812968015670776,1.0,0.00028091584681533277,0.5,1.401298464324817e-43
15.823077917098999,1.0,0.00029282126342877746,0.5,1.401298464324817e-43
15.833170175552368,1.0,0.0003042939642909914,0.5,1.401298464324817e-43
15.84328031539917,1.0,0.0003042939642909914,0.5,1.401298464324817e-43
15.853396654129028,1.0,0.0003153379657305777,0.5,1.401298464324817e-43
15.863521337509155,1.0,0.0003153379657305777,0.5,1.401298464324817e-43
15.87362790107727,1.0,0.00032595748780295253,0.5,1.401298464324817e-43
15.883735656738281,1.0,0.00033615707070566714,0.5,1.401298464324817e-43
15.893953561782837,1.0,0.00033615707070566714,0.5,1.401298464324817e-43
15.904066562652588,1.0,0.000345941778505221,0.5,1.401298464324817e-43
15.914206266403198,1.0,0.0003553166752681136,0.5,1.401298464324817e-43
15.92437481880188,1.0,0.0003553166752681136,0.5,1.401298464324817e-43
15.93455719947815,1.0,0.0003642873780336231,0.5,1.401298464324817e-43
15.94467544555664,1.0,0.0003642873780336231,0.5,1.401298464324817e-43
15.954798936843872,1.0,0.00037285956204868853,0.5,1.401298464324817e-43
15.96491289138794,1.0,0.0003810389607679099,0.5,1.401298464324817e-43
15.975026369094849,1.0,0.0003810389607679099,0.5,1.401298464324817e-43
15.985210418701172,1.0,0.0003888318606186658,0.5,1.401298464324817e-43
15.995338678359985,1.0,0.0003962443443015218,0.5,1.401298464324817e-43
16.005480527877808,1.0,0.0003962443443015218,0.5,1.401298464324817e-43
16.016268014907837,1.0,0.00040328301838599145,0.5,1.401298464324817e-43
16.02648401260376,1.0,0.00040995434392243624,0.5,1.401298464324817e-43
16.036613702774048,1.0,0.00040995434392243624,0.5,1.401298464324817e-43
16.04679584503174,1.0,0.00041626510210335255,0.5,1.401298464324817e-43
16.056925058364868,1.0,0.00041626510210335255,0.5,1.401298464324817e-43
16.067052841186523,1.0,0.00042222210322506726,0.5,1.401298464324817e-43
16.077162265777588,0.9536719918251038,0.00042783230310305953,0.5,1.401298464324817e-43
16.08728337287903,0.9536719918251038,0.00042783230310305953,0.5,1.401298464324817e-43
16.097394943237305,0.9057688117027283,0.0004331027448642999,0.5,1.401298464324817e-43
16.107507705688477,0.9057688117027283,0.0004331027448642999,0.5,1.401298464324817e-43
16.11762261390686,0.8806192278862,0.00043804041342809796,0.5,1.401298464324817e-43
16.128148078918457,0.8806192278862,0.00044265243923291564,0.5,1.401298464324817e-43
16.13840889930725,0.8902537822723389,0.00044265243923291564,0.5,1.401298464324817e-43
16.148564338684082,0.8902537822723389,0.0004469460982363671,0.5,1.401298464324817e-43
16.158710956573486,0.8763033151626587,0.0004509286372922361,0.5,1.401298464324817e-43
16.168938875198364,0.8763033151626587,0.0004509286372922361,0.5,1.401298464324817e-43
16.179160118103027,0.8594531416893005,0.0004546071868389845,0.5,1.401298464324817e-43
16.1892991065979,0.8594531416893005,0.0004579891392495483,0.5,1.401298464324817e-43
16.199421405792236,0.8651014566421509,0.0004579891392495483,0.5,1.401298464324817e-43
16.20962166786194,0.8587016463279724,0.0004610816831700504,0.5,1.401298464324817e-43
16.21976351737976,0.8587016463279724,0.00046389203635044396,0.5,1.401298464324817e-43
16.229891538619995,0.8587016463279724,0.00046389203635044396,0.5,1.401298464324817e-43
16.240014791488647,0.8040927648544312,0.00046642753295600414,0.5,1.401298464324817e-43
16.25015354156494,0.8040927648544312,0.00046642753295600414,0.5,1.401298464324817e-43
16.26029324531555,0.7590595483779907,0.0004686952452175319,0.5,1.401298464324817e-43
16.270442724227905,0.725919246673584,0.00047070247819647193,0.5,1.401298464324817e-43
16.28057336807251,0.725919246673584,0.00047070247819647193,0.5,1.401298464324817e-43
16.290726900100708,0.725919246673584,0.00047245639143511653,0.5,1.401298464324817e-43
16.300913333892822,0.6823841333389282,0.000473964202683419,0.5,1.401298464324817e-43
16.311041831970215,0.6234573125839233,0.000473964202683419,0.5,1.401298464324817e-43
16.32124376296997,0.6234573125839233,0.0004752329841721803,0.5,1.401298464324817e-43
16.33136820793152,0.6068084836006165,0.0004762692260555923,0.5,1.401298464324817e-43
16.341495037078857,0.6068084836006165,0.0004762692260555923,0.5,1.401298464324817e-43
16.35161519050598,0.5934257507324219,0.00047708023339509964,0.5,1.401298464324817e-43
16.361764192581177,0.5934257507324219,0.00047708023339509964,0.5,1.401298464324817e-43
16.371910572052002,0.5896362066268921,0.0004776728164870292,0.5,1.401298464324817e-43
16.38204026222229,0.5896362066268921,0.00047805378562770784,0.5,1.401298464324817e-43
16.392137050628662,0.572284460067749,0.00047805378562770784,0.5,1.401298464324817e-43
16.40221619606018,0.572284460067749,0.0004782298638019711,0.5,1.401298464324817e-43
16.412346124649048,0.568864107131958,0.0004782075993716717,0.5,1.401298464324817e-43
16.422488689422607,0.568864107131958,0.0004782075993716717,0.5,1.401298464324817e-43
16.43261742591858,0.5738698840141296,0.00047799365711398423,0.5,1.401298464324817e-43
16.442751169204712,0.5738698840141296,0.00047799365711398423,0.5,1.401298464324817e-43
16.452877044677734,0.5429807901382446,0.0004775944398716092,0.5,1.401298464324817e-43
16.4630126953125,0.5429807901382446,0.0004770163504872471,0.5,1.401298464324817e-43
16.47313666343689,0.47432202100753784,0.0004770163504872471,0.5,1.401298464324817e-43
16.483289003372192,0.47432202100753784,0.00047626555897295475,0.5,1.401298464324817e-43
16.4933922290802,0.4374203085899353,0.0004753483517561108,0.5,1.401298464324817e-43
16.503509044647217,0.4374203085899353,0.0004753483517561108,0.5,1.401298464324817e-43
16.513625383377075,0.4084186553955078,0.00047427054960280657,0.5,1.401298464324817e-43
16.523746013641357,0.4084186553955078,0.00047303849714808166,0.5,1.401298464324817e-43
16.53391456604004,0.350921630859375,0.00047303849714808166,0.5,1.401298464324817e-43
16.544118642807007,0.350921630859375,0.0004716578696388751,0.5,1.401298464324817e-43
16.554203271865845,0.31316107511520386,0.0004716578696388751,0.5,1.401298464324817e-43
16.56430721282959,0.31316107511520386,0.00047013440052978694,0.5,1.401298464324817e-43
16.574400186538696,0.3255585730075836,0.00046847379417158663,0.5,1.401298464324817e-43
16.584516048431396,0.3255585730075836,0.00046847379417158663,0.5,1.401298464324817e-43
16.59462857246399,0.3111461102962494,0.00046668146387673914,0.5,1.401298464324817e-43
16.604748487472534,0.3111461102962494,0.0004647629684768617,0.5,1.401298464324817e-43
16.6148624420166,0.28706416487693787,0.0004647629684768617,0.5,1.401298464324817e-43
16.624977350234985,0.28706416487693787,0.000462723575765267,0.5,1.401298464324817e-43
16.635080575942993,0.29046007990837097,0.00046056852443143725,0.5,1.401298464324817e-43
16.645200729370117,0.29046007990837097,0.00046056852443143725,0.5,1.401298464324817e-43
16.655315399169922,0.27877679467201233,0.0004583028785418719,0.5,1.401298464324817e-43
16.665444135665894,0.27877679467201233,0.0004583028785418719,0.5,1.401298464324817e-43
16.675565242767334,0.23868456482887268,0.00045593167305924,0.5,1.401298464324817e-43
16.68568229675293,0.23868456482887268,0.0004534597392193973,0.5,1.401298464324817e-43
16.695789337158203,0.1732020080089569,0.0004534597392193973,0.5,1.401298464324817e-43
16.705891132354736,0.1732020080089569,0.00045089179184287786,0.5,1.401298464324817e-43
16.716004610061646,0.1556372344493866,0.000448232633061707,0.5,1.401298464324817e-43
16.726099967956543,0.1556372344493866,0.000448232633061707,0.5,1.401298464324817e-43
16.73621129989624,0.1062781885266304,0.0004454867448657751,0.5,1.401298464324817e-43
16.746317863464355,0.1062781885266304,0.0004454867448657751,0.5,1.401298464324817e-43
16.756420612335205,0.053363360464572906,0.00044265860924497247,0.5,1.401298464324817e-43
16.766521453857422,0.053363360464572906,0.0004397523880470544,0.5,1.401298464324817e-43
16.776623010635376,0.026595329865813255,0.0004397523880470544,0.5,1.401298464324817e-43
16.78676724433899,0.026595329865813255,0.000436772417742759,0.5,1.401298464324817e-43
16.796871662139893,0.03949590027332306,0.0004337228019721806,0.5,1.401298464324817e-43
16.806978225708008,0.03949590027332306,0.0004337228019721806,0.5,1.401298464324817e-43
16.817068338394165,0.01754358597099781,0.0004306074697524309,0.5,1.401298464324817e-43
16.827199459075928,0.01754358597099781,0.00042743037920445204,0.5,1.401298464324817e-43
16.837308645248413,-0.002869546413421631,0.00042743037920445204,0.5,1.401298464324817e-43
16.847416400909424,-0.002869546413421631,0.00042419525561854243,0.5,1.401298464324817e-43
16.85753035545349,0.01137152872979641,0.00042419525561854243,0.5,1.401298464324817e-43
16.86764931678772,0.01137152872979641,0.00042090582428500056,0.5,1.401298464324817e-43
16.877748489379883,-0.0035506028216332197,0.0004175656649749726,0.5,1.401298464324817e-43
16.887850284576416,-0.0035506028216332197,0.0004175656649749726,0.5,1.401298464324817e-43
16.897967100143433,-0.06082872673869133,0.00041417827014811337,0.5,1.401298464324817e-43
16.90811824798584,-0.06082872673869133,0.00041074701584875584,0.5,1.401298464324817e-43
16.918208360671997,-0.1076546236872673,0.00041074701584875584,0.5,1.401298464324817e-43
16.928326845169067,-0.1076546236872673,0.0004072751326020807,0.5,1.401298464324817e-43
16.93845272064209,-0.12831129133701324,0.0004072751326020807,0.5,1.401298464324817e-43
16.948588371276855,-0.12831129133701324,0.00040376573451794684,0.5,1.401298464324817e-43
16.958696126937866,-0.19197551906108856,0.00040022205212153494,0.5,1.401298464324817e-43
16.9688138961792,-0.23717261850833893,0.00040022205212153494,0.5,1.401298464324817e-43
16.978923559188843,-0.23717261850833893,0.0003966469957958907,0.5,1.401298464324817e-43
16.989033699035645,-0.23717261850833893,0.00039304341771639884,0.5,1.401298464324817e-43
16.999150276184082,-0.2527238428592682,0.00039304341771639884,0.5,1.401298464324817e-43
17.009379148483276,-0.24015147984027863,0.0003894141991622746,0.5,1.401298464324817e-43
17.01968479156494,-0.24015147984027863,0.0003857619594782591,0.5,1.401298464324817e-43
17.029906034469604,-0.27235695719718933,0.0003857619594782591,0.5,1.401298464324817e-43
17.040029764175415,-0.27235695719718933,0.00038208943442441523,0.5,1.401298464324817e-43
17.0501492023468,-0.27235695719718933,0.00038208943442441523,0.5,1.401298464324817e-43
17.060287475585938,-0.2680800259113312,0.00037839903961867094,0.5,1.401298464324817e-43
17.070406198501587,-0.2680800259113312,0.00037469336530193686,0.5,1.401298464324817e-43
17.08051323890686,-0.2672528326511383,0.00037469336530193686,0.5,1.401298464324817e-43
17.09063220024109,-0.3016588091850281,0.0003709745651576668,0.5,1.401298464324817e-43
17.100772380828857,-0.3016588091850281,0.0003672451712191105,0.5,1.401298464324817e-43
17.11091136932373,-0.3701787292957306,0.0003672451712191105,0.5,1.401298464324817e-43
17.12104082107544,-0.3701787292957306,0.00036350719165056944,0.5,1.401298464324817e-43
17.131202220916748,-0.3951568603515625,0.00036350719165056944,0.5,1.401298464324817e-43
17.141335010528564,-0.3951568603515625,0.00035976263461634517,0.5,1.401298464324817e-43
17.151456594467163,-0.44401735067367554,0.0003560138866305351,0.5,1.401298464324817e-43
17.16158652305603,-0.44401735067367554,0.0003560138866305351,0.5,1.401298464324817e-43
17.171725034713745,-0.4980504810810089,0.000352262519299984,0.5,1.401298464324817e-43
17.18186593055725,-0.4980504810810089,0.00034851115196943283,0.5,1.401298464324817e-43
17.191999912261963,-0.5274994969367981,0.00034851115196943283,0.5,1.401298464324817e-43
17.20211696624756,-0.5274994969367981,0.000344760250300169,0.5,1.401298464324817e-43
17.212265729904175,-0.5281427502632141,0.00034101304481737316,0.5,1.401298464324817e-43
17.222438097000122,-0.5281427502632141,0.00034101304481737316,0.5,1.401298464324817e-43
17.232561588287354,-0.534209668636322,0.00033727058325894177,0.5,1.401298464324817e-43
17.242685317993164,-0.534209668636322,0.00033727058325894177,0.5,1.401298464324817e-43
17.252809286117554,-0.5543623566627502,0.00033353432081639767,0.5,1.401298464324817e-43
17.262930870056152,-0.5543623566627502,0.0003298058290965855,0.5,1.401298464324817e-43
17.273073434829712,-0.5424420237541199,0.0003298058290965855,0.5,1.401298464324817e-43
17.283221006393433,-0.5424420237541199,0.0003260869125369936,0.5,1.401298464324817e-43
17.29336142539978,-0.557013213634491,0.00032237867708317935,0.5,1.401298464324817e-43
17.303484439849854,-0.557013213634491,0.00032237867708317935,0.5,1.401298464324817e-43
17.313579320907593,-0.6214803457260132,0.0003186824906151742,0.5,1.401298464324817e-43
17.323676109313965,-0.6214803457260132,0.00031499986653216183,0.5,1.401298464324817e-43
17.333770513534546,-0.6690851449966431,0.00031499986653216183,0.5,1.401298464324817e-43
17.34388756752014,-0.6690851449966431,0.0003113318234682083,0.5,1.401298464324817e-43
17.353996992111206,-0.6967575550079346,0.0003113318234682083,0.5,1.401298464324817e-43
17.364099979400635,-0.6967575550079346,0.000307679787511006,0.5,1.401298464324817e-43
17.374218702316284,-0.7524976134300232,0.0003040445444639772,0.5,1.401298464324817e-43
17.384363651275635,-0.7524976134300232,0.0003040445444639772,0.5,1.401298464324817e-43
17.39449381828308,-0.7987553477287292,0.000300427433103323,0.5,1.401298464324817e-43
17.404618501663208,-0.7987553477287292,0.00029682941385544837,0.5,1.401298464324817e-43
17.414726495742798,-0.7909808158874512,0.00029682941385544837,0.5,1.401298464324817e-43
17.42483162879944,-0.7909808158874512,0.00029325135983526707,0.5,1.401298464324817e-43
17.434930562973022,-0.8004390597343445,0.00029325135983526707,0.5,1.401298464324817e-43
17.44502353668213,-0.8004390597343445,0.000289694347884506,0.5,1.401298464324817e-43
17.455159664154053,-0.820002555847168,0.00028615910559892654,0.5,1.401298464324817e-43
17.46532893180847,-0.820002555847168,0.00028615910559892654,0.5,1.401298464324817e-43
17.475487232208252,-0.8193984031677246,0.00028264650609344244,0.5,1.401298464324817e-43
17.485613584518433,-0.8193984031677246,0.00027915736427530646,0.5,1.401298464324817e-43
17.495698928833008,-0.8274878263473511,0.00027915736427530646,0.5,1.401298464324817e-43
17.50580072402954,-0.8274878263473511,0.00027569240774028003,0.5,1.401298464324817e-43
17.51589608192444,-0.8766291737556458,0.00027225230587646365,0.5,1.401298464324817e-43
17.525999546051025,-0.8766291737556458,0.00027225230587646365,0.5,1.401298464324817e-43
17.536120414733887,-0.9316167235374451,0.00026883769896812737,0.5,1.401298464324817e-43
17.546226263046265,-0.9316167235374451,0.00026883769896812737,0.5,1.401298464324817e-43
17.556335926055908,-0.9550458192825317,0.0002654491690918803,0.5,1.401298464324817e-43
17.566454887390137,-0.9550458192825317,0.00026208735653199255,0.5,1.401298464324817e-43
17.576557397842407,-1.0,0.00026208735653199255,0.5,1.401298464324817e-43
17.586663722991943,-1.0,0.00025875275605358183,0.5,1.401298464324817e-43
17.596768856048584,-1.0,0.0002554459497332573,0.5,1.401298464324817e-43
17.606930017471313,-1.0,0.0002554459497332573,0.5,1.401298464324817e-43
17.61712956428528,-1.0,0.0002521672868169844,0.5,1.401298464324817e-43
17.627201557159424,-1.0,0.0002489172329660505,0.5,1.401298464324817e-43
17.637298107147217,-1.0,0.0002489172329660505,0.5,1.401298464324817e-43
17.64741277694702,-1.0,0.00024569628294557333,0.5,1.401298464324817e-43
17.65752601623535,-1.0,0.00024569628294557333,0.5,1.401298464324817e-43
17.667642831802368,-1.0,0.000242504698690027,0.5,1.401298464324817e-43
17.677778720855713,-1.0,0.00023934285854920745,0.5,1.401298464324817e-43
17.687905311584473,-1.0,0.00023934285854920745,0.5,1.401298464324817e-43
17.69801688194275,-1.0,0.00023621103900950402,0.5,1.401298464324817e-43
17.708133220672607,-1.0,0.00023310953110922128,0.5,1.401298464324817e-43
17.718212842941284,-1.0,0.00023310953110922128,0.5,1.401298464324817e-43
17.728371620178223,-1.0,0.00023003856767900288,0.5,1.401298464324817e-43
17.73851251602173,-1.0,0.00023003856767900288,0.5,1.401298464324817e-43
17.748663902282715,-1.0,0.00022699841065332294,0.5,1.401298464324817e-43
17.758824586868286,-1.0,0.00022398922010324895,0.5,1.401298464324817e-43
17.768965482711792,-1.0,0.00022398922010324895,0.5,1.401298464324817e-43
17.779073238372803,-1.0,0.0002210111852036789,0.5,1.401298464324817e-43
17.789165019989014,-1.0,0.0002180644660256803,0.5,1.401298464324817e-43
17.799272537231445,-1.0,0.0002180644660256803,0.5,1.401298464324817e-43
17.809385299682617,-1.0,0.00021514916443265975,0.5,1.401298464324817e-43
17.819511651992798,-1.0,0.00021226541139185429,0.5,1.401298464324817e-43
17.829625129699707,-1.0,0.00021226541139185429,0.5,1.401298464324817e-43
17.839726448059082,-1.0,0.00020941327966284007,0.5,1.401298464324817e-43
17.85022282600403,-1.0,0.00020941327966284007,0.5,1.401298464324817e-43
17.86042881011963,-1.0,0.00020659285655710846,0.5,1.401298464324817e-43
17.870572805404663,-1.0,0.00020380409841891378,0.5,1.401298464324817e-43
17.88070058822632,-1.0,0.00020380409841891378,0.5,1.401298464324817e-43
17.890827178955078,-1.0,0.00020104713621549308,0.5,1.401298464324817e-43
17.90100121498108,-1.0,0.00019832195539493114,0.5,1.401298464324817e-43
17.911142349243164,-1.0,0.00019832195539493114,0.5,1.401298464324817e-43
17.921292781829834,-1.0,0.00019562851230148226,0.5,1.401298464324817e-43
17.931429386138916,-1.0,0.00019562851230148226,0.5,1.401298464324817e-43
17.941548347473145,-1.0,0.00019296679238323122,0.5,1.401298464324817e-43
17.951671600341797,-1.0,0.00019033676653634757,0.5,1.401298464324817e-43
17.9617977142334,-1.0,0.00019033676653634757,0.5,1.401298464324817e-43
17.971907377243042,-1.0,0.00018773836200125515,0.5,1.401298464324817e-43
17.982027053833008,-1.0,0.0001851715351222083,0.5,1.401298464324817e-43
17.992172718048096,-1.0,0.0001851715351222083,0.5,1.401298464324817e-43
18.00232481956482,-1.0,0.00018263616948388517,0.5,1.401298464324817e-43
18.012434005737305,-1.0,0.0001801321777747944,0.5,1.401298464324817e-43
18.02256965637207,-1.0,0.0001801321777747944,0.5,1.401298464324817e-43
18.032695293426514,-1.0,0.00017765947268344462,0.5,1.401298464324817e-43
18.0428147315979,-1.0,0.00017765947268344462,0.5,1.401298464324817e-43
18.053402423858643,-1.0,0.00017521789413876832,0.5,1.401298464324817e-43
18.06360149383545,-1.0,0.00017280735482927412,0.5,1.401298464324817e-43
18.07375454902649,-1.0,0.00017280735482927412,0.5,1.401298464324817e-43
18.083865642547607,-1.0,0.00017042765102814883,0.5,1.401298464324817e-43
18.09402298927307,-1.0,0.00016807869542390108,0.5,1.401298464324817e-43
18.104161977767944,-1.0,0.00016807869542390108,0.5,1.401298464324817e-43
18.11434292793274,-1.0,0.00016576025518588722,0.5,1.401298464324817e-43
18.12449336051941,-1.0,0.00016576025518588722,0.5,1.401298464324817e-43
18.134612560272217,-1.0,0.00016347222845070064,0.5,1.401298464324817e-43
18.144777297973633,-1.0,0.0001612143823876977,0.5,1.401298464324817e-43
18.154911756515503,-1.0,0.0001612143823876977,0.5,1.401298464324817e-43
18.16506290435791,-1.0,0.00015898655692581087,0.5,1.401298464324817e-43
18.17521357536316,-1.0,0.00015678853378631175,0.5,1.401298464324817e-43
18.185355186462402,-1.0,0.00015678853378631175,0.5,1.401298464324817e-43
18.19547128677368,-1.0,0.0001546200946904719,0.5,1.401298464324817e-43
18.20563054084778,-1.0,0.00015248105046339333,0.5,1.401298464324817e-43
18.215758085250854,-1.0,0.00015248105046339333,0.5,1.401298464324817e-43
18.225911140441895,-1.0,0.0001503712119301781,0.5,1.401298464324817e-43
18.236071586608887,-1.0,0.0001503712119301781,0.5,1.401298464324817e-43
18.24651265144348,-1.0,0.00014829027350060642,0.5,1.401298464324817e-43
18.25665521621704,-1.0,0.00014623806055169553,0.5,1.401298464324817e-43
18.26675581932068,-1.0,0.00014623806055169553,0.5,1.401298464324817e-43
18.276855945587158,-1.0,0.00014421434025280178,0.5,1.401298464324817e-43
18.287015199661255,-1.0,0.00014221887977328151,0.5,1.401298464324817e-43
18.297351598739624,-1.0,0.00014221887977328151,0.5,1.401298464324817e-43
18.307492971420288,-1.0,0.00014025141717866063,0.5,1.401298464324817e-43
18.317607164382935,-1.0,0.00013831170508638024,0.5,1.401298464324817e-43
18.327726364135742,-1.0,0.00013831170508638024,0.5,1.401298464324817e-43
18.337884664535522,-1.0,0.00013639948156196624,0.5,1.401298464324817e-43
18.34800148010254,-1.0,0.00013639948156196624,0.5,1.401298464324817e-43
18.35812783241272,-1.0,0.00013451449922285974,0.5,1.401298464324817e-43
18.368266582489014,-1.0,0.00013265649613458663,0.5,1.401298464324817e-43
18.3783917427063,-1.0,0.00013265649613458663,0.5,1.401298464324817e-43
18.38853120803833,-1.0,0.0001308252103626728,0.5,1.401298464324817e-43
18.39867353439331,-1.0,0.00012902037997264415,0.5,1.401298464324817e-43
18.408833503723145,-1.0,0.00012902037997264415,0.5,1.401298464324817e-43
18.418978214263916,-1.0,0.0001272417139261961,0.5,1.401298464324817e-43
18.429089784622192,-1.0,0.00012548896484076977,0.5,1.401298464324817e-43
18.43921399116516,-1.0,0.00012548896484076977,0.5,1.401298464324817e-43
18.449341297149658,-1.0,0.00012376187078189105,0.5,1.401298464324817e-43
18.459442377090454,-1.0,0.00012376187078189105,0.5,1.401298464324817e-43
18.469547033309937,-1.0,0.0001220601552631706,0.5,1.401298464324817e-43
18.479651927947998,-1.0,0.00012038351997034624,0.5,1.401298464324817e-43
18.489789247512817,-1.0,0.00012038351997034624,0.5,1.401298464324817e-43
18.49994659423828,-1.0,0.00011873168841702864,0.5,1.401298464324817e-43
18.510069608688354,-1.0,0.00011710440594470128,0.5,1.401298464324817e-43
18.52022647857666,-1.0,0.00011710440594470128,0.5,1.401298464324817e-43
18.5305073261261,-1.0,0.00011550138879101723,0.5,1.401298464324817e-43
18.540713787078857,-1.0,0.00011550138879101723,0.5,1.401298464324817e-43
18.550833702087402,-1.0,0.00011392233136575669,0.5,1.401298464324817e-43
18.560964107513428,-1.0,0.00011236698628636077,0.5,1.401298464324817e-43
18.571083545684814,-1.0,0.00011236698628636077,0.5,1.401298464324817e-43
18.581215143203735,-1.0,0.00011083504068665206,0.5,1.401298464324817e-43
18.591354370117188,-1.0,0.00010932624718407169,0.5,1.401298464324817e-43
18.601494550704956,-1.0,0.00010932624718407169,0.5,1.401298464324817e-43
18.61165189743042,-1.0,0.00010784030018839985,0.5,1.401298464324817e-43
18.621803283691406,-1.0,0.00010637693776516244,0.5,1.401298464324817e-43
18.63196325302124,-1.0,0.00010637693776516244,0.5,1.401298464324817e-43
18.642107725143433,-1.0,0.00010493586887605488,0.5,1.401298464324817e-43
18.652222394943237,-1.0,0.00010493586887605488,0.5,1.401298464324817e-43
18.662362575531006,-1.0,0.00010351681703468785,0.5,1.401298464324817e-43
18.672467947006226,-1.0,0.00010211949120275676,0.5,1.401298464324817e-43
18.682563066482544,-1.0,0.00010211949120275676,0.5,1.401298464324817e-43
18.692662000656128,-1.0,0.00010074363672174513,0.5,1.401298464324817e-43
18.702763557434082,-1.0,9.9388969829306e-05,0.5,1.401298464324817e-43
18.712871551513672,-1.0,9.9388969829306e-05,0.5,1.401298464324817e-43
18.722960233688354,-1.0,9.805521403905004e-05,0.5,1.401298464324817e-43
18.73306655883789,-1.0,9.674208558863029e-05,0.5,1.401298464324817e-43
18.74320149421692,-1.0,9.674208558863029e-05,0.5,1.401298464324817e-43
18.753326177597046,-1.0,9.54493079916574e-05,0.5,1.401298464324817e-43
18.763439655303955,-1.0,9.54493079916574e-05,0.5,1.401298464324817e-43
18.77356195449829,-1.0,9.417664841748774e-05,0.5,1.401298464324817e-43
18.78370976448059,-1.0,9.292378672398627e-05,0.5,1.401298464324817e-43
18.79383397102356,-1.0,9.292378672398627e-05,0.5,1.401298464324817e-43
18.803947687149048,-1.0,9.169046097667888e-05,0.5,1.401298464324817e-43
18.814115524291992,-1.0,9.047640196513385e-05,0.5,1.401298464324817e-43
18.82431173324585,-1.0,9.047640196513385e-05,0.5,1.401298464324817e-43
18.834448099136353,-1.0,8.928137685870752e-05,0.5,1.401298464324817e-43
18.84456491470337,-1.0,8.81050800671801e-05,0.5,1.401298464324817e-43
18.85470151901245,-1.0,8.81050800671801e-05,0.5,1.401298464324817e-43
18.86483144760132,-1.0,8.69472642079927e-05,0.5,1.401298464324817e-43
18.87498116493225,-1.0,8.69472642079927e-05,0.5,1.401298464324817e-43
18.885124444961548,-1.0,8.580767462262884e-05,0.5,1.401298464324817e-43
18.89526629447937,-1.0,8.468602754874155e-05,0.5,1.401298464324817e-43
18.905386209487915,-1.0,8.468602754874155e-05,0.5,1.401298464324817e-43
18.915505409240723,-1.0,8.358210470760241e-05,0.5,1.401298464324817e-43
18.925639390945435,-1.0,8.358210470760241e-05,0.5,1.401298464324817e-43
18.93576145172119,-1.0,8.249561506090686e-05,0.5,1.401298464324817e-43
18.945903062820435,-1.0,8.142635488184169e-05,0.5,1.401298464324817e-43
18.956055879592896,-1.0,8.142635488184169e-05,0.5,1.401298464324817e-43
18.96617889404297,-1.0,8.037399675231427e-05,0.5,1.401298464324817e-43
18.976317882537842,-1.0,7.933835877338424e-05,0.5,1.401298464324817e-43
18.986469507217407,-1.0,7.933835877338424e-05,0.5,1.401298464324817e-43
18.996608018875122,-1.0,7.831915718270466e-05,0.5,1.401298464324817e-43
19.00673747062683,-1.0,7.831915718270466e-05,0.5,1.401298464324817e-43
19.016870260238647,-1.0,7.731615914963186e-05,0.5,1.401298464324817e-43
19.026981115341187,-1.0,7.632913184352219e-05,0.5,1.401298464324817e-43
19.037109851837158,-1.0,7.632913184352219e-05,0.5,1.401298464324817e-43
19.04722285270691,-1.0,7.535781332990155e-05,0.5,1.401298464324817e-43
19.057396411895752,-1.0,7.440199260599911e-05,0.5,1.401298464324817e-43
19.067538261413574,-1.0,7.440199260599911e-05,0.5,1.401298464324817e-43
19.077664613723755,-1.0,7.346141501329839e-05,0.5,1.401298464324817e-43
19.087805032730103,-1.0,7.346141501329839e-05,0.5,1.401298464324817e-43
19.098151683807373,-1.0,7.253586227307096e-05,0.5,1.401298464324817e-43
19.108323335647583,-1.0,7.162508700275794e-05,0.5,1.401298464324817e-43
19.118435621261597,-1.0,7.162508700275794e-05,0.5,1.401298464324817e-43
19.12897777557373,-1.0,7.072886364767328e-05,0.5,1.401298464324817e-43
19.139119863510132,-1.0,6.984698120504618e-05,0.5,1.401298464324817e-43
19.14923095703125,-1.0,6.984698120504618e-05,0.5,1.401298464324817e-43
19.159350872039795,-1.0,6.897920684423298e-05,0.5,1.401298464324817e-43
19.16946029663086,-1.0,6.812531501054764e-05,0.5,1.401298464324817e-43
19.179585456848145,-1.0,6.812531501054764e-05,0.5,1.401298464324817e-43
19.18969702720642,-1.0,6.728511652909219e-05,0.5,1.401298464324817e-43
19.19981098175049,-1.0,6.645834946539253e-05,0.5,1.401298464324817e-43
19.209919691085815,-1.0,6.645834946539253e-05,0.5,1.401298464324817e-43
19.22003483772278,-1.0,6.56448319205083e-05,0.5,1.401298464324817e-43
19.230138540267944,-1.0,6.56448319205083e-05,0.5,1.401298464324817e-43
19.240208625793457,-1.0,6.48443674435839e-05,0.5,1.401298464324817e-43
19.250341415405273,-1.0,6.405673047993332e-05,0.5,1.401298464324817e-43
19.26046895980835,-1.0,6.405673047993332e-05,0.5,1.401298464324817e-43
19.270572423934937,-1.0,6.328171002678573e-05,0.5,1.401298464324817e-43
19.28066873550415,-1.0,6.25191314611584e-05,0.5,1.401298464324817e-43
19.290780067443848,-1.0,6.25191314611584e-05,0.5,1.401298464324817e-43
19.30092167854309,-1.0,6.176876195240766e-05,0.5,1.401298464324817e-43
19.31110906600952,-1.0,6.103040141169913e-05,0.5,1.401298464324817e-43
19.321228981018066,-1.0,6.103040141169913e-05,0.5,1.401298464324817e-43
19.331330060958862,-1.0,6.0303875216050074e-05,0.5,1.401298464324817e-43
19.34144616127014,-1.0,6.0303875216050074e-05,0.5,1.401298464324817e-43
19.35156226158142,-1.0,5.95889869146049e-05,0.5,1.401298464324817e-43
19.361677169799805,-1.0,5.8885540056508034e-05,0.5,1.401298464324817e-43
19.37177872657776,-1.0,5.8885540056508034e-05,0.5,1.401298464324817e-43
19.381890773773193,-1.0,5.8193352742819116e-05,0.5,1.401298464324817e-43
19.391996383666992,-1.0,5.751224307459779e-05,0.5,1.401298464324817e-43
19.402122497558594,-1.0,5.751224307459779e-05,0.5,1.401298464324817e-43
19.412216663360596,-1.0,5.6842018238967285e-05,0.5,1.401298464324817e-43
19.422340869903564,-1.0,5.6842018238967285e-05,0.5,1.401298464324817e-43
19.432456731796265,-1.0,5.6182503612944856e-05,0.5,1.401298464324817e-43
19.44256019592285,-1.0,5.553352093556896e-05,0.5,1.401298464324817e-43
19.452683448791504,-1.0,5.553352093556896e-05,0.5,1.401298464324817e-43
19.462828874588013,-1.0,5.4894891945878044e-05,0.5,1.401298464324817e-43
19.472948789596558,-1.0,5.426644565886818e-05,0.5,1.401298464324817e-43
19.483071327209473,-1.0,5.426644565886818e-05,0.5,1.401298464324817e-43
19.49320673942566,-1.0,5.364803291740827e-05,0.5,1.401298464324817e-43
19.503321647644043,-1.0,5.303944635670632e-05,0.5,1.401298464324817e-43
19.513432264328003,-1.0,5.303944635670632e-05,0.5,1.401298464324817e-43
19.523555517196655,-1.0,5.2440547733567655e-05,0.5,1.401298464324817e-43
19.533688068389893,-1.0,5.2440547733567655e-05,0.5,1.401298464324817e-43
19.5438015460968,-1.0,5.185116606298834e-05,0.5,1.401298464324817e-43
19.55390954017639,-1.0,5.127113399794325e-05,0.5,1.401298464324817e-43
19.564034700393677,-1.0,5.127113399794325e-05,0.5,1.401298464324817e-43
19.57414484024048,-1.0,5.070029874332249e-05,0.5,1.401298464324817e-43
19.584294080734253,-1.0,5.013851114199497e-05,0.5,1.401298464324817e-43
19.59439516067505,-1.0,5.013851114199497e-05,0.5,1.401298464324817e-43
19.60449719429016,-1.0,4.958561112289317e-05,0.5,1.401298464324817e-43
19.614582538604736,-1.0,4.958561112289317e-05,0.5,1.401298464324817e-43
19.6246817111969,-1.0,4.90414458909072e-05,0.5,1.401298464324817e-43
19.634783267974854,-1.0,4.850588084082119e-05,0.5,1.401298464324817e-43
19.644906044006348,-1.0,4.850588084082119e-05,0.5,1.401298464324817e-43
19.65503168106079,-1.0,4.797874498763122e-05,0.5,1.401298464324817e-43
19.66516661643982,-1.0,4.745990736410022e-05,0.5,1.401298464324817e-43
19.67529797554016,-1.0,4.745990736410022e-05,0.5,1.401298464324817e-43
19.685396671295166,-1.0,4.6949218813097104e-05,0.5,1.401298464324817e-43
19.69554829597473,-1.0,4.6949218813097104e-05,0.5,1.401298464324817e-43
19.705662965774536,-1.0,4.644655200536363e-05,0.5,1.401298464324817e-43
19.71578860282898,-1.0,4.595175414578989e-05,0.5,1.401298464324817e-43
19.725918531417847,-1.0,4.595175414578989e-05,0.5,1.401298464324817e-43
19.73610281944275,-1.0,4.546469426713884e-05,0.5,1.401298464324817e-43
19.746297121047974,-1.0,4.49852341262158e-05,0.5,1.401298464324817e-43
19.75641417503357,-1.0,4.49852341262158e-05,0.5,1.401298464324817e-43
19.76651167869568,-1.0,4.451325730769895e-05,0.5,1.401298464324817e-43
19.776618719100952,-1.0,4.404862193041481e-05,0.5,1.401298464324817e-43
19.786726236343384,-1.0,4.404862193041481e-05,0.5,1.401298464324817e-43
19.79685068130493,-1.0,4.359119338914752e-05,0.5,1.401298464324817e-43
19.806978940963745,-1.0,4.359119338914752e-05,0.5,1.401298464324817e-43
19.817100524902344,-1.0,4.3140862544532865e-05,0.5,1.401298464324817e-43
19.827211618423462,-1.0,4.2697494791354984e-05,0.5,1.401298464324817e-43
19.837332248687744,-1.0,4.2697494791354984e-05,0.5,1.401298464324817e-43
19.84745478630066,-1.0,4.2260966438334435e-05,0.5,1.401298464324817e-43
19.85758900642395,-1.0,4.1831168346107006e-05,0.5,1.401298464324817e-43
19.86770009994507,-1.0,4.1831168346107006e-05,0.5,1.401298464324817e-43
19.877808332443237,-1.0,4.140797318541445e-05,0.5,1.401298464324817e-43
19.887946844100952,-1.0,4.0991264540934935e-05,0.5,1.401298464324817e-43
19.898087978363037,-1.0,4.0991264540934935e-05,0.5,1.401298464324817e-43
19.90821862220764,-1.0,4.058092963532545e-05,0.5,1.401298464324817e-43
19.918336629867554,-1.0,4.058092963532545e-05,0.5,1.401298464324817e-43
19.928444623947144,-1.0,4.0176866605179384e-05,0.5,1.401298464324817e-43
19.93856382369995,-1.0,3.9778955397196114e-05,0.5,1.401298464324817e-43
19.948673725128174,-1.0,3.9778955397196114e-05,0.5,1.401298464324817e-43
19.958766222000122,-1.0,3.938709050999023e-05,0.5,1.401298464324817e-43
19.968905210494995,-1.0,3.938709050999023e-05,0.5,1.401298464324817e-43
19.979257822036743,-1.0,3.900115916621871e-05,0.5,1.401298464324817e-43
19.989410161972046,-1.0,3.8621070416411385e-05,0.5,1.401298464324817e-43
19.99955677986145,-1.0,3.8621070416411385e-05,0.5,1.401298464324817e-43
20.009681940078735,-1.0,3.8246700569288805e-05,0.5,1.401298464324817e-43
20.01981258392334,-1.0,3.787796595133841e-05,0.5,1.401298464324817e-43
20.029932498931885,-1.0,3.787796595133841e-05,0.5,1.401298464324817e-43
20.04006862640381,-1.0,3.751475742319599e-05,0.5,1.401298464324817e-43
20.05022931098938,-1.0,3.7156976759433746e-05,0.5,1.401298464324817e-43
20.060367107391357,-1.0,3.7156976759433746e-05,0.5,1.401298464324817e-43
20.07048749923706,-1.0,3.6804536648560315e-05,0.5,1.401298464324817e-43
20.08063244819641,-1.0,3.6457335227169096e-05,0.5,1.401298464324817e-43
20.09078598022461,-1.0,3.6457335227169096e-05,0.5,1.401298464324817e-43
20.100895166397095,-1.0,3.6115277907811105e-05,0.5,1.401298464324817e-43
20.111015796661377,-1.0,3.6115277907811105e-05,0.5,1.401298464324817e-43
20.121135711669922,-1.0,3.577827737899497e-05,0.5,1.401298464324817e-43
20.13126277923584,-1.0,3.5446246329229325e-05,0.5,1.401298464324817e-43
20.141413688659668,-1.0,3.5446246329229325e-05,0.5,1.401298464324817e-43
20.151538372039795,-1.0,3.5119086533086374e-05,0.5,1.401298464324817e-43
20.161673307418823,-1.0,3.4796717955032364e-05,0.5,1.401298464324817e-43
20.171752214431763,-0.9993688464164734,3.4796717955032364e-05,0.5,1.401298464324817e-43
20.181869506835938,-0.9993688464164734,3.447905328357592e-05,0.5,1.401298464324817e-43
20.191977977752686,-0.9613725543022156,3.416600156924687e-05,0.5,1.401298464324817e-43
20.20208239555359,-0.9699139595031738,3.416600156924687e-05,0.5,1.401298464324817e-43
20.212246894836426,-0.9699139595031738,3.385749732842669e-05,0.5,1.401298464324817e-43
20.222389459609985,-0.9699139595031738,3.385749732842669e-05,0.5,1.401298464324817e-43
20.232494592666626,-1.0,3.3553445973666385e-05,0.5,1.401298464324817e-43
20.24259066581726,-1.0,3.325377110741101e-05,0.5,1.401298464324817e-43
20.25271987915039,-1.0,3.325377110741101e-05,0.5,1.401298464324817e-43
20.262837171554565,-1.0,3.2958403608063236e-05,0.5,1.401298464324817e-43
20.27294635772705,-1.0,3.2667245250195265e-05,0.5,1.401298464324817e-43
20.28305411338806,-1.0,3.2667245250195265e-05,0.5,1.401298464324817e-43
20.29315161705017,-1.0,3.2380237826146185e-05,0.5,1.401298464324817e-43
20.303274869918823,-1.0,3.2380237826146185e-05,0.5,1.401298464324817e-43
20.31337881088257,-1.0,3.2097297662403435e-05,0.5,1.401298464324817e-43
20.32351040840149,-1.0,3.181835199939087e-05,0.5,1.401298464324817e-43
20.33364176750183,-0.9798736572265625,3.181835199939087e-05,0.5,1.401298464324817e-43
20.34374189376831,-0.9798736572265625,3.154334262944758e-05,0.5,1.401298464324817e-43
20.35383367538452,-0.9721814393997192,3.127219315501861e-05,0.5,1.401298464324817e-43
20.36392641067505,-0.9295536875724792,3.127219315501861e-05,0.5,1.401298464324817e-43
20.374077558517456,-0.9295536875724792,3.1004834454506636e-05,0.5,1.401298464324817e-43
20.384212017059326,-0.9295536875724792,3.1004834454506636e-05,0.5,1.401298464324817e-43
20.39432644844055,-0.942556619644165,3.0741197406314313e-05,0.5,1.401298464324817e-43
20.4044189453125,-0.9787625670433044,3.04812074318761e-05,0.5,1.401298464324817e-43
20.41451621055603,-0.9787625670433044,3.04812074318761e-05,0.5,1.401298464324817e-43
20.424621105194092,-0.9860917329788208,3.022480996150989e-05,0.5,1.401298464324817e-43
20.434712648391724,-0.9860917329788208,2.9971937692607753e-05,0.5,1.401298464324817e-43
20.444814920425415,-1.0,2.9971937692607753e-05,0.5,1.401298464324817e-43
20.454927444458008,-1.0,2.9722528779529966e-05,0.5,1.401298464324817e-43
20.46502375602722,-1.0,2.9722528779529966e-05,0.5,1.401298464324817e-43
20.47512459754944,-1.0,2.9476517738658004e-05,0.5,1.401298464324817e-43
20.485217332839966,-0.9840571880340576,2.9233844543341547e-05,0.5,1.401298464324817e-43
20.495356798171997,-0.9840571880340576,2.9233844543341547e-05,0.5,1.401298464324817e-43
20.505491733551025,-0.9627625942230225,2.8994452804909088e-05,0.5,1.401298464324817e-43
20.51560688018799,-0.9627625942230225,2.8758277039742097e-05,0.5,1.401298464324817e-43
20.525717973709106,-0.9586812257766724,2.8758277039742097e-05,0.5,1.401298464324817e-43
20.53583335876465,-0.9586812257766724,2.8525271773105487e-05,0.5,1.401298464324817e-43
20.54596257209778,-0.924092173576355,2.8295369702391326e-05,0.5,1.401298464324817e-43
20.556077480316162,-0.924092173576355,2.8295369702391326e-05,0.5,1.401298464324817e-43
20.56629776954651,-0.9446625113487244,2.8068519895896316e-05,0.5,1.401298464324817e-43
20.576446533203125,-0.9446625113487244,2.8068519895896316e-05,0.5,1.401298464324817e-43
20.58655858039856,-0.9753891825675964,2.7844671421917155e-05,0.5,1.401298464324817e-43
20.596673011779785,-0.9753891825675964,2.7623760615824722e-05,0.5,1.401298464324817e-43
20.606908082962036,-0.9810701012611389,2.7623760615824722e-05,0.5,1.401298464324817e-43
20.617076873779297,-0.9810701012611389,2.740574382187333e-05,0.5,1.401298464324817e-43
20.627235651016235,-1.0,2.7190566470380872e-05,0.5,1.401298464324817e-43
20.637381076812744,-1.0,2.7190566470380872e-05,0.5,1.401298464324817e-43
20.64752221107483,-1.0,2.697817762964405e-05,0.5,1.401298464324817e-43
20.65773844718933,-1.0,2.6768531824927777e-05,0.5,1.401298464324817e-43
20.667972564697266,-0.969146192073822,2.6768531824927777e-05,0.5,1.401298464324817e-43
20.678102493286133,-0.969146192073822,2.6561574486549944e-05,0.5,1.401298464324817e-43
20.688262701034546,-0.9682880640029907,2.6561574486549944e-05,0.5,1.401298464324817e-43
20.698396921157837,-0.9682880640029907,2.6357260139775462e-05,0.5,1.401298464324817e-43
20.708523750305176,-0.9315482378005981,2.615554149087984e-05,0.5,1.401298464324817e-43
20.71866226196289,-0.9315482378005981,2.615554149087984e-05,0.5,1.401298464324817e-43
20.728784322738647,-0.9107000827789307,2.5956374884117395e-05,0.5,1.401298464324817e-43
20.73891258239746,-0.9107000827789307,2.5759709387784824e-05,0.5,1.401298464324817e-43
20.749029636383057,-0.9535285234451294,2.5759709387784824e-05,0.5,1.401298464324817e-43
20.759148359298706,-0.9535285234451294,2.556551044108346e-05,0.5,1.401298464324817e-43
20.769264698028564,-0.9720131158828735,2.5373725293320604e-05,0.5,1.401298464324817e-43
20.779441356658936,-0.9720131158828735,2.5373725293320604e-05,0.5,1.401298464324817e-43
20.78955078125,-0.9811115264892578,2.5184315745718777e-05,0.5,1.401298464324817e-43
20.7996609210968,-0.9811115264892578,2.5184315745718777e-05,0.5,1.401298464324817e-43
20.809776782989502,-1.0,2.49972399615217e-05,0.5,1.401298464324817e-43
20.819937705993652,-1.0,2.4812459741951898e-05,0.5,1.401298464324817e-43
20.830066204071045,-0.9922852516174316,2.4812459741951898e-05,0.5,1.401298464324817e-43
20.840209484100342,-0.9922852516174316,2.4629927793284878e-05,0.5,1.401298464324817e-43
20.8503839969635,-0.955445408821106,2.4449609554721974e-05,0.5,1.401298464324817e-43
20.860491514205933,-0.955445408821106,2.4449609554721974e-05,0.5,1.401298464324817e-43
20.870604753494263,-0.9423301219940186,2.4271463189506903e-05,0.5,1.401298464324817e-43
20.880712747573853,-0.9423301219940186,2.4271463189506903e-05,0.5,1.401298464324817e-43
20.890806913375854,-0.9024471640586853,2.4095455955830403e-05,0.5,1.401298464324817e-43
20.90091609954834,-0.9024471640586853,2.3921544197946787e-05,0.5,1.401298464324817e-43
20.911025762557983,-0.8900289535522461,2.3921544197946787e-05,0.5,1.401298464324817e-43
20.921147108078003,-0.8900289535522461,2.3749696993036196e-05,0.5,1.401298464324817e-43
20.9312961101532,-0.8893387317657471,2.357987432333175e-05,0.5,1.401298464324817e-43
20.94143509864807,-0.8893387317657471,2.357987432333175e-05,0.5,1.401298464324817e-43
20.951554536819458,-0.9279574751853943,2.3412037990055978e-05,0.5,1.401298464324817e-43
20.961689472198486,-0.9279574751853943,2.3246160708367825e-05,0.5,1.401298464324817e-43
20.971856832504272,-0.951420247554779,2.3246160708367825e-05,0.5,1.401298464324817e-43
20.98197317123413,-0.951420247554779,2.308220609847922e-05,0.5,1.401298464324817e-43
20.992080688476562,-0.9491217136383057,2.2920139599591494e-05,0.5,1.401298464324817e-43
21.002192735671997,-0.9491217136383057,2.2920139599591494e-05,0.5,1.401298464324817e-43
21.012339115142822,-0.9603907465934753,2.275993028888479e-05,0.5,1.401298464324817e-43
21.022449493408203,-0.9603907465934753,2.275993028888479e-05,0.5,1.401298464324817e-43
21.032572269439697,-0.9432286024093628,2.260153996758163e-05,0.5,1.401298464324817e-43
21.042688608169556,-0.9432286024093628,2.244494498881977e-05,0.5,1.401298464324817e-43
21.052806854248047,-0.8994423151016235,2.244494498881977e-05,0.5,1.401298464324817e-43
21.062926054000854,-0.8994423151016235,2.229011442977935e-05,0.5,1.401298464324817e-43
21.073135375976562,-0.9005313515663147,2.229011442977935e-05,0.5,1.401298464324817e-43
21.083291053771973,-0.9005313515663147,2.2137015548651107e-05,0.5,1.401298464324817e-43
21.09417176246643,-0.8508620858192444,2.198561378463637e-05,0.5,1.401298464324817e-43
21.10445213317871,-0.8508620858192444,2.198561378463637e-05,0.5,1.401298464324817e-43
21.11460518836975,-0.8792062997817993,2.18358873098623e-05,0.5,1.401298464324817e-43
21.124720096588135,-0.8792062997817993,2.168780702049844e-05,0.5,1.401298464324817e-43
21.134841918945312,-0.8797087073326111,2.168780702049844e-05,0.5,1.401298464324817e-43
21.14499068260193,-0.8797087073326111,2.154134381271433e-05,0.5,1.401298464324817e-43
21.15512466430664,-0.9005500078201294,2.139647040166892e-05,0.5,1.401298464324817e-43
21.165283203125,-0.9005500078201294,2.139647040166892e-05,0.5,1.401298464324817e-43
21.175403118133545,-0.9229854941368103,2.1253157683531754e-05,0.5,1.401298464324817e-43
21.185502290725708,-0.9229854941368103,2.1111378373461775e-05,0.5,1.401298464324817e-43
21.195648908615112,-0.880321204662323,2.1111378373461775e-05,0.5,1.401298464324817e-43
21.205770015716553,-0.880321204662323,2.0971110643586144e-05,0.5,1.401298464324817e-43
21.215877056121826,-0.8580145835876465,2.0971110643586144e-05,0.5,1.401298464324817e-43
21.226028203964233,-0.8376346826553345,2.083232902805321e-05,0.5,1.401298464324817e-43
21.236220598220825,-0.8376346826553345,2.069500260404311e-05,0.5,1.401298464324817e-43
21.246391773223877,-0.8376346826553345,2.069500260404311e-05,0.5,1.401298464324817e-43
21.25652813911438,-0.795843243598938,2.055911136267241e-05,0.5,1.401298464324817e-43
21.266669988632202,-0.8155050277709961,2.042463529505767e-05,0.5,1.401298464324817e-43
21.27679443359375,-0.8155050277709961,2.042463529505767e-05,0.5,1.401298464324817e-43
21.286905765533447,-0.8394836783409119,2.0291547116357833e-05,0.5,1.401298464324817e-43
21.297024726867676,-0.8394836783409119,2.0159826817689463e-05,0.5,1.401298464324817e-43
21.307138919830322,-0.8454174399375916,2.0159826817689463e-05,0.5,1.401298464324817e-43
21.31729507446289,-0.8454174399375916,2.0029445295222104e-05,0.5,1.401298464324817e-43
21.32742404937744,-0.8454174399375916,2.0029445295222104e-05,0.5,1.401298464324817e-43
21.33753514289856,-0.8780243992805481,1.990038072108291e-05,0.5,1.401298464324817e-43
21.347652673721313,-0.8645592927932739,1.9772624000324868e-05,0.5,1.401298464324817e-43
21.357775449752808,-0.8645592927932739,1.9772624000324868e-05,0.5,1.401298464324817e-43
21.36789870262146,-0.8239395618438721,1.9646133296191692e-05,0.5,1.401298464324817e-43
21.37802481651306,-0.8239395618438721,1.9520908608683385e-05,0.5,1.401298464324817e-43
21.388129234313965,-0.822037398815155,1.9520908608683385e-05,0.5,1.401298464324817e-43
21.398247718811035,-0.822037398815155,1.9396915377001278e-05,0.5,1.401298464324817e-43
21.40838861465454,-0.8089421391487122,1.9396915377001278e-05,0.5,1.401298464324817e-43
21.418529272079468,-0.8089421391487122,1.927413723024074e-05,0.5,1.401298464324817e-43
21.428658485412598,-0.7583293914794922,1.9152555978507735e-05,0.5,1.401298464324817e-43
21.438802242279053,-0.7583293914794922,1.9152555978507735e-05,0.5,1.401298464324817e-43
21.44893193244934,-0.7573142647743225,1.903214979392942e-05,0.5,1.401298464324817e-43
21.459062814712524,-0.7573142647743225,1.8912905943579972e-05,0.5,1.401298464324817e-43
21.469200134277344,-0.7907899618148804,1.8912905943579972e-05,0.5,1.401298464324817e-43
21.479323863983154,-0.7907899618148804,1.8794800780597143e-05,0.5,1.401298464324817e-43
21.489450693130493,-0.800072431564331,1.8677816115086898e-05,0.5,1.401298464324817e-43
21.499648332595825,-0.800072431564331,1.8677816115086898e-05,0.5,1.401298464324817e-43
21.509756326675415,-0.8184593915939331,1.8561930119176395e-05,0.5,1.401298464324817e-43
21.519884824752808,-0.8184593915939331,1.844713551690802e-05,0.5,1.401298464324817e-43
21.52999186515808,-0.8377094268798828,1.844713551690802e-05,0.5,1.401298464324817e-43
21.54011344909668,-0.8377094268798828,1.8333406842430122e-05,0.5,1.401298464324817e-43
21.55019974708557,-0.7953088283538818,1.8333406842430122e-05,0.5,1.401298464324817e-43
21.56029987335205,-0.7953088283538818,1.822072772483807e-05,0.5,1.401298464324817e-43
21.57042694091797,-0.7751020789146423,1.810908543120604e-05,0.5,1.401298464324817e-43
21.580556631088257,-0.7751020789146423,1.810908543120604e-05,0.5,1.401298464324817e-43
21.590691328048706,-0.7457877397537231,1.7998465409618802e-05,0.5,1.401298464324817e-43
21.600823640823364,-0.7457877397537231,1.7888845832203515e-05,0.5,1.401298464324817e-43
21.610963582992554,-0.7134380340576172,1.7888845832203515e-05,0.5,1.401298464324817e-43
21.621084928512573,-0.7134380340576172,1.778021214704495e-05,0.5,1.401298464324817e-43
21.63123607635498,-0.7397959232330322,1.778021214704495e-05,0.5,1.401298464324817e-43
21.6413471698761,-0.7397959232330322,1.7672558897174895e-05,0.5,1.401298464324817e-43
21.651463508605957,-0.7585107684135437,1.75658587977523e-05,0.5,1.401298464324817e-43
21.661614894866943,-0.7585107684135437,1.75658587977523e-05,0.5,1.401298464324817e-43
21.67173933982849,-0.7669904232025146,1.7460102753830142e-05,0.5,1.401298464324817e-43
21.68189263343811,-0.7669904232025146,1.7355274394503795e-05,0.5,1.401298464324817e-43
21.692023515701294,-0.8026739358901978,1.7355274394503795e-05,0.5,1.401298464324817e-43
21.702258348464966,-0.8026739358901978,1.725135552987922e-05,0.5,1.401298464324817e-43
21.71240997314453,-0.7731153964996338,1.7148338883998804e-05,0.5,1.401298464324817e-43
21.72254204750061,-0.7731153964996338,1.7148338883998804e-05,0.5,1.401298464324817e-43
21.73265528678894,-0.749123752117157,1.7046217180904932e-05,0.5,1.401298464324817e-43
21.742780447006226,-0.749123752117157,1.7046217180904932e-05,0.5,1.401298464324817e-43
21.752946853637695,-0.7301604151725769,1.694496677373536e-05,0.5,1.401298464324817e-43
21.763062477111816,-0.7301604151725769,1.684456947259605e-05,0.5,1.401298464324817e-43
21.77319312095642,-0.6848288774490356,1.684456947259605e-05,0.5,1.401298464324817e-43
21.783326625823975,-0.6848288774490356,1.6745027096476406e-05,0.5,1.401298464324817e-43
21.7934627532959,-0.6926582455635071,1.6646321455482394e-05,0.5,1.401298464324817e-43
21.803581953048706,-0.6926582455635071,1.6646321455482394e-05,0.5,1.401298464324817e-43
21.813697576522827,-0.7275452017784119,1.6548434359719977e-05,0.5,1.401298464324817e-43
21.823809385299683,-0.7275452017784119,1.6548434359719977e-05,0.5,1.401298464324817e-43
21.833919763565063,-0.7257592678070068,1.645136217121035e-05,0.5,1.401298464324817e-43
21.844046354293823,-0.7257592678070068,1.6355086700059474e-05,0.5,1.401298464324817e-43
21.854167461395264,-0.7616003751754761,1.6355086700059474e-05,0.5,1.401298464324817e-43
21.864300966262817,-0.7616003751754761,1.6259595213341527e-05,0.5,1.401298464324817e-43
21.874419450759888,-0.7591295838356018,1.616488953004591e-05,0.5,1.401298464324817e-43
21.884544372558594,-0.7591295838356018,1.616488953004591e-05,0.5,1.401298464324817e-43
21.89467430114746,-0.7152618169784546,1.6070942365331575e-05,0.5,1.401298464324817e-43
21.904819011688232,-0.7152618169784546,1.6070942365331575e-05,0.5,1.401298464324817e-43
21.914937019348145,-0.7092292904853821,1.5977748262230307e-05,0.5,1.401298464324817e-43
21.92506170272827,-0.7092292904853821,1.5885296306805685e-05,0.5,1.401298464324817e-43
21.93521761894226,-0.6660546660423279,1.5885296306805685e-05,0.5,1.401298464324817e-43
21.945343017578125,-0.6660546660423279,1.5793584680068307e-05,0.5,1.401298464324817e-43
21.955484867095947,-0.6482227444648743,1.5702595192124136e-05,0.5,1.401298464324817e-43
21.96560788154602,-0.6482227444648743,1.5702595192124136e-05,0.5,1.401298464324817e-43
21.97574019432068,-0.6874575018882751,1.561231692903675e-05,0.5,1.401298464324817e-43
21.98586678504944,-0.6910732984542847,1.5522738976869732e-05,0.5,1.401298464324817e-43
21.99598217010498,-0.6910732984542847,1.5522738976869732e-05,0.5,1.401298464324817e-43
