t,thro,m0,m1,m2,m3,pitch_out,roll_out,prate,rrate,alt_up
7.152557373046875e-06,0.0,0.004999999888241291,0.004999999888241291,0.004999999888241291,0.004999999888241291,0.0,0.0,0.0,0.0,0.04000023752450943
0.02014327049255371,0.0,0.004999999888241291,0.004999999888241291,0.004999999888241291,0.004999999888241291,0.0,0.0,0.0,0.0,0.04000021144747734
0.040238380432128906,0.0,0.004999999888241291,0.004999999888241291,0.004999999888241291,0.004999999888241291,0.0,0.0,0.0,0.0,0.04000012204051018
0.060335397720336914,0.5590000152587891,0.5726613402366638,0.5773029923439026,0.5453386902809143,0.5406970381736755,0.003188095521181822,-0.0074513815343379974,0.0,0.14563317596912384,0.04004883021116257
0.08044195175170898,0.5609999895095825,0.5352427959442139,0.5636875629425049,0.5912833213806152,0.5537862777709961,-0.02091280370950699,0.000724853714928031,1.0540177822113037,-0.11289867758750916,0.04162003844976425
0.10055208206176758,0.5609999895095825,0.6427138447761536,1.0,0.4827461838722229,0.11853986978530884,-0.08527056872844696,-0.6420937776565552,5.576268196105957,32.66284942626953,0.05770058184862137
0.12065243721008301,0.5540000200271606,0.12358006834983826,0.5182690620422363,1.0,0.5741509199142456,-1.0,1.0,81.23110961914062,-66.68729400634766,0.07515698671340942
0.1407606601715088,0.5189999938011169,1.0,0.4743273854255676,0.0881384015083313,0.5135341882705688,1.0,-0.025549769401550293,-106.4551010131836,22.156185150146484,0.09966105967760086
0.1608905792236328,0.4959999918937683,0.11587539315223694,0.5460304021835327,1.0,0.3220941722393036,-1.0,-0.044708818197250366,80.9992904663086,-15.67677116394043,0.13094046711921692
0.18107962608337402,0.4729999899864197,1.0,0.46576809883117676,0.10608947277069092,0.32014238834381104,0.9429137706756592,-0.04771488904953003,-58.92521667480469,24.05435562133789,0.2116207778453827
0.20117735862731934,0.45100000500679016,0.13838014006614685,0.292044997215271,1.0,0.3735748827457428,-0.7135140895843506,1.0,44.28782272338867,-117.92362976074219,0.2116207778453827
0.2212827205657959,0.41200000047683716,1.0,0.2691992223262787,0.22181189060211182,0.15698891878128052,0.12408088147640228,-0.8914285898208618,-32.72184371948242,110.78997039794922,0.3131214380264282
0.24138784408569336,0.41200000047683716,0.24021750688552856,0.24021750688552856,1.0,0.1675649881362915,-0.8912587761878967,0.7373175024986267,86.26976776123047,-47.81004333496094,0.37046942114830017
0.2614917755126953,0.37700000405311584,1.0,0.1660488247871399,0.17097556591033936,0.17097558081150055,0.7365429401397705,-0.2794170677661896,-66.10576629638672,48.68375015258789,0.4320068657398224
0.28160953521728516,0.3610000014305115,0.16114670038223267,0.1217065155506134,1.0,0.16114670038223267,-0.3002690076828003,0.48495617508888245,38.94417953491211,-74.99161529541016,0.5666479468345642
0.30173635482788086,0.3449999988079071,1.0,0.12666667997837067,0.12666667997837067,0.12666667997837067,0.22529351711273193,-0.2181355506181717,-48.556556701660156,47.23660659790039,0.6391376852989197
0.3218505382537842,0.33000001311302185,0.22030168771743774,0.018503248691558838,1.0,0.08119514584541321,0.058534517884254456,-0.07371694594621658,12.585697174072266,-10.883058547973633,0.7149803638458252
0.34197163581848145,0.3019999861717224,0.41726523637771606,0.053890541195869446,0.7368441820144653,0.004999999888241291,-0.3171524405479431,0.2743389308452606,24.79483413696289,-19.301727294921875,0.7940554022789001
0.362072229385376,0.2879999876022339,0.8193113207817078,0.022860705852508545,0.30982786417007446,0.004999999888241291,0.4033679664134979,-0.4438351094722748,-42.91259765625,48.37705993652344,0.960450291633606
0.38216495513916016,0.27399998903274536,0.0758725106716156,0.005255550146102905,1.0,0.014871954917907715,-0.4677608609199524,0.488762766122818,57.282108306884766,-61.76516342163086,1.0471993684768677
0.40231943130493164,0.2619999945163727,1.0,0.015999972820281982,0.015999987721443176,0.015999972820281982,0.4628571569919586,-0.4628571569919586,-66.30762481689453,72.99296569824219,1.1360028982162476
0.42246341705322266,0.23899999260902405,0.00833292305469513,0.004999999888241291,0.9393341541290283,0.00833292305469513,-0.39714285731315613,0.39714285731315613,68.46879577636719,-75.16926574707031,1.2266525030136108
0.4425535202026367,0.2280000001192093,0.8464208841323853,0.010930970311164856,0.05464810132980347,0.004999999888241291,0.3623729348182678,-0.36571425199508667,-62.76349639892578,67.16432189941406,1.4120136499404907
0.46265625953674316,0.21799999475479126,0.08341877162456512,0.004999999888241291,0.7817392349243164,0.006841942667961121,-0.28652021288871765,0.3004065155982971,49.40996170043945,-53.907108306884766,1.505948543548584
0.4827744960784912,0.20999999344348907,0.6237397193908691,0.004999999888241291,0.21251563727855682,0.004999999888241291,0.20036602020263672,-0.20754873752593994,-33.25122833251953,34.113582611083984,1.6002188920974731
0.5028917789459229,0.19599999487400055,0.2328900694847107,0.004999999888241291,0.5463085770606995,0.004999999888241291,-0.12320651859045029,0.1292313039302826,17.988554000854492,-18.99205780029297,1.69450044631958
0.5229635238647461,0.19099999964237213,0.46840226650238037,0.03304031491279602,0.2625574469566345,0.004999999888241291,0.05672029033303261,-0.09665685892105103,-9.836867332458496,9.810635566711426,1.8817572593688965
0.5430612564086914,0.18700000643730164,0.2947116196155548,0.004999999888241291,0.40874427556991577,0.04454413056373596,-0.02336466684937477,0.04842342436313629,3.5134639739990234,-4.541171550750732,1.9741984605789185
0.5631449222564697,0.18299999833106995,0.38270485401153564,0.023988306522369385,0.32530683279037476,0.004999999888241291,0.010463166050612926,-0.025662368163466454,-2.2057836055755615,2.3380143642425537,2.0656278133392334
0.5832417011260986,0.17900000512599945,0.33944272994995117,0.004999999888241291,0.36878955364227295,0.0077676922082901,-0.0066565219312906265,0.011816713027656078,1.1848948001861572,-1.4483822584152222,2.155956268310547
0.6033315658569336,0.17800000309944153,0.3578445613384247,0.007977142930030823,0.3461782932281494,0.004999999888241291,0.0026280025485903025,-0.005772510543465614,-0.42649078369140625,0.17924627661705017,2.333099126815796
0.6234245300292969,0.1770000010728836,0.35088256001472473,0.004999999888241291,0.3555183410644531,0.004999999888241291,-0.001103599090129137,-0.0005392743041738868,0.19786104559898376,-0.35243430733680725,2.4198522567749023
0.6435203552246094,0.17599999904632568,0.35218536853790283,0.004999999888241291,0.35130032896995544,0.004999999888241291,0.0003982603084295988,-0.0011342124780640006,0.0,-0.365533709526062,2.505371332168579
0.6636078357696533,0.17499999701976776,0.3486792743206024,0.004999999888241291,0.3495928943157196,0.004999999888241291,0.0005467871087603271,0.0009395459201186895,0.0,-0.49065709114074707,2.58964467048645
0.6837012767791748,0.17499999701976776,0.34935516119003296,0.004999999888241291,0.34854060411453247,0.004999999888241291,-0.00033718443592078984,0.000760964525397867,0.15897613763809204,-0.5160414576530457,2.7544093132019043
0.7037887573242188,0.17499999701976776,0.3524903655052185,0.004999999888241291,0.34640148282051086,0.004999999888241291,0.0005749612464569509,7.752738747512922e-05,0.0,-0.4491029381752014,2.8348910808563232
0.7238779067993164,0.17399999499320984,0.3456885814666748,0.004999999888241291,0.3495503067970276,0.004999999888241291,0.0003953716950491071,0.002952621318399906,0.11927570402622223,-0.794856071472168,2.9141016006469727
0.7439498901367188,0.17399999499320984,0.34685176610946655,0.004999999888241291,0.34659022092819214,0.004999999888241291,0.001596359652467072,0.0013653553323820233,-0.11024776846170425,-0.5965837240219116,2.9920358657836914
0.7640349864959717,0.17399999499320984,0.3420312702655792,0.004999999888241291,0.3465834856033325,0.007385224103927612,0.0006774277426302433,0.0009387593599967659,0.0,-0.5315694808959961,3.1440622806549072
0.7841196060180664,0.17399999499320984,0.3482435643672943,0.004999999888241291,0.3446919023990631,0.004999999888241291,0.001793300500139594,0.0007856333395466208,-0.2857005000114441,-0.38812685012817383,3.2181522846221924
0.8042178153991699,0.17499999701976776,0.34631282091140747,0.004999999888241291,0.34745392203330994,0.006233230233192444,0.00034173147287219763,0.001367068849503994,0.0,-0.5061891674995422,3.290961742401123
0.8243241310119629,0.17499999701976776,0.3446591794490814,0.004999999888241291,0.34732672572135925,0.008014097809791565,0.0002867516304831952,0.001536571653559804,0.0,-0.5471463799476624,3.3624980449676514
0.8444118499755859,0.17499999701976776,0.34777629375457764,0.004999999888241291,0.34837454557418823,0.004999999888241291,0.001400841516442597,0.0007127462304197252,-0.2758987247943878,-0.318695068359375,3.5017735958099365
0.8645038604736328,0.17599999904632568,0.35087376832962036,0.004999999888241291,0.3494469225406647,0.004999999888241291,0.001416982733644545,0.0020917991641908884,-0.29835984110832214,-0.3553609251976013,3.569520950317383
0.884589672088623,0.17599999904632568,0.34976261854171753,0.004999999888241291,0.34982579946517944,0.004999999888241291,0.0018755748169496655,-0.0019463994540274143,-0.4157150387763977,0.0,3.636019229888916
0.9046666622161865,0.1770000010728836,0.3509760797023773,0.004999999888241291,0.35255759954452515,0.004999999888241291,0.000998669653199613,0.0022119085770100355,-0.34940963983535767,-0.20355823636054993,3.7652945518493652
0.9247398376464844,0.17800000309944153,0.3540148138999939,0.004999999888241291,0.3520060181617737,0.005979180335998535,0.0007586035062558949,0.0016114768804982305,-0.43077677488327026,0.0,3.8280928134918213
0.9448237419128418,0.17800000309944153,0.35814058780670166,0.004999999888241291,0.35234424471855164,0.004999999888241291,0.0015600314363837242,0.0011139243142679334,-0.532002329826355,0.10386763513088226,3.8896825313568115
0.9649128913879395,0.17900000512599945,0.35967355966567993,0.004999999888241291,0.3556566834449768,0.004999999888241291,-0.000291508185910061,0.0022137542255222797,-0.2894383668899536,0.1451415866613388,3.950072765350342
0.9850020408630371,0.18000000715255737,0.3613777756690979,0.004999999888241291,0.35709625482559204,0.004999999888241291,0.000956190109718591,-0.001102190581150353,-0.5129715204238892,0.4475516378879547,4.067314624786377
1.005082607269287,0.1809999942779541,0.35988032817840576,0.004999999888241291,0.3635563850402832,0.004999999888241291,-0.0001512539602117613,-0.002562857000157237,-0.2966981530189514,0.49719104170799255,4.124196529388428
1.0251646041870117,0.18199999630451202,0.36321234703063965,0.004999999888241291,0.36450380086898804,0.004999999888241291,-0.0005101729766465724,-0.000700781645718962,-0.31998035311698914,0.6009859442710876,4.179937839508057
1.04524564743042,0.18299999833106995,0.36671996116638184,0.004999999888241291,0.36471086740493774,0.004999999888241291,0.0004118047945667058,-0.0009112905245274305,-0.48741328716278076,0.7066164612770081,4.234555244445801
1.065450668334961,0.18400000035762787,0.36603617668151855,0.004999999888241291,0.36688941717147827,0.004999999888241291,3.919400114682503e-05,-1.8141790860681795e-05,-0.33652883768081665,0.6190549731254578,4.3404717445373535
1.0855507850646973,0.1850000023841858,0.36821985244750977,0.004999999888241291,0.3693651258945465,0.004999999888241291,-0.00187876692507416,0.00042964305612258613,-0.10139244049787521,0.7519632577896118,4.391790390014648
1.1056320667266846,0.1850000023841858,0.3672977089881897,0.005925491452217102,0.36677685379981995,0.004999999888241291,-0.0013493587030097842,-0.00431738281622529,-0.21681442856788635,1.1281929016113281,4.442030906677246
1.1257100105285645,0.1860000044107437,0.36713486909866333,0.010658040642738342,0.3662071228027344,0.004999999888241291,-0.0019263181602582335,-0.003535329829901457,0.0,1.0401540994644165,4.491196155548096
1.1457891464233398,0.18700000643730164,0.3677549958229065,0.010093718767166138,0.3701513409614563,0.004999999888241291,-0.002490718849003315,-0.002383030019700527,0.11767736077308655,0.9116160869598389,4.586334228515625
1.1658728122711182,0.18799999356269836,0.3705981969833374,0.008278712630271912,0.37312304973602295,0.004999999888241291,-0.003922848030924797,-0.002387354848906398,0.30391398072242737,0.9746074080467224,4.632326126098633
1.1859509944915771,0.1889999955892563,0.3737092614173889,0.01085507869720459,0.37143564224243164,0.004999999888241291,-0.002389940433204174,-0.004205696284770966,0.17034977674484253,1.0565874576568604,4.677282333374023
1.2060863971710205,0.1899999976158142,0.3758673071861267,0.009185656905174255,0.3749470114707947,0.004999999888241291,-0.0039885807782411575,-0.0010752532398328185,0.4673495590686798,0.6481242775917053,4.72121524810791
1.2262201309204102,0.19099999964237213,0.3755536675453186,0.011220350861549377,0.37722596526145935,0.004999999888241291,-0.004054434131830931,-0.0019713444635272026,0.48851659893989563,0.7518104910850525,4.806066513061523
1.246335506439209,0.19200000166893005,0.3792267441749573,0.010416433215141296,0.3783568739891052,0.004999999888241291,-0.004212996456772089,-0.0013738854322582483,0.5737375617027283,0.5612574815750122,4.847013473510742
1.2664363384246826,0.19300000369548798,0.37862879037857056,0.008928999304771423,0.38444221019744873,0.004999999888241291,-0.003842405043542385,-0.001948341610841453,0.6010765433311462,0.4231679439544678,4.886993408203125
1.286536455154419,0.19300000369548798,0.3813073933124542,0.013015210628509521,0.37767738103866577,0.004999999888241291,-0.002804222982376814,-0.0019823797047138214,0.3638952672481537,0.6112127304077148,4.926026821136475
1.3066399097442627,0.19499999284744263,0.3875724673271179,0.004999999888241291,0.39220130443573,0.004999999888241291,-0.0032108041923493147,-0.0038909066934138536,0.5050330758094788,0.5223942995071411,5.0013017654418945
1.3267791271209717,0.19599999487400055,0.3878805637359619,0.006195053458213806,0.3899243474006653,0.004999999888241291,-0.003978633787482977,-0.0018784257117658854,0.5932177901268005,0.38218361139297485,5.037581920623779
1.3468925952911377,0.19599999487400055,0.38901597261428833,0.005808249115943909,0.38917577266693115,0.004999999888241291,-0.002292468212544918,-0.0062611298635602,0.4899672567844391,0.5296356678009033,5.072978496551514
1.366952657699585,0.19699999690055847,0.38893526792526245,0.008127763867378235,0.3909369707107544,0.004999999888241291,-0.00249424297362566,-0.0026690822560340166,0.4932990074157715,0.3114170730113983,5.107501029968262
1.3870470523834229,0.1979999989271164,0.39225608110427856,0.004999999888241291,0.39615875482559204,0.004999999888241291,-0.0018869767664000392,-0.0017861961387097836,0.47337570786476135,0.16167554259300232,5.173971652984619
1.4071450233459473,0.19900000095367432,0.39502042531967163,0.005930677056312561,0.3950488865375519,0.004999999888241291,-0.002607047325000167,0.0017419579671695828,0.524698793888092,0.0,5.205958843231201
1.4272432327270508,0.19900000095367432,0.39712464809417725,0.004999999888241291,0.39662012457847595,0.004999999888241291,-0.0021812734194099903,-0.0002117053372785449,0.38623759150505066,0.24642367660999298,5.237133979797363
1.4473490715026855,0.20000000298023224,0.3978026509284973,0.007633507251739502,0.39456385374069214,0.004999999888241291,-0.0022254183422774076,-0.0010156079661101103,0.4406070113182068,0.22621718049049377,5.267506122589111
1.4674649238586426,0.20100000500679016,0.39931073784828186,0.004999999888241291,0.4014824628829956,0.004999999888241291,-0.0006776388036087155,-0.0003937095170840621,0.18807931244373322,0.2834966778755188,5.3258867263793945
1.4875612258911133,0.20200000703334808,0.4010472893714905,0.005646273493766785,0.40130648016929626,0.004999999888241291,-0.002234372077509761,-0.00023542792769148946,0.3870512843132019,0.25993651151657104,5.3539228439331055
1.507643222808838,0.20200000703334808,0.40477025508880615,0.004999999888241291,0.4003904461860657,0.004999999888241291,-0.0029112808406352997,-0.0028001328464597464,0.30122697353363037,0.5612485408782959,5.381209373474121
1.527730941772461,0.2029999941587448,0.401913046836853,0.004999999888241291,0.4054994583129883,0.004999999888241291,-0.0023652405943721533,-0.0035283761098980904,0.26150187849998474,0.6272159814834595,5.4077558517456055
1.5478310585021973,0.20399999618530273,0.40405964851379395,0.005844473838806152,0.40609586238861084,0.004999999888241291,-0.0029980172403156757,-0.0018348402809351683,0.21697726845741272,0.7379583120346069,5.45866584777832
1.5679333209991455,0.20399999618530273,0.40611690282821655,0.005654007196426392,0.4042291045188904,0.004999999888241291,-0.0017075107898563147,-0.0008008669828996062,0.0,0.8671309351921082,5.483049392700195
1.5880179405212402,0.20499999821186066,0.4068121314048767,0.007335290312767029,0.4058525562286377,0.004999999888241291,-0.003780418075621128,-0.001200946280732751,0.16721166670322418,0.9848456382751465,5.506723880767822
1.6080975532531738,0.20499999821186066,0.4076194167137146,0.007529512047767639,0.4048510491847992,0.004999999888241291,-0.0038572032935917377,-0.003997168503701687,0.1671682745218277,1.1789778470993042,5.529696941375732
1.628194808959961,0.2070000022649765,0.4087582230567932,0.012791916728019714,0.4064498841762543,0.004999999888241291,-0.003053629072383046,-0.00238235667347908,0.0,1.3248740434646606,5.57355260848999
1.6483163833618164,0.2070000022649765,0.40654587745666504,0.016739577054977417,0.40471452474594116,0.004999999888241291,-0.0060447691939771175,-0.004651726223528385,0.25333866477012634,1.5365608930587769,5.594455718994141
1.668433666229248,0.2070000022649765,0.40933775901794434,0.01077289879322052,0.40788930654525757,0.004999999888241291,-0.005753234960138798,-0.006031402386724949,0.20308846235275269,1.6276363134384155,5.614681243896484
1.6885735988616943,0.20800000429153442,0.40620627999305725,0.014161348342895508,0.41163238883018494,0.004999999888241291,-0.00661300728097558,-0.007450183387845755,0.3076626658439636,1.7669397592544556,5.6342315673828125
1.7086868286132812,0.210999995470047,0.4108108580112457,0.018072232604026794,0.41511690616607666,0.004999999888241291,-0.006375239230692387,-0.007457909639924765,0.2534054219722748,1.8004472255706787,5.671353816986084
1.7287933826446533,0.21199999749660492,0.41848957538604736,0.019180715084075928,0.4103296995162964,0.004999999888241291,-0.005826451815664768,-0.008144864812493324,0.0,2.0985825061798096,5.688973903656006
1.7489025592803955,0.21299999952316284,0.4147123694419861,0.017842277884483337,0.41944533586502075,0.004999999888241291,-0.005007737781852484,-0.010377764701843262,0.16986733675003052,1.7728604078292847,5.70599365234375
1.7690296173095703,0.21400000154972076,0.4168381690979004,0.016162782907485962,0.4229990839958191,0.004999999888241291,-0.009364193305373192,-0.0031729505863040686,0.4951183497905731,1.5499169826507568,5.722429275512695
1.7891955375671387,0.2160000056028366,0.4238629639148712,0.02097141742706299,0.41916561126708984,0.004999999888241291,-0.0074220215901732445,-0.0063898274675011635,0.23693832755088806,1.724814772605896,5.75360107421875
1.8093116283416748,0.21699999272823334,0.42621636390686035,0.020377516746520996,0.421406090259552,0.004999999888241291,-0.004166206810623407,-0.013491734862327576,0.10247247666120529,1.697726845741272,5.768381595611572
1.829399824142456,0.21799999475479126,0.42447537183761597,0.014576613903045654,0.4329480230808258,0.004999999888241291,-0.007372291758656502,-0.003662124276161194,0.4328746497631073,1.1121257543563843,5.782652378082275
1.849482774734497,0.21899999678134918,0.4275314211845398,0.016336381435394287,0.43213218450546265,0.004999999888241291,-0.009039731696248055,0.0002622682659421116,0.45104750990867615,1.0036630630493164,5.796433448791504
1.8695719242095947,0.22100000083446503,0.4363366663455963,0.01877744495868683,0.42888587713241577,0.004999999888241291,-0.0039112200029194355,-0.009448086842894554,-0.11401554942131042,1.470031499862671,5.822611331939697
1.8896477222442627,0.22100000083446503,0.4357714056968689,0.013110071420669556,0.43511849641799927,0.004999999888241291,-0.0052866749465465546,-0.010655686259269714,0.14870652556419373,1.2130223512649536,5.835058212280273
1.9097254276275635,0.22200000286102295,0.43205684423446655,0.019797280430793762,0.4361459016799927,0.004999999888241291,-0.007263721898198128,-0.005872418638318777,0.33085697889328003,1.0715709924697876,5.847090244293213
1.9298033714294434,0.22300000488758087,0.44022613763809204,0.01258346438407898,0.43919044733047485,0.004999999888241291,-0.006664855405688286,-0.006399800069630146,0.16478514671325684,1.0946688652038574,5.858725547790527
1.9503657817840576,0.22300000488758087,0.4395260810852051,0.015970304608345032,0.43650367856025696,0.004999999888241291,-0.006192666012793779,-0.007781920023262501,0.0,1.2949682474136353,5.880870342254639
1.9704859256744385,0.22499999403953552,0.439123272895813,0.01853439211845398,0.4423423409461975,0.004999999888241291,-0.008411407470703125,-0.006974135525524616,0.2269696444272995,1.2213746309280396,5.891401290893555
1.990581750869751,0.22499999403953552,0.44038745760917664,0.013053178787231445,0.446559339761734,0.004999999888241291,-0.008372802287340164,-0.0016892424318939447,0.10533670336008072,1.1811237335205078,5.9015936851501465
2.0106921195983887,0.22599999606609344,0.44697022438049316,0.02021065354347229,0.4368191063404083,0.004999999888241291,-0.005479881539940834,-0.012552442029118538,-0.33851200342178345,1.9710464477539062,5.911459445953369
2.030834674835205,0.22699999809265137,0.4447581171989441,0.019201532006263733,0.44404032826423645,0.004999999888241291,-0.0077321333810687065,-0.009864226914942265,0.0,1.6876534223556519,5.930245876312256
2.050968647003174,0.2280000001192093,0.4423319697380066,0.014988243579864502,0.45467978715896606,0.004999999888241291,-0.010226886719465256,-0.004800278693437576,0.14874804019927979,1.515196442604065,5.939185619354248
2.0710628032684326,0.2280000001192093,0.4453180432319641,0.02350841462612152,0.4431735873222351,0.004999999888241291,-0.00955913495272398,-0.003076846245676279,-0.11176086217164993,1.7431724071502686,5.947836875915527
2.0911598205566406,0.2290000021457672,0.4491034746170044,0.02712702751159668,0.4397694766521454,0.004999999888241291,-0.005543681792914867,-0.016752392053604126,-0.5402922034263611,2.378927707672119,5.964300632476807
2.111264944076538,0.23000000417232513,0.44880542159080505,0.019413813948631287,0.4517807960510254,0.004999999888241291,-0.009122831746935844,-0.01050465740263462,-0.26106780767440796,2.0943963527679443,5.972130298614502
2.131364583969116,0.23000000417232513,0.44610753655433655,0.016994550824165344,0.45689791440963745,0.004999999888241291,-0.011192691512405872,-0.0060059381648898125,-0.14731855690479279,1.9682056903839111,5.979701995849609
2.1514995098114014,0.23100000619888306,0.45357218384742737,0.020881816744804382,0.4495460093021393,0.004999999888241291,-0.011008880101144314,-0.009592803195118904,-0.5187342762947083,2.5178003311157227,5.987020492553711
2.171626567840576,0.23199999332427979,0.45245203375816345,0.023626163601875305,0.45192182064056396,0.004999999888241291,-0.008265017531812191,-0.017204787582159042,-0.6577622294425964,2.6408193111419678,6.000926494598389
2.191709041595459,0.23199999332427979,0.4479933977127075,0.024891063570976257,0.45511552691459656,0.004999999888241291,-0.011381539516150951,-0.00914598535746336,-0.46652716398239136,2.293339252471924,6.007531642913818
2.2117929458618164,0.23199999332427979,0.44905269145965576,0.028291314840316772,0.450655996799469,0.004999999888241291,-0.015146416611969471,-0.006335825193673372,-0.40228426456451416,2.5405585765838623,6.013906955718994
2.2318737506866455,0.2329999953508377,0.4553452730178833,0.033063486218452454,0.4435911774635315,0.004999999888241291,-0.010755730792880058,-0.01745402254164219,-0.9228649735450745,3.137662887573242,6.020059108734131
2.251962900161743,0.23399999737739563,0.4547615051269531,0.028099551796913147,0.45313894748687744,0.004999999888241291,-0.0070828720927238464,-0.02400953881442547,-1.0927890539169312,3.0856525897979736,6.031748294830322
2.272067070007324,0.23399999737739563,0.45079073309898376,0.028577029705047607,0.45663219690322876,0.004999999888241291,-0.015151239931583405,-0.007716030348092318,-0.33034199476242065,2.2816989421844482,6.037296295166016
2.292160749435425,0.23399999737739563,0.45390236377716064,0.03044353425502777,0.4516541063785553,0.004999999888241291,-0.01370098814368248,-0.007225811947137117,-0.6225940585136414,2.4398374557495117,6.042647838592529
2.3122546672821045,0.23499999940395355,0.4607124328613281,0.028464242815971375,0.4508233666419983,0.004999999888241291,-0.010673459619283676,-0.020501548424363136,-1.0733537673950195,3.0589168071746826,6.047809600830078
2.3323922157287598,0.23499999940395355,0.4542797803878784,0.03138174116611481,0.4543384611606598,0.004999999888241291,-0.011249703355133533,-0.01744939759373665,-0.8671820759773254,2.669689893722534,6.057601451873779
2.352496385574341,0.23600000143051147,0.45492926239967346,0.028808921575546265,0.46026182174682617,0.004999999888241291,-0.01650620810687542,-0.006468780804425478,-0.6092614531517029,2.322633981704712,6.0622406005859375
2.372596502304077,0.23600000143051147,0.45941662788391113,0.031114786863327026,0.45346859097480774,0.004999999888241291,-0.014016995206475258,-0.014737210236489773,-1.0246421098709106,2.9639289379119873,6.066718101501465
2.3930232524871826,0.23600000143051147,0.45961183309555054,0.030087292194366455,0.4543008506298065,0.004999999888241291,-0.010433981195092201,-0.0174102745950222,-1.2186992168426514,2.8315534591674805,6.071041107177734
2.4131381511688232,0.2370000034570694,0.4552907347679138,0.030654773116111755,0.4620544910430908,0.004999999888241291,-0.015147428028285503,-0.010256582871079445,-0.9204497337341309,2.5713486671447754,6.0792131423950195
2.4332363605499268,0.2370000034570694,0.45700088143348694,0.029988214373588562,0.4610109031200409,0.004999999888241291,-0.014298425987362862,-0.012114810757339,-1.2033623456954956,2.9810585975646973,6.083071708679199
2.453327178955078,0.2370000034570694,0.4615405797958374,0.030627205967903137,0.45583224296569824,0.004999999888241291,-0.011312272399663925,-0.015802308917045593,-1.615999460220337,3.2592148780822754,6.086789608001709
2.4734394550323486,0.23800000548362732,0.4559202790260315,0.03329937160015106,0.4627803564071655,0.004999999888241291,-0.01725943014025688,-0.012744778767228127,-1.0676966905593872,3.003211736679077,6.090360164642334
2.4935436248779297,0.23800000548362732,0.45867350697517395,0.03169913589954376,0.46162736415863037,0.004999999888241291,-0.020000021904706955,-0.006106691434979439,-1.080657958984375,2.954831123352051,6.097086429595947
2.513644218444824,0.23800000548362732,0.4606817960739136,0.03776231408119202,0.4535558819770813,0.004999999888241291,-0.015271563082933426,-0.013762233778834343,-1.691252589225769,3.462592840194702,6.100247859954834
2.5337507724761963,0.23899999260902405,0.4589807987213135,0.03789141774177551,0.4591277837753296,0.004999999888241291,-0.014681066386401653,-0.020524024963378906,-1.6888402700424194,3.577648162841797,6.103268146514893
2.5538411140441895,0.23899999260902405,0.4553793966770172,0.038700640201568604,0.46191996335983276,0.004999999888241291,-0.01930242031812668,-0.012288346886634827,-1.5300495624542236,3.3890388011932373,6.10615348815918
2.5739340782165527,0.23899999260902405,0.45879125595092773,0.04031480848789215,0.4568938910961151,0.004999999888241291,-0.018428904935717583,-0.015592619776725769,-1.9299248456954956,3.7789418697357178,6.111534595489502
2.5940334796905518,0.23999999463558197,0.46201902627944946,0.039427608251571655,0.45855334401130676,0.004999999888241291,-0.015788564458489418,-0.019120780751109123,-2.2359731197357178,3.9989311695098877,6.114026069641113
2.614137887954712,0.23999999463558197,0.4580603837966919,0.04085072875022888,0.4610888659954071,0.004999999888241291,-0.01722409389913082,-0.018328119069337845,-2.245303153991699,3.9344699382781982,6.116389751434326
2.634223699569702,0.23999999463558197,0.4586724638938904,0.04331637918949127,0.45801109075546265,0.004999999888241291,-0.02018929272890091,-0.015758004039525986,-2.1257071495056152,3.9228992462158203,6.118626117706299
2.6543209552764893,0.23999999463558197,0.4590933918952942,0.044990211725234985,0.4559164047241211,0.004999999888241291,-0.019103791564702988,-0.019311312586069107,-2.3489725589752197,4.0615692138671875,6.122703552246094
2.674412488937378,0.2409999966621399,0.4598456025123596,0.04140542447566986,0.4627489745616913,0.004999999888241291,-0.02140178717672825,-0.02142648957669735,-2.2789418697357178,4.007427215576172,6.124551773071289
2.6945064067840576,0.2409999966621399,0.4619673192501068,0.03972187638282776,0.462310791015625,0.004999999888241291,-0.020718228071928024,-0.018436482176184654,-2.4974656105041504,4.0164289474487305,6.126282691955566
2.7146053314208984,0.24199999868869781,0.46376365423202515,0.04370442032814026,0.46053194999694824,0.004999999888241291,-0.02062610536813736,-0.020636683329939842,-2.667973756790161,4.192781448364258,6.127899646759033
2.7347002029418945,0.24199999868869781,0.4649732708930969,0.040498629212379456,0.46252816915512085,0.004999999888241291,-0.01732826977968216,-0.024600854143500328,-3.0135786533355713,4.310095310211182,6.130833148956299
2.754809856414795,0.24199999868869781,0.4590774178504944,0.04198971390724182,0.46693283319473267,0.004999999888241291,-0.020718853920698166,-0.02339319698512554,-2.7279906272888184,4.184145450592041,6.132155418395996
2.7748966217041016,0.24300000071525574,0.4622501730918884,0.04408028721809387,0.46566957235336304,0.004999999888241291,-0.02528705820441246,-0.010003934614360332,-2.554439067840576,3.91681170463562,6.133395671844482
2.794966220855713,0.24300000071525574,0.4683777391910553,0.04549501836299896,0.4581272304058075,0.004999999888241291,-0.018182286992669106,-0.03297136351466179,-3.511235475540161,5.215705394744873,6.134554862976074
2.81506609916687,0.24300000071525574,0.4648796319961548,0.05067293345928192,0.45644745230674744,0.004999999888241291,-0.019261673092842102,-0.03426507115364075,-3.2096235752105713,4.674749851226807,6.136660575866699
2.835157871246338,0.24300000071525574,0.45518654584884644,0.04243743419647217,0.47437602281570435,0.004999999888241291,-0.02757704071700573,-0.009173407219350338,-2.79703688621521,4.139877796173096,6.137610912322998
2.8552403450012207,0.24400000274181366,0.4665033519268036,0.048509612679481506,0.46098703145980835,0.004999999888241291,-0.02127683162689209,-0.01808485947549343,-3.7014260292053223,4.75149393081665,6.138490200042725
2.8753252029418945,0.24400000274181366,0.46623143553733826,0.05514484643936157,0.4546237289905548,0.004999999888241291,-0.019460562616586685,-0.03031841292977333,-4.012924671173096,5.288946151733398,6.139300346374512
2.8954174518585205,0.24400000274181366,0.4606303870677948,0.05004364252090454,0.4653259515762329,0.004999999888241291,-0.025403106585144997,-0.019423946738243103,-3.6073124408721924,4.712571620941162,6.140702724456787
2.915515422821045,0.24400000274181366,0.46179139614105225,0.05448131263256073,0.45972728729248047,0.004999999888241291,-0.02578710950911045,-0.025875389575958252,-4.001112461090088,5.292807579040527,6.141287326812744
2.935608148574829,0.24500000476837158,0.4644436836242676,0.05309794843196869,0.46245837211608887,0.004999999888241291,-0.027212994173169136,-0.028081784024834633,-4.064990043640137,5.310342788696289,6.141789436340332
2.9557015895843506,0.24500000476837158,0.458981990814209,0.05189099907875061,0.4691270589828491,0.004999999888241291,-0.028934627771377563,-0.01956390216946602,-4.195248126983643,5.016387939453125,6.142525672912598
2.9757866859436035,0.24500000476837158,0.4642467498779297,0.05208715796470642,0.46366608142852783,0.004999999888241291,-0.0270533449947834,-0.025148801505565643,-4.772793769836426,5.554771900177002,6.1427788734436035
2.9959099292755127,0.24500000476837158,0.4641256332397461,0.056881144642829895,0.45899325609207153,0.004999999888241291,-0.02443801611661911,-0.03135957196354866,-5.148383617401123,5.7327704429626465,6.142946243286133
3.0160553455352783,0.2460000067949295,0.46164199709892273,0.05689546465873718,0.4654625356197357,0.004999999888241291,-0.02907276712357998,-0.020949654281139374,-4.999092102050781,5.429320335388184,6.143035411834717
3.0361428260803223,0.2460000067949295,0.46409136056900024,0.05666975677013397,0.4632388949394226,0.004999999888241291,-0.029544664546847343,-0.024207310751080513,-5.250093936920166,5.569290637969971,6.142971992492676
3.0562233924865723,0.2460000067949295,0.461143434047699,0.058290138840675354,0.4645664691925049,0.004999999888241291,-0.026631303131580353,-0.02508586086332798,-5.578482627868652,5.605536937713623,6.142823219299316
3.076308250427246,0.24699999392032623,0.46470707654953003,0.05727545917034149,0.4660174250602722,0.004999999888241291,-0.02793816104531288,-0.025803502649068832,-5.74639892578125,5.6585469245910645,6.142602443695068
3.0963945388793945,0.24699999392032623,0.46433568000793457,0.059031277894973755,0.464633047580719,0.004999999888241291,-0.02583973854780197,-0.02745504304766655,-6.028696537017822,5.801368236541748,6.142314910888672
3.1164846420288086,0.24699999392032623,0.4645184874534607,0.05569681525230408,0.46778470277786255,0.004999999888241291,-0.02901875600218773,-0.030598269775509834,-5.947900772094727,5.92889404296875,6.141963958740234
3.1365785598754883,0.24699999392032623,0.46544235944747925,0.058749109506607056,0.46380850672721863,0.004999999888241291,-0.026930836960673332,-0.028353800997138023,-6.237651824951172,5.973315238952637,6.14107608795166
3.1566662788391113,0.24799999594688416,0.4637282192707062,0.06394505500793457,0.46432673931121826,0.004999999888241291,-0.030015043914318085,-0.03080923482775688,-6.152273178100586,6.037280082702637,6.140539169311523
3.1767497062683105,0.24799999594688416,0.4641307592391968,0.061453163623809814,0.4664160907268524,0.004999999888241291,-0.03088635765016079,-0.02986466884613037,-6.281269073486328,6.168039321899414,6.139945030212402
3.1968436241149902,0.24799999594688416,0.4629647731781006,0.06096591055393219,0.46806931495666504,0.004999999888241291,-0.0318555012345314,-0.02284223958849907,-6.460962295532227,6.079554557800293,6.138606071472168
3.2169528007507324,0.24799999594688416,0.4655330181121826,0.066762775182724,0.4597041606903076,0.004999999888241291,-0.031100016087293625,-0.03294128179550171,-6.84958028793335,6.644039154052734,6.137853622436523
3.2370359897613525,0.24899999797344208,0.46480661630630493,0.06442448496818542,0.4667688310146332,0.004999999888241291,-0.03291005641222,-0.03629375994205475,-7.050915241241455,6.896191596984863,6.137042999267578
3.257122755050659,0.24899999797344208,0.4636826813220978,0.07118381559848785,0.4611334502696991,0.004999999888241291,-0.035106733441352844,-0.031551335006952286,-7.307959079742432,6.979493141174316,6.136172771453857
3.277204751968384,0.24899999797344208,0.46396079659461975,0.07382062077522278,0.4582185745239258,0.004999999888241291,-0.03289247676730156,-0.03580087423324585,-7.995421886444092,7.380721092224121,6.135242938995361
3.297287940979004,0.25,0.46658310294151306,0.06908802688121796,0.4643288850784302,0.004999999888241291,-0.03339496627449989,-0.03719782456755638,-8.330385208129883,7.283339023590088,6.133202075958252
3.317368745803833,0.25,0.46325719356536865,0.0697491317987442,0.46699368953704834,0.004999999888241291,-0.03659777715802193,-0.03026062622666359,-8.498659133911133,7.036871910095215,6.132103443145752
3.3375020027160645,0.25,0.46381962299346924,0.076473668217659,0.4597066640853882,0.004999999888241291,-0.03625500947237015,-0.03562723100185394,-9.087424278259277,7.592191696166992,6.130947589874268
3.35760760307312,0.25,0.463144987821579,0.07008221745491028,0.46677279472351074,0.004999999888241291,-0.03565172851085663,-0.03873960301280022,-9.298047065734863,7.613582134246826,6.128474712371826
3.377711772918701,0.25099998712539673,0.46425461769104004,0.06990613043308258,0.4698391854763031,0.004999999888241291,-0.03782135248184204,-0.03517274558544159,-9.361159324645996,7.4471330642700195,6.127160549163818
3.3977997303009033,0.25099998712539673,0.46478790044784546,0.07724808156490326,0.461963951587677,0.004999999888241291,-0.03683358430862427,-0.03486698120832443,-9.766047477722168,7.714101314544678,6.125811576843262
3.417886257171631,0.25099998712539673,0.4684099853038788,0.0761861652135849,0.4594038128852844,0.004999999888241291,-0.03570541366934776,-0.0416460819542408,-9.956205368041992,7.961220741271973,6.124407768249512
3.4379522800445557,0.25200000405311584,0.46534961462020874,0.07585698366165161,0.4667934477329254,0.004999999888241291,-0.03807177022099495,-0.04163302108645439,-9.827576637268066,7.761740684509277,6.121501445770264
3.4580585956573486,0.25200000405311584,0.46729689836502075,0.07456949353218079,0.46613365411758423,0.004999999888241291,-0.039217788726091385,-0.02908940054476261,-9.938055038452148,7.516741752624512,6.120011329650879
3.47815203666687,0.25200000405311584,0.47010308504104614,0.07859611511230469,0.4593008756637573,0.004999999888241291,-0.03398242965340614,-0.04425443708896637,-10.694966316223145,8.232213973999023,6.118485450744629
3.4982492923736572,0.25200000405311584,0.4633219838142395,0.07185707986354828,0.4728209376335144,0.004999999888241291,-0.036536794155836105,-0.0358351394534111,-10.551599502563477,7.759170055389404,6.116959571838379
3.5183379650115967,0.25200000405311584,0.46544528007507324,0.07485756278038025,0.4676971137523651,0.004999999888241291,-0.04179578274488449,-0.035399746149778366,-10.59284496307373,8.10100269317627,6.113797664642334
3.5384256839752197,0.2529999911785126,0.46763432025909424,0.07716275751590729,0.4672028422355652,0.004999999888241291,-0.03736427426338196,-0.045038577169179916,-11.272109031677246,8.797981262207031,6.112172603607178
3.558549642562866,0.2529999911785126,0.46763432025909424,0.07716275751590729,0.4672028422355652,0.004999999888241291,-0.04478755593299866,-0.04132995009422302,-11.084182739257812,8.38146686553955,6.110524654388428
3.5786750316619873,0.2529999911785126,0.46228963136672974,0.08501066267490387,0.4646996259689331,0.004999999888241291,-0.044046465307474136,-0.04222638159990311,-11.77389907836914,8.85147762298584,6.108856678009033
3.5987775325775146,0.2529999911785126,0.46185773611068726,0.08487597107887268,0.46526625752449036,0.004999999888241291,-0.04364505782723427,-0.04805833101272583,-12.358518600463867,9.116486549377441,6.105393409729004
3.6188759803771973,0.2529999911785126,0.4621877074241638,0.09115837514400482,0.45865386724472046,0.004999999888241291,-0.04481525346636772,-0.046422287821769714,-12.84631633758545,9.397330284118652,6.10359525680542
3.6389505863189697,0.2540000081062317,0.46298688650131226,0.0853666216135025,0.4676465392112732,0.004999999888241291,-0.04612279310822487,-0.04322454705834389,-13.331690788269043,9.169291496276855,6.101749420166016
3.659055709838867,0.2540000081062317,0.4666048288345337,0.09120537340641022,0.45818981528282166,0.004999999888241291,-0.04634418338537216,-0.04715334251523018,-13.968377113342285,9.642343521118164,6.099857330322266
3.6791539192199707,0.2540000081062317,0.46784162521362305,0.08926980197429657,0.45888859033584595,0.004999999888241291,-0.04709571227431297,-0.052741896361112595,-14.27730941772461,9.818962097167969,6.095937252044678
3.6992416381835938,0.2540000081062317,0.4615294933319092,0.0890498161315918,0.46542075276374817,0.004999999888241291,-0.04365129768848419,-0.04246127977967262,-14.695375442504883,9.372230529785156,6.093923091888428
3.7193236351013184,0.2549999952316284,0.46765264868736267,0.0898752361536026,0.4624721109867096,0.004999999888241291,-0.04565206542611122,-0.04166657477617264,-15.000185012817383,9.594304084777832,6.091858863830566
3.739403247833252,0.2549999952316284,0.46871715784072876,0.09106384217739105,0.46021899580955505,0.004999999888241291,-0.04230285435914993,-0.05332329496741295,-15.35856819152832,10.001550674438477,6.089783668518066
3.7595064640045166,0.2549999952316284,0.46478745341300964,0.08732765913009644,0.46788489818573,0.004999999888241291,-0.04448544979095459,-0.048333074897527695,-15.120055198669434,9.717187881469727,6.085546970367432
3.7796826362609863,0.25600001215934753,0.465465784072876,0.08861565589904785,0.4699186086654663,0.004999999888241291,-0.049577292054891586,-0.04607508331537247,-14.999919891357422,9.811539649963379,6.083410739898682
3.799795389175415,0.25600001215934753,0.47006160020828247,0.09460978209972382,0.45932865142822266,0.004999999888241291,-0.043932657688856125,-0.05376380681991577,-15.677509307861328,10.42271900177002,6.081274509429932
3.8198885917663574,0.25600001215934753,0.46484997868537903,0.08840420842170715,0.47074589133262634,0.004999999888241291,-0.04913953319191933,-0.047687679529190063,-15.379374504089355,9.90135383605957,6.07909631729126
3.8399505615234375,0.25600001215934753,0.4607686400413513,0.09595285356044769,0.46727854013442993,0.004999999888241291,-0.05335431918501854,-0.0440339595079422,-15.72398567199707,10.42885684967041,6.07470178604126
3.860037088394165,0.25600001215934753,0.469865083694458,0.09387221932411194,0.4602627158164978,0.004999999888241291,-0.0513654500246048,-0.055422138422727585,-16.51002311706543,10.959531784057617,6.07250452041626
3.880120277404785,0.25699999928474426,0.4627015292644501,0.09531641006469727,0.4659821391105652,0.004999999888241291,-0.05438786372542381,-0.056033823639154434,-16.868247985839844,10.7159423828125,6.0702643394470215
3.900202512741089,0.25699999928474426,0.46252238750457764,0.0986848920583725,0.4667927324771881,0.004999999888241291,-0.05612513795495033,-0.04854312166571617,-17.658466339111328,11.020676612854004,6.0680060386657715
3.920285701751709,0.25699999928474426,0.4676617383956909,0.10038153827190399,0.4599567651748657,0.004999999888241291,-0.05371607095003128,-0.05541282892227173,-18.650409698486328,11.30015754699707,6.06341028213501
3.940382480621338,0.25699999928474426,0.46659570932388306,0.10239249467849731,0.4590117931365967,0.004999999888241291,-0.05298348143696785,-0.06324568390846252,-19.185598373413086,11.66710376739502,6.061084747314453
3.960477113723755,0.257999986410141,0.4634059965610504,0.10099728405475616,0.4675966799259186,0.004999999888241291,-0.058701951056718826,-0.056090835481882095,-19.515300750732422,11.434772491455078,6.058704376220703
3.980569839477539,0.257999986410141,0.46764543652534485,0.10055716335773468,0.46379736065864563,0.004999999888241291,-0.057832326740026474,-0.05704324692487717,-20.082199096679688,11.762405395507812,6.056324005126953
4.0017900466918945,0.257999986410141,0.46975162625312805,0.10407628118991852,0.458172082901001,0.004999999888241291,-0.05379153788089752,-0.06145394220948219,-20.723976135253906,12.04727554321289,6.051441669464111
4.021910190582275,0.257999986410141,0.46345824003219604,0.10285162925720215,0.4656900465488434,0.004999999888241291,-0.05579989776015282,-0.05893874540925026,-20.577354431152344,11.670075416564941,6.049000263214111
4.042046546936035,0.2590000033378601,0.4695976972579956,0.10597123205661774,0.4604310989379883,0.004999999888241291,-0.05516686290502548,-0.053617630153894424,-20.695877075195312,11.769840240478516,6.046511173248291
4.062128067016602,0.2590000033378601,0.4695976972579956,0.10597123205661774,0.4604310989379883,0.004999999888241291,-0.05547644942998886,-0.05595061555504799,-20.86293601989746,11.93561840057373,6.044008731842041
4.082207202911377,0.2590000033378601,0.4688790440559387,0.10352034866809845,0.4636005759239197,0.004999999888241291,-0.052391357719898224,-0.0592459961771965,-20.951406478881836,11.938319206237793,6.039003849029541
4.1022868156433105,0.2590000033378601,0.46585917472839355,0.10283613204956055,0.46730470657348633,0.004999999888241291,-0.05858898162841797,-0.05828682705760002,-20.720510482788086,11.887175559997559,6.036501407623291
4.122368812561035,0.2590000033378601,0.46736812591552734,0.10333389043807983,0.46529799699783325,0.004999999888241291,-0.05987398698925972,-0.06150827184319496,-21.063365936279297,12.182583808898926,6.033998966217041
4.142461538314819,0.2590000033378601,0.4647771120071411,0.10584895312786102,0.4653739333152771,0.004999999888241291,-0.06169214844703674,-0.060820259153842926,-21.40839385986328,12.311598777770996,6.031496524810791
4.162562608718872,0.25999999046325684,0.4645700454711914,0.1105460375547409,0.4608839154243469,0.004999999888241291,-0.06334513425827026,-0.05834919959306717,-22.013507843017578,12.386507987976074,6.026396751403809
4.1826488971710205,0.25999999046325684,0.46905195713043213,0.10664676129817963,0.4643012285232544,0.004999999888241291,-0.06372950226068497,-0.06699242442846298,-22.776002883911133,12.867354393005371,6.023833274841309
4.202729225158691,0.25999999046325684,0.4639560282230377,0.11408811807632446,0.4619557857513428,0.004999999888241291,-0.06484732776880264,-0.06614552438259125,-23.349016189575195,12.86238956451416,6.021269798278809
4.222811937332153,0.25999999046325684,0.46586573123931885,0.10913477838039398,0.4649994373321533,0.004999999888241291,-0.05895467475056648,-0.06877025216817856,-24.15022850036621,13.027763366699219,6.016021251678467
4.2428905963897705,0.26100000739097595,0.46586573123931885,0.10913477838039398,0.4649994373321533,0.004999999888241291,-0.05879242718219757,-0.062313202768564224,-24.37042808532715,12.704750061035156,6.013396739959717
4.2629570960998535,0.26100000739097595,0.4679504632949829,0.11339417099952698,0.46265536546707153,0.004999999888241291,-0.062215279787778854,-0.05965786799788475,-24.11690902709961,12.5938138961792,6.010772228240967
4.2830469608306885,0.26100000739097595,0.4679504632949829,0.11339417099952698,0.46265536546707153,0.004999999888241291,-0.059921711683273315,-0.06290559470653534,-24.315778732299805,12.871316909790039,6.008147716522217
4.303142309188843,0.26100000739097595,0.4681869447231293,0.11297059059143066,0.46284252405166626,0.004999999888241291,-0.05978250131011009,-0.06624213606119156,-24.18014144897461,12.863831520080566,6.005523204803467
4.323230028152466,0.26100000739097595,0.4662182629108429,0.11431123316287994,0.4634705185890198,0.004999999888241291,-0.05936792865395546,-0.06685832142829895,-24.172882080078125,12.919087409973145,6.000274181365967
4.34331488609314,0.26100000739097595,0.46717607975006104,0.11329253017902374,0.4635314345359802,0.004999999888241291,-0.0636335089802742,-0.0630774274468422,-23.893047332763672,12.80759048461914,5.997653484344482
4.363407373428345,0.2619999945163727,0.4691845774650574,0.1107398271560669,0.46407562494277954,0.004999999888241291,-0.06110671907663345,-0.06782137602567673,-24.103574752807617,13.031699180603027,5.995090007781982
4.383511543273926,0.2619999945163727,0.46992164850234985,0.1159244030714035,0.46215394139289856,0.004999999888241291,-0.05803575739264488,-0.06894371658563614,-24.317365646362305,12.986614227294922,5.989963054656982
4.403622627258301,0.2619999945163727,0.4646466374397278,0.10992209613323212,0.47343122959136963,0.004999999888241291,-0.06541675329208374,-0.061768922954797745,-23.77312469482422,12.589974403381348,5.987445831298828
4.423715591430664,0.2619999945163727,0.47182828187942505,0.1128302663564682,0.46334147453308105,0.004999999888241291,-0.06117986887693405,-0.06408712267875671,-24.39139175415039,13.01333236694336,5.984943389892578
4.443803787231445,0.2619999945163727,0.4725652039051056,0.11537711322307587,0.46005767583847046,0.004999999888241291,-0.05772632360458374,-0.0752076730132103,-24.487022399902344,13.055257797241211,5.982495307922363
4.463970184326172,0.2619999945163727,0.46484655141830444,0.11156077682971954,0.47159266471862793,0.004999999888241291,-0.06388692557811737,-0.056295245885849,-23.98605728149414,12.312878608703613,5.980053901672363
4.484073162078857,0.2619999945163727,0.4719046950340271,0.11639770865440369,0.45969757437705994,0.004999999888241291,-0.06298652291297913,-0.06419754773378372,-24.352914810180664,12.867740631103516,5.975297451019287
4.504185199737549,0.2619999945163727,0.46768397092819214,0.10496741533279419,0.4753485918045044,0.004999999888241291,-0.05775286629796028,-0.07596790045499802,-24.60057258605957,13.09043025970459,5.972978115081787
4.5243260860443115,0.2619999945163727,0.46768397092819214,0.10496741533279419,0.4753485918045044,0.004999999888241291,-0.061421189457178116,-0.06501732021570206,-24.180435180664062,12.479703903198242,5.970674514770508
4.544463396072388,0.2619999945163727,0.46757280826568604,0.11232872307300568,0.4680984616279602,0.004999999888241291,-0.06488935649394989,-0.060756612569093704,-24.1806697845459,12.699992179870605,5.966177940368652
4.564574241638184,0.2619999945163727,0.47424858808517456,0.11709766089916229,0.4566537141799927,0.004999999888241291,-0.05712511017918587,-0.07944925874471664,-24.679134368896484,13.296650886535645,5.963980674743652
4.584673166275024,0.2619999945163727,0.46616876125335693,0.10753177106380463,0.47429949045181274,0.004999999888241291,-0.06203584000468254,-0.05998575687408447,-24.111894607543945,12.231757164001465,5.961802959442139
4.604799747467041,0.2619999945163727,0.4711584448814392,0.11508648097515106,0.46175503730773926,0.004999999888241291,-0.0661996379494667,-0.05444399267435074,-24.047557830810547,12.505999565124512,5.959666728973389
4.624947547912598,0.2619999945163727,0.4638076424598694,0.11051267385482788,0.47367966175079346,0.004999999888241291,-0.05284914746880531,-0.08248897641897202,-24.89259910583496,13.33896255493164,5.955485820770264
4.6450419425964355,0.2619999945163727,0.4638076424598694,0.11051267385482788,0.47367966175079346,0.004999999888241291,-0.05995699018239975,-0.0663222000002861,-24.123016357421875,12.359650611877441,5.953457355499268
4.665139675140381,0.2619999945163727,0.4670332074165344,0.11318323016166687,0.46778354048728943,0.004999999888241291,-0.06536518037319183,-0.06359271705150604,-23.945556640625,12.638627052307129,5.951443195343018
4.685238599777222,0.2619999945163727,0.4728705883026123,0.11602874100208282,0.4591006338596344,0.004999999888241291,-0.058509036898612976,-0.07289660722017288,-24.48288917541504,12.959610939025879,5.9494829177856445
4.705334186553955,0.2619999945163727,0.46743667125701904,0.11057361960411072,0.46998971700668335,0.004999999888241291,-0.05893656983971596,-0.07309228926897049,-24.270957946777344,12.49596118927002,5.945621967315674
4.725427627563477,0.2619999945163727,0.468317449092865,0.11252389848232269,0.46715864539146423,0.004999999888241291,-0.06889660656452179,-0.05295426398515701,-23.794876098632812,12.05793285369873,5.943729877471924
4.745520114898682,0.2619999945163727,0.4727972745895386,0.12127499282360077,0.4539277255535126,0.004999999888241291,-0.057854071259498596,-0.07512067258358002,-24.762563705444336,12.99401569366455,5.941878318786621
4.7656168937683105,0.2619999945163727,0.4717724025249481,0.11493171751499176,0.46129587292671204,0.004999999888241291,-0.057552315294742584,-0.0708332285284996,-24.691247940063477,12.352787017822266,5.940047264099121
4.785711288452148,0.2619999945163727,0.46492335200309753,0.11098305881023407,0.4720935821533203,0.004999999888241291,-0.06126655265688896,-0.06088557466864586,-24.298656463623047,11.759529113769531,5.938254356384277
4.805797576904297,0.2619999945163727,0.46932917833328247,0.11598773300647736,0.4626830816268921,0.004999999888241291,-0.06278769671916962,-0.05930629000067711,-24.385814666748047,12.012791633605957,5.934734344482422
4.825896501541138,0.2619999945163727,0.471876859664917,0.1140647679567337,0.46205830574035645,0.004999999888241291,-0.0554942712187767,-0.07106930017471313,-24.79396629333496,12.12878131866455,5.933025360107422
4.845961809158325,0.2619999945163727,0.4643157720565796,0.11023429036140442,0.4734498858451843,0.004999999888241291,-0.06362145394086838,-0.06207275390625,-23.95655059814453,11.513221740722656,5.931316375732422
4.86605167388916,0.2619999945163727,0.4679338335990906,0.1162075400352478,0.46385860443115234,0.004999999888241291,-0.06643752008676529,-0.059316061437129974,-24.024396896362305,11.852599143981934,5.9280171394348145
4.886176109313965,0.2619999945163727,0.472125768661499,0.11689236760139465,0.45898181200027466,0.004999999888241291,-0.054613374173641205,-0.07829420268535614,-24.756675720214844,12.28055191040039,5.926425457000732
4.906271934509277,0.2619999945163727,0.4652075171470642,0.10905086994171143,0.4737415909767151,0.004999999888241291,-0.06115301698446274,-0.06368189305067062,-24.126848220825195,11.464210510253906,5.924838542938232
4.926379203796387,0.2619999945163727,0.4688895046710968,0.11025430262088776,0.46885621547698975,0.004999999888241291,-0.06365256756544113,-0.0641779750585556,-24.297561645507812,12.038941383361816,5.923312664031982
4.946483373641968,0.2619999945163727,0.4749937653541565,0.11900366842746735,0.4540025293827057,0.004999999888241291,-0.05509338900446892,-0.08225761353969574,-24.92824935913086,12.653459548950195,5.920334815979004
4.9666008949279785,0.2619999945163727,0.4665788412094116,0.10560059547424316,0.47582054138183594,0.004999999888241291,-0.060790471732616425,-0.07136610895395279,-24.132801055908203,11.4681978225708,5.918892860412598
4.986693859100342,0.2619999945163727,0.46964216232299805,0.10879018902778625,0.4695676267147064,0.004999999888241291,-0.06729111075401306,-0.0501030832529068,-24.062814712524414,11.110003471374512,5.917489051818848
5.006786584854126,0.2619999945163727,0.47823381423950195,0.12063285708427429,0.4491332769393921,0.004999999888241291,-0.055912770330905914,-0.08486726135015488,-25.167457580566406,12.351951599121094,5.916131496429443
5.0268778800964355,0.2619999945163727,0.46577927470207214,0.11264851689338684,0.4695722162723541,0.004999999888241291,-0.060593944042921066,-0.06887255609035492,-24.38259506225586,10.955550193786621,5.914795398712158
5.046967029571533,0.2619999945163727,0.4645577371120453,0.1119689792394638,0.4714732766151428,0.004999999888241291,-0.06933078169822693,-0.05284571647644043,-24.00372886657715,10.617061614990234,5.912256717681885
5.067053318023682,0.2619999945163727,0.4761299788951874,0.1237640529870987,0.44810599088668823,0.004999999888241291,-0.05893733352422714,-0.08032026141881943,-25.022531509399414,11.808210372924805,5.911036014556885
5.087138414382935,0.2619999945163727,0.472303569316864,0.11289623379707336,0.46280014514923096,0.004999999888241291,-0.056146908551454544,-0.07971793413162231,-24.720046997070312,10.889127731323242,5.909861087799072
5.107297897338867,0.2619999945163727,0.4649171233177185,0.10538840293884277,0.47769445180892944,0.004999999888241291,-0.06418846547603607,-0.04810601472854614,-24.239591598510742,10.01396369934082,5.90761661529541
5.127401113510132,0.2619999945163727,0.4777574837207794,0.11913934350013733,0.45110318064689636,0.004999999888241291,-0.05920529365539551,-0.07364392280578613,-24.849313735961914,11.366629600524902,5.9065656661987305
5.147491216659546,0.26100000739097595,0.47329455614089966,0.11497725546360016,0.4597281813621521,0.004999999888241291,-0.05587194859981537,-0.07235090434551239,-24.588844299316406,10.644124031066895,5.9055280685424805
5.16759729385376,0.26100000739097595,0.46484407782554626,0.10695680975914001,0.47219911217689514,0.004999999888241291,-0.06207781285047531,-0.06082576885819435,-24.185258865356445,10.135629653930664,5.904544353485107
5.187707424163818,0.26100000739097595,0.46874839067459106,0.11231337487697601,0.4629382789134979,0.004999999888241291,-0.062298454344272614,-0.06433242559432983,-24.309982299804688,10.487813949584961,5.902591228485107
5.2078166007995605,0.26100000739097595,0.4713596999645233,0.11459903419017792,0.45804131031036377,0.004999999888241291,-0.056765563786029816,-0.07351210713386536,-24.771270751953125,10.602692604064941,5.901614665985107
5.22791600227356,0.26100000739097595,0.46631157398223877,0.10792028903961182,0.4697681665420532,0.004999999888241291,-0.06229062005877495,-0.06933464109897614,-24.2407283782959,10.093095779418945,5.900638103485107
5.248023509979248,0.26100000739097595,0.4660031199455261,0.11318956315517426,0.46480733156204224,0.004999999888241291,-0.0644182413816452,-0.06042725592851639,-24.328569412231445,9.857460975646973,5.899661540985107
5.268113613128662,0.2619999945163727,0.4731985926628113,0.11774076521396637,0.45706063508987427,0.004999999888241291,-0.06055889278650284,-0.07379897683858871,-24.8303165435791,10.159775733947754,5.897708415985107
5.2881975173950195,0.2619999945163727,0.47411131858825684,0.11183014512062073,0.46205851435661316,0.004999999888241291,-0.05456509813666344,-0.07981526106595993,-25.176937103271484,9.734147071838379,5.896788597106934
5.308326959609985,0.2619999945163727,0.46559250354766846,0.10707250237464905,0.47533494234085083,0.004999999888241291,-0.06316684186458588,-0.05631910264492035,-24.4951114654541,8.689437866210938,5.895873069763184
5.328423261642456,0.26100000739097595,0.4730182886123657,0.11370982229709625,0.46127188205718994,0.004999999888241291,-0.06120578572154045,-0.06268688291311264,-24.928556442260742,9.331108093261719,5.895013332366943
5.348523378372192,0.26100000739097595,0.47497475147247314,0.11740639805793762,0.45161890983581543,0.004999999888241291,-0.05348540470004082,-0.08559995144605637,-25.28383445739746,9.654317855834961,5.893356800079346
5.368621587753296,0.26100000739097595,0.46551376581192017,0.10460108518600464,0.4738852083683014,0.004999999888241291,-0.05734878405928612,-0.06817422062158585,-24.829275131225586,8.783425331115723,5.892563343048096
5.388712167739868,0.26100000739097595,0.4724956750869751,0.11081099510192871,0.4606933891773224,0.004999999888241291,-0.061989348381757736,-0.061629101634025574,-24.699520111083984,8.975428581237793,5.891769886016846
5.408826589584351,0.26100000739097595,0.4727899134159088,0.11368992924690247,0.45752018690109253,0.004999999888241291,-0.05755263939499855,-0.07567250728607178,-24.93597412109375,9.242227554321289,5.890976428985596
5.428919553756714,0.26100000739097595,0.46467292308807373,0.1097199022769928,0.4696072041988373,0.004999999888241291,-0.0611567422747612,-0.06649302691221237,-24.39996910095215,8.294355392456055,5.889511585235596
5.449024438858032,0.26100000739097595,0.4703250527381897,0.1124768853187561,0.461198091506958,0.004999999888241291,-0.06220143288373947,-0.0635375902056694,-24.672483444213867,8.363717079162598,5.888779163360596
5.469111204147339,0.26100000739097595,0.4731491804122925,0.11962777376174927,0.4512230157852173,0.004999999888241291,-0.057107847183942795,-0.07962873578071594,-25.152158737182617,8.66049575805664,5.888046741485596
5.489226341247559,0.26100000739097595,0.46606603264808655,0.11024686694145203,0.46768712997436523,0.004999999888241291,-0.05888807028532028,-0.07159335166215897,-24.915708541870117,7.768072605133057,5.887314319610596
5.5093467235565186,0.26100000739097595,0.46776241064071655,0.10986821353435516,0.4663693904876709,0.004999999888241291,-0.06026219576597214,-0.05679542198777199,-25.0006160736084,7.243537902832031,5.885912895202637
5.5294554233551025,0.26100000739097595,0.4717079997062683,0.11674849689006805,0.45554351806640625,0.004999999888241291,-0.05733707919716835,-0.0670207217335701,-25.42201042175293,7.42202091217041,5.885241508483887
5.549565076828003,0.26100000739097595,0.4707779288291931,0.11024777591228485,0.46297430992126465,0.004999999888241291,-0.05399004742503166,-0.07060582935810089,-25.512937545776367,6.94382381439209,5.884570121765137
5.569668292999268,0.26100000739097595,0.46847301721572876,0.1074984073638916,0.46802860498428345,0.004999999888241291,-0.05894753336906433,-0.05320820212364197,-25.191661834716797,6.149580001831055,5.883898735046387
5.589765787124634,0.26100000739097595,0.47358566522598267,0.11114053428173065,0.4592738747596741,0.004999999888241291,-0.05696340277791023,-0.06366601586341858,-25.572614669799805,6.8433403968811035,5.88265323638916
5.609862804412842,0.26100000739097595,0.4737910330295563,0.10980395972728729,0.46040505170822144,0.004999999888241291,-0.051531948149204254,-0.07379790395498276,-25.707199096679688,6.663172245025635,5.88204288482666
5.629956960678101,0.26100000739097595,0.4676488935947418,0.10830150544643402,0.46804964542388916,0.004999999888241291,-0.05968642979860306,-0.05914954096078873,-25.048572540283203,6.002921104431152,5.881455898284912
5.650064945220947,0.26100000739097595,0.47370344400405884,0.1138424426317215,0.45645415782928467,0.004999999888241291,-0.05323046073317528,-0.0693724974989891,-25.73717498779297,6.4701995849609375,5.880906581878662
5.670163869857788,0.26100000739097595,0.4715285301208496,0.11322912573814392,0.4592423439025879,0.004999999888241291,-0.054677564650774,-0.07435326278209686,-25.517887115478516,6.225536346435547,5.879807949066162
5.690284967422485,0.26100000739097595,0.46696925163269043,0.11029808223247528,0.4667326807975769,0.004999999888241291,-0.05763649940490723,-0.06343170255422592,-25.303651809692383,5.561709403991699,5.87930154800415
5.710378408432007,0.26100000739097595,0.4729274809360504,0.11015687882900238,0.4609156548976898,0.004999999888241291,-0.0583193339407444,-0.0646018460392952,-25.519136428833008,5.387491703033447,5.87881326675415
5.730470895767212,0.26100000739097595,0.47147610783576965,0.11264896392822266,0.4598749279975891,0.004999999888241291,-0.056529752910137177,-0.07313813269138336,-25.672679901123047,5.258078098297119,5.87783670425415
5.75056791305542,0.26100000739097595,0.47123563289642334,0.10806553065776825,0.4646989107131958,0.004999999888241291,-0.05163637548685074,-0.06992221623659134,-26.05428695678711,4.564828395843506,5.877365589141846
5.770655155181885,0.26100000739097595,0.46736031770706177,0.10898073017597198,0.46765899658203125,0.004999999888241291,-0.05535814166069031,-0.060337357223033905,-25.813690185546875,3.704380512237549,5.876938343048096
5.790738582611084,0.26100000739097595,0.4752238988876343,0.10880465805530548,0.45997148752212524,0.004999999888241291,-0.054314225912094116,-0.061192337423563004,-26.257320404052734,3.7806694507598877,5.876511096954346
5.81082820892334,0.26100000739097595,0.4746820628643036,0.1064402312040329,0.4628777503967285,0.004999999888241291,-0.04881966486573219,-0.07600203156471252,-26.544044494628906,3.7278847694396973,5.875763416290283
5.830914497375488,0.26100000739097595,0.47339409589767456,0.10442844033241272,0.4661775231361389,0.004999999888241291,-0.05240941792726517,-0.06475198268890381,-26.244054794311523,3.031174898147583,5.8754472732543945
5.851031064987183,0.26100000739097595,0.4727284610271454,0.10307753086090088,0.46819406747817993,0.004999999888241291,-0.05444208160042763,-0.06139848753809929,-26.180328369140625,2.9373655319213867,5.8751420974731445
5.871135711669922,0.26100000739097595,0.47541534900665283,0.10709822177886963,0.46148645877838135,0.004999999888241291,-0.052917640656232834,-0.06384642422199249,-26.245052337646484,2.9234259128570557,5.874885559082031
5.891242742538452,0.26100000739097595,0.47344955801963806,0.1084594875574112,0.46209096908569336,0.004999999888241291,-0.05241766571998596,-0.0647292286157608,-26.252500534057617,2.664719343185425,5.874419212341309
5.911339044570923,0.25999999046325684,0.47114962339401245,0.10510241985321045,0.4677479863166809,0.004999999888241291,-0.05420508235692978,-0.061267171055078506,-26.09071922302246,2.253713846206665,5.874236106872559
5.93147611618042,0.25999999046325684,0.4727487564086914,0.10565565526485443,0.4615955650806427,0.004999999888241291,-0.05103041231632233,-0.06188535690307617,-26.44346046447754,2.110264778137207,5.874053001403809
5.951610326766968,0.25999999046325684,0.4705888628959656,0.10902737081050873,0.46038371324539185,0.004999999888241291,-0.054043419659137726,-0.06486411392688751,-26.306272506713867,1.815182089805603,5.873869895935059
5.971703290939331,0.25999999046325684,0.47111839056015015,0.1037776917219162,0.4651039242744446,0.004999999888241291,-0.05348197743296623,-0.06759653985500336,-26.321325302124023,1.1489126682281494,5.873503684997559
5.991795301437378,0.25999999046325684,0.47189706563949585,0.10291902720928192,0.4651838541030884,0.004999999888241291,-0.05312739685177803,-0.05520088970661163,-26.482192993164062,0.29782673716545105,5.873378276824951
6.011883497238159,0.25999999046325684,0.47293752431869507,0.1066235899925232,0.4604387879371643,0.004999999888241291,-0.05184447020292282,-0.0622272752225399,-26.856088638305664,0.0,5.873256206512451
6.031980991363525,0.25999999046325684,0.4783216118812561,0.10233256220817566,0.4593457579612732,0.004999999888241291,-0.04721855744719505,-0.06988129764795303,-27.326465606689453,-0.3066421449184418,5.873134136199951
6.052152156829834,0.25999999046325684,0.47449225187301636,0.09885111451148987,0.46665656566619873,0.004999999888241291,-0.049778759479522705,-0.05735011026263237,-27.059234619140625,-1.42694091796875,5.872960567474365
6.072258234024048,0.25999999046325684,0.476163387298584,0.09479786455631256,0.469038724899292,0.004999999888241291,-0.049445439130067825,-0.05806330218911171,-27.267709732055664,-1.696375846862793,5.872899532318115
6.09236478805542,0.25999999046325684,0.4752231240272522,0.09999798238277435,0.4647788405418396,0.004999999888241291,-0.04355292394757271,-0.058406319469213486,-27.712127685546875,-1.8167742490768433,5.87289571762085
6.1124560832977295,0.25999999046325684,0.4762157201766968,0.10021062195301056,0.4635736644268036,0.004999999888241291,-0.04862523451447487,-0.05626700446009636,-27.36497688293457,-2.067436695098877,5.87289571762085
6.132558345794678,0.25999999046325684,0.47667014598846436,0.10296675562858582,0.4603630304336548,0.004999999888241291,-0.04606455937027931,-0.05922681465744972,-27.562650680541992,-1.9815309047698975,5.873011589050293
6.152658224105835,0.25999999046325684,0.47640281915664673,0.1025378406047821,0.4610593318939209,0.004999999888241291,-0.04506724700331688,-0.06410586088895798,-27.568979263305664,-2.178539276123047,5.8731255531311035
6.1727821826934814,0.25999999046325684,0.4730265140533447,0.0942666083574295,0.4727068543434143,0.004999999888241291,-0.0494491346180439,-0.05516384169459343,-27.288148880004883,-2.846628189086914,5.8732476234436035
6.192883253097534,0.25999999046325684,0.4757421910762787,0.09856121242046356,0.4656965434551239,0.004999999888241291,-0.04922454431653023,-0.05917014554142952,-27.569290161132812,-2.9499213695526123,5.873420715332031
6.212954759597778,0.2590000033378601,0.4755764603614807,0.10328930616378784,0.4571342468261719,0.004999999888241291,-0.04575838893651962,-0.058235589414834976,-27.843029022216797,-3.5971314907073975,5.873803615570068
6.233074426651001,0.2590000033378601,0.47293540835380554,0.09797582030296326,0.46508878469467163,0.004999999888241291,-0.045981891453266144,-0.06056607514619827,-27.897626876831055,-4.517978191375732,5.874047756195068
6.253197193145752,0.2590000033378601,0.4727000594139099,0.10012422502040863,0.4631757438182831,0.004999999888241291,-0.0449068658053875,-0.059431858360767365,-28.23946762084961,-5.246870994567871,5.874291896820068
6.273299932479858,0.2590000033378601,0.476653516292572,0.10104285180568695,0.45830363035202026,0.004999999888241291,-0.04257959499955177,-0.056362904608249664,-28.577966690063477,-6.253364562988281,5.874536037445068
6.293404579162598,0.2590000033378601,0.4802510142326355,0.09322313964366913,0.462525874376297,0.004999999888241291,-0.03994075581431389,-0.054220713675022125,-28.891246795654297,-6.956253528594971,5.875131607055664
6.313505172729492,0.2590000033378601,0.4812009334564209,0.09273432195186615,0.4620647430419922,0.004999999888241291,-0.041505683213472366,-0.05927056074142456,-28.916580200195312,-7.069338321685791,5.875495433807373
6.333603858947754,0.2590000033378601,0.4803403317928314,0.08588582277297974,0.4697738587856293,0.004999999888241291,-0.03996571898460388,-0.0663064569234848,-28.929533004760742,-7.323070049285889,5.875892639160156
6.353713035583496,0.2590000033378601,0.48295268416404724,0.09314937889575958,0.4598979651927948,0.004999999888241291,-0.04217231646180153,-0.05079873278737068,-28.84406280517578,-7.884326457977295,5.8763251304626465
6.373817682266235,0.2590000033378601,0.48295268416404724,0.09314937889575958,0.4598979651927948,0.004999999888241291,-0.03913683816790581,-0.06156061962246895,-29.16444969177246,-7.669893741607666,5.877346515655518
6.393916845321655,0.257999986410141,0.47521838545799255,0.08682413399219513,0.4699574112892151,0.004999999888241291,-0.04359425976872444,-0.05797252058982849,-28.726491928100586,-8.247197151184082,5.877895832061768
6.41404390335083,0.257999986410141,0.4762367606163025,0.08852596580982208,0.4672371745109558,0.004999999888241291,-0.04144139587879181,-0.049313925206661224,-29.115020751953125,-8.563092231750488,5.878501892089844
6.434155464172363,0.257999986410141,0.4820626378059387,0.09807655215263367,0.45186078548431396,0.004999999888241291,-0.03752003610134125,-0.06054861471056938,-29.58223533630371,-8.56594467163086,5.879112243652344
6.454270362854004,0.257999986410141,0.4779045581817627,0.08295340836048126,0.4711419343948364,0.004999999888241291,-0.038023900240659714,-0.05878380313515663,-29.497861862182617,-9.715121269226074,5.880425930023193
6.4744346141815186,0.257999986410141,0.4779045581817627,0.08295340836048126,0.4711419343948364,0.004999999888241291,-0.04175050929188728,-0.048776254057884216,-29.357351303100586,-11.117410659790039,5.8811163902282715
6.494542360305786,0.25699999928474426,0.48141151666641235,0.08876252174377441,0.4578258991241455,0.004999999888241291,-0.03876405209302902,-0.05412967875599861,-29.971731185913086,-11.695521354675293,5.8818488121032715
6.514671564102173,0.25699999928474426,0.48160842061042786,0.09036140143871307,0.4560302197933197,0.004999999888241291,-0.0347854383289814,-0.055039387196302414,-30.370140075683594,-12.625630378723145,5.882584095001221
6.534817934036255,0.25699999928474426,0.48030272126197815,0.08142106235027313,0.4662761986255646,0.004999999888241291,-0.0336281955242157,-0.05026095733046532,-30.464014053344727,-13.84148120880127,5.884186267852783
6.554945468902588,0.25699999928474426,0.4813931882381439,0.08133652806282043,0.4652702510356903,0.004999999888241291,-0.03430202603340149,-0.049042653292417526,-30.581710815429688,-14.251214027404785,5.885040760040283
6.575046539306641,0.25699999928474426,0.4844680428504944,0.08202773332595825,0.4615042209625244,0.004999999888241291,-0.031003067269921303,-0.05291793495416641,-31.01884651184082,-14.2534761428833,5.885946750640869
6.5951666831970215,0.25699999928474426,0.4844263792037964,0.08243951201438904,0.46113407611846924,0.004999999888241291,-0.02742849849164486,-0.05854407697916031,-31.275163650512695,-14.356886863708496,5.886897087097168
6.615304231643677,0.25699999928474426,0.482278048992157,0.08044399321079254,0.4612780213356018,0.004999999888241291,-0.032543107867240906,-0.04957421496510506,-30.91143226623535,-14.904684066772461,5.8889336585998535
6.635432958602905,0.25600001215934753,0.482278048992157,0.08044399321079254,0.4612780213356018,0.004999999888241291,-0.030945997685194016,-0.044573523104190826,-31.1723690032959,-15.039473533630371,5.8900322914123535
6.65555477142334,0.25600001215934753,0.4817620813846588,0.07992291450500488,0.46231502294540405,0.004999999888241291,-0.029131868854165077,-0.05162545666098595,-31.2137393951416,-15.605156898498535,5.891138553619385
6.6756627559661865,0.25600001215934753,0.4791855216026306,0.07757128775119781,0.4672432839870453,0.004999999888241291,-0.03518868610262871,-0.047315314412117004,-30.933732986450195,-16.371387481689453,5.892298221588135
6.695804834365845,0.25600001215934753,0.48459360003471375,0.07688774168491364,0.46251869201660156,0.004999999888241291,-0.03227565810084343,-0.047010939568281174,-31.48516082763672,-17.083688735961914,5.894683837890625
6.715912818908691,0.2549999952316284,0.4816741943359375,0.07968674600124359,0.4586390256881714,0.004999999888241291,-0.028238873928785324,-0.054237812757492065,-31.74972152709961,-18.52872657775879,5.895904541015625
6.73603367805481,0.2549999952316284,0.48539191484451294,0.0704561173915863,0.4641519784927368,0.004999999888241291,-0.02394884265959263,-0.047891050577163696,-32.22139358520508,-20.14725685119629,5.897143363952637
6.756127119064331,0.2549999952316284,0.48539191484451294,0.0704561173915863,0.4641519784927368,0.004999999888241291,-0.024676820263266563,-0.04302051290869713,-32.58087921142578,-21.32386589050293,5.899752140045166
6.7762181758880615,0.2549999952316284,0.4899175763130188,0.060573503375053406,0.4695088863372803,0.004999999888241291,-0.02035844512283802,-0.0437011644244194,-33.20101547241211,-22.1379451751709,5.901134490966797
6.7963035106658936,0.2549999952316284,0.4899175763130188,0.060573503375053406,0.4695088863372803,0.004999999888241291,-0.017942942678928375,-0.04583950340747833,-33.5091438293457,-22.61524772644043,5.902584552764893
6.816396474838257,0.2540000081062317,0.4922977685928345,0.06107698380947113,0.46262526512145996,0.004999999888241291,-0.020871426910161972,-0.036375492811203,-33.34218978881836,-23.174545288085938,5.904107570648193
6.836470603942871,0.2540000081062317,0.4922977685928345,0.06107698380947113,0.46262526512145996,0.004999999888241291,-0.019905220717191696,-0.042602505534887314,-33.70094299316406,-22.704959869384766,5.907360076904297
6.856609344482422,0.2540000081062317,0.4819098711013794,0.06325584650039673,0.4668342173099518,0.004999999888241291,-0.015074558556079865,-0.050501223653554916,-34.04235076904297,-22.634626388549805,5.9090800285339355
6.876755475997925,0.2529999911785126,0.48322445154190063,0.06764152646064758,0.4611339569091797,0.004999999888241291,-0.018484996631741524,-0.04021011292934418,-33.69541549682617,-23.33201789855957,5.9108500480651855
6.896849155426025,0.2529999911785126,0.48322445154190063,0.06764152646064758,0.4611339569091797,0.004999999888241291,-0.0230566393584013,-0.03671997785568237,-33.51409149169922,-23.765655517578125,5.912676811218262
6.916954517364502,0.2529999911785126,0.4879264235496521,0.0655970424413681,0.4544765055179596,0.004999999888241291,-0.020360684022307396,-0.0483718141913414,-33.85607147216797,-24.154449462890625,5.9164137840271
6.937075138092041,0.25200000405311584,0.4879264235496521,0.0655970424413681,0.4544765055179596,0.004999999888241291,-0.014037047512829304,-0.05147784575819969,-34.3934211730957,-25.00025749206543,5.918336868286133
6.957168102264404,0.25200000405311584,0.4904155731201172,0.057214975357055664,0.4603694677352905,0.004999999888241291,-0.016117999330163002,-0.03374844416975975,-34.40071487426758,-26.174501419067383,5.920295238494873
6.977322816848755,0.25200000405311584,0.49601292610168457,0.0646236389875412,0.4473634958267212,0.004999999888241291,-0.01699472963809967,-0.038048721849918365,-34.70207595825195,-25.895170211791992,5.922309398651123
6.997520446777344,0.25200000405311584,0.49601292610168457,0.0646236389875412,0.4473634958267212,0.004999999888241291,-0.007223332766443491,-0.052800823003053665,-35.44527816772461,-25.651220321655273,5.926506042480469
7.017632722854614,0.25099998712539673,0.486395001411438,0.055682167410850525,0.4619227647781372,0.004999999888241291,-0.01076671201735735,-0.04155157506465912,-34.99542999267578,-26.42572593688965,5.9286932945251465
7.037726640701294,0.25099998712539673,0.48843932151794434,0.062126994132995605,0.44943371415138245,0.004999999888241291,-0.017459802329540253,-0.03520657867193222,-34.56010055541992,-26.404186248779297,5.930919170379639
7.057816743850708,0.25,0.48320600390434265,0.05387616157531738,0.46291783452033997,0.004999999888241291,-0.010053685866296291,-0.049761854112148285,-35.17678451538086,-25.832294464111328,5.933177471160889
7.077908515930176,0.25,0.4801788628101349,0.05568653345108032,0.4641346037387848,0.004999999888241291,-0.011927285231649876,-0.03932300582528114,-34.769203186035156,-26.647602081298828,5.937772750854492
7.097970485687256,0.25,0.4883055090904236,0.06275743246078491,0.4489371180534363,0.004999999888241291,-0.018515070900321007,-0.03277414292097092,-34.56596755981445,-26.378568649291992,5.940092086791992
7.118089437484741,0.25,0.4883055090904236,0.06275743246078491,0.4489371180534363,0.004999999888241291,-0.013936144299805164,-0.045866258442401886,-35.06748580932617,-25.647308349609375,5.942411422729492
7.138192892074585,0.24899999797344208,0.48576807975769043,0.06233561038970947,0.4478963017463684,0.004999999888241291,-0.010624884627759457,-0.04784490913152695,-35.19411087036133,-25.822490692138672,5.944753646850586
7.158279180526733,0.24899999797344208,0.48426955938339233,0.05608581006526947,0.4556446671485901,0.004999999888241291,-0.017634494230151176,-0.030954504385590553,-34.47406005859375,-26.58734893798828,5.949396133422852
7.178367853164673,0.24899999797344208,0.48426955938339233,0.05608581006526947,0.4556446671485901,0.004999999888241291,-0.015655167400836945,-0.04016880318522453,-34.894317626953125,-25.928621292114258,5.951715469360352
7.198657989501953,0.24899999797344208,0.4763581454753876,0.05237668752670288,0.46726518869400024,0.004999999888241291,-0.012329294346272945,-0.05141618475317955,-34.988033294677734,-25.8575382232666,5.954034805297852
7.218750238418579,0.24899999797344208,0.4763581454753876,0.05237668752670288,0.46726518869400024,0.004999999888241291,-0.020451495423913002,-0.03312273323535919,-34.149322509765625,-26.827041625976562,5.956354141235352
7.238847732543945,0.24899999797344208,0.48471328616142273,0.05644062161445618,0.4548460841178894,0.004999999888241291,-0.016678089275956154,-0.032676734030246735,-34.69133377075195,-26.357267379760742,5.960992813110352
7.258959531784058,0.24899999797344208,0.4762808680534363,0.0555993914604187,0.46011972427368164,0.004999999888241291,-0.00848532933741808,-0.059531934559345245,-35.36960220336914,-25.42864227294922,5.963312149047852
7.279053449630737,0.24799999594688416,0.47785818576812744,0.0550033301115036,0.4591384530067444,0.004999999888241291,-0.01085088960826397,-0.04458077251911163,-34.74449157714844,-26.414779663085938,5.965631484985352
7.2991368770599365,0.24799999594688416,0.4908498525619507,0.06332586705684662,0.4378242492675781,0.004999999888241291,-0.017825422808527946,-0.03247593715786934,-34.53633117675781,-26.18707275390625,5.967950820922852
7.319221258163452,0.24799999594688416,0.4908498525619507,0.06332586705684662,0.4378242492675781,0.004999999888241291,-0.007136298809200525,-0.05612356588244438,-35.68021011352539,-24.93694496154785,5.972506046295166
7.339309453964233,0.24799999594688416,0.473102331161499,0.048604995012283325,0.47029268741607666,0.004999999888241291,-0.009265247732400894,-0.05208230018615723,-34.981956481933594,-25.8380184173584,5.974764347076416
7.359397649765015,0.24799999594688416,0.4941466748714447,0.0585932582616806,0.4392600655555725,0.004999999888241291,-0.021254077553749084,-0.02040194906294346,-34.033653259277344,-26.637306213378906,5.977022647857666
7.379485130310059,0.24799999594688416,0.4941466748714447,0.0585932582616806,0.4392600655555725,0.004999999888241291,-0.012540249153971672,-0.03771580755710602,-34.62221145629883,-25.567535400390625,5.981550693511963
7.399627923965454,0.24799999594688416,0.4688405394554138,0.03958190977573395,0.4835774898529053,0.004999999888241291,0.003997150808572769,-0.06801515817642212,-35.252716064453125,-25.581880569458008,5.983870029449463
7.419706344604492,0.24799999594688416,0.4845912456512451,0.058451905846595764,0.44495683908462524,0.004999999888241291,-0.019709598273038864,-0.021650251001119614,-33.01411437988281,-27.769771575927734,5.986189365386963
7.439800262451172,0.24699999392032623,0.4845912456512451,0.058451905846595764,0.44495683908462524,0.004999999888241291,-0.013919723220169544,-0.029965989291667938,-34.67413330078125,-26.005712509155273,5.988508701324463
7.459895849227905,0.24699999392032623,0.4921168088912964,0.06779271364212036,0.42809051275253296,0.004999999888241291,-0.003433765145018697,-0.06245385482907295,-35.54584884643555,-24.99867820739746,5.990828037261963
7.47995662689209,0.24699999392032623,0.471376895904541,0.050237953662872314,0.4663851261138916,0.004999999888241291,-0.012892721220850945,-0.04175547882914543,-34.332271575927734,-26.69437026977539,5.995452404022217
7.500058889389038,0.24699999392032623,0.4766814708709717,0.05474826693534851,0.45657023787498474,0.004999999888241291,-0.020529715344309807,-0.022190818563103676,-34.36460876464844,-26.37824821472168,5.997710704803467
7.520151615142822,0.24699999392032623,0.4837784767150879,0.04730518162250519,0.45691630244255066,0.004999999888241291,-0.007553786505013704,-0.049095239490270615,-35.39054870605469,-25.213661193847656,5.999969005584717
7.540245294570923,0.24699999392032623,0.47878730297088623,0.03962460160255432,0.4695880711078644,0.004999999888241291,-0.0034492735285311937,-0.04564686492085457,-34.65114974975586,-26.212522506713867,6.0044264793396
7.560418128967285,0.24699999392032623,0.4861065149307251,0.04215644299983978,0.45973706245422363,0.004999999888241291,-0.013529013842344284,-0.024654142558574677,-33.2847900390625,-27.24977684020996,6.0066237449646
7.580559730529785,0.24699999392032623,0.4879913926124573,0.0462188720703125,0.44978976249694824,0.004999999888241291,-0.01230357401072979,-0.028138859197497368,-33.177513122558594,-27.03502655029297,6.0088582038879395
7.600675344467163,0.2460000067949295,0.4830688238143921,0.03644801676273346,0.46448320150375366,0.004999999888241291,-0.0034394236281514168,-0.03885994479060173,-33.369686126708984,-27.032514572143555,6.0111165046691895
7.62078332901001,0.2460000067949295,0.4830688238143921,0.03644801676273346,0.46448320150375366,0.004999999888241291,-0.007665521465241909,-0.03231634944677353,-32.408878326416016,-27.72481346130371,6.0156331062316895
7.640883922576904,0.2460000067949295,0.4880537986755371,0.046705469489097595,0.4492408037185669,0.004999999888241291,-0.009477745741605759,-0.024120749905705452,-32.20306396484375,-28.114526748657227,6.0178914070129395
7.6609580516815186,0.2460000067949295,0.4795721173286438,0.0498262494802475,0.4546016454696655,0.004999999888241291,-0.003551384201273322,-0.03590692579746246,-32.8377685546875,-27.6286563873291,6.0201497077941895
7.681055784225464,0.2460000067949295,0.48033130168914795,0.03642167150974274,0.4672470688819885,0.004999999888241291,-0.005735727027058601,-0.04173002764582634,-32.796878814697266,-27.64682960510254,6.0224080085754395
7.701171875,0.2460000067949295,0.48326852917671204,0.049188658595085144,0.44754284620285034,0.004999999888241291,-0.010514856316149235,-0.025084471330046654,-32.70204544067383,-28.052387237548828,6.026819229125977
7.72127366065979,0.24500000476837158,0.4830859899520874,0.041580334305763245,0.4553336799144745,0.004999999888241291,-0.005681582726538181,-0.03757153078913689,-33.53754425048828,-27.10444450378418,6.028994560241699
7.7413763999938965,0.24500000476837158,0.47857171297073364,0.04104715585708618,0.4603811502456665,0.004999999888241291,-0.007032729219645262,-0.03477955609560013,-33.20411682128906,-27.402240753173828,6.031130790710449
7.761484861373901,0.24500000476837158,0.4862978458404541,0.032331302762031555,0.4613708555698395,0.004999999888241291,-0.01081253495067358,-0.027953609824180603,-32.70136642456055,-27.726560592651367,6.033222675323486
7.781583786010742,0.24500000476837158,0.492414265871048,0.039111435413360596,0.44847428798675537,0.004999999888241291,-0.005337987095117569,-0.024496357887983322,-32.61144256591797,-27.82159423828125,6.037373065948486
7.80167031288147,0.24500000476837158,0.4922589063644409,0.0334765762090683,0.4542645215988159,0.004999999888241291,0.002623556414619088,-0.03323797509074211,-32.65282440185547,-27.88608169555664,6.039461612701416
7.821760416030884,0.24500000476837158,0.4855876863002777,0.025298506021499634,0.469113826751709,0.004999999888241291,0.002536587882786989,-0.03761589154601097,-32.050941467285156,-28.390911102294922,6.041597843170166
7.8418567180633545,0.24500000476837158,0.48890194296836853,0.02578011155128479,0.465317964553833,0.004999999888241291,-0.0032634995877742767,-0.02052290365099907,-31.320911407470703,-29.28782844543457,6.0437774658203125
7.861945867538452,0.24500000476837158,0.4953553080558777,0.02828359603881836,0.4563610851764679,0.004999999888241291,-0.004874588456004858,-0.01823653094470501,-31.229265213012695,-29.315834045410156,6.048283576965332
7.882047414779663,0.24500000476837158,0.48317980766296387,0.024953648447990417,0.46786653995513916,0.004999999888241291,0.0032206166069954634,-0.03285064548254013,-31.94190216064453,-28.953903198242188,6.050602912902832
7.902156114578247,0.24400000274181366,0.4849400520324707,0.03161875903606415,0.4594411253929138,0.004999999888241291,-0.003177112899720669,-0.02428262121975422,-31.47340202331543,-29.60767936706543,6.052979469299316
7.92224645614624,0.24400000274181366,0.4927266240119934,0.037643492221832275,0.4456298351287842,0.004999999888241291,-0.006974722724407911,-0.02145586907863617,-31.72418975830078,-29.134151458740234,6.055359840393066
7.942326307296753,0.24400000274181366,0.4798322916030884,0.027757734060287476,0.4644099473953247,0.004999999888241291,0.0030116261914372444,-0.03886000066995621,-32.835811614990234,-28.125728607177734,6.060120582580566
7.96240496635437,0.24300000071525574,0.48098570108413696,0.029721498489379883,0.4612928032875061,0.004999999888241291,-0.000780570728238672,-0.027972182258963585,-31.979591369628906,-28.96554183959961,6.062500953674316
7.982488632202148,0.24300000071525574,0.4932003617286682,0.03066691756248474,0.4481326937675476,0.004999999888241291,-0.007151568308472633,-0.01466834731400013,-31.497509002685547,-29.117910385131836,6.064881324768066
8.002623796463013,0.24300000071525574,0.49531111121177673,0.020022794604301453,0.45666608214378357,0.004999999888241291,0.0010433584684506059,-0.03105117380619049,-32.08046340942383,-28.304519653320312,6.067261695861816
8.0227210521698,0.24300000071525574,0.48508572578430176,0.00911615788936615,0.4777981638908386,0.004999999888241291,0.014497037045657635,-0.042676012963056564,-32.23891830444336,-28.586679458618164,6.072166919708252
8.04281735420227,0.24300000071525574,0.4920603930950165,0.015039965510368347,0.4648996889591217,0.004999999888241291,0.004486940335482359,-0.010426545515656471,-30.668577194213867,-30.58806610107422,6.074711322784424
8.062909364700317,0.24300000071525574,0.5057868361473083,0.02664448320865631,0.4355686902999878,0.004999999888241291,-0.0016154921613633633,0.0037491144612431526,-30.377119064331055,-30.845455169677734,6.077342510223389
8.083000421524048,0.24199999868869781,0.4954349398612976,0.010872110724449158,0.4616929590702057,0.004999999888241291,0.017808498814702034,-0.031474336981773376,-32.194522857666016,-29.62175941467285,6.0800676345825195
8.103094577789307,0.24199999868869781,0.4744497239589691,0.004999999888241291,0.4856990575790405,0.004999999888241291,0.01923571713268757,-0.028877651318907738,-31.7995548248291,-30.83116340637207,6.085816383361816
8.123260021209717,0.2409999966621399,0.4926180839538574,0.02111184597015381,0.4462699890136719,0.004999999888241291,-0.000680904311593622,0.0018782196566462517,-30.41368865966797,-32.19371795654297,6.088838577270508
8.143356084823608,0.23999999463558197,0.5036907196044922,0.02337886393070221,0.4329303503036499,0.004999999888241291,0.0014444852713495493,-0.005435055121779442,-31.891857147216797,-30.3544921875,6.091921329498291
8.163477182388306,0.23999999463558197,0.4728708267211914,0.004999999888241291,0.4808393716812134,0.004999999888241291,0.022985026240348816,-0.04765382781624794,-33.49909591674805,-28.834651947021484,6.0950703620910645
8.183570623397827,0.23899999260902405,0.4763321876525879,0.004999999888241291,0.47684675455093384,0.004999999888241291,0.012372290715575218,-0.02461564540863037,-31.623653411865234,-30.797849655151367,6.10150146484375
8.203659057617188,0.23899999260902405,0.513441801071167,0.015259221196174622,0.427298903465271,0.004999999888241291,-0.0029533258639276028,0.010706520639359951,-30.62643814086914,-31.276456832885742,6.104788780212402
8.223744869232178,0.23899999260902405,0.5044280290603638,0.004999999888241291,0.44653207063674927,0.004999999888241291,0.0184080321341753,-0.028085781261324883,-32.535186767578125,-29.213302612304688,6.108124732971191
8.243830680847168,0.23800000548362732,0.4468257427215576,0.004999999888241291,0.4721408188343048,0.03303346037864685,0.02800385281443596,-0.027722178027033806,-31.69058609008789,-31.28812026977539,6.111481666564941
8.263960838317871,0.23800000548362732,0.4945914149284363,0.004999999888241291,0.4439091086387634,0.009499475359916687,0.007537163328379393,0.01877197064459324,-29.47139549255371,-34.221431732177734,6.118313789367676
8.28409743309021,0.2370000034570694,0.5201999545097351,0.004999999888241291,0.4276912212371826,0.004999999888241291,0.009231465868651867,0.020500287413597107,-30.817325592041016,-33.405399322509766,6.121731758117676
8.304183959960938,0.2370000034570694,0.43396496772766113,0.004999999888241291,0.4695104956626892,0.044524580240249634,0.03813101351261139,-0.039690107107162476,-33.33244323730469,-32.07240295410156,6.125089168548584
8.324270248413086,0.2370000034570694,0.4423648416996002,0.004999999888241291,0.4658448100090027,0.039790377020835876,0.02539951540529728,-0.010722527280449867,-31.72635841369629,-34.93867111206055,6.131803035736084
8.344361305236816,0.2370000034570694,0.5226854085922241,0.013330057263374329,0.41198456287384033,0.004999999888241291,3.413611193536781e-05,0.04173892363905907,-30.888233184814453,-35.5605354309082,6.135100364685059
8.36445689201355,0.2370000034570694,0.4740940034389496,0.004999999888241291,0.44787484407424927,0.02603115141391754,0.02981223724782467,-0.02717001363635063,-34.612953186035156,-31.36147689819336,6.138383388519287
8.384563684463501,0.2370000034570694,0.39351439476013184,0.004999999888241291,0.48412299156188965,0.06636260449886322,0.04226643592119217,-0.0504915677011013,-34.128196716308594,-32.728111267089844,6.141618251800537
8.404674291610718,0.23600000143051147,0.4564819931983948,0.004999999888241291,0.4531164765357971,0.03440152108669281,-0.0013628776650875807,0.05478972941637039,-29.043624877929688,-37.99303436279297,6.1480021476745605
8.42487096786499,0.23600000143051147,0.5239141583442688,0.004999999888241291,0.4119892716407776,0.008096560835838318,0.0025695846416056156,0.04277487471699715,-31.164627075195312,-34.85038375854492,6.151126861572266
8.444972038269043,0.23600000143051147,0.41814011335372925,0.004999999888241291,0.46334052085876465,0.0625193864107132,0.05303647369146347,-0.05669911950826645,-34.517696380615234,-32.791446685791016,6.154181480407715
8.465064287185669,0.23600000143051147,0.4132148325443268,0.004999999888241291,0.4626914858818054,0.0680936723947525,0.031847432255744934,0.0033497826661914587,-31.398588180541992,-37.073486328125,6.157148838043213
8.48516321182251,0.23600000143051147,0.5226356983184814,0.004999999888241291,0.4089556634426117,0.012408658862113953,0.04881725087761879,-0.03391413390636444,-34.26778793334961,-32.981319427490234,6.162798881530762
8.505256175994873,0.23600000143051147,0.4348979592323303,0.004999999888241291,0.45164284110069275,0.06145922839641571,0.04881725087761879,-0.03391413390636444,-34.26778793334961,-32.981319427490234,6.165467262268066
8.525349140167236,0.2370000034570694,0.387357234954834,0.004999999888241291,0.4828566908836365,0.07778608798980713,0.04457215964794159,-0.017802532762289047,-31.68599510192871,-37.38105392456055,6.168035507202148
8.545441389083862,0.2370000034570694,0.5237056016921997,0.004999999888241291,0.415283739566803,0.009010672569274902,-0.006182420998811722,0.0887085422873497,-27.703401565551758,-41.20508575439453,6.170539379119873
8.565525531768799,0.2370000034570694,0.4839441776275635,0.004999999888241291,0.4363468885421753,0.027708962559700012,0.023283181712031364,0.011165526695549488,-33.18645095825195,-33.966190338134766,6.1753764152526855
8.585620880126953,0.2370000034570694,0.3801875710487366,0.004999999888241291,0.48475685715675354,0.08305560052394867,-0.0019289585761725903,0.0756257101893425,-27.96470832824707,-40.90516662597656,6.177743434906006
8.605707168579102,0.2370000034570694,0.5467323660850525,0.004999999888241291,0.39912575483322144,0.004999999888241291,-0.004633042961359024,0.06914333999156952,-30.25798797607422,-36.79723358154297,6.1800312995910645
8.625787496566772,0.2370000034570694,0.5512974262237549,0.004999999888241291,0.39107945561408997,0.005623131990432739,0.06771915405988693,-0.0732458084821701,-35.04582214355469,-32.49817657470703,6.182307243347168
8.645866632461548,0.2370000034570694,0.4215978682041168,0.004999999888241291,0.45457932353019714,0.07182282209396362,0.03522178903222084,0.015426178462803364,-29.503944396972656,-39.813106536865234,6.186770439147949
8.665951251983643,0.2370000034570694,0.4145398736000061,0.004999999888241291,0.46232324838638306,0.07113690674304962,0.03522178903222084,0.015426178462803364,-29.503944396972656,-39.813106536865234,6.188906669616699
8.686037540435791,0.2370000034570694,0.5501859188079834,0.004999999888241291,0.3905671238899231,0.007246941328048706,-0.00967499054968357,0.10618388652801514,-26.6837158203125,-41.43046188354492,6.1909708976745605
8.706144571304321,0.2370000034570694,0.48844945430755615,0.004999999888241291,0.42073196172714233,0.04281863570213318,0.04657820984721184,-0.021587714552879333,-33.13914108276367,-34.16001510620117,6.192966461181641
8.726226568222046,0.23800000548362732,0.38556969165802,0.004999999888241291,0.4771759808063507,0.08925434947013855,0.0017395149916410446,0.08323118835687637,-26.98890495300293,-42.03248977661133,6.196690559387207
8.746307611465454,0.23800000548362732,0.532990038394928,0.004999999888241291,0.4086754322052002,0.010334551334381104,0.0017395149916410446,0.08323118835687637,-26.98890495300293,-42.03248977661133,6.198420524597168
8.766387462615967,0.23800000548362732,0.48958393931388855,0.004999999888241291,0.42301279306411743,0.0394032746553421,0.0731256827712059,-0.0758119523525238,-33.71018981933594,-35.32686996459961,6.200106143951416
8.786466598510742,0.23800000548362732,0.3521970510482788,0.004999999888241291,0.4945676326751709,0.10523538291454315,0.008322322741150856,0.0767383724451065,-26.449222564697266,-43.66878128051758,6.201700687408447
8.806553840637207,0.23800000548362732,0.4779685437679291,0.004999999888241291,0.43693819642066956,0.03709326684474945,0.008322322741150856,0.0767383724451065,-26.449222564697266,-43.66878128051758,6.204794883728027
8.826655626296997,0.23899999260902405,0.5609620809555054,0.004999999888241291,0.39381009340286255,0.004999999888241291,0.0715140700340271,-0.0697723999619484,-34.249229431152344,-33.39221954345703,6.2062811851501465
8.846744537353516,0.23899999260902405,0.3891254961490631,0.004999999888241291,0.47294753789901733,0.09392695128917694,0.03765404224395752,0.019856583327054977,-28.725217819213867,-40.710323333740234,6.2077460289001465
8.866840124130249,0.23899999260902405,0.4063032865524292,0.004999999888241291,0.4652911424636841,0.08440554141998291,-0.008372168987989426,0.12158815562725067,-25.357500076293945,-42.969058990478516,6.209150314331055
8.886950254440308,0.23899999260902405,0.5762222409248352,0.004999999888241291,0.37754228711128235,0.004999999888241291,0.06688164919614792,-0.05196325108408928,-33.50647735595703,-33.43310546875,6.211822986602783
8.90704894065857,0.23899999260902405,0.4203094244003296,0.004999999888241291,0.45327818393707275,0.08241242170333862,0.06059379503130913,-0.028201309964060783,-29.38665008544922,-39.88870620727539,6.213088035583496
8.927135705947876,0.23899999260902405,0.4058118760585785,0.004999999888241291,0.46842050552368164,0.08176757395267487,-0.008108270354568958,0.12442661076784134,-23.764734268188477,-45.41304397583008,6.214308738708496
8.947236776351929,0.23899999260902405,0.5379254817962646,0.004999999888241291,0.40028369426727295,0.017790839076042175,0.04067530110478401,0.00633199280127883,-31.364120483398438,-36.158958435058594,6.215481281280518
8.967321395874023,0.23899999260902405,0.4436163902282715,0.004999999888241291,0.4419405460357666,0.07044309377670288,0.07154325395822525,-0.049935709685087204,-31.061321258544922,-38.95934295654297,6.217620849609375
8.98743748664856,0.23899999260902405,0.3655754327774048,0.004999999888241291,0.48927968740463257,0.10114490985870361,0.009128551930189133,0.08079618215560913,-25.5537052154541,-43.69523620605469,6.218597412109375
9.007518529891968,0.23899999260902405,0.4720587432384491,0.004999999888241291,0.43372035026550293,0.050220832228660583,0.014032643288373947,0.062340229749679565,-28.846309661865234,-38.27256774902344,6.21953010559082
9.02761435508728,0.23999999463558197,0.5051085948944092,0.004999999888241291,0.4120432734489441,0.04284811019897461,0.08432465046644211,-0.08255594223737717,-33.25263595581055,-35.23351287841797,6.220427513122559
9.047713041305542,0.23999999463558197,0.34779077768325806,0.004999999888241291,0.4954836368560791,0.11672555655241013,0.009119966998696327,0.09817729890346527,-24.47405242919922,-45.43699264526367,6.22202730178833
9.067806720733643,0.23999999463558197,0.424816757440567,0.004999999888241291,0.4579053521156311,0.07727788388729095,-0.0019653765484690666,0.11094650626182556,-26.174030303955078,-41.56098175048828,6.22275972366333
9.08791470527649,0.23999999463558197,0.560884952545166,0.004999999888241291,0.3833821415901184,0.015732914209365845,0.0807591900229454,-0.07119512557983398,-33.029212951660156,-34.455753326416016,6.223476886749268
9.108048915863037,0.23999999463558197,0.3834765553474426,0.004999999888241291,0.472429096698761,0.10409431159496307,0.05375588685274124,0.006611260585486889,-27.336444854736328,-42.49135971069336,6.224148273468018
9.128142356872559,0.23999999463558197,0.38078218698501587,0.004999999888241291,0.4751821756362915,0.10403561592102051,-0.002130132867023349,0.12072806805372238,-24.176177978515625,-43.953224182128906,6.225368976593018
9.148260116577148,0.23999999463558197,0.5677124857902527,0.004999999888241291,0.38206690549850464,0.010220587253570557,0.0543607734143734,-0.014546251855790615,-30.885295867919922,-35.54240036010742,6.225873947143555
9.168353080749512,0.2409999966621399,0.49143391847610474,0.004999999888241291,0.4197731018066406,0.0527929961681366,0.071881003677845,-0.04050493612885475,-29.369659423828125,-39.230018615722656,6.226333141326904
9.188482284545898,0.2409999966621399,0.3825450539588928,0.004999999888241291,0.4793921113014221,0.10206282138824463,0.01058159675449133,0.0986265242099762,-24.494022369384766,-44.305992126464844,6.226706027984619
9.20858383178711,0.2409999966621399,0.5007377862930298,0.004999999888241291,0.42108845710754395,0.04217378795146942,0.03737060725688934,0.029815001413226128,-29.3017578125,-38.08049011230469,6.227269172668457
9.228698015213013,0.2409999966621399,0.4945959746837616,0.004999999888241291,0.4174497723579407,0.05195420980453491,0.06581112742424011,-0.03219964727759361,-30.728208541870117,-37.196964263916016,6.2274169921875
9.248780727386475,0.2409999966621399,0.4269775152206421,0.004999999888241291,0.4520888328552246,0.08493360877037048,0.03346841409802437,0.04842516779899597,-27.148670196533203,-41.29307556152344,6.227455139160156
9.268882274627686,0.24199999868869781,0.48267948627471924,0.004999999888241291,0.4248366951942444,0.06048385798931122,0.03267481550574303,0.0536617636680603,-28.151458740234375,-38.794586181640625,6.227369785308838
9.288950204849243,0.24300000071525574,0.4985194206237793,0.004999999888241291,0.41980093717575073,0.053679659962654114,0.06781239062547684,-0.026036685332655907,-30.256738662719727,-36.58285140991211,6.226809501647949
9.309033632278442,0.24300000071525574,0.43383216857910156,0.004999999888241291,0.4523422122001648,0.08582562208175659,0.041011352092027664,0.03391285985708237,-26.518888473510742,-40.72230911254883,6.226348876953125
9.32912302017212,0.24300000071525574,0.4647655487060547,0.004999999888241291,0.44024932384490967,0.06698517501354218,0.024124378338456154,0.06901080161333084,-26.18871307373047,-39.676326751708984,6.225763320922852
9.349218845367432,0.24400000274181366,0.5377663969993591,0.004999999888241291,0.40454500913619995,0.03368860483169556,0.06811462342739105,-0.03147834539413452,-29.90196418762207,-35.598411560058594,6.225081920623779
9.369315147399902,0.24500000476837158,0.4381006360054016,0.004999999888241291,0.45467883348464966,0.08722057938575745,0.04838617891073227,0.020796654745936394,-25.831010818481445,-41.59564971923828,6.223452091217041
9.389418601989746,0.24500000476837158,0.4234386384487152,0.004999999888241291,0.4709773361682892,0.08558405935764313,0.002526029944419861,0.11546901613473892,-23.460237503051758,-43.07283020019531,6.222536563873291
9.409513473510742,0.24500000476837158,0.5755369663238525,0.004999999888241291,0.3898026943206787,0.014660358428955078,0.05993618071079254,-0.01633891649544239,-30.022424697875977,-35.4881591796875,6.221621036529541
9.42961072921753,0.24500000476837158,0.4838517904281616,0.004999999888241291,0.43513375520706177,0.06101450324058533,0.06908463686704636,-0.031193625181913376,-27.720733642578125,-40.19141387939453,6.220705509185791
9.449713230133057,0.24500000476837158,0.3834042549133301,0.004999999888241291,0.491091787815094,0.10550397634506226,0.06908463686704636,-0.031193625181913376,-27.720733642578125,-40.19141387939453,6.218932151794434
9.469910860061646,0.24500000476837158,0.5812468528747559,0.004999999888241291,0.38945120573043823,0.009301930665969849,0.028854280710220337,0.056820500642061234,-27.640445709228516,-38.26734924316406,6.218095302581787
9.490030288696289,0.24500000476837158,0.5503393411636353,0.004999999888241291,0.3970412611961365,0.03261946141719818,0.09871596097946167,-0.08853977173566818,-30.496780395507812,-37.27705383300781,6.217347145080566
9.510114669799805,0.24500000476837158,0.3352219760417938,0.004999999888241291,0.5159463882446289,0.1288316249847412,0.09871596097946167,-0.08853977173566818,-30.496780395507812,-37.27705383300781,6.216639041900635
9.530202865600586,0.24500000476837158,0.5263705253601074,0.004999999888241291,0.41204091906547546,0.04158852994441986,0.021176446229219437,0.0924587994813919,-25.68181037902832,-41.29499816894531,6.215485572814941
9.55029034614563,0.24500000476837158,0.5699951648712158,0.004999999888241291,0.38420993089675903,0.02579490840435028,0.021176446229219437,0.0924587994813919,-25.68181037902832,-41.29499816894531,6.214997291564941
9.570403099060059,0.24400000274181366,0.3637349605560303,0.004999999888241291,0.48677313327789307,0.1254918873310089,0.03730566054582596,0.06295592337846756,-22.633358001708984,-46.594058990478516,6.214542865753174
9.590531587600708,0.24400000274181366,0.444545716047287,0.004999999888241291,0.4547978639602661,0.07665643095970154,-0.0017517062369734049,0.13124917447566986,-22.54701042175293,-43.66621398925781,6.214086055755615
9.610630989074707,0.24400000274181366,0.5752310156822205,0.004999999888241291,0.3819749355316162,0.01879405975341797,0.07920175790786743,-0.06275813281536102,-30.2081241607666,-35.048377990722656,6.213221073150635
9.630733251571655,0.24400000274181366,0.3970540165901184,0.004999999888241291,0.4731689393520355,0.10577701032161713,0.056472327560186386,0.007870710454881191,-24.768247604370117,-43.2187385559082,6.212793827056885
9.650839567184448,0.24400000274181366,0.36789172887802124,0.004999999888241291,0.49176737666130066,0.11634086072444916,-0.016020774841308594,0.1652090847492218,-19.89794921875,-47.238807678222656,6.21237325668335
9.670973300933838,0.24400000274181366,0.5611651539802551,0.004999999888241291,0.39250215888023376,0.02233266830444336,0.06535868346691132,-0.02520587109029293,-29.42959213256836,-35.941429138183594,6.211996078491211
9.691084861755371,0.24400000274181366,0.4241325855255127,0.004999999888241291,0.45232853293418884,0.09953884780406952,0.07997449487447739,-0.035176537930965424,-26.700603485107422,-42.017215728759766,6.2112531661987305
9.71116328239441,0.24400000274181366,0.3562406301498413,0.004999999888241291,0.49533236026763916,0.12442706525325775,-0.0020597127731889486,0.1584867537021637,-20.379188537597656,-47.8122444152832,6.210927963256836
9.731248378753662,0.24400000274181366,0.512520432472229,0.004999999888241291,0.4167126417160034,0.04676693677902222,0.04087170213460922,0.03704897686839104,-26.8950252532959,-38.35875701904297,6.210592269897461
9.75133728981018,0.24400000274181366,0.5022721290588379,0.004999999888241291,0.41365084052085876,0.060077011585235596,0.09514440596103668,-0.07447082549333572,-28.835275650024414,-38.04854965209961,6.210287094116211
9.771429061889648,0.24400000274181366,0.37112873792648315,0.004999999888241291,0.47937458753585815,0.12549665570259094,0.022455746307969093,0.10357946902513504,-21.141265869140625,-46.929107666015625,6.209615230560303
9.791532754898071,0.24400000274181366,0.4563697278499603,0.004999999888241291,0.4450852870941162,0.07454495131969452,0.014007819816470146,0.10059960186481476,-23.255685806274414,-42.309104919433594,6.209249019622803
9.811620950698853,0.24400000274181366,0.5443561673164368,0.004999999888241291,0.3943265676498413,0.03731723129749298,0.08639152348041534,-0.05939088761806488,-28.883562088012695,-36.73038864135742,6.20882511138916
9.831703186035156,0.24400000274181366,0.3978074789047241,0.004999999888241291,0.46796369552612305,0.11022883653640747,0.0412667877972126,0.053271614015102386,-22.901700973510742,-44.48294448852539,6.20833683013916
9.851787805557251,0.24500000476837158,0.43529993295669556,0.004999999888241291,0.45689111948013306,0.08780895173549652,0.016896696761250496,0.10416832566261292,-23.206796646118164,-42.745025634765625,6.207218170166016
9.87190866470337,0.24500000476837158,0.5335049033164978,0.004999999888241291,0.40259721875190735,0.04389786720275879,0.07065170258283615,-0.017835987731814384,-28.13590431213379,-37.83642578125,6.20656681060791
9.892076969146729,0.24500000476837158,0.44668251276016235,0.004999999888241291,0.44479507207870483,0.08852244913578033,0.06718441098928452,0.002995982998982072,-26.335718154907227,-40.753509521484375,6.205860137939453
9.912159442901611,0.24500000476837158,0.4172098636627197,0.004999999888241291,0.4634418487548828,0.09934832155704498,0.028089191764593124,0.07573933154344559,-23.7003231048584,-41.896080017089844,6.204178810119629
9.932239532470703,0.2460000067949295,0.500400960445404,0.004999999888241291,0.41967034339904785,0.0639287531375885,0.05838388577103615,0.01304022129625082,-26.684528350830078,-37.9624137878418,6.2032036781311035
9.952336311340332,0.2460000067949295,0.4757767915725708,0.004999999888241291,0.4312770664691925,0.07694616913795471,0.0717940405011177,-0.01035250537097454,-26.193716049194336,-39.411190032958984,6.202136039733887
9.972426414489746,0.24699999392032623,0.41441041231155396,0.004999999888241291,0.4663388729095459,0.10725069046020508,0.031223775818943977,0.08344855159521103,-22.36086082458496,-43.19294357299805,6.200965404510498
9.99252438545227,0.24699999392032623,0.4967055916786194,0.004999999888241291,0.42583605647087097,0.06545834243297577,0.0513857901096344,0.03731771931052208,-25.367944717407227,-39.1377067565918,6.1983866691589355
10.012608766555786,0.24799999594688416,0.4947665333747864,0.004999999888241291,0.42835086584091187,0.06888265907764435,0.07866405695676804,-0.030778879299759865,-26.179737091064453,-38.99351119995117,6.196994781494141
10.0326988697052,0.24799999594688416,0.4021051526069641,0.004999999888241291,0.4780126214027405,0.11188219487667084,0.031890202313661575,0.08127401769161224,-21.591999053955078,-44.61963653564453,6.195561408996582
10.05278992652893,0.24799999594688416,0.4825819134712219,0.004999999888241291,0.44116395711898804,0.06825414299964905,0.03014938160777092,0.07000888139009476,-23.841251373291016,-40.25889205932617,6.194096565246582
10.072885274887085,0.24799999594688416,0.5371949076652527,0.004999999888241291,0.4082854688167572,0.046519652009010315,0.08847974240779877,-0.06064177304506302,-27.75284767150879,-37.03641891479492,6.191137313842773
10.09295916557312,0.24899999797344208,0.40382784605026245,0.004999999888241291,0.47983595728874207,0.1123361736536026,0.05538896843791008,0.03607427701354027,-22.90485191345215,-43.77311706542969,6.189672470092773
10.113060235977173,0.24899999797344208,0.4263816475868225,0.004999999888241291,0.47356390953063965,0.09605443477630615,-0.0027639796026051044,0.1527465581893921,-20.060199737548828,-44.77027893066406,6.188233375549316
10.133156538009644,0.24899999797344208,0.5888074040412903,0.004999999888241291,0.3832308053970337,0.023961752653121948,0.0891590416431427,-0.06737858057022095,-28.27911949157715,-35.64007568359375,6.186837196350098
10.153244733810425,0.24799999594688416,0.4072413444519043,0.004999999888241291,0.4744563698768616,0.11430229246616364,0.06421754509210587,0.024243026971817017,-22.244796752929688,-45.613189697265625,6.184316635131836
10.173332691192627,0.24799999594688416,0.3598938584327698,0.004999999888241291,0.5009198188781738,0.13118627667427063,-0.012686911039054394,0.17054782807826996,-18.092330932617188,-47.532108306884766,6.183191776275635
10.193444967269897,0.24799999594688416,0.5973840951919556,0.004999999888241291,0.3772660493850708,0.017349794507026672,0.07814854383468628,-0.04357272759079933,-27.34462547302246,-36.17140579223633,6.182114601135254
10.213562965393066,0.24799999594688416,0.43422889709472656,0.004999999888241291,0.45050573348999023,0.1072653979063034,0.09552459418773651,-0.05242850258946419,-24.57393455505371,-43.12109375,6.18115758895874
10.23366641998291,0.24799999594688416,0.34957098960876465,0.004999999888241291,0.509658932685852,0.13277003169059753,-0.011783451773226261,0.18426676094532013,-16.539684295654297,-50.35872268676758,6.1794562339782715
10.253761529922485,0.24699999392032623,0.4928776025772095,0.004999999888241291,0.4276876151561737,0.06743477284908295,0.0016198185039684176,0.13464023172855377,-21.00054168701172,-43.72039031982422,6.178714275360107
10.273846626281738,0.24699999392032623,0.5647637248039246,0.004999999888241291,0.38241466879844666,0.040821611881256104,0.1190563514828682,-0.0868593230843544,-29.04749298095703,-38.16421127319336,6.178086280822754
10.293951034545898,0.24699999392032623,0.3592342138290405,0.004999999888241291,0.4949547052383423,0.13381102681159973,0.017481280490756035,0.11704403162002563,-18.767311096191406,-49.322566986083984,6.177506923675537
10.314051628112793,0.2460000067949295,0.4263973534107208,0.004999999888241291,0.4611762762069702,0.09642641246318817,0.012652888894081116,0.11714020371437073,-21.859933853149414,-43.373924255371094,6.176554203033447
10.334167718887329,0.2460000067949295,0.5746557712554932,0.004999999888241291,0.3797464966773987,0.02959778904914856,0.09068747609853745,-0.0647532120347023,-28.04669952392578,-36.58503723144531,6.176126956939697
10.354272365570068,0.2460000067949295,0.4203606843948364,0.004999999888241291,0.458385169506073,0.1052541732788086,0.06801895052194595,0.009828567504882812,-23.065950393676758,-43.75590515136719,6.175699710845947
10.374357461929321,0.2460000067949295,0.4016963839530945,0.004999999888241291,0.4692284166812897,0.11307521164417267,0.02272026613354683,0.11234521865844727,-20.70867347717285,-44.87339401245117,6.175272464752197
10.394453763961792,0.2460000067949295,0.5168235898017883,0.004999999888241291,0.4093627333641052,0.05781371891498566,0.05826762691140175,0.01829533651471138,-24.916706085205078,-38.96879196166992,6.174322128295898
10.414554834365845,0.2460000067949295,0.46191102266311646,0.004999999888241291,0.4323854148387909,0.08970360457897186,0.07719655334949493,-0.014316174201667309,-24.587127685546875,-40.52677917480469,6.17374324798584
10.434666395187378,0.2460000067949295,0.41842085123062134,0.004999999888241291,0.46023011207580566,0.1053491085767746,0.03578297793865204,0.08247485756874084,-21.21181869506836,-43.79051208496094,6.173058986663818
10.454777956008911,0.24699999392032623,0.47010064125061035,0.004999999888241291,0.435941606760025,0.08195780217647552,0.05276944115757942,0.044730670750141144,-23.712438583374023,-40.7205924987793,6.172268390655518
10.474873304367065,0.24699999392032623,0.4748869240283966,0.004999999888241291,0.43104279041290283,0.0820702612400055,0.07301054894924164,0.0003186445974279195,-24.7376651763916,-40.26042556762695,6.1703314781188965
10.494951725006104,0.24799999594688416,0.436764121055603,0.004999999888241291,0.4559706449508667,0.09926515817642212,0.05044470354914665,0.0530296191573143,-22.786930084228516,-42.35871505737305,6.1691813468933105
10.515032052993774,0.24799999594688416,0.46839696168899536,0.004999999888241291,0.4408508539199829,0.08275212347507477,0.054738983511924744,0.03836742788553238,-24.10380744934082,-40.26310348510742,6.167904853820801
10.535107374191284,0.24899999797344208,0.48254621028900146,0.004999999888241291,0.4337734878063202,0.07968029379844666,0.07158798724412918,0.00611796323210001,-25.087745666503906,-39.5506591796875,6.166514873504639
10.555187940597534,0.24899999797344208,0.45081955194473267,0.004999999888241291,0.44751960039138794,0.09766082465648651,0.05872046947479248,0.036719001829624176,-23.58871841430664,-41.25956344604492,6.163387775421143
10.575271129608154,0.25,0.45813220739364624,0.004999999888241291,0.4450284242630005,0.09683938324451447,0.051648642867803574,0.04926455393433571,-23.063213348388672,-41.08050537109375,6.161656379699707
10.595355033874512,0.25099998712539673,0.4918653070926666,0.004999999888241291,0.43273770809173584,0.07939694821834564,0.06868016719818115,0.01615764945745468,-24.25392723083496,-39.86650848388672,6.159823894500732
10.615461826324463,0.25099998712539673,0.4714196026325226,0.004999999888241291,0.44090551137924194,0.09167484939098358,0.06642832607030869,0.024615013971924782,-23.496030807495117,-40.821617126464844,6.157896995544434
10.6355619430542,0.25099998712539673,0.45808568596839905,0.004999999888241291,0.45188963413238525,0.09402461349964142,0.05430879816412926,0.041517119854688644,-22.36149024963379,-41.29166030883789,6.153769493103027
10.655670881271362,0.25200000405311584,0.47626668214797974,0.004999999888241291,0.44038712978363037,0.09134615957736969,0.0630185455083847,0.02711637318134308,-23.455726623535156,-40.24629211425781,6.151583194732666
10.675750970840454,0.2529999911785126,0.4785591661930084,0.004999999888241291,0.4393337070941925,0.09010717272758484,0.06776461005210876,0.020073652267456055,-23.500099182128906,-40.53508377075195,6.14931058883667
10.695836782455444,0.2529999911785126,0.46415039896965027,0.004999999888241291,0.4542236328125,0.09362591803073883,0.056715454906225204,0.043003469705581665,-22.607454299926758,-41.380401611328125,6.144572734832764
10.715919256210327,0.2529999911785126,0.48139476776123047,0.004999999888241291,0.4457077383995056,0.08489742875099182,0.059318896383047104,0.04077121987938881,-23.274593353271484,-40.66054153442383,6.142131328582764
10.736007452011108,0.2540000081062317,0.48907697200775146,0.004999999888241291,0.4398651719093323,0.08305782079696655,0.07009504735469818,0.014559672214090824,-24.126171112060547,-39.68875503540039,6.139637470245361
10.756101131439209,0.2540000081062317,0.47958874702453613,0.004999999888241291,0.45105695724487305,0.08535432815551758,0.06592920422554016,0.028772428631782532,-23.390432357788086,-40.65327835083008,6.13711404800415
10.776201486587524,0.2540000081062317,0.4727663993835449,0.004999999888241291,0.4533103108406067,0.08992330729961395,0.05992487818002701,0.04092283546924591,-22.952829360961914,-40.8066291809082,6.13455057144165
10.796285152435303,0.2549999952316284,0.48229366540908813,0.004999999888241291,0.4475989043712616,0.09010744094848633,0.0646587684750557,0.03013329580426216,-23.261037826538086,-40.20582580566406,6.129341125488281
10.81637191772461,0.2549999952316284,0.48061060905456543,0.004999999888241291,0.449745237827301,0.08964414894580841,0.06878038495779037,0.026715515181422234,-23.092145919799805,-40.586395263671875,6.126698970794678
10.836454391479492,0.2549999952316284,0.47187232971191406,0.004999999888241291,0.4528908133506775,0.09523685276508331,0.06495337188243866,0.03301440179347992,-22.579750061035156,-40.99558639526367,6.124013423919678
10.85655164718628,0.2549999952316284,0.47939878702163696,0.004999999888241291,0.448116660118103,0.09248454868793488,0.06261242926120758,0.034929562360048294,-22.518226623535156,-40.85237503051758,6.118584632873535
10.876641750335693,0.25600001215934753,0.4819461405277252,0.004999999888241291,0.44787532091140747,0.09017851948738098,0.06649056822061539,0.028110289946198463,-22.85447120666504,-40.51963806152344,6.115838050842285
10.896725177764893,0.25600001215934753,0.4779697060585022,0.004999999888241291,0.4511711895465851,0.09485916793346405,0.06566446274518967,0.029321353882551193,-22.76468276977539,-40.71685791015625,6.113075256347656
10.916809320449829,0.25600001215934753,0.4835434556007385,0.004999999888241291,0.44958338141441345,0.09087325632572174,0.06385049223899841,0.03176013380289078,-22.85634422302246,-40.686153411865234,6.110267639160156
10.936893224716187,0.25699999928474426,0.47733253240585327,0.004999999888241291,0.45325571298599243,0.09341181814670563,0.06309191137552261,0.033157266676425934,-22.80243682861328,-40.76981735229492,6.104652404785156
10.956962823867798,0.25699999928474426,0.4834136664867401,0.004999999888241291,0.4538419246673584,0.09074436128139496,0.06439027190208435,0.0289931520819664,-22.952959060668945,-40.396602630615234,6.101844787597656
10.977057933807373,0.25699999928474426,0.4788517355918884,0.004999999888241291,0.45421144366264343,0.09493683278560638,0.0672500729560852,0.032563287764787674,-22.953800201416016,-40.678611755371094,6.099040508270264
10.997144222259521,0.25699999928474426,0.4774325489997864,0.004999999888241291,0.4549110531806946,0.09565640985965729,0.061851758509874344,0.03881941735744476,-22.33075714111328,-40.9664421081543,6.096293926239014
11.017228841781616,0.25699999928474426,0.48605871200561523,0.004999999888241291,0.4489419460296631,0.09299935400485992,0.06389544904232025,0.035394567996263504,-22.470874786376953,-40.6920051574707,6.090800762176514
11.037309646606445,0.25699999928474426,0.4839709401130676,0.004999999888241291,0.45039036870002747,0.09363873302936554,0.06984279304742813,0.02313639409840107,-22.595611572265625,-40.58521270751953,6.088054180145264
11.057405233383179,0.257999986410141,0.47522619366645813,0.004999999888241291,0.4601109027862549,0.09666287899017334,0.0635586529970169,0.039990466088056564,-21.79693603515625,-41.4688835144043,6.085324764251709
11.077496767044067,0.257999986410141,0.47690245509147644,0.004999999888241291,0.45770037174224854,0.09739711880683899,0.05785145238041878,0.047285836189985275,-21.55506134033203,-41.33138656616211,6.082639217376709
11.09758710861206,0.257999986410141,0.49778997898101807,0.004999999888241291,0.4499940276145935,0.08421593904495239,0.06867409497499466,0.015964040532708168,-22.46497917175293,-40.3416748046875,6.077333450317383
11.11767315864563,0.257999986410141,0.482183575630188,0.004999999888241291,0.45706263184547424,0.09275370836257935,0.06229044869542122,0.034456439316272736,-21.61867332458496,-41.424983978271484,6.074748992919922
11.137763500213623,0.257999986410141,0.47695815563201904,0.004999999888241291,0.4594915509223938,0.09555022418498993,0.05390157550573349,0.04904595762491226,-21.406421661376953,-41.54227828979492,6.072206974029541
11.157848834991455,0.257999986410141,0.49743562936782837,0.004999999888241291,0.44961097836494446,0.08495326340198517,0.06858585774898529,0.028211738914251328,-22.873443603515625,-40.262481689453125,6.069714069366455
11.177940845489502,0.257999986410141,0.4957982301712036,0.004999999888241291,0.45050060749053955,0.08570104837417603,0.0713915079832077,0.01672140695154667,-22.75140953063965,-40.48139572143555,6.064903259277344
11.19802212715149,0.257999986410141,0.4714776277542114,0.004999999888241291,0.46427297592163086,0.09624935686588287,0.06106896698474884,0.04342827573418617,-21.786951065063477,-41.49331283569336,6.062583923339844
11.218106031417847,0.257999986410141,0.47616976499557495,0.004999999888241291,0.45414918661117554,0.10168096423149109,0.061737414449453354,0.04765265807509422,-21.94130516052246,-41.176570892333984,6.060314655303955
11.23819351196289,0.257999986410141,0.49614185094833374,0.004999999888241291,0.4456649422645569,0.09019310772418976,0.071162648499012,0.017822399735450745,-22.277477264404297,-40.441123962402344,6.058094024658203
11.25827670097351,0.25699999928474426,0.47477203607559204,0.004999999888241291,0.4575674533843994,0.09966050088405609,0.06806731224060059,0.03582155704498291,-21.668781280517578,-41.55388259887695,6.053767681121826
11.27835750579834,0.25699999928474426,0.47600626945495605,0.004999999888241291,0.4552331566810608,0.0967605710029602,0.05963606759905815,0.04535836726427078,-21.13617515563965,-41.51995849609375,6.051631450653076
11.298442602157593,0.25699999928474426,0.493297815322876,0.004999999888241291,0.44841593503952026,0.08628621697425842,0.06598098576068878,0.029126228764653206,-21.902341842651367,-40.79265213012695,6.049540996551514
11.318538665771484,0.257999986410141,0.48218265175819397,0.004999999888241291,0.45442599058151245,0.09539134800434113,0.06733040511608124,0.03252355754375458,-21.907407760620117,-41.267879486083984,6.047465801239014
11.33866024017334,0.257999986410141,0.47695767879486084,0.004999999888241291,0.4621551036834717,0.09288720786571503,0.058401308953762054,0.050089217722415924,-21.385915756225586,-41.68400192260742,6.04334831237793
11.358749628067017,0.257999986410141,0.4977501928806305,0.004999999888241291,0.4517118036746979,0.08253791928291321,0.06138676032423973,0.03595426306128502,-22.02689552307129,-40.70586013793945,6.04133415222168
11.378853559494019,0.257999986410141,0.4919423460960388,0.004999999888241291,0.4505912661552429,0.08946633338928223,0.07267182320356369,0.018678205087780952,-22.556135177612305,-40.60539245605469,6.039377689361572
11.398975849151611,0.257999986410141,0.4742826223373413,0.004999999888241291,0.4590761959552765,0.09864114224910736,0.06462658196687698,0.03735212981700897,-21.73377227783203,-41.370033264160156,6.037456512451172
11.41906476020813,0.257999986410141,0.4822584390640259,0.004999999888241291,0.45511090755462646,0.09463062882423401,0.06282435357570648,0.039470307528972626,-21.768999099731445,-40.907894134521484,6.033724784851074
11.439157247543335,0.257999986410141,0.4942707419395447,0.004999999888241291,0.4478810429573059,0.08984816074371338,0.06908946484327316,0.026152633130550385,-22.06492805480957,-40.55976104736328,6.031893730163574
11.459241390228271,0.257999986410141,0.48117631673812866,0.004999999888241291,0.45773664116859436,0.09308697283267975,0.06564881652593613,0.030715687200427055,-21.399478912353516,-41.18345260620117,6.030115604400635
11.479326725006104,0.257999986410141,0.4768877923488617,0.004999999888241291,0.4559863805770874,0.09912578761577606,0.06423576921224594,0.04947735741734505,-21.31565284729004,-41.83611297607422,6.028345584869385
11.499442100524902,0.257999986410141,0.4898431897163391,0.004999999888241291,0.4508708119392395,0.09128595888614655,0.0677444264292717,0.03203722462058067,-21.73844337463379,-41.017147064208984,6.024892330169678
11.519529819488525,0.257999986410141,0.4836791753768921,0.004999999888241291,0.45244234800338745,0.09587837755680084,0.069319948554039,0.029657401144504547,-21.549482345581055,-41.36697006225586,6.023183345794678
11.539613962173462,0.257999986410141,0.4782734811306,0.004999999888241291,0.45848244428634644,0.09524406492710114,0.06152451038360596,0.04322272166609764,-21.217138290405273,-41.69367980957031,6.0215067863464355
11.559705018997192,0.257999986410141,0.48618218302726746,0.004999999888241291,0.4532769024372101,0.09254084527492523,0.06327890604734421,0.03779979795217514,-21.581525802612305,-41.17742156982422,6.01821756362915
11.579801321029663,0.257999986410141,0.49707910418510437,0.004999999888241291,0.44773995876312256,0.08718086779117584,0.07428858429193497,0.017745180055499077,-22.51572036743164,-40.48735809326172,6.01663064956665
11.59988522529602,0.257999986410141,0.47314906120300293,0.004999999888241291,0.4575531780719757,0.10129769146442413,0.06950695812702179,0.03339520841836929,-21.813671112060547,-41.31409454345703,6.015045166015625
11.619954347610474,0.257999986410141,0.47407710552215576,0.004999999888241291,0.4623942971229553,0.09552857279777527,0.06006903201341629,0.053972028195858,-21.397777557373047,-41.4947624206543,6.013519287109375
11.640047788619995,0.257999986410141,0.4983450174331665,0.004999999888241291,0.4496067762374878,0.08404816687107086,0.06712890416383743,0.036831632256507874,-21.8715877532959,-40.696746826171875,6.0120062828063965
11.660143613815308,0.257999986410141,0.4883376359939575,0.004999999888241291,0.45281654596328735,0.0908457338809967,0.07315868884325027,0.015776043757796288,-21.85306739807129,-40.61967468261719,6.009109973907471
11.680227041244507,0.257999986410141,0.46440666913986206,0.004999999888241291,0.4630391001701355,0.10455413162708282,0.05918243154883385,0.04897928610444069,-20.600482940673828,-42.13327407836914,6.007709980010986
11.70032262802124,0.25699999928474426,0.48400360345840454,0.004999999888241291,0.4526890814304352,0.09130734205245972,0.06329286098480225,0.038387201726436615,-21.3853702545166,-41.04415512084961,6.006367206573486
11.720410108566284,0.25699999928474426,0.4962553083896637,0.004999999888241291,0.44659894704818726,0.08514571189880371,0.07319732010364532,0.02078026533126831,-21.887182235717773,-40.82699966430664,6.005024433135986
11.740492343902588,0.25699999928474426,0.46636468172073364,0.004999999888241291,0.4575071930885315,0.1041281521320343,0.0663207620382309,0.038598187267780304,-21.161100387573242,-42.01353073120117,6.002418518066406
11.760579586029053,0.25699999928474426,0.47157222032546997,0.004999999888241291,0.458594411611557,0.09783340990543365,0.059632036834955215,0.04094090312719345,-21.03350830078125,-41.45646667480469,6.001136779785156
11.78068733215332,0.25699999928474426,0.496674120426178,0.004999999888241291,0.4474584758281708,0.0838674008846283,0.06646868586540222,0.026760945096611977,-21.968416213989258,-40.46678161621094,5.999855041503906
11.800779342651367,0.25699999928474426,0.4898031949996948,0.004999999888241291,0.44891273975372314,0.08928409218788147,0.07157578319311142,0.022942261770367622,-22.02238655090332,-40.864192962646484,5.998586177825928
11.820858478546143,0.25699999928474426,0.4694923758506775,0.004999999888241291,0.4583654999732971,0.10014212131500244,0.06393292546272278,0.046956926584243774,-21.3028564453125,-41.74935531616211,5.996144771575928
11.840949535369873,0.25699999928474426,0.48773375153541565,0.004999999888241291,0.4509078562259674,0.08935840427875519,0.0638640820980072,0.03961896523833275,-21.61654281616211,-40.95881652832031,5.994924068450928
11.861043453216553,0.257999986410141,0.492418110370636,0.004999999888241291,0.4467155337333679,0.09286627173423767,0.07363668829202652,0.024609167128801346,-21.926218032836914,-40.81541061401367,5.993703365325928
11.881129741668701,0.257999986410141,0.47344744205474854,0.004999999888241291,0.4580061137676239,0.10054637491703033,0.07068736851215363,0.03367047756910324,-21.28800392150879,-41.608497619628906,5.991383075714111
11.901208877563477,0.257999986410141,0.4707065224647522,0.004999999888241291,0.4625566601753235,0.09873677790164948,0.057091522961854935,0.054343000054359436,-20.419755935668945,-41.87689208984375,5.9902729988098145
11.92128872871399,0.25699999928474426,0.49746304750442505,0.004999999888241291,0.4464702010154724,0.0880667120218277,0.06498619168996811,0.03080707974731922,-21.4481258392334,-40.768863677978516,5.9891743659973145
11.941365718841553,0.25699999928474426,0.4847833812236786,0.004999999888241291,0.4515993595123291,0.09161725640296936,0.06860306113958359,0.02533627301454544,-21.282987594604492,-41.2742919921875,5.988131523132324
11.96144151687622,0.25699999928474426,0.46855491399765015,0.004999999888241291,0.4578093886375427,0.10163570940494537,0.0615999698638916,0.04573516175150871,-20.915142059326172,-41.991065979003906,5.986056327819824
11.981519937515259,0.25699999928474426,0.4877515435218811,0.004999999888241291,0.4489572048187256,0.09129123389720917,0.062011685222387314,0.040963064879179,-21.530672073364258,-41.0026741027832,5.9850616455078125
12.001597881317139,0.25699999928474426,0.49306073784828186,0.004999999888241291,0.44590234756469727,0.08903694152832031,0.07369662821292877,0.014214579947292805,-22.198585510253906,-40.4283561706543,5.9840850830078125
12.021679162979126,0.25699999928474426,0.468582421541214,0.004999999888241291,0.4574235677719116,0.10199402272701263,0.0655207633972168,0.0376410149037838,-21.217933654785156,-41.83091735839844,5.9831085205078125
12.041759729385376,0.25699999928474426,0.4729553461074829,0.004999999888241291,0.45646095275878906,0.09858366847038269,0.05758453533053398,0.0572090670466423,-20.88440704345703,-41.780853271484375,5.981217861175537
12.06185245513916,0.25699999928474426,0.499520480632782,0.004999999888241291,0.4441026449203491,0.08437687158584595,0.07323379069566727,0.021778937429189682,-22.01072120666504,-40.553382873535156,5.980302333831787
12.081956624984741,0.25699999928474426,0.4742753803730011,0.004999999888241291,0.453209787607193,0.10051484405994415,0.07463331520557404,0.029271740466356277,-21.595111846923828,-41.473388671875,5.979386806488037
12.102051496505737,0.25699999928474426,0.4668596386909485,0.004999999888241291,0.4579298496246338,0.10321047902107239,0.06164655089378357,0.04770108312368393,-20.743732452392578,-42.04573059082031,5.9784955978393555
12.122156143188477,0.25699999928474426,0.49312111735343933,0.004999999888241291,0.44703635573387146,0.08784255385398865,0.06531071662902832,0.0335724875330925,-21.368135452270508,-41.02699661254883,5.9767866134643555
12.142282485961914,0.25699999928474426,0.48430943489074707,0.004999999888241291,0.4500684142112732,0.09362216293811798,0.07260505110025406,0.021455038338899612,-21.538753509521484,-41.313777923583984,5.9759321212768555
12.162378787994385,0.25699999928474426,0.46653276681900024,0.004999999888241291,0.4592759311199188,0.10219128429889679,0.06243608519434929,0.0540783554315567,-20.786088943481445,-42.42618179321289,5.9750776290893555
12.182472467422485,0.25699999928474426,0.49137380719184875,0.004999999888241291,0.4470614194869995,0.08956475555896759,0.06260091066360474,0.0361383818089962,-21.549774169921875,-40.891151428222656,5.9742231369018555
12.20256519317627,0.25699999928474426,0.48993316292762756,0.004999999888241291,0.44630560278892517,0.09176121652126312,0.07183872908353806,0.020159713923931122,-22.063716888427734,-40.86131286621094,5.972622394561768
12.222660064697266,0.25699999928474426,0.4698551297187805,0.004999999888241291,0.45789411664009094,0.10025076568126678,0.06453519314527512,0.03632471337914467,-21.237239837646484,-41.6076774597168,5.971828937530518
12.242745637893677,0.25699999928474426,0.48240867257118225,0.004999999888241291,0.45314568281173706,0.09244564175605774,0.06181289628148079,0.04461410269141197,-21.395116806030273,-41.05403518676758,5.971042633056641
12.262832880020142,0.25699999928474426,0.4906160235404968,0.004999999888241291,0.44694799184799194,0.09043601155281067,0.07232112437486649,0.022887932136654854,-21.959630966186523,-40.78120803833008,5.970310211181641
12.28295350074768,0.25699999928474426,0.46951544284820557,0.004999999888241291,0.4555133879184723,0.102971151471138,0.06588494777679443,0.03863869607448578,-21.12417984008789,-41.836448669433594,5.968845367431641
12.303057193756104,0.25699999928474426,0.47774648666381836,0.004999999888241291,0.45478907227516174,0.09546445310115814,0.0610421746969223,0.04974840208888054,-20.842470169067383,-41.79844665527344,5.968112945556641
12.323154926300049,0.25699999928474426,0.49429023265838623,0.004999999888241291,0.4442189335823059,0.08949078619480133,0.07145975530147552,0.02443893626332283,-21.768693923950195,-40.757057189941406,5.967380523681641
12.343260049819946,0.25699999928474426,0.4770352244377136,0.004999999888241291,0.45378491282463074,0.09717985987663269,0.06952448189258575,0.02946825698018074,-21.222335815429688,-41.631675720214844,5.966648101806641
12.363399028778076,0.25699999928474426,0.46955424547195435,0.004999999888241291,0.45981365442276,0.09863211214542389,0.060514308512210846,0.04800577834248543,-20.852737426757812,-41.93550491333008,5.965183258056641
12.383490562438965,0.25699999928474426,0.48986369371414185,0.004999999888241291,0.44754257798194885,0.09059372544288635,0.06759317964315414,0.03130824491381645,-21.78607749938965,-40.89690399169922,5.964494705200195
12.403569459915161,0.25699999928474426,0.4879579544067383,0.004999999888241291,0.4490293264389038,0.09101271629333496,0.07030468434095383,0.024696940556168556,-21.942747116088867,-40.94961929321289,5.963823318481445
12.423661708831787,0.25699999928474426,0.4731599986553192,0.004999999888241291,0.4551413059234619,0.09969867765903473,0.06438829749822617,0.04198266565799713,-21.592853546142578,-41.5845832824707,5.963151931762695
12.443747997283936,0.25699999928474426,0.48212307691574097,0.004999999888241291,0.45135682821273804,0.09452009201049805,0.06198509410023689,0.04297129064798355,-21.574169158935547,-41.36894989013672,5.961809158325195
12.463814496994019,0.25699999928474426,0.49912726879119873,0.004999999888241291,0.44338855147361755,0.08548416197299957,0.06973669677972794,0.02309143729507923,-22.18157386779785,-40.469608306884766,5.961137771606445
12.483900785446167,0.25699999928474426,0.4767990708351135,0.004999999888241291,0.4555267095565796,0.09567420184612274,0.07038195431232452,0.026525840163230896,-21.696216583251953,-41.13919448852539,5.960466384887695
12.503979206085205,0.257999986410141,0.46060341596603394,0.004999999888241291,0.46686041355133057,0.10453613102436066,0.05620653182268143,0.0642668753862381,-20.292736053466797,-42.59898376464844,5.959817409515381
12.524086713790894,0.257999986410141,0.49593040347099304,0.004999999888241291,0.448880672454834,0.08718879520893097,0.060976285487413406,0.04304024204611778,-21.107959747314453,-41.12255096435547,5.958644866943359
12.544196128845215,0.25699999928474426,0.503976583480835,0.004999999888241291,0.439825177192688,0.0841982513666153,0.07576403021812439,0.009237674996256828,-22.084327697753906,-40.41191864013672,5.9581122398376465
12.564284563064575,0.25699999928474426,0.47461241483688354,0.004999999888241291,0.4556756317615509,0.0977119505405426,0.06450106203556061,0.04346954822540283,-20.898391723632812,-42.22341537475586,5.9576239585876465
12.584383726119995,0.25699999928474426,0.48000308871269226,0.004999999888241291,0.4556775391101837,0.09231935441493988,0.058080751448869705,0.050273504108190536,-21.0014705657959,-41.9159049987793,5.957155704498291
12.604475736618042,0.25699999928474426,0.491066575050354,0.004999999888241291,0.44762521982192993,0.08930821716785431,0.07211713492870331,0.02459537237882614,-22.46459197998047,-40.83613204956055,5.956301212310791
12.624565839767456,0.25699999928474426,0.4883655905723572,0.004999999888241291,0.44912540912628174,0.09050898253917694,0.06992319971323013,0.024773580953478813,-22.242460250854492,-41.058494567871094,5.955873966217041
12.644667387008667,0.25699999928474426,0.47354206442832947,0.004999999888241291,0.454886794090271,0.099571093916893,0.06354113668203354,0.043552424758672714,-21.839651107788086,-41.708248138427734,5.955446720123291
12.664751291275024,0.25699999928474426,0.4793991446495056,0.004999999888241291,0.45130404829978943,0.097296804189682,0.06472263485193253,0.03776286169886589,-21.978940963745117,-41.18056106567383,5.954592227935791
12.684828758239746,0.25699999928474426,0.4873475432395935,0.004999999888241291,0.45055413246154785,0.0900982916355133,0.06878365576267242,0.027000457048416138,-22.157962799072266,-40.7783203125,5.954164981842041
12.704909563064575,0.25699999928474426,0.4754307270050049,0.004999999888241291,0.45314109325408936,0.099428191781044,0.06745129078626633,0.028190214186906815,-21.729957580566406,-41.01864242553711,5.953737735748291
12.724982738494873,0.25699999928474426,0.47780725359916687,0.004999999888241291,0.4548191428184509,0.09537360072135925,0.06324256211519241,0.03375420719385147,-21.369604110717773,-41.22189712524414,5.953310489654541
12.745082378387451,0.25699999928474426,0.48358380794525146,0.004999999888241291,0.45049241185188293,0.09392376244068146,0.06710406392812729,0.031081637367606163,-21.839853286743164,-40.88628005981445,5.952455997467041
12.765168905258179,0.25699999928474426,0.4839595556259155,0.004999999888241291,0.45208054780960083,0.0919598937034607,0.06847793608903885,0.03284083306789398,-21.883119583129883,-41.1311149597168,5.952028751373291
12.78525686264038,0.25699999928474426,0.48111164569854736,0.004999999888241291,0.45216330885887146,0.09472505748271942,0.06572570651769638,0.03632209822535515,-21.833587646484375,-41.205528259277344,5.951601505279541
12.805355072021484,0.25699999928474426,0.4859856963157654,0.004999999888241291,0.4513508081436157,0.09066347777843475,0.06533672660589218,0.033557966351509094,-22.037878036499023,-40.98796463012695,5.951174259185791
12.825446605682373,0.25699999928474426,0.485640287399292,0.004999999888241291,0.45104753971099854,0.0913122147321701,0.0657976046204567,0.03346482664346695,-22.20855712890625,-40.96297073364258,5.950319766998291
12.845526695251465,0.25699999928474426,0.4795210361480713,0.004999999888241291,0.45318543910980225,0.09529349207878113,0.06560612469911575,0.03240678086876869,-22.29174041748047,-41.013023376464844,5.949892520904541
12.865606307983398,0.25699999928474426,0.4805889129638672,0.004999999888241291,0.45474308729171753,0.09266802668571472,0.06625068187713623,0.03433690592646599,-22.35860824584961,-40.90365219116211,5.949465274810791
12.885695934295654,0.25699999928474426,0.479999840259552,0.004999999888241291,0.4538716673851013,0.09412844479084015,0.06351318210363388,0.035802993923425674,-21.975690841674805,-40.97914123535156,5.949038028717041
12.905786275863647,0.25699999928474426,0.49180543422698975,0.004999999888241291,0.4487903118133545,0.08740425109863281,0.06822806596755981,0.03088323585689068,-22.249462127685547,-40.616214752197266,5.948183536529541
12.925865650177002,0.25699999928474426,0.4820285737514496,0.004999999888241291,0.45115089416503906,0.0948205441236496,0.06849590688943863,0.02679324522614479,-22.00265884399414,-40.8948974609375,5.947756290435791
12.945951700210571,0.25699999928474426,0.47903069853782654,0.004999999888241291,0.4528970718383789,0.09607221186161041,0.06388673931360245,0.039699092507362366,-21.63500213623047,-41.356727600097656,5.947329044342041
12.966029405593872,0.25699999928474426,0.48976826667785645,0.004999999888241291,0.44695791602134705,0.09127376973628998,0.06706784665584564,0.0271415077149868,-22.04806900024414,-40.78889465332031,5.946901798248291
12.986106395721436,0.25699999928474426,0.4847349524497986,0.004999999888241291,0.4498544931411743,0.09341056644916534,0.06974122673273087,0.025852011516690254,-22.186351776123047,-41.04277420043945,5.946047306060791
13.006186246871948,0.257999986410141,0.4779680371284485,0.004999999888241291,0.45892518758773804,0.09510672092437744,0.06212899833917618,0.03942638263106346,-21.836288452148438,-41.34772872924805,5.945642948150635
13.026270866394043,0.257999986410141,0.49056199193000793,0.004999999888241291,0.45312875509262085,0.08830919861793518,0.05958009511232376,0.036126501858234406,-22.063491821289062,-40.72515106201172,5.945276737213135
13.046356201171875,0.25699999928474426,0.488886296749115,0.004999999888241291,0.45042645931243896,0.08868727087974548,0.0667782574892044,0.026472266763448715,-22.727752685546875,-40.48085021972656,5.944937705993652
13.066442966461182,0.25699999928474426,0.47907745838165283,0.004999999888241291,0.456912636756897,0.09200991690158844,0.06422082334756851,0.033059459179639816,-22.372907638549805,-41.030731201171875,5.944327354431152
13.086535453796387,0.25699999928474426,0.4778704345226288,0.004999999888241291,0.45455804467201233,0.09557150304317474,0.06458700448274612,0.037346892058849335,-22.50876235961914,-40.890708923339844,5.944022178649902
13.106619834899902,0.25699999928474426,0.48415839672088623,0.004999999888241291,0.4507138729095459,0.09312772750854492,0.06685713678598404,0.03169563412666321,-22.668807983398438,-40.67054748535156,5.943761825561523
13.12669563293457,0.25699999928474426,0.4858521819114685,0.004999999888241291,0.4510234594345093,0.09112434089183807,0.06528397649526596,0.02933456189930439,-22.459619522094727,-40.720367431640625,5.943517684936523
13.1467924118042,0.25699999928474426,0.4796719551086426,0.004999999888241291,0.4549548923969269,0.09337320923805237,0.06624967604875565,0.03738681226968765,-22.210857391357422,-41.172061920166016,5.943029403686523
13.166881322860718,0.25699999928474426,0.4797919988632202,0.004999999888241291,0.45090025663375854,0.09730774164199829,0.06339722871780396,0.03452035039663315,-22.15890121459961,-41.00654602050781,5.942785263061523
13.186963081359863,0.25699999928474426,0.4908792972564697,0.004999999888241291,0.4504397511482239,0.08668094873428345,0.06571335345506668,0.025423195213079453,-22.457983016967773,-40.529090881347656,5.942541122436523
13.20706820487976,0.25699999928474426,0.4831925630569458,0.004999999888241291,0.45180439949035645,0.09300301969051361,0.06537450104951859,0.02939300611615181,-22.5089168548584,-40.74466323852539,5.942296981811523
13.227161407470703,0.25699999928474426,0.48695623874664307,0.004999999888241291,0.4549204707145691,0.08612328767776489,0.06261725723743439,0.035044923424720764,-22.649404525756836,-40.88697052001953,5.941808700561523
13.247248888015747,0.25699999928474426,0.48639625310897827,0.004999999888241291,0.45209169387817383,0.08951205015182495,0.06550855189561844,0.03406759351491928,-23.17506217956543,-40.67141342163086,5.941564559936523
13.26733660697937,0.25699999928474426,0.48389893770217896,0.004999999888241291,0.4536389112472534,0.09046211838722229,0.06722986698150635,0.027101097628474236,-23.39002227783203,-40.57193374633789,5.9413299560546875
13.28744888305664,0.25699999928474426,0.476182758808136,0.004999999888241291,0.45865023136138916,0.09316697716712952,0.05969923734664917,0.036383308470249176,-22.754404067993164,-40.86522674560547,5.9411468505859375
13.307543992996216,0.25699999928474426,0.4906105399131775,0.004999999888241291,0.4517521858215332,0.08563725650310516,0.0632113590836525,0.03251749649643898,-23.09104347229004,-40.23402786254883,5.9407806396484375
13.327645063400269,0.25699999928474426,0.491007000207901,0.004999999888241291,0.4484976530075073,0.08849535882472992,0.07107047736644745,0.017759405076503754,-23.45340919494629,-39.91281509399414,5.940633296966553
13.347743034362793,0.25699999928474426,0.4735643267631531,0.004999999888241291,0.45838862657546997,0.09604698419570923,0.06488694995641708,0.027217229828238487,-22.47816276550293,-40.88303756713867,5.940511226654053
13.367830276489258,0.25699999928474426,0.4705795347690582,0.004999999888241291,0.4612620174884796,0.09615842998027802,0.0582912303507328,0.04786160588264465,-22.145048141479492,-41.18797302246094,5.940417289733887
13.38791275024414,0.25699999928474426,0.5028001666069031,0.004999999888241291,0.44502678513526917,0.080173060297966,0.060898296535015106,0.023151379078626633,-22.849916458129883,-39.87971878051758,5.940337181091309
13.408010005950928,0.25699999928474426,0.49236950278282166,0.004999999888241291,0.44879287481307983,0.08683760464191437,0.06945645809173584,0.010089519433677197,-23.095251083374023,-40.390541076660156,5.940352439880371
13.428104877471924,0.25699999928474426,0.45495009422302246,0.004999999888241291,0.4704509377479553,0.10259898006916046,0.054495252668857574,0.04859532415866852,-21.98099708557129,-42.00614929199219,5.940420150756836
13.448202848434448,0.25600001215934753,0.49314165115356445,0.004999999888241291,0.4512723684310913,0.07958605885505676,0.05351012200117111,0.04753318801522255,-22.957738876342773,-40.520118713378906,5.940735340118408
13.468289852142334,0.25600001215934753,0.5142787098884583,0.004999999888241291,0.43998727202415466,0.06973409652709961,0.07412265241146088,0.003946606535464525,-24.5956974029541,-39.3440055847168,5.940972805023193
13.488392353057861,0.25600001215934753,0.4624394178390503,0.004999999888241291,0.4651826024055481,0.09637799859046936,0.06324109435081482,0.03000975027680397,-23.239471435546875,-41.214385986328125,5.9412641525268555
13.508497476577759,0.25600001215934753,0.46743208169937134,0.004999999888241291,0.4630371332168579,0.09353083372116089,0.04647139832377434,0.06590676307678223,-22.443958282470703,-41.571556091308594,5.9416093826293945
13.528592109680176,0.25600001215934753,0.49379998445510864,0.004999999888241291,0.45078539848327637,0.07941468060016632,0.060998667031526566,0.020229335874319077,-23.877403259277344,-39.3022575378418,5.942428112030029
13.548694849014282,0.2549999952316284,0.4867132902145386,0.004999999888241291,0.44601380825042725,0.08727286756038666,0.07470829039812088,0.0030754576437175274,-24.1824951171875,-39.79187774658203,5.942916393280029
13.5687837600708,0.2549999952316284,0.4577077031135559,0.004999999888241291,0.4643499255180359,0.09794236719608307,0.05356180667877197,0.04647188261151314,-22.414587020874023,-41.56319808959961,5.943404674530029
13.588878631591797,0.2549999952316284,0.472623348236084,0.004999999888241291,0.4571654796600342,0.09021110832691193,0.05099855363368988,0.05134524405002594,-22.70123863220215,-41.054847717285156,5.943941593170166
13.608957529067993,0.2549999952316284,0.49980127811431885,0.004999999888241291,0.44310563802719116,0.07709309458732605,0.06505859643220901,0.014763775281608105,-24.13286781311035,-39.615962982177734,5.945040225982666
13.629051446914673,0.2549999952316284,0.4763317108154297,0.004999999888241291,0.4562023878097534,0.08746585249900818,0.06291709840297699,0.017150798812508583,-23.895559310913086,-40.29351043701172,5.945591926574707
13.649168968200684,0.2549999952316284,0.46005189418792725,0.004999999888241291,0.46581125259399414,0.09413681924343109,0.0465327724814415,0.05094676464796066,-22.905595779418945,-41.46445846557617,5.946202278137207
13.669266700744629,0.2549999952316284,0.49114617705345154,0.004999999888241291,0.45156383514404297,0.07728993892669678,0.05216405168175697,0.042852867394685745,-24.21240997314453,-39.930057525634766,5.9468255043029785
13.689365148544312,0.2540000081062317,0.504386305809021,0.004999999888241291,0.44112733006477356,0.0704864114522934,0.07107941061258316,-0.008338685147464275,-25.490720748901367,-38.808998107910156,5.948203086853027
13.709446430206299,0.2540000081062317,0.45013701915740967,0.004999999888241291,0.46666455268859863,0.09919841587543488,0.058080609887838364,0.032908596098423004,-23.743032455444336,-41.39273452758789,5.948935508728027
13.729525089263916,0.2540000081062317,0.47879642248153687,0.004999999888241291,0.4533630311489105,0.08384057879447937,0.04529433697462082,0.058345966041088104,-23.68570899963379,-40.54340362548828,5.94970178604126
13.749648809432983,0.2540000081062317,0.509768009185791,0.004999999888241291,0.43381011486053467,0.07242196798324585,0.06805457174777985,0.0032600336708128452,-25.359861373901367,-38.652400970458984,5.95049524307251
13.76978850364685,0.2540000081062317,0.4810631275177002,0.004999999888241291,0.45024895668029785,0.0846879631280899,0.06353340297937393,0.013264774344861507,-24.25703239440918,-40.201255798339844,5.952128887176514
13.789882898330688,0.2529999911785126,0.4521055221557617,0.004999999888241291,0.46451762318611145,0.09537683427333832,0.04733017832040787,0.05200277641415596,-23.196130752563477,-41.38618087768555,5.952983379364014
13.809970140457153,0.2529999911785126,0.4833408296108246,0.004999999888241291,0.45047810673713684,0.07818098366260529,0.047897372394800186,0.042841728776693344,-24.1785945892334,-39.90038299560547,5.953837871551514
13.830086946487427,0.2529999911785126,0.5039691925048828,0.004999999888241291,0.4379724860191345,0.07005831599235535,0.06894948333501816,0.001954047242179513,-25.765850067138672,-39.14854049682617,5.954692363739014
13.850196838378906,0.2529999911785126,0.4581608176231384,0.004999999888241291,0.46113359928131104,0.09270554780960083,0.05285816639661789,0.031670745462179184,-24.41143798828125,-40.94565200805664,5.956401348114014
13.870321035385132,0.2529999911785126,0.4649333953857422,0.004999999888241291,0.46328404545783997,0.08378253877162933,0.04408006742596626,0.04938916862010956,-24.763179779052734,-40.267967224121094,5.95726203918457
13.89042043685913,0.2529999911785126,0.49708473682403564,0.004999999888241291,0.4423328638076782,0.07258236408233643,0.058583684265613556,0.018940208479762077,-26.19622039794922,-38.92020034790039,5.95817756652832
13.91053557395935,0.2529999911785126,0.48332756757736206,0.004999999888241291,0.4509972929954529,0.07767505943775177,0.0635419636964798,0.007140869740396738,-26.323209762573242,-39.07011413574219,5.95909309387207
13.930665493011475,0.2529999911785126,0.4661552906036377,0.004999999888241291,0.4594353437423706,0.08640937507152557,0.052015069872140884,0.03869497776031494,-25.27869415283203,-40.250946044921875,5.96092414855957
13.950770854949951,0.2529999911785126,0.4772591292858124,0.004999999888241291,0.45373111963272095,0.08100974559783936,0.052642833441495895,0.03581417351961136,-25.599655151367188,-39.38804626464844,5.961826801300049
13.97086215019226,0.2529999911785126,0.4651768207550049,0.004999999888241291,0.4623081684112549,0.08451502025127411,0.065127894282341,0.003584982128813863,-26.361845016479492,-38.39865493774414,5.962681293487549
13.990993738174438,0.2529999911785126,0.4651768207550049,0.004999999888241291,0.4623081684112549,0.08451502025127411,0.05437569320201874,0.02716207131743431,-25.078161239624023,-39.84779739379883,5.963535785675049
14.011107444763184,0.2529999911785126,0.4714212715625763,0.004999999888241291,0.4570838510990143,0.08349484205245972,0.04641282558441162,0.04906170442700386,-24.97357940673828,-40.023319244384766,5.965244770050049
14.03121829032898,0.2529999911785126,0.4823680520057678,0.004999999888241291,0.45523640513420105,0.07439546287059784,0.05169414356350899,0.020244210958480835,-26.094207763671875,-38.57070541381836,5.966126918792725
14.0513436794281,0.2529999911785126,0.4823680520057678,0.004999999888241291,0.45523640513420105,0.07439546287059784,0.061443574726581573,0.0034941763151437044,-26.827726364135742,-38.62001037597656,5.967042446136475
14.071475505828857,0.2529999911785126,0.4853523373603821,0.004999999888241291,0.45216768980026245,0.07048000395298004,0.04503148794174194,0.040331218391656876,-25.777278900146484,-40.17776870727539,5.967957973480225
14.091570615768433,0.25200000405311584,0.4932934641838074,0.004999999888241291,0.4451301097869873,0.06957650184631348,0.04681355878710747,0.028687529265880585,-26.90093994140625,-38.7017822265625,5.96987771987915
14.111653566360474,0.25200000405311584,0.4932934641838074,0.004999999888241291,0.4451301097869873,0.06957650184631348,0.061215028166770935,-0.0029686952475458384,-28.12508773803711,-37.5771484375,5.97085428237915
14.131746530532837,0.25200000405311584,0.4722910523414612,0.004999999888241291,0.45750927925109863,0.07819965481758118,0.052658941596746445,0.030573299154639244,-26.755647659301758,-39.666893005371094,5.97183084487915
14.15184760093689,0.25200000405311584,0.5120978355407715,0.004999999888241291,0.43861123919487,0.057290926575660706,0.04161549359560013,0.04736873507499695,-26.392078399658203,-39.35176467895508,5.97280740737915
14.171946287155151,0.25200000405311584,0.47845983505249023,0.004999999888241291,0.45228689908981323,0.0772532969713211,0.058241941034793854,0.0008037642110139132,-27.90308380126953,-37.31279754638672,5.974823474884033
14.192035913467407,0.25200000405311584,0.4447266161441803,0.004999999888241291,0.4761441946029663,0.08712919056415558,0.05822327733039856,0.008314949460327625,-27.095523834228516,-39.04716873168945,5.975861072540283
14.212117195129395,0.25200000405311584,0.4447266161441803,0.004999999888241291,0.4761441946029663,0.08712919056415558,0.03200380131602287,0.06294187158346176,-25.128625869750977,-40.87564468383789,5.9769511222839355
14.232221841812134,0.25200000405311584,0.530892014503479,0.004999999888241291,0.4300803542137146,0.04302757978439331,0.042766038328409195,0.02340242639183998,-27.41973304748535,-37.536582946777344,5.9780778884887695
14.252342700958252,0.25099998712539673,0.530892014503479,0.004999999888241291,0.4300803542137146,0.04302757978439331,0.06911571323871613,-0.03809830918908119,-29.082082748413086,-36.44165802001953,5.980520725250244
14.272588729858398,0.25099998712539673,0.4622212052345276,0.004999999888241291,0.47303712368011475,0.06874164938926697,0.02712380513548851,0.05217164009809494,-25.020137786865234,-41.841880798339844,5.981879234313965
14.29267406463623,0.25099998712539673,0.5701414346694946,0.004999999888241291,0.4154030978679657,0.01445549726486206,0.00931098684668541,0.09215828031301498,-25.680082321166992,-40.508216857910156,5.98336124420166
14.31275749206543,0.25,0.43298232555389404,0.004999999888241291,0.4788874387741089,0.08813025057315826,0.06864162534475327,-0.040765006095170975,-31.39653968811035,-34.49101257324219,5.986701965332031
14.332846403121948,0.25,0.3818007707595825,0.004999999888241291,0.5047227740287781,0.10947646200656891,0.0723644271492958,-0.04316093027591705,-29.2974853515625,-38.817779541015625,5.9885945320129395
14.352938890457153,0.24899999797344208,0.49855315685272217,0.004999999888241291,0.4467008709907532,0.050745993852615356,-0.012618288397789001,0.15427222847938538,-22.628873825073242,-45.811248779296875,5.990636825561523
14.373027324676514,0.24899999797344208,0.525600016117096,0.004999999888241291,0.4230489730834961,0.04335099458694458,0.032953646034002304,0.03504101186990738,-29.30562400817871,-37.305397033691406,5.992846965789795
14.393584728240967,0.24799999594688416,0.34519273042678833,0.004999999888241291,0.5147508978843689,0.1280563920736313,0.09189293533563614,-0.09744501858949661,-32.07462692260742,-35.74760437011719,5.997725963592529
14.413734436035156,0.24699999392032623,0.4140028953552246,0.004999999888241291,0.49205082654953003,0.07794632017612457,0.01830177754163742,0.08550538122653961,-23.42664337158203,-46.89763259887695,6.000391960144043
14.433841705322266,0.2460000067949295,0.5962095260620117,0.011605516076087952,0.37618497014045715,0.004999999888241291,-0.028884511440992355,0.1431899219751358,-23.972272872924805,-42.43210983276367,6.003232002258301
14.453953981399536,0.2460000067949295,0.3845370411872864,0.004999999888241291,0.49612414836883545,0.0993388295173645,0.08959945291280746,-0.11301030963659286,-34.45009231567383,-31.74462890625,6.006211757659912
14.474054098129272,0.24500000476837158,0.34622353315353394,0.004999999888241291,0.5259965062141418,0.10377998650074005,0.05301150307059288,-0.018160607665777206,-28.184162139892578,-40.908966064453125,6.012631416320801
14.494163274765015,0.24400000274181366,0.5825819969177246,0.028577834367752075,0.3608401417732239,0.004999999888241291,-0.040616508573293686,0.16220252215862274,-21.993677139282227,-46.80467224121094,6.016047477722168
14.514266729354858,0.24300000071525574,0.47189608216285706,0.004999999888241291,0.442172646522522,0.05393129587173462,0.05647125840187073,-0.046270400285720825,-34.53496551513672,-33.21097946166992,6.01960563659668
14.534368753433228,0.24199999868869781,0.33410125970840454,0.004999999888241291,0.5161158442497253,0.11778290569782257,0.07406830787658691,-0.06600076705217361,-32.242591857910156,-38.48426818847656,6.023243427276611
14.55446982383728,0.24199999868869781,0.4384114146232605,0.004999999888241291,0.45945054292678833,0.06613801419734955,-0.019989578053355217,0.1475304812192917,-23.546337127685547,-48.14583969116211,6.030812740325928
14.574563980102539,0.2409999966621399,0.5517957210540771,0.004999999888241291,0.3958064317703247,0.012397825717926025,0.009141347371041775,0.07341266423463821,-30.80035972595215,-38.59980392456055,6.0346999168396
14.59465217590332,0.23999999463558197,0.41917848587036133,0.004999999888241291,0.46255365014076233,0.07826781272888184,0.08370580524206161,-0.09228140115737915,-35.270816802978516,-35.4097785949707,6.038601875305176
14.614739179611206,0.23999999463558197,0.4109421968460083,0.004999999888241291,0.4742649495601654,0.07479281723499298,0.026653962209820747,0.04087994992733002,-28.775232315063477,-42.98957824707031,6.042508125305176
14.634826421737671,0.23999999463558197,0.5491729378700256,0.004999999888241291,0.40235817432403564,0.004999999888241291,-0.011975208297371864,0.11152973771095276,-27.71771812438965,-42.124916076660156,6.050320625305176
14.654946327209473,0.23899999260902405,0.5235946178436279,0.004999999888241291,0.4220123887062073,0.010392948985099792,0.03660522773861885,-0.01231683325022459,-33.75788497924805,-34.78017807006836,6.054218769073486
14.67503571510315,0.23899999260902405,0.3775901198387146,0.004999999888241291,0.4991050064563751,0.07930484414100647,0.05339266359806061,-0.05562961474061012,-34.14671325683594,-35.75713348388672,6.058082103729248
14.695130348205566,0.23899999260902405,0.522392988204956,0.004999999888241291,0.43030786514282227,0.004999999888241291,-0.011707457713782787,0.08890581876039505,-28.457096099853516,-41.528221130371094,6.061976432800293
14.715996742248535,0.23899999260902405,0.5382115244865417,0.024876773357391357,0.38891172409057617,0.004999999888241291,0.0003613197186496109,0.04290936887264252,-32.87659454345703,-34.54046630859375,6.0697784423828125
14.736112356185913,0.23800000548362732,0.43194079399108887,0.004999999888241291,0.47632965445518494,0.043729573488235474,0.05124254152178764,-0.07051581889390945,-36.43276596069336,-31.105512619018555,6.0736846923828125
14.756192922592163,0.23800000548362732,0.4492889642715454,0.004999999888241291,0.4703613221645355,0.03234975039958954,-0.00995977409183979,0.05930735170841217,-30.704145431518555,-35.85740661621094,6.0775909423828125
14.776248931884766,0.23800000548362732,0.5196142196655273,0.006812572479248047,0.4255731701850891,0.004999999888241291,-0.00995977409183979,0.05930735170841217,-30.704145431518555,-35.85740661621094,6.0814971923828125
14.796330213546753,0.23800000548362732,0.4926239848136902,0.004999999888241291,0.4457380175590515,0.009638026356697083,0.025793252512812614,-0.02722538821399212,-34.635353088378906,-31.23396110534668,6.08938455581665
14.816423177719116,0.2370000034570694,0.43224525451660156,0.004999999888241291,0.4872896671295166,0.02846507728099823,0.03775458037853241,-0.05026867240667343,-34.41283416748047,-32.537357330322266,6.0933518409729
14.836520195007324,0.2370000034570694,0.4788355827331543,0.009419232606887817,0.4597451686859131,0.004999999888241291,-0.0033948891796171665,0.02173829823732376,-31.14759635925293,-35.37603759765625,6.09731912612915
14.85661768913269,0.2370000034570694,0.510040283203125,0.05377459526062012,0.3801850974559784,0.004999999888241291,-0.01173113938421011,0.023195063695311546,-32.69044876098633,-31.84669303894043,6.1012864112854
14.876710653305054,0.23600000143051147,0.43982934951782227,0.004999999888241291,0.5025835037231445,0.004999999888241291,0.027010124176740646,-0.07860268652439117,-36.84637451171875,-26.3857421875,6.109156131744385
14.896806478500366,0.23600000143051147,0.44150739908218384,0.021218538284301758,0.4812740683555603,0.004999999888241291,0.0004990131710655987,-0.024582790210843086,-32.380374908447266,-31.32805633544922,6.113034248352051
14.916911602020264,0.23600000143051147,0.48468929529190063,0.07089267671108246,0.3884180188179016,0.004999999888241291,-0.029934734106063843,0.01595236174762249,-32.124176025390625,-29.231769561767578,6.116824150085449
14.937014818191528,0.23600000143051147,0.454274445772171,0.03517882525920868,0.454546719789505,0.004999999888241291,0.004396709147840738,-0.0662839487195015,-35.8546142578125,-24.053823471069336,6.120500087738037
14.957116842269897,0.23600000143051147,0.44666722416877747,0.04119837284088135,0.4561344385147095,0.004999999888241291,0.003117942251265049,-0.06106550246477127,-34.08940124511719,-26.330446243286133,6.127380847930908
14.977221965789795,0.23600000143051147,0.47945719957351685,0.07062241435050964,0.3979203999042511,0.004999999888241291,-0.023149417713284492,-0.009092315100133419,-32.38843536376953,-26.8743896484375,6.130539894104004
14.997375249862671,0.2370000034570694,0.45212405920028687,0.05197097361087799,0.44390493631362915,0.004999999888241291,-0.0038219091948121786,-0.06361869722604752,-34.83523941040039,-23.641721725463867,6.133493900299072
15.017487525939941,0.2370000034570694,0.4514842629432678,0.06013202667236328,0.4363837242126465,0.004999999888241291,-0.01352984830737114,-0.04523426294326782,-33.19772720336914,-25.815319061279297,6.136229991912842
15.037582635879517,0.2370000034570694,0.4662633538246155,0.07186929881572723,0.413867324590683,0.004999999888241291,-0.02370014600455761,-0.028193248435854912,-33.49249267578125,-25.19884490966797,6.140985488891602
15.057731628417969,0.23899999260902405,0.46222180128097534,0.06203606724739075,0.4317420721054077,0.004999999888241291,-0.014272361062467098,-0.05017777532339096,-34.25716781616211,-24.871774673461914,6.142979145050049
15.077820301055908,0.23899999260902405,0.4613370895385742,0.058531150221824646,0.4401317238807678,0.004999999888241291,-0.014272361062467098,-0.05017777532339096,-34.25716781616211,-24.871774673461914,6.144721031188965
15.097902059555054,0.23999999463558197,0.4715481400489807,0.06298461556434631,0.42946723103523254,0.004999999888241291,-0.015617148019373417,-0.0357138067483902,-34.16318130493164,-25.564260482788086,6.146219730377197
15.117982864379883,0.2409999966621399,0.4709004759788513,0.06476104259490967,0.4323384761810303,0.004999999888241291,-0.016953684389591217,-0.04500230774283409,-34.29179763793945,-24.89046287536621,6.148579120635986
15.138072729110718,0.24199999868869781,0.46656954288482666,0.05537937581539154,0.45005112886428833,0.004999999888241291,-0.009696189314126968,-0.055525220930576324,-34.700592041015625,-24.914409637451172,6.149475574493408
15.158178329467773,0.24300000071525574,0.4719984531402588,0.06536094844341278,0.43464064598083496,0.004999999888241291,-0.01636001095175743,-0.03723710775375366,-33.96613311767578,-25.958362579345703,6.150208950042725
15.1783127784729,0.24300000071525574,0.4801179766654968,0.06520496308803558,0.43067705631256104,0.004999999888241291,-0.018266351893544197,-0.03815225139260292,-34.242008209228516,-25.178226470947266,6.150794982910156
15.198401927947998,0.24400000274181366,0.4801179766654968,0.06520496308803558,0.43067705631256104,0.004999999888241291,-0.011628147214651108,-0.05329854041337967,-34.846458435058594,-24.608562469482422,6.15155029296875
15.218496084213257,0.24500000476837158,0.47444474697113037,0.05912746489048004,0.4464278221130371,0.004999999888241291,-0.012116055935621262,-0.0505293644964695,-34.54524612426758,-25.276344299316406,6.151748180389404
15.238587856292725,0.24500000476837158,0.4669463634490967,0.05451793968677521,0.45853573083877563,0.004999999888241291,-0.021740971133112907,-0.03321811929345131,-33.8592414855957,-25.69200325012207,6.151838302612305
15.258680820465088,0.24500000476837158,0.4770171046257019,0.06767666339874268,0.43530625104904175,0.004999999888241291,-0.014676894061267376,-0.05011414736509323,-34.773536682128906,-24.759048461914062,6.151822090148926
15.278785467147827,0.2460000067949295,0.48132550716400146,0.06441918015480042,0.43825531005859375,0.004999999888241291,-0.011449492536485195,-0.051696695387363434,-34.840675354003906,-25.198896408081055,6.151487827301025
15.298902750015259,0.2460000067949295,0.4733782410621643,0.053761839866638184,0.4568599760532379,0.004999999888241291,-0.016733745113015175,-0.03554476052522659,-34.26329803466797,-26.195655822753906,6.151195526123047
15.318979501724243,0.24699999392032623,0.4809112548828125,0.0645730048418045,0.4425157308578491,0.004999999888241291,-0.017414236441254616,-0.04129914939403534,-34.48579025268555,-25.49265480041504,6.150822162628174
15.339077472686768,0.24699999392032623,0.48424232006073,0.060680732131004333,0.4430769681930542,0.004999999888241291,-0.011748800054192543,-0.04720475152134895,-34.79288864135742,-25.568546295166016,6.150390148162842
15.359408378601074,0.24699999392032623,0.47869718074798584,0.055106550455093384,0.4541962444782257,0.004999999888241291,-0.012379909865558147,-0.0487222857773304,-34.54713821411133,-25.740474700927734,6.149357318878174
15.379557609558105,0.24699999392032623,0.4753686189651489,0.056412532925605774,0.4562188386917114,0.004999999888241291,-0.0174193624407053,-0.03301738575100899,-34.173641204833984,-26.167438507080078,6.148759365081787
15.399656534194946,0.24799999594688416,0.48152637481689453,0.06438449025154114,0.44608908891677856,0.004999999888241291,-0.01744244247674942,-0.03745562210679054,-34.3739128112793,-25.597742080688477,6.148110866546631
15.419750690460205,0.24799999594688416,0.4764145016670227,0.056374192237854004,0.4592112898826599,0.004999999888241291,-0.010730849578976631,-0.05146913602948189,-34.895111083984375,-25.151094436645508,6.147434711456299
15.439842462539673,0.24799999594688416,0.4764145016670227,0.056374192237854004,0.4592112898826599,0.004999999888241291,-0.01760227233171463,-0.03856541961431503,-34.12178039550781,-25.912940979003906,6.145933628082275
15.459951400756836,0.24799999594688416,0.4786278009414673,0.057094961404800415,0.4562772214412689,0.004999999888241291,-0.01807025633752346,-0.0387091264128685,-34.34733963012695,-25.601917266845703,6.145130634307861
15.48019814491272,0.24899999797344208,0.481009840965271,0.060332611203193665,0.45465755462646484,0.004999999888241291,-0.012851237319409847,-0.05105096474289894,-34.77580261230469,-25.223176956176758,6.144276142120361
15.50029993057251,0.24899999797344208,0.481009840965271,0.060332611203193665,0.45465755462646484,0.004999999888241291,-0.014574546366930008,-0.04878602921962738,-34.542484283447266,-25.509784698486328,6.143394947052002
15.520395040512085,0.24899999797344208,0.4815645217895508,0.0560162216424942,0.45841920375823975,0.004999999888241291,-0.015896325930953026,-0.04260820895433426,-34.43734359741211,-25.958538055419922,6.141551971435547
15.540481328964233,0.24899999797344208,0.4859056770801544,0.06582123041152954,0.44427305459976196,0.004999999888241291,-0.017120735719799995,-0.035688918083906174,-34.37089920043945,-26.1441707611084,6.140575408935547
15.560562372207642,0.24899999797344208,0.4859056770801544,0.06582123041152954,0.44427305459976196,0.004999999888241291,-0.013258908875286579,-0.050089385360479355,-34.757877349853516,-25.6122989654541,6.139598846435547
15.580642223358154,0.24899999797344208,0.4834897220134735,0.056963130831718445,0.45954716205596924,0.004999999888241291,-0.008825154975056648,-0.04650544002652168,-34.908668518066406,-25.87657356262207,6.138622283935547
15.600721597671509,0.25,0.4834897220134735,0.056963130831718445,0.45954716205596924,0.004999999888241291,-0.014945910312235355,-0.04225864261388779,-34.39645767211914,-26.07638168334961,6.136669158935547
15.620805025100708,0.25,0.484622061252594,0.06300252676010132,0.4523754119873047,0.004999999888241291,-0.016025541350245476,-0.042835112661123276,-34.45793533325195,-25.872621536254883,6.135692596435547
15.640894174575806,0.25,0.4811461567878723,0.056395694613456726,0.46245813369750977,0.004999999888241291,-0.014713512733578682,-0.04581177979707718,-34.5660400390625,-25.719804763793945,6.134685516357422
15.661016941070557,0.25,0.4859578609466553,0.06285363435745239,0.45118850469589233,0.004999999888241291,-0.017646756023168564,-0.04133016616106033,-34.35608673095703,-25.968460083007812,6.133647918701172
15.681101083755493,0.25,0.4894252419471741,0.06694239377975464,0.4436323642730713,0.004999999888241291,-0.01798136532306671,-0.03588993102312088,-34.55459976196289,-25.800899505615234,6.131572723388672
15.701183557510376,0.25,0.4813777804374695,0.05354319512844086,0.46507906913757324,0.004999999888241291,-0.011925578117370605,-0.056223805993795395,-34.93461990356445,-25.189842224121094,6.130535125732422
15.721266984939575,0.25,0.4831582307815552,0.05797645449638367,0.45886531472206116,0.004999999888241291,-0.01274825632572174,-0.04339227080345154,-34.59084701538086,-26.052562713623047,6.129497528076172
15.741350173950195,0.25,0.4884774684906006,0.06261464953422546,0.44890788197517395,0.004999999888241291,-0.018237482756376266,-0.03654097020626068,-34.30131530761719,-26.122577667236328,6.128518581390381
15.761434316635132,0.25,0.4856080710887909,0.05688329041004181,0.4575086236000061,0.004999999888241291,-0.011843669228255749,-0.052194688469171524,-34.8327751159668,-25.554292678833008,6.126565456390381
15.781519174575806,0.25,0.48501282930374146,0.05833132565021515,0.4566558003425598,0.004999999888241291,-0.01391940750181675,-0.03887401148676872,-34.51270294189453,-26.253822326660156,6.125588893890381
15.801601648330688,0.25,0.4822181463241577,0.06181669235229492,0.45596516132354736,0.004999999888241291,-0.015892554074525833,-0.04364806413650513,-34.40679931640625,-25.9188232421875,6.124612331390381
15.821703672409058,0.25,0.48245155811309814,0.05950756371021271,0.45804086327552795,0.004999999888241291,-0.015166036784648895,-0.04002763703465462,-34.4569091796875,-25.915437698364258,6.123635768890381
15.841781616210938,0.25,0.48169800639152527,0.06321881711483002,0.4550831615924835,0.004999999888241291,-0.01848500967025757,-0.042390815913677216,-34.31663131713867,-25.661903381347656,6.121682643890381
15.861863374710083,0.25,0.48453259468078613,0.05889099836349487,0.456576406955719,0.004999999888241291,-0.018657831475138664,-0.04150791093707085,-34.33271789550781,-25.660442352294922,6.120706081390381
15.881953477859497,0.25,0.48684754967689514,0.06236879527568817,0.4547835886478424,0.004999999888241291,-0.013987171463668346,-0.04546959698200226,-34.72296905517578,-25.577266693115234,6.119729518890381
15.902052164077759,0.25099998712539673,0.4864451587200165,0.05979710817337036,0.45775771141052246,0.004999999888241291,-0.014901111833751202,-0.044371217489242554,-34.5838737487793,-25.774980545043945,6.117776393890381
15.922141075134277,0.25099998712539673,0.48771315813064575,0.06040926277637482,0.45587754249572754,0.004999999888241291,-0.012700759805738926,-0.0420382022857666,-34.68363571166992,-26.04743194580078,6.116799831390381
15.942220449447632,0.25099998712539673,0.48736318945884705,0.057229071855545044,0.4594076871871948,0.004999999888241291,-0.014267436228692532,-0.045150820165872574,-34.58415222167969,-26.023588180541992,6.115823268890381
15.962302207946777,0.25099998712539673,0.48781096935272217,0.06343068182468414,0.4527583122253418,0.004999999888241291,-0.016097716987133026,-0.03772323206067085,-34.4580078125,-26.24894142150879,6.114889621734619
15.982399463653564,0.25099998712539673,0.48955249786376953,0.057358622550964355,0.457088828086853,0.004999999888241291,-0.01269675511866808,-0.042916473001241684,-34.66960525512695,-26.07855224609375,6.113090515136719
16.002487897872925,0.25099998712539673,0.48525309562683105,0.05773848295211792,0.46100836992263794,0.004999999888241291,-0.013773254118859768,-0.04691822826862335,-34.57159423828125,-26.014341354370117,6.112236022949219
16.022576332092285,0.25099998712539673,0.4891642928123474,0.06132613122463226,0.45350950956344604,0.004999999888241291,-0.016951914876699448,-0.03650955483317375,-34.41032791137695,-26.23398208618164,6.111399173736572
16.042658805847168,0.25099998712539673,0.4850940406322479,0.06089317798614502,0.45401278138160706,0.004999999888241291,-0.016280917450785637,-0.045272111892700195,-34.61398696899414,-25.635845184326172,6.110605716705322
16.06273603439331,0.25,0.481925368309021,0.06192748248577118,0.45614713430404663,0.004999999888241291,-0.01463334821164608,-0.04865122586488724,-34.57123947143555,-25.74654769897461,6.109812259674072
16.082812309265137,0.25,0.48754334449768066,0.06409850716590881,0.44835811853408813,0.004999999888241291,-0.018453869968652725,-0.040748801082372665,-34.457115173339844,-25.75531768798828,6.108225345611572
16.102895259857178,0.25,0.4840075373649597,0.06118299067020416,0.45880940556526184,0.004999999888241291,-0.014300881884992123,-0.047308020293712616,-34.78632354736328,-25.600065231323242,6.107431888580322
16.122952222824097,0.25099998712539673,0.48515093326568604,0.05707317590713501,0.46177589893341064,0.004999999888241291,-0.01468341238796711,-0.043853335082530975,-34.59696960449219,-25.99957847595215,6.106638431549072
16.143040657043457,0.25099998712539673,0.48727893829345703,0.06306236982345581,0.4536586403846741,0.004999999888241291,-0.015565158799290657,-0.039255402982234955,-34.49217224121094,-26.259843826293945,6.105844974517822
16.163127899169922,0.25099998712539673,0.4905471205711365,0.06116463243961334,0.4522881805896759,0.004999999888241291,-0.015916822478175163,-0.03866930305957794,-34.506187438964844,-26.26728630065918,6.104343414306641
16.18321418762207,0.25099998712539673,0.4889293909072876,0.05626732110977173,0.4588032364845276,0.004999999888241291,-0.011054608039557934,-0.04697335138916969,-34.84452819824219,-25.836956024169922,6.103638648986816
16.203295469284058,0.25099998712539673,0.48415282368659973,0.057343095541000366,0.4585040211677551,0.004999999888241291,-0.011048349551856518,-0.04741837456822395,-34.60857009887695,-26.08765411376953,6.102967262268066
16.22338080406189,0.25,0.48356252908706665,0.06016214191913605,0.4562753438949585,0.004999999888241291,-0.01543098408728838,-0.036967381834983826,-34.40293502807617,-26.21977424621582,6.101716041564941
16.243461847305298,0.25,0.4840119779109955,0.05826695263385773,0.4577210545539856,0.004999999888241291,-0.013626402243971825,-0.04254736006259918,-34.612388610839844,-25.854019165039062,6.101105690002441
16.26353883743286,0.25,0.48235559463500977,0.058643877506256104,0.45900052785873413,0.004999999888241291,-0.017248064279556274,-0.04715642333030701,-34.373619079589844,-25.5259952545166,6.100495338439941
16.283613920211792,0.25,0.48433130979537964,0.0654064267873764,0.45026224851608276,0.004999999888241291,-0.01783333532512188,-0.044260941445827484,-34.451045989990234,-25.55679702758789,6.099884986877441
16.303704500198364,0.25,0.48579972982406616,0.06219671666622162,0.452003538608551,0.004999999888241291,-0.018496520817279816,-0.041716765612363815,-34.48701477050781,-25.617124557495117,6.099236965179443
16.323790788650513,0.25,0.48632752895355225,0.05934566259384155,0.4583267271518707,0.004999999888241291,-0.015174010768532753,-0.04706250876188278,-34.6583251953125,-25.642913818359375,6.097894191741943
16.343875885009766,0.25099998712539673,0.4863256812095642,0.0552574098110199,0.4624168872833252,0.004999999888241291,-0.015183226205408573,-0.041843194514513016,-34.545005798339844,-26.10887908935547,6.097222805023193
16.364002227783203,0.25099998712539673,0.48969706892967224,0.06264549493789673,0.45165738463401794,0.004999999888241291,-0.014932089485228062,-0.03807748481631279,-34.402366638183594,-26.47176170349121,6.096577167510986
16.38411855697632,0.25099998712539673,0.4891470968723297,0.05888913571834564,0.45596373081207275,0.004999999888241291,-0.012966484762728214,-0.03772422671318054,-34.67452621459961,-26.302026748657227,6.095383167266846
16.4042227268219,0.25099998712539673,0.483893483877182,0.05683964490890503,0.46326684951782227,0.004999999888241291,-0.008986926637589931,-0.0509357824921608,-34.95891571044922,-25.86186981201172,6.094833850860596
16.424315214157104,0.25099998712539673,0.48634064197540283,0.05981375277042389,0.4578455984592438,0.004999999888241291,-0.016143646091222763,-0.03805078566074371,-34.236690521240234,-26.47751808166504,6.094332218170166
16.444398403167725,0.25,0.4874272346496582,0.06642808020114899,0.446144700050354,0.004999999888241291,-0.019937055185437202,-0.035472504794597626,-34.20304870605469,-26.107385635375977,6.093843936920166
16.464481592178345,0.25,0.4833376407623291,0.06342959403991699,0.4532327651977539,0.004999999888241291,-0.012908795848488808,-0.04889363422989845,-34.847259521484375,-25.361549377441406,6.092954635620117
16.484566688537598,0.25,0.4832931458950043,0.060610607266426086,0.45609626173973083,0.004999999888241291,-0.015749521553516388,-0.046543631702661514,-34.56414794921875,-25.592634201049805,6.0924835205078125
16.50466012954712,0.25,0.48518919944763184,0.06736689805984497,0.4474439024925232,0.004999999888241291,-0.015422534197568893,-0.05155084282159805,-34.72087097167969,-25.24350357055664,6.0919952392578125
16.524762392044067,0.25,0.48546141386032104,0.0609501451253891,0.45358845591545105,0.004999999888241291,-0.015422534197568893,-0.05155084282159805,-34.72087097167969,-25.24350357055664,6.0915069580078125
16.544880151748657,0.25,0.48203131556510925,0.05351996421813965,0.4644487500190735,0.004999999888241291,-0.012179096229374409,-0.04679908975958824,-34.79242706298828,-25.872352600097656,6.0905303955078125
16.564987421035767,0.25,0.4867677092552185,0.060731083154678345,0.45250123739242554,0.004999999888241291,-0.014858238399028778,-0.03506825119256973,-34.444881439208984,-26.53382682800293,6.0900421142578125
16.585071086883545,0.25,0.4878076910972595,0.058880582451820374,0.4533117413520813,0.004999999888241291,-0.013958298601210117,-0.044726546853780746,-34.46015167236328,-26.14612579345703,6.089562892913818
16.605160236358643,0.25,0.48355168104171753,0.05718183517456055,0.4592665135860443,0.004999999888241291,-0.013958298601210117,-0.044726546853780746,-34.46015167236328,-26.14612579345703,6.089135646820068
16.62525701522827,0.25,0.48336905241012573,0.05905328691005707,0.4575777053833008,0.004999999888241291,-0.013934246264398098,-0.04446308687329292,-34.4229621887207,-26.17872428894043,6.088281154632568
16.645351886749268,0.25,0.48591136932373047,0.06007334589958191,0.4540152847766876,0.004999999888241291,-0.016670044511556625,-0.0366918221116066,-34.36106872558594,-26.189762115478516,6.087853908538818
16.665430068969727,0.25,0.48609423637390137,0.0631609559059143,0.4507448375225067,0.004999999888241291,-0.016964059323072433,-0.04545782506465912,-34.51333236694336,-25.53724479675293,6.087426662445068
16.685519456863403,0.25,0.4853207468986511,0.05989430844783783,0.45478492975234985,0.004999999888241291,-0.016233032569289207,-0.04680484160780907,-34.5947380065918,-25.411102294921875,6.086999416351318
16.705607891082764,0.25,0.48615097999572754,0.06360529363155365,0.45424365997314453,0.004999999888241291,-0.01747726835310459,-0.04711907356977463,-34.497779846191406,-25.495052337646484,6.0861101150512695
16.725703477859497,0.25099998712539673,0.4874979853630066,0.06354598701000214,0.452955961227417,0.004999999888241291,-0.01793607510626316,-0.042806290090084076,-34.5782356262207,-25.647340774536133,6.0856218338012695
16.745795488357544,0.25099998712539673,0.48459550738334656,0.06197553873062134,0.4574289321899414,0.004999999888241291,-0.013196835294365883,-0.051125429570674896,-34.85799026489258,-25.534154891967773,6.0851335525512695
16.76589012145996,0.25099998712539673,0.48696109652519226,0.05139744281768799,0.46564140915870667,0.004999999888241291,-0.013740617781877518,-0.04565788805484772,-34.601436614990234,-26.066476821899414,6.084690093994141
16.785948753356934,0.25099998712539673,0.49065208435058594,0.05203062295913696,0.46131718158721924,0.004999999888241291,-0.015986761078238487,-0.037976693361997604,-34.443912506103516,-26.524675369262695,6.0838518142700195
16.806052923202515,0.25099998712539673,0.49057698249816895,0.0603400319814682,0.4530829191207886,0.004999999888241291,-0.014408818446099758,-0.03920995444059372,-34.52638626098633,-26.34650230407715,6.0834856033325195
16.826160430908203,0.25099998712539673,0.48785850405693054,0.05868791043758392,0.45745348930358887,0.004999999888241291,-0.012957602739334106,-0.04766252264380455,-34.638404846191406,-25.899982452392578,6.083147048950195
16.846251726150513,0.25099998712539673,0.48608148097991943,0.05702503025531769,0.4568935036659241,0.004999999888241291,-0.01239703968167305,-0.042384352535009384,-34.66646957397461,-25.984233856201172,6.082841873168945
16.866337776184082,0.25,0.48437756299972534,0.06249631941318512,0.45312610268592834,0.004999999888241291,-0.01549295149743557,-0.0453706756234169,-34.51772689819336,-25.749361038208008,6.082260608673096
16.886447429656982,0.25,0.4856489896774292,0.05824345350265503,0.45610755681991577,0.004999999888241291,-0.015239249914884567,-0.04223795235157013,-34.59272384643555,-25.625879287719727,6.081955432891846
16.9065580368042,0.25,0.48244553804397583,0.060737013816833496,0.45681747794151306,0.004999999888241291,-0.01314934715628624,-0.046135224401950836,-34.791900634765625,-25.55872344970703,6.081650257110596
16.92665672302246,0.25,0.4850965142250061,0.06596726179122925,0.44893622398376465,0.004999999888241291,-0.016936102882027626,-0.043140120804309845,-34.57639694213867,-25.54478645324707,6.081345081329346
16.946749448776245,0.25,0.48460400104522705,0.05893443524837494,0.4564615488052368,0.004999999888241291,-0.018214665353298187,-0.04505111649632454,-34.59550476074219,-25.437076568603516,6.080734729766846
16.96683669090271,0.25,0.4852796792984009,0.056707412004470825,0.4580129384994507,0.004999999888241291,-0.014315137639641762,-0.0459011010825634,-34.56797790527344,-25.857290267944336,6.080429553985596
16.986917972564697,0.25,0.4860532283782959,0.05542546510696411,0.4585212767124176,0.004999999888241291,-0.013379296287894249,-0.03684599697589874,-34.543052673339844,-26.560922622680664,6.080124378204346
17.007030487060547,0.25,0.4896318018436432,0.05578428506851196,0.45858386158943176,0.004999999888241291,-0.013379296287894249,-0.03684599697589874,-34.543052673339844,-26.560922622680664,6.079819202423096
17.027128219604492,0.25,0.4858831763267517,0.05713619291782379,0.4569806456565857,0.004999999888241291,-0.01298102643340826,-0.04202166572213173,-34.54616165161133,-26.143362045288086,6.079208850860596
17.047221660614014,0.25,0.4846038222312927,0.05898687243461609,0.4564093351364136,0.004999999888241291,-0.01298102643340826,-0.04202166572213173,-34.54616165161133,-26.143362045288086,6.078912734985352
17.067313194274902,0.25,0.48237666487693787,0.062126025557518005,0.4554973244667053,0.004999999888241291,-0.01210831105709076,-0.04382597655057907,-34.70051956176758,-25.913053512573242,6.078668594360352
17.08741044998169,0.25,0.482806533575058,0.061323344707489014,0.4558700919151306,0.004999999888241291,-0.01634206622838974,-0.042900651693344116,-34.41827392578125,-25.774127960205078,6.078424453735352
17.107515811920166,0.25,0.4831877648830414,0.06695462763309479,0.449857622385025,0.004999999888241291,-0.01835627108812332,-0.0425577387213707,-34.44253921508789,-25.5349063873291,6.077851295471191
17.127859592437744,0.25,0.4836084246635437,0.06014537811279297,0.45624619722366333,0.004999999888241291,-0.013916880823671818,-0.0440213568508625,-34.755191802978516,-25.733327865600586,6.077546119689941
17.14795994758606,0.25099998712539673,0.4881250262260437,0.05912066996097565,0.45675426721572876,0.004999999888241291,-0.016467023640871048,-0.042765501886606216,-34.55266571044922,-25.914810180664062,6.077240943908691
17.168055057525635,0.25099998712539673,0.4873577356338501,0.057079583406448364,0.45956265926361084,0.004999999888241291,-0.016448291018605232,-0.046533484011888504,-34.45960998535156,-25.95575523376465,6.076935768127441
17.188141345977783,0.25099998712539673,0.4890952408313751,0.059977710247039795,0.4549270272254944,0.004999999888241291,-0.016448291018605232,-0.046533484011888504,-34.45960998535156,-25.95575523376465,6.076325416564941
17.208237886428833,0.25099998712539673,0.48789143562316895,0.058097466826438904,0.45801103115081787,0.004999999888241291,-0.011690909042954445,-0.04534482583403587,-34.6807861328125,-26.154556274414062,6.076069355010986
17.22832489013672,0.25099998712539673,0.4861856698989868,0.058875977993011475,0.458938330411911,0.004999999888241291,-0.011690909042954445,-0.04534482583403587,-34.6807861328125,-26.154556274414062,6.075825214385986
17.248417377471924,0.25099998712539673,0.484112411737442,0.05635190010070801,0.45953568816185,0.004999999888241291,-0.012946434319019318,-0.04189399257302284,-34.493656158447266,-26.25018310546875,6.075624942779541
17.26851463317871,0.25,0.48680394887924194,0.05754545331001282,0.45565056800842285,0.004999999888241291,-0.015196757391095161,-0.03934613987803459,-34.45151901245117,-26.063302993774414,6.075258731842041
17.288646936416626,0.25,0.4793758690357208,0.05962906777858734,0.46099501848220825,0.004999999888241291,-0.02046363055706024,-0.044168148189783096,-34.16505813598633,-25.70348358154297,6.075075626373291
17.3087375164032,0.25,0.4833519756793976,0.06470942497253418,0.45193859934806824,0.004999999888241291,-0.02046363055706024,-0.044168148189783096,-34.16505813598633,-25.70348358154297,6.074892520904541
17.328850507736206,0.25,0.4859311580657959,0.06157480180263519,0.4524940252304077,0.004999999888241291,-0.016317998990416527,-0.0455554835498333,-34.73310852050781,-25.25037384033203,6.074526309967041
17.3489830493927,0.25,0.4837383031845093,0.062261611223220825,0.4540000855922699,0.004999999888241291,-0.015689881518483162,-0.04187355935573578,-34.47734832763672,-26.094484329223633,6.074343204498291
17.369094133377075,0.25,0.4841079115867615,0.05973018705844879,0.45616188645362854,0.004999999888241291,-0.015689881518483162,-0.04187355935573578,-34.47734832763672,-26.094484329223633,6.074160099029541
17.389190673828125,0.25,0.4904576539993286,0.056562721729278564,0.4529796540737152,0.004999999888241291,-0.015433802269399166,-0.03341130167245865,-34.55155563354492,-26.419158935546875,6.073976993560791
17.40930461883545,0.25,0.484923392534256,0.05607640743255615,0.45900022983551025,0.004999999888241291,-0.011542795225977898,-0.04698623716831207,-34.79906463623047,-25.9975643157959,6.073793888092041
17.429396390914917,0.25,0.48157307505607605,0.05378332734107971,0.46464359760284424,0.004999999888241291,-0.00971962045878172,-0.04761900380253792,-34.67149353027344,-26.188861846923828,6.073427677154541
17.449484825134277,0.25,0.49013468623161316,0.06300821900367737,0.4468570947647095,0.004999999888241291,-0.016971614211797714,-0.033749617636203766,-34.150856018066406,-26.579391479492188,6.073244571685791
17.46956777572632,0.25,0.48755013942718506,0.06197096407413483,0.4504788815975189,0.004999999888241291,-0.010980036109685898,-0.045061588287353516,-34.97256851196289,-25.57583999633789,6.073108673095703
17.48965072631836,0.25,0.4808584153652191,0.05608159303665161,0.4630599617958069,0.004999999888241291,-0.00797886960208416,-0.054795198142528534,-35.176448822021484,-25.2840576171875,6.072986602783203
17.50973105430603,0.25,0.4841831922531128,0.061449289321899414,0.4543675184249878,0.004999999888241291,-0.01975148729979992,-0.04217679798603058,-34.33207321166992,-25.65814208984375,6.072742462158203
17.529817581176758,0.25,0.4860612154006958,0.06561420857906342,0.4483245611190796,0.004999999888241291,-0.015219077467918396,-0.041777100414037704,-34.86051940917969,-25.357358932495117,6.072611331939697
17.549901008605957,0.25,0.48289602994918823,0.05905051529407501,0.45805346965789795,0.004999999888241291,-0.013309814967215061,-0.045036327093839645,-34.85378646850586,-25.526161193847656,6.072428226470947
17.56996250152588,0.25,0.4825253486633301,0.059963375329971313,0.4575112462043762,0.004999999888241291,-0.016270115971565247,-0.04718516767024994,-34.57740020751953,-25.769550323486328,6.072245121002197
17.590062618255615,0.25,0.488700270652771,0.057236284017562866,0.4540634751319885,0.004999999888241291,-0.01600656658411026,-0.037633076310157776,-34.529205322265625,-26.289461135864258,6.071878910064697
17.610148906707764,0.25,0.4882521629333496,0.05622527003288269,0.4555225968360901,0.004999999888241291,-0.013542091473937035,-0.043195564299821854,-34.7072639465332,-26.12989044189453,6.071695804595947
17.630234479904175,0.25,0.48689115047454834,0.05815809965133667,0.454950749874115,0.004999999888241291,-0.011484322138130665,-0.048065733164548874,-34.726348876953125,-26.06754493713379,6.071512699127197
17.650330781936646,0.25,0.4828016757965088,0.055160850286483765,0.46203744411468506,0.004999999888241291,-0.008318145759403706,-0.04841487109661102,-34.89019012451172,-26.147647857666016,6.071341037750244
17.67043423652649,0.25,0.4879382848739624,0.06294749677181244,0.44911420345306396,0.004999999888241291,-0.01639757677912712,-0.039700523018836975,-34.305931091308594,-26.173748016357422,6.071096897125244
17.690528869628906,0.25,0.4841587543487549,0.06710967421531677,0.44873154163360596,0.004999999888241291,-0.016724364832043648,-0.04563699662685394,-34.53813934326172,-25.383899688720703,6.070974826812744
17.710625648498535,0.25,0.4809427857398987,0.059172630310058594,0.4598845839500427,0.004999999888241291,-0.012385087087750435,-0.05267681926488876,-34.84254455566406,-25.140932083129883,6.070852756500244
17.730721712112427,0.25,0.4833146333694458,0.06498211622238159,0.4517032206058502,0.004999999888241291,-0.018666120246052742,-0.04356175288558006,-34.401981353759766,-25.57304573059082,6.070730686187744
17.75081467628479,0.25,0.48867714405059814,0.05973204970359802,0.45159077644348145,0.004999999888241291,-0.017764737829566002,-0.04297573119401932,-34.634918212890625,-25.4089298248291,6.070413112640381
17.770912885665894,0.25,0.4840947985649109,0.05741719901561737,0.45848801732063293,0.004999999888241291,-0.012724044732749462,-0.05541418865323067,-34.86448287963867,-25.302196502685547,6.070230007171631
17.79102659225464,0.25,0.48521649837493896,0.059910789132118225,0.454872727394104,0.004999999888241291,-0.015262344852089882,-0.04038306325674057,-34.466922760009766,-26.211788177490234,6.070046901702881
17.81112241744995,0.25,0.49106085300445557,0.054728537797927856,0.4582105875015259,0.004999999888241291,-0.014873271808028221,-0.039491817355155945,-34.47539138793945,-26.247777938842773,6.069863796234131
17.83120822906494,0.25099998712539673,0.4890899062156677,0.061021506786346436,0.45388853549957275,0.004999999888241291,-0.011158101260662079,-0.041103437542915344,-34.7250862121582,-26.295570373535156,6.069540500640869
17.85128879547119,0.25099998712539673,0.48612284660339355,0.055671438574790955,0.4622056484222412,0.004999999888241291,-0.011664517223834991,-0.04854251816868782,-34.67967987060547,-26.04074478149414,6.069418430328369
17.871431350708008,0.25099998712539673,0.48572397232055664,0.06078512966632843,0.45349088311195374,0.004999999888241291,-0.01660241186618805,-0.04263485223054886,-34.29404830932617,-26.084091186523438,6.069335460662842
17.89159345626831,0.25,0.48572397232055664,0.06078512966632843,0.45349088311195374,0.004999999888241291,-0.01806979812681675,-0.044246695935726166,-34.39673614501953,-25.59361457824707,6.069274425506592
17.911697149276733,0.25,0.48322829604148865,0.05932310223579407,0.45744866132736206,0.004999999888241291,-0.014128624461591244,-0.04670726880431175,-34.7359733581543,-25.45486831665039,6.069152355194092
17.931776523590088,0.25,0.4826759099960327,0.0620199590921402,0.4553041160106659,0.004999999888241291,-0.016374945640563965,-0.04325446859002113,-34.634674072265625,-25.613115310668945,6.069091320037842
17.951857805252075,0.25,0.4826759099960327,0.0620199590921402,0.4553041160106659,0.004999999888241291,-0.017485620453953743,-0.042687226086854935,-34.5888671875,-25.656797409057617,6.069029331207275
17.97195529937744,0.25,0.4827061891555786,0.06342454254627228,0.4538692831993103,0.004999999888241291,-0.01495770737528801,-0.0433165468275547,-34.820281982421875,-25.785554885864258,6.068907260894775
17.992042064666748,0.25,0.4827061891555786,0.06342454254627228,0.4538692831993103,0.004999999888241291,-0.016620641574263573,-0.04129547253251076,-34.561195373535156,-26.063459396362305,6.068663120269775
