freq,t,u,omega_radps
0.5,4.76837158203125e-06,-0.423369824886322,1.2706658840179443
0.5,0.008130073547363281,-0.423369824886322,1.2706658840179443
0.5,0.01627039909362793,0.5804746150970459,-0.9298985600471497
0.5,0.02437877655029297,0.5804746150970459,0.5196976661682129
0.5,0.03249025344848633,0.5804746150970459,0.5196976661682129
0.5,0.040630340576171875,-0.5927740335464478,-0.11627362668514252
0.5,0.04877519607543945,-0.5927740335464478,-0.11627362668514252
0.5,0.056906938552856445,0.742957592010498,-0.11627362668514252
0.5,0.06501173973083496,0.742957592010498,0.06350713968276978
0.5,0.07317185401916504,0.742957592010498,-0.1791103482246399
0.5,0.08135628700256348,-0.6796395778656006,-0.1791103482246399
0.5,0.08949041366577148,-0.6796395778656006,0.12670093774795532
0.5,0.09766745567321777,0.020129859447479248,0.12670093774795532
0.5,0.10583639144897461,0.020129859447479248,0.10442278534173965
0.5,0.11395573616027832,0.020129859447479248,0.10442278534173965
0.5,0.1220700740814209,0.3127593994140625,-0.3553248941898346
0.5,0.13017725944519043,0.3127593994140625,-0.3553248941898346
0.5,0.13831329345703125,-0.48273327946662903,0.5877265930175781
0.5,0.1464846134185791,-0.48273327946662903,0.5877265930175781
0.5,0.1546320915222168,0.661656379699707,-0.46498140692710876
0.5,0.16276240348815918,0.661656379699707,-0.46498140692710876
0.5,0.17086267471313477,0.661656379699707,0.7119706869125366
0.5,0.17897820472717285,-0.8305091261863708,0.7119706869125366
0.5,0.18710947036743164,-0.8305091261863708,-0.6622784733772278
0.5,0.1952190399169922,0.33743467926979065,-0.6622784733772278
0.5,0.20333266258239746,0.33743467926979065,0.7485348582267761
0.5,0.21155238151550293,0.33743467926979065,0.7485348582267761
0.5,0.21966171264648438,0.11803105473518372,-0.6325560212135315
0.5,0.22777366638183594,0.11803105473518372,-0.6325560212135315
0.5,0.23589134216308594,-0.5730921626091003,0.8732485771179199
0.5,0.24401426315307617,-0.5730921626091003,0.8732485771179199
0.5,0.25213122367858887,-0.5730921626091003,-0.8419421911239624
0.5,0.26023387908935547,0.9171571135520935,-0.8419421911239624
0.5,0.26836180686950684,0.9171571135520935,1.0531177520751953
0.5,0.2765169143676758,-0.8259665369987488,1.0531177520751953
0.5,0.2846801280975342,-0.8259665369987488,-0.6786324977874756
0.5,0.2928466796875,-0.8259665369987488,-0.6786324977874756
0.5,0.30101919174194336,0.43159791827201843,1.092978835105896
0.5,0.30918312072753906,0.43159791827201843,1.092978835105896
0.5,0.31731152534484863,0.07707901298999786,-0.3759327530860901
0.5,0.3254382610321045,0.07707901298999786,-0.3759327530860901
0.5,0.33356666564941406,0.07707901298999786,0.9904162287712097
0.5,0.34169507026672363,-0.43489548563957214,0.9904162287712097
0.5,0.3498263359069824,-0.43489548563957214,-0.4578982889652252
0.5,0.3580009937286377,0.8137882351875305,-0.4578982889652252
0.5,0.3661835193634033,0.8137882351875305,1.0777404308319092
0.5,0.3743009567260742,0.8137882351875305,1.0777404308319092
0.5,0.38240790367126465,-0.5902010202407837,-0.32122257351875305
0.5,0.39052319526672363,-0.5902010202407837,-0.32122257351875305
0.5,0.3986837863922119,0.011998504400253296,1.1665781736373901
0.5,0.4068605899810791,0.011998504400253296,1.1665781736373901
0.5,0.41499876976013184,0.011998504400253296,-0.05599577724933624
0.5,0.42310357093811035,0.46539998054504395,-0.05599577724933624
0.5,0.43120503425598145,0.46539998054504395,1.1984343528747559
0.5,0.43932580947875977,-0.7720628976821899,1.1984343528747559
0.5,0.44746947288513184,-0.7720628976821899,-0.11529591679573059
0.5,0.4555940628051758,-0.7720628976821899,-0.11529591679573059
0.5,0.46370768547058105,0.8665370941162109,1.1196937561035156
0.5,0.47182297706604004,0.8665370941162109,1.1196937561035156
0.5,0.47994089126586914,-0.19582724571228027,0.19574503600597382
0.5,0.48807263374328613,-0.19582724571228027,0.19574503600597382
0.5,0.4961872100830078,-0.19582724571228027,0.8525397777557373
0.5,0.5042943954467773,-0.03035259246826172,0.8525397777557373
0.5,0.5124330520629883,-0.03035259246826172,0.5341978073120117
0.5,0.5205602645874023,0.4349687099456787,0.5341978073120117
0.5,0.5286738872528076,0.4349687099456787,0.5065978169441223
0.5,0.5367801189422607,-0.7715282440185547,0.5065978169441223
0.5,0.5448920726776123,-0.7715282440185547,0.9727374315261841
0.5,0.553032636642456,-0.7715282440185547,0.1613427847623825
0.5,0.5612211227416992,0.857345461845398,0.1613427847623825
0.5,0.5693933963775635,0.857345461845398,0.1613427847623825
0.5,0.5775003433227539,-0.8732244372367859,1.3456710577011108
0.5,0.5856015682220459,-0.8732244372367859,-0.3397388756275177
0.5,0.5936992168426514,-0.8732244372367859,-0.3397388756275177
0.5,0.6017944812774658,0.27099841833114624,1.6204017400741577
0.5,0.609891414642334,0.27099841833114624,1.6204017400741577
0.5,0.6180193424224854,-0.033211857080459595,1.6204017400741577
0.5,0.6261415481567383,-0.033211857080459595,-0.11692776530981064
0.5,0.6342666149139404,-0.033211857080459595,1.4702495336532593
0.5,0.6423890590667725,-0.5934107303619385,1.4702495336532593
0.5,0.6505014896392822,-0.5934107303619385,-0.5280674695968628
0.5,0.6586272716522217,0.7663505673408508,-0.5280674695968628
0.5,0.666754961013794,0.7663505673408508,1.3237025737762451
0.5,0.6748833656311035,0.7663505673408508,1.3237025737762451
0.5,0.6829986572265625,-0.8923975229263306,-0.3518935739994049
0.5,0.6911027431488037,-0.8923975229263306,-0.3518935739994049
0.5,0.6992137432098389,0.8795486688613892,0.9002353549003601
0.5,0.707341194152832,0.8795486688613892,0.9002353549003601
0.5,0.7154643535614014,0.8795486688613892,-0.04024151340126991
0.5,0.7236142158508301,-0.43702805042266846,-0.04024151340126991
0.5,0.7317492961883545,-0.43702805042266846,0.8016921877861023
0.5,0.7398710250854492,-0.3666854798793793,0.8016921877861023
0.5,0.748035192489624,-0.3666854798793793,-0.09049160033464432
0.5,0.7562079429626465,-0.3666854798793793,-0.09049160033464432
0.5,0.7643535137176514,0.6892237067222595,0.39514291286468506
0.5,0.77250075340271,0.6892237067222595,0.39514291286468506
0.5,0.7806305885314941,-0.9228326082229614,0.3489757478237152
0.5,0.7887592315673828,-0.9228326082229614,0.3489757478237152
0.5,0.796893835067749,-0.9228326082229614,0.1419745832681656
0.5,0.8050010204315186,0.7572798132896423,0.1419745832681656
0.5,0.8131494522094727,0.7572798132896423,0.23314687609672546
0.5,0.8213024139404297,-0.12567490339279175,0.23314687609672546
0.5,0.8294308185577393,-0.12567490339279175,0.032344087958335876
0.5,0.8375422954559326,-0.3084472417831421,0.032344087958335876
0.5,0.8456676006317139,-0.3084472417831421,0.4981551468372345
0.5,0.8538339138031006,-0.3084472417831421,0.4981551468372345
0.5,0.8619632720947266,0.6061015129089355,-0.3932066857814789
0.5,0.8700833320617676,0.6061015129089355,-0.3932066857814789
0.5,0.8782081604003906,-0.9314019083976746,0.7751502394676208
0.5,0.8863534927368164,-0.9314019083976746,0.7751502394676208
0.5,0.8944931030273438,-0.9314019083976746,-0.6326183676719666
0.5,0.9026119709014893,0.8026643991470337,-0.6326183676719666
0.5,0.9107372760772705,0.8026643991470337,0.5924390554428101
0.5,0.9189248085021973,0.008171707391738892,0.5924390554428101
0.5,0.9271132946014404,0.008171707391738892,-0.4280480146408081
0.5,0.9352326393127441,0.008171707391738892,-0.4280480146408081
0.5,0.9433465003967285,-0.5962172746658325,0.7031683325767517
0.5,0.9514732360839844,-0.5962172746658325,0.7031683325767517
0.5,0.9596226215362549,0.7833948731422424,-0.8968153595924377
0.5,0.9677832126617432,0.7833948731422424,-0.8968153595924377
0.5,0.9759013652801514,0.7833948731422424,1.0894912481307983
0.5,0.9839930534362793,-0.9975416660308838,1.0894912481307983
0.5,0.9920823574066162,-0.9975416660308838,-1.051571011543274
0.5,1.0001976490020752,0.9567685127258301,-1.051571011543274
0.5,1.0083160400390625,0.9567685127258301,0.9583587646484375
0.5,1.0164439678192139,0.9567685127258301,0.9583587646484375
0.5,1.0245568752288818,-0.533668577671051,-0.7571286559104919
0.5,1.0326552391052246,-0.533668577671051,-0.7571286559104919
0.5,1.040773868560791,-0.11171866953372955,0.7876997590065002
0.5,1.0488932132720947,-0.11171866953372955,0.7876997590065002
0.5,1.0570201873779297,0.34424537420272827,-0.5250931978225708
0.5,1.0651581287384033,0.34424537420272827,0.7715796232223511
0.5,1.07328462600708,0.34424537420272827,0.7715796232223511
0.5,1.081411600112915,-0.843307614326477,0.7715796232223511
0.5,1.0895678997039795,-0.843307614326477,-0.6772429943084717
0.5,1.0977146625518799,-0.843307614326477,-0.6772429943084717
0.5,1.105825424194336,0.9906979203224182,0.34188562631607056
0.5,1.113982915878296,0.9906979203224182,-0.009626690298318863
0.5,1.1221404075622559,-0.9338405132293701,-0.009626690298318863
0.5,1.1302857398986816,-0.9338405132293701,-0.009626690298318863
0.5,1.1384079456329346,-0.9338405132293701,-0.620345950126648
0.5,1.1465296745300293,0.4083681106567383,0.9636574983596802
0.5,1.1546523571014404,0.4083681106567383,0.9636574983596802
0.5,1.162761926651001,-0.2688331604003906,-1.4116466045379639
0.5,1.1708686351776123,-0.2688331604003906,-1.4116466045379639
0.5,1.1789989471435547,-0.2688331604003906,1.0481435060501099
0.5,1.1871168613433838,0.18275123834609985,1.0481435060501099
0.5,1.1952357292175293,0.18275123834609985,-1.0588537454605103
0.5,1.2033650875091553,0.05632081627845764,-1.0588537454605103
0.5,1.2114899158477783,0.05632081627845764,0.2592574656009674
0.5,1.2195916175842285,-0.3678070306777954,0.2592574656009674
0.5,1.227703332901001,-0.3678070306777954,-0.15272864699363708
0.5,1.2358369827270508,-0.3678070306777954,-0.15272864699363708
0.5,1.243983507156372,0.6343153119087219,-0.5485420823097229
0.5,1.252100944519043,0.6343153119087219,-0.5485420823097229
0.5,1.2602176666259766,-0.7953981757164001,0.4900873899459839
0.5,1.2683091163635254,-0.7953981757164001,0.4900873899459839
0.5,1.2764322757720947,-0.7953981757164001,-1.3208526372909546
0.5,1.2845721244812012,1.0,-1.3208526372909546
0.5,1.2926759719848633,1.0,0.7909622192382812
0.5,1.3007817268371582,-0.9971376061439514,0.7909622192382812
0.5,1.3088781833648682,-0.9971376061439514,-1.2001056671142578
0.5,1.317016363143921,-0.9971376061439514,-1.2001056671142578
0.5,1.325160026550293,0.7487142086029053,0.5231325030326843
0.5,1.3332688808441162,0.7487142086029053,0.5231325030326843
0.5,1.3413662910461426,-0.052522122859954834,-1.5044270753860474
0.5,1.3494679927825928,-0.052522122859954834,-1.5044270753860474
0.5,1.3575854301452637,-0.1936931312084198,0.41467493772506714
0.5,1.365776538848877,-0.1936931312084198,0.41467493772506714
0.5,1.3740065097808838,-0.1936931312084198,-1.4606037139892578
0.5,1.3821518421173096,0.8117265105247498,-1.4606037139892578
0.5,1.3902814388275146,0.8117265105247498,-0.23167303204536438
0.5,1.3984591960906982,0.8117265105247498,-0.23167303204536438
0.5,1.4065942764282227,-0.7827373147010803,-0.5295224785804749
0.5,1.414736032485962,-0.7827373147010803,-0.5295224785804749
0.5,1.4228649139404297,1.0,-1.119401216506958
0.5,1.4309959411621094,1.0,-1.119401216506958
0.5,1.439145803451538,1.0,0.4518163502216339
0.5,1.4472739696502686,-1.0,0.4518163502216339
0.5,1.4553816318511963,-1.0,-1.6117745637893677
0.5,1.463484525680542,0.959638774394989,-1.6117745637893677
0.5,1.471588134765625,0.959638774394989,-1.6117745637893677
0.5,1.4796957969665527,0.959638774394989,0.7150171995162964
0.5,1.4878036975860596,-0.8460114002227783,-1.7420239448547363
0.5,1.4959039688110352,-0.8460114002227783,-1.7420239448547363
0.5,1.5039896965026855,-0.8460114002227783,0.12766675651073456
0.5,1.5120925903320312,0.8536250591278076,0.12766675651073456
0.5,1.5201945304870605,0.8536250591278076,0.12766675651073456
0.5,1.5283012390136719,-0.456074059009552,-0.6536064147949219
0.5,1.536428689956665,-0.456074059009552,-1.2718499898910522
0.5,1.5445458889007568,-0.456074059009552,-1.2718499898910522
0.5,1.5526525974273682,0.3504830002784729,0.71537846326828
0.5,1.5607819557189941,0.3504830002784729,0.71537846326828
0.5,1.5689094066619873,-0.24247929453849792,-2.035118579864502
0.5,1.5770390033721924,-0.24247929453849792,-2.035118579864502
0.5,1.5851390361785889,0.2851257920265198,0.47024691104888916
0.5,1.593238115310669,0.2851257920265198,0.47024691104888916
0.5,1.6013624668121338,0.2851257920265198,-1.2633942365646362
0.5,1.6094796657562256,-0.1318659484386444,-1.2633942365646362
0.5,1.6176080703735352,-0.1318659484386444,-0.8179495930671692
0.5,1.625755786895752,-0.06419920921325684,-0.8179495930671692
0.5,1.633913278579712,-0.06419920921325684,0.08590986579656601
0.5,1.6421756744384766,-0.06419920921325684,0.08590986579656601
0.5,1.6503098011016846,0.4421570301055908,-1.962571144104004
0.5,1.658412218093872,0.4421570301055908,-1.962571144104004
0.5,1.666527271270752,-0.14817297458648682,0.9896258115768433
0.5,1.6747076511383057,-0.14817297458648682,0.9896258115768433
0.5,1.6828362941741943,-0.14817297458648682,-1.377099633216858
0.5,1.690948724746704,0.5255930423736572,-1.377099633216858
0.5,1.6990790367126465,0.5255930423736572,0.11996004730463028
0.5,1.7072069644927979,-0.5824216604232788,0.11996004730463028
0.5,1.7153112888336182,-0.5824216604232788,-0.6765398979187012
0.5,1.7234079837799072,-0.5824216604232788,-0.6765398979187012
0.5,1.7315170764923096,0.8629522323608398,-0.6978643536567688
0.5,1.7396433353424072,0.8629522323608398,-0.6978643536567688
0.5,1.74776029586792,-0.8262538909912109,0.2190939038991928
0.5,1.7558586597442627,-0.8262538909912109,0.2190939038991928
0.5,1.7639949321746826,-0.8262538909912109,-1.2877053022384644
0.5,1.7721366882324219,1.0,-1.2877053022384644
0.5,1.7802512645721436,1.0,0.9723569750785828
0.5,1.7883577346801758,-1.0,0.9723569750785828
0.5,1.796489953994751,-1.0,-1.6453152894973755
0.5,1.8046317100524902,1.0,-1.6453152894973755
0.5,1.812730312347412,1.0,0.8662670254707336
0.5,1.8208305835723877,1.0,0.8662670254707336
0.5,1.8289430141448975,-1.0,-0.5588766932487488
0.5,1.8370716571807861,-1.0,-0.5588766932487488
0.5,1.8451919555664062,1.0,-0.34036073088645935
0.5,1.853318214416504,1.0,-0.34036073088645935
0.5,1.861426830291748,1.0,0.7352043390274048
0.5,1.869518518447876,-0.3127763867378235,0.7352043390274048
0.5,1.8776414394378662,-0.3127763867378235,-1.5197466611862183
0.5,1.8857667446136475,0.5118888020515442,-1.5197466611862183
0.5,1.8938696384429932,0.5118888020515442,1.385587215423584
0.5,1.901986837387085,0.5118888020515442,1.385587215423584
0.5,1.9100933074951172,-0.4101150631904602,-1.0518608093261719
0.5,1.9182260036468506,-0.4101150631904602,-1.0518608093261719
0.5,1.9263455867767334,0.13428202271461487,0.45079293847084045
0.5,1.934438943862915,0.13428202271461487,0.45079293847084045
0.5,1.942523717880249,0.13428202271461487,0.4113265872001648
0.5,1.950629711151123,-0.0539376437664032,0.4113265872001648
0.5,1.9587466716766357,-0.0539376437664032,-0.9934030175209045
0.5,1.966872215270996,0.01787126064300537,-0.9934030175209045
0.5,1.9749739170074463,0.01787126064300537,1.4736032485961914
0.5,1.9830679893493652,0.01787126064300537,1.4736032485961914
0.5,1.9911575317382812,0.17042633891105652,-1.2049933671951294
0.5,1.9992659091949463,0.17042633891105652,-1.2049933671951294
0.5,2.007432699203491,-0.495949923992157,1.086144208908081
0.5,2.015563488006592,-0.495949923992157,1.086144208908081
0.5,2.0238776206970215,0.598041832447052,-0.73865807056427
0.5,2.0320229530334473,0.598041832447052,-0.1863081157207489
0.5,2.0401487350463867,0.598041832447052,-0.1863081157207489
0.5,2.048330783843994,-0.7267429828643799,-0.1863081157207489
0.5,2.05647873878479,-0.7267429828643799,0.6806103587150574
0.5,2.0646345615386963,-0.7267429828643799,-1.114991307258606
0.5,2.072782278060913,0.933032214641571,-1.114991307258606
0.5,2.080904483795166,0.933032214641571,1.3932149410247803
0.5,2.0889925956726074,-1.0,1.3932149410247803
0.5,2.0971155166625977,-1.0,-1.1037883758544922
0.5,2.105257034301758,0.9688482284545898,-1.1037883758544922
0.5,2.1139416694641113,0.9688482284545898,0.979529857635498
0.5,2.122201442718506,0.9688482284545898,0.979529857635498
0.5,2.1303369998931885,-0.9465579986572266,-0.9871088862419128
0.5,2.1384592056274414,-0.9465579986572266,-0.9871088862419128
0.5,2.1465976238250732,-0.9465579986572266,0.48404380679130554
0.5,2.1549198627471924,1.0,0.48404380679130554
0.5,2.163128614425659,1.0,0.5928162336349487
0.5,2.1712441444396973,-0.967026948928833,0.5928162336349487
0.5,2.17938494682312,-0.967026948928833,-0.7689617872238159
0.5,2.1875109672546387,-0.967026948928833,-0.7689617872238159
0.5,2.195612668991089,0.216831237077713,1.3811359405517578
0.5,2.2037460803985596,0.216831237077713,1.3811359405517578
0.5,2.211862802505493,-0.09307950735092163,-1.363998293876648
0.5,2.2199642658233643,-0.09307950735092163,-1.363998293876648
0.5,2.228090286254883,0.16983476281166077,1.2380019426345825
0.5,2.2362043857574463,0.16983476281166077,1.2380019426345825
0.5,2.244311809539795,0.16983476281166077,-0.6458994746208191
0.5,2.252415895462036,0.34841689467430115,-0.6458994746208191
0.5,2.2605175971984863,0.34841689467430115,0.3971443176269531
0.5,2.2686374187469482,-0.5309534072875977,0.3971443176269531
0.5,2.276756525039673,-0.5309534072875977,0.9195916056632996
0.5,2.284867525100708,-0.5309534072875977,0.9195916056632996
0.5,2.292987108230591,0.5703955888748169,-0.6176956295967102
0.5,2.3011035919189453,0.5703955888748169,-0.6176956295967102
0.5,2.309206008911133,-0.9392936825752258,1.6366416215896606
0.5,2.3173182010650635,-0.9392936825752258,1.6366416215896606
0.5,2.325437068939209,-0.9392936825752258,-1.1552863121032715
0.5,2.333543300628662,1.0,-1.1552863121032715
0.5,2.341651201248169,1.0,1.2004972696304321
0.5,2.3497555255889893,-0.858879029750824,1.2004972696304321
0.5,2.3578529357910156,-0.858879029750824,-0.5322693586349487
0.5,2.365994930267334,-0.858879029750824,-0.5322693586349487
0.5,2.3741209506988525,1.0,0.7599151134490967
0.5,2.382228136062622,1.0,0.7599151134490967
0.5,2.390383720397949,-1.0,1.0461171865463257
0.5,2.3985650539398193,-1.0,1.0461171865463257
0.5,2.4066784381866455,-1.0,-0.16525675356388092
0.5,2.414783477783203,0.8942949175834656,-0.16525675356388092
0.5,2.4228932857513428,0.8942949175834656,1.4497699737548828
0.5,2.4309933185577393,-0.28799283504486084,1.4497699737548828
0.5,2.439121723175049,-0.28799283504486084,-0.68832927942276
0.5,2.4472713470458984,0.12535029649734497,-0.68832927942276
0.5,2.455388307571411,0.12535029649734497,1.9731501340866089
0.5,2.4635133743286133,0.12535029649734497,1.9731501340866089
0.5,2.471641778945923,0.28211379051208496,-0.39756080508232117
0.5,2.4797580242156982,0.28211379051208496,-0.39756080508232117
0.5,2.487877368927002,-0.5833202600479126,1.6970702409744263
0.5,2.496014356613159,-0.5833202600479126,1.6970702409744263
0.5,2.5041234493255615,-0.5833202600479126,0.12714043259620667
0.5,2.5122389793395996,0.7184590101242065,0.12714043259620667
0.5,2.520407199859619,0.7184590101242065,0.8112586736679077
0.5,2.528540849685669,-1.0,0.8112586736679077
0.5,2.5366625785827637,-1.0,1.2296968698501587
0.5,2.544792652130127,-1.0,1.2296968698501587
0.5,2.5529117584228516,1.0,-0.8149749636650085
0.5,2.5609967708587646,1.0,2.2958803176879883
0.5,2.5691139698028564,-1.0,2.2958803176879883
0.5,2.577226400375366,-1.0,-0.6399035453796387
0.5,2.585339307785034,-1.0,-0.6399035453796387
0.5,2.5934536457061768,1.0,-0.6399035453796387
0.5,2.6016123294830322,1.0,0.964894711971283
0.5,2.609734058380127,1.0,0.9100983738899231
0.5,2.6178879737854004,-1.0,0.9100983738899231
0.5,2.6259922981262207,-1.0,-0.055517490953207016
0.5,2.634460926055908,1.0,-0.055517490953207016
0.5,2.642638921737671,1.0,1.4369416236877441
0.5,2.6508114337921143,-1.0,1.4369416236877441
0.5,2.65895414352417,-1.0,-0.8627432584762573
0.5,2.6671416759490967,-1.0,-0.8627432584762573
0.5,2.675276041030884,0.4313226342201233,1.9511932134628296
0.5,2.6834239959716797,0.4313226342201233,1.9511932134628296
0.5,2.6915407180786133,-0.5088297724723816,-0.7369706630706787
0.5,2.6996781826019287,-0.5088297724723816,-0.7369706630706787
0.5,2.7078378200531006,-0.5088297724723816,1.0363311767578125
0.5,2.7159996032714844,0.20082157850265503,1.0363311767578125
0.5,2.7241196632385254,0.20082157850265503,0.5270215272903442
0.5,2.732243299484253,-0.24162724614143372,0.5270215272903442
0.5,2.740381956100464,-0.24162724614143372,-0.5997315049171448
0.5,2.7485291957855225,-0.24162724614143372,-0.5997315049171448
0.5,2.756662368774414,0.051125138998031616,1.810266375541687
0.5,2.764775276184082,0.051125138998031616,1.810266375541687
0.5,2.7728755474090576,-0.07798075675964355,-1.467726707458496
0.5,2.7809841632843018,-0.07798075675964355,-1.467726707458496
0.5,2.7891016006469727,-0.07798075675964355,1.3031401634216309
0.5,2.7972302436828613,0.10978120565414429,1.3031401634216309
0.5,2.805386543273926,0.10978120565414429,0.23233726620674133
0.5,2.813593626022339,-0.0006341636180877686,0.23233726620674133
0.5,2.821763753890991,-0.0006341636180877686,-0.8226698637008667
0.5,2.8299083709716797,0.09577709436416626,-0.8226698637008667
0.5,2.838059425354004,0.09577709436416626,1.6884294748306274
0.5,2.8462116718292236,0.09577709436416626,1.6884294748306274
0.5,2.8543455600738525,-0.12888455390930176,-1.4737401008605957
0.5,2.8624582290649414,-0.12888455390930176,-1.4737401008605957
0.5,2.8706250190734863,-0.11992257833480835,0.951774537563324
0.5,2.8787949085235596,-0.11992257833480835,0.951774537563324
0.5,2.886918544769287,-0.11992257833480835,-0.6614049077033997
0.5,2.895059108734131,0.37604570388793945,-0.6614049077033997
0.5,2.9031686782836914,0.37604570388793945,-0.03249884769320488
0.5,2.9113433361053467,-0.7119439840316772,-0.03249884769320488
0.5,2.919541358947754,-0.7119439840316772,0.8682829141616821
0.5,2.9277045726776123,-0.7119439840316772,0.8682829141616821
0.5,2.935861349105835,0.6776624917984009,-1.2353487014770508
0.5,2.9439947605133057,0.6776624917984009,-1.2353487014770508
0.5,2.9521422386169434,-1.0,1.5063527822494507
0.5,2.960261821746826,-1.0,-1.385330319404602
0.5,2.968376636505127,-1.0,-1.385330319404602
0.5,2.9765076637268066,0.990913987159729,-1.385330319404602
0.5,2.9846255779266357,0.990913987159729,0.7450717091560364
0.5,2.9927291870117188,-1.0,0.7450717091560364
0.5,3.0008561611175537,-1.0,-0.39930856227874756
0.5,3.009009599685669,-1.0,-0.7533687949180603
0.5,3.01713228225708,1.0,-0.7533687949180603
0.5,3.025236129760742,1.0,1.231366515159607
0.5,3.033374309539795,-1.0,1.231366515159607
0.5,3.041499376296997,-1.0,1.231366515159607
0.5,3.0496091842651367,-1.0,-1.7140777111053467
0.5,3.0577101707458496,1.0,1.4644439220428467
0.5,3.0658152103424072,1.0,1.4644439220428467
0.5,3.073991060256958,-1.0,-0.6364097595214844
0.5,3.082188129425049,-1.0,-0.6364097595214844
0.5,3.0903091430664062,-1.0,-0.6854362487792969
0.5,3.0984292030334473,1.0,-0.6854362487792969
0.5,3.106544017791748,1.0,0.8955631256103516
0.5,3.114665985107422,-1.0,0.8955631256103516
0.5,3.1227917671203613,-1.0,-1.648868203163147
0.5,3.130905866622925,1.0,-1.648868203163147
0.5,3.1390018463134766,1.0,1.44517183303833
0.5,3.1471316814422607,1.0,1.44517183303833
0.5,3.155261516571045,-1.0,-1.030339241027832
0.5,3.1633756160736084,-1.0,-1.030339241027832
0.5,3.171494245529175,1.0,0.4118889570236206
0.5,3.1796319484710693,1.0,0.4118889570236206
0.5,3.187763214111328,1.0,0.5012436509132385
0.5,3.1959035396575928,-1.0,0.5012436509132385
0.5,3.2040183544158936,-1.0,-1.556814193725586
0.5,3.212174892425537,1.0,-1.556814193725586
0.5,3.2203333377838135,1.0,1.5454051494598389
0.5,3.228498935699463,-1.0,1.5454051494598389
0.5,3.2366678714752197,-1.0,-1.4988553524017334
0.5,3.244809150695801,-1.0,-1.4988553524017334
0.5,3.2529170513153076,1.0,0.49682706594467163
0.5,3.2609987258911133,1.0,0.49682706594467163
0.5,3.2691147327423096,-1.0,0.07147779315710068
0.5,3.2772257328033447,-1.0,0.07147779315710068
0.5,3.285391092300415,-1.0,-1.2031885385513306
0.5,3.293510675430298,1.0,-1.2031885385513306
0.5,3.301622152328491,1.0,1.1884592771530151
0.5,3.3097219467163086,-0.6862537860870361,1.1884592771530151
0.5,3.3178296089172363,-0.6862537860870361,-1.9259587526321411
0.5,3.325923442840576,-0.6862537860870361,-1.9259587526321411
0.5,3.333987236022949,0.5667880177497864,0.7287423610687256
0.5,3.3420841693878174,0.5667880177497864,0.7287423610687256
0.5,3.3501808643341064,-0.1594330072402954,-1.1135333776474
0.5,3.3582751750946045,-0.1594330072402954,-1.1135333776474
0.5,3.3663744926452637,-0.1594330072402954,-0.7211130261421204
0.5,3.374479293823242,0.34954720735549927,-0.7211130261421204
0.5,3.3825843334198,0.34954720735549927,0.8212893605232239
0.5,3.3908019065856934,-0.37006890773773193,0.8212893605232239
0.5,3.3989946842193604,-0.37006890773773193,-2.141549825668335
0.5,3.407118082046509,-0.37006890773773193,-2.141549825668335
0.5,3.415226936340332,0.23950982093811035,0.8686305284500122
0.5,3.4233334064483643,0.23950982093811035,0.8686305284500122
0.5,3.4314422607421875,-0.08696800470352173,-1.6416399478912354
0.5,3.439558982849121,-0.08696800470352173,-1.6416399478912354
0.5,3.4476680755615234,-0.08696800470352173,-0.42393383383750916
0.5,3.455777645111084,-0.13199208676815033,-0.42393383383750916
0.5,3.4638779163360596,-0.13199208676815033,0.5517479777336121
0.5,3.4720141887664795,-0.0218106210231781,0.5517479777336121
0.5,3.480151414871216,-0.0218106210231781,-1.7914718389511108
0.5,3.4882588386535645,-0.0218106210231781,-1.7914718389511108
0.5,3.4963576793670654,-0.470580130815506,0.9713820815086365
0.5,3.5044538974761963,-0.470580130815506,0.9713820815086365
0.5,3.5125510692596436,0.4269036650657654,-1.8726530075073242
0.5,3.520660877227783,0.4269036650657654,-1.8726530075073242
0.5,3.5287606716156006,0.4269036650657654,0.1908755749464035
0.5,3.5368685722351074,-0.6873564124107361,-1.3053054809570312
0.5,3.5449821949005127,-0.6873564124107361,-1.3053054809570312
0.5,3.5530903339385986,1.0,-1.3053054809570312
0.5,3.561204195022583,1.0,-0.9152027368545532
0.5,3.569324254989624,-1.0,0.45692336559295654
0.5,3.5774431228637695,-1.0,0.45692336559295654
0.5,3.5855493545532227,-1.0,-2.023876905441284
0.5,3.593747854232788,1.0,-2.023876905441284
0.5,3.601947546005249,1.0,0.7811576724052429
0.5,3.610107660293579,-1.0,0.7811576724052429
0.5,3.618241310119629,-1.0,0.7811576724052429
0.5,3.6263680458068848,-1.0,-1.9038951396942139
0.5,3.6345009803771973,1.0,0.2880658209323883
0.5,3.6426310539245605,1.0,0.2880658209323883
0.5,3.6507492065429688,-1.0,-0.9054135084152222
0.5,3.6588642597198486,-1.0,-0.9054135084152222
0.5,3.666999340057373,-1.0,-0.9073878526687622
0.5,3.6751322746276855,1.0,-0.9073878526687622
0.5,3.683253288269043,1.0,0.6318492293357849
0.5,3.691370725631714,-1.0,0.6318492293357849
0.5,3.699489116668701,-1.0,-1.8409794569015503
0.5,3.7076120376586914,-1.0,-1.8409794569015503
0.5,3.7157509326934814,0.4516642689704895,1.0508166551589966
0.5,3.7238733768463135,0.4516642689704895,1.0508166551589966
0.5,3.731992483139038,-0.40657734870910645,-1.5326679944992065
0.5,3.7401058673858643,-0.40657734870910645,-1.5326679944992065
0.5,3.7482168674468994,-0.40657734870910645,0.7053455710411072
0.5,3.756326198577881,0.11294445395469666,0.7053455710411072
0.5,3.7644364833831787,0.11294445395469666,-0.5494020581245422
0.5,3.7725441455841064,0.12203451991081238,-0.5494020581245422
0.5,3.7806456089019775,0.12203451991081238,-0.38986915349960327
0.5,3.7887442111968994,0.12203451991081238,-0.38986915349960327
0.5,3.796855926513672,-0.459164023399353,1.0950474739074707
0.5,3.8049936294555664,-0.459164023399353,1.0950474739074707
0.5,3.813110589981079,0.41323256492614746,-1.6401647329330444
0.5,3.8212244510650635,0.41323256492614746,-1.6401647329330444
0.5,3.829432249069214,-0.7534157037734985,1.150486707687378
0.5,3.837566614151001,-0.7534157037734985,1.150486707687378
0.5,3.8456838130950928,-0.7534157037734985,-1.517582893371582
0.5,3.853828191757202,1.0,-1.517582893371582
0.5,3.861952543258667,1.0,0.6629323959350586
0.5,3.87009859085083,-1.0,0.6629323959350586
0.5,3.8782296180725098,-1.0,-0.2957220673561096
0.5,3.8863420486450195,-1.0,-0.2957220673561096
0.5,3.894441843032837,1.0,0.12574928998947144
0.5,3.9025590419769287,1.0,0.12574928998947144
0.5,3.9106650352478027,-1.0,0.5515418648719788
0.5,3.919130563735962,-1.0,0.5515418648719788
0.5,3.9273157119750977,-1.0,-1.4211082458496094
0.5,3.9354238510131836,1.0,-1.4211082458496094
0.5,3.9435391426086426,1.0,1.5069878101348877
0.5,3.9516491889953613,-1.0,1.5069878101348877
0.5,3.959756374359131,-1.0,-1.616416096687317
0.5,3.9678633213043213,-1.0,-1.616416096687317
0.5,3.976008892059326,1.0,1.0192006826400757
0.5,3.9841580390930176,1.0,1.0192006826400757
0.5,3.9923293590545654,-1.0,0.46645545959472656
0.5,4.000468969345093,-1.0,0.46645545959472656
0.5,4.008609294891357,-1.0,-1.1591484546661377
0.5,4.0167412757873535,0.9380114078521729,1.7680039405822754
0.5,4.024856090545654,0.9380114078521729,1.7680039405822754
0.5,4.032994747161865,-0.948267936706543,1.7680039405822754
0.5,4.041137456893921,-0.948267936706543,-1.865433692932129
0.5,4.0492682456970215,-0.948267936706543,-1.865433692932129
0.5,4.057381868362427,1.0,0.40862390398979187
0.5,4.065502643585205,1.0,0.7850250601768494
0.5,4.0736243724823,-1.0,0.7850250601768494
0.5,4.081745386123657,-1.0,-1.0912846326828003
0.5,4.089869976043701,-1.0,-1.0912846326828003
0.5,4.09799861907959,1.0,1.7495027780532837
0.5,4.106115818023682,1.0,1.7495027780532837
0.5,4.114243268966675,-1.0,-1.62995183467865
0.5,4.122379779815674,-1.0,-1.62995183467865
0.5,4.130491256713867,-1.0,0.7489221692085266
0.5,4.138604164123535,1.0,0.7489221692085266
0.5,4.1467201709747314,1.0,0.2710617184638977
0.5,4.154877185821533,-1.0,0.2710617184638977
0.5,4.1630823612213135,-1.0,-1.4666887521743774
0.5,4.17119574546814,1.0,-1.4666887521743774
0.5,4.179298162460327,1.0,2.0986013412475586
0.5,4.187413692474365,1.0,2.0986013412475586
0.5,4.1955976486206055,-1.0,-1.1862971782684326
0.5,4.203759670257568,-1.0,-1.1862971782684326
0.5,4.211894750595093,1.0,0.6256968379020691
0.5,4.2200493812561035,1.0,0.6256968379020691
0.5,4.228185415267944,1.0,0.38507407903671265
0.5,4.236335754394531,-1.0,0.38507407903671265
0.5,4.2444868087768555,-1.0,-1.4894683361053467
0.5,4.252623081207275,1.0,-1.4894683361053467
0.5,4.260748863220215,1.0,1.7870309352874756
0.5,4.268911123275757,1.0,1.7870309352874756
0.5,4.277011871337891,-1.0,-0.9332395195960999
0.5,4.285177230834961,-1.0,-0.9332395195960999
0.5,4.293319463729858,0.3432178497314453,1.4565900564193726
0.5,4.301440954208374,0.3432178497314453,1.4565900564193726
0.5,4.3095543384552,0.3432178497314453,-0.12426117062568665
0.5,4.317661762237549,-0.5542865991592407,-0.12426117062568665
0.5,4.32581639289856,-0.5542865991592407,-0.29421594738960266
0.5,4.3339948654174805,0.2647067904472351,-0.29421594738960266
0.5,4.342131614685059,0.2647067904472351,1.0100586414337158
0.5,4.350269079208374,0.2647067904472351,1.0100586414337158
0.5,4.358402490615845,0.17560017108917236,-0.6562038064002991
0.5,4.366531133651733,0.17560017108917236,-0.6562038064002991
0.5,4.374640703201294,-0.3439408838748932,2.200279951095581
0.5,4.382752418518066,-0.3439408838748932,2.200279951095581
0.5,4.39110803604126,-0.3439408838748932,-0.6893009543418884
0.5,4.399299621582031,0.4589200019836426,-0.6893009543418884
0.5,4.407402515411377,0.4589200019836426,1.784327507019043
0.5,4.415541410446167,-0.9376627206802368,1.784327507019043
0.5,4.423666477203369,-0.9376627206802368,-0.13982482254505157
0.5,4.4317872524261475,1.0,-0.13982482254505157
0.5,4.441098690032959,1.0,-0.3398088216781616
0.5,4.449322462081909,1.0,-0.3398088216781616
0.5,4.457520484924316,-1.0,2.1201930046081543
0.5,4.465626239776611,-1.0,-0.6454439163208008
0.5,4.473743677139282,0.946925163269043,-0.6454439163208008
0.5,4.48188042640686,0.946925163269043,-0.6454439163208008
0.5,4.489995718002319,0.946925163269043,2.1397600173950195
0.5,4.498093605041504,-1.0,2.1397600173950195
0.5,4.506184101104736,-1.0,-0.33161237835884094
0.5,4.514292240142822,1.0,1.0417166948318481
0.5,4.522421836853027,1.0,1.0417166948318481
0.5,4.530538558959961,-0.9952288269996643,0.035804495215415955
0.5,4.538654327392578,-0.9952288269996643,0.035804495215415955
0.5,4.546761989593506,-0.9952288269996643,0.035804495215415955
0.5,4.554866313934326,1.0,0.41273993253707886
0.5,4.5629613399505615,1.0,1.4985005855560303
0.5,4.5710978507995605,-0.38763427734375,1.4985005855560303
0.5,4.579192399978638,-0.38763427734375,-0.32067081332206726
0.5,4.5872802734375,-0.38763427734375,-0.32067081332206726
0.5,4.595375299453735,0.11326855421066284,2.1930201053619385
0.5,4.603487253189087,0.11326855421066284,2.1930201053619385
0.5,4.6115992069244385,-0.09879988431930542,-1.0403703451156616
0.5,4.619701385498047,-0.09879988431930542,-1.0403703451156616
0.5,4.62780499458313,-0.09879988431930542,1.3255711793899536
0.5,4.636077642440796,0.09059867262840271,1.3255711793899536
0.5,4.644184350967407,0.09059867262840271,-0.2471104860305786
0.5,4.652295827865601,0.7048828601837158,-0.2471104860305786
0.5,4.660412549972534,0.7048828601837158,0.4005839228630066
0.5,4.668492078781128,0.7048828601837158,0.4005839228630066
0.5,4.676644802093506,-0.5083932876586914,2.0932843685150146
0.5,4.684791088104248,-0.5083932876586914,2.0932843685150146
0.5,4.692918300628662,0.28833645582199097,-0.9945899844169617
0.5,4.701061487197876,0.28833645582199097,-0.9945899844169617
0.5,4.709158420562744,0.28833645582199097,1.7010351419448853
0.5,4.717549800872803,-0.672784149646759,1.7010351419448853
0.5,4.7256920337677,-0.672784149646759,-1.030601978302002
0.5,4.7338337898254395,1.0,-1.030601978302002
0.5,4.741943359375,1.0,0.7790691256523132
0.5,4.750090599060059,1.0,0.7790691256523132
0.5,4.758429288864136,-0.8574438691139221,0.38464269042015076
0.5,4.766578674316406,-0.8574438691139221,0.38464269042015076
0.5,4.774707317352295,0.9227321743965149,0.28753700852394104
0.5,4.7828285694122314,0.9227321743965149,0.28753700852394104
0.5,4.790961265563965,-1.0,1.5941375494003296
0.5,4.799089193344116,-1.0,1.5941375494003296
0.5,4.80720853805542,-1.0,-1.6274093389511108
0.5,4.815336227416992,1.0,-1.6274093389511108
0.5,4.8234405517578125,1.0,1.1503783464431763
0.5,4.831539630889893,-0.9255010485649109,1.1503783464431763
0.5,4.839642524719238,-0.9255010485649109,-1.0969175100326538
0.5,4.847776412963867,-0.9255010485649109,-1.0969175100326538
0.5,4.855923175811768,0.9133880138397217,1.1769599914550781
0.5,4.864093065261841,0.9133880138397217,1.1769599914550781
0.5,4.8722100257873535,-0.9762299656867981,0.6124199032783508
0.5,4.8803465366363525,-0.9762299656867981,0.6124199032783508
0.5,4.888484001159668,-0.9762299656867981,-0.5576566457748413
0.5,4.896615028381348,0.6961166858673096,-0.5576566457748413
0.5,4.9047205448150635,0.6961166858673096,1.308793067932129
0.5,4.912814140319824,-0.5115504264831543,1.308793067932129
0.5,4.920926570892334,-0.5115504264831543,-2.0378475189208984
0.5,4.929060459136963,-0.5115504264831543,-2.0378475189208984
0.5,4.937170028686523,0.8524489402770996,1.0477932691574097
0.5,4.945288181304932,0.8524489402770996,1.0477932691574097
0.5,4.954402685165405,-0.15149176120758057,-0.3856423497200012
0.5,4.962653636932373,-0.15149176120758057,0.25295954942703247
0.5,4.970775842666626,-0.1877463161945343,0.25295954942703247
0.5,4.978888511657715,-0.1877463161945343,0.9602982401847839
0.5,4.986989498138428,-0.1877463161945343,0.9602982401847839
0.5,4.995378732681274,-0.26413440704345703,-1.5702528953552246
0.5,5.003511428833008,-0.26413440704345703,-1.5702528953552246
0.5,5.0116126537323,-0.10035409033298492,1.2161482572555542
0.5,5.0197131633758545,-0.10035409033298492,1.2161482572555542
0.5,5.027813673019409,-0.10035409033298492,-1.6661208868026733
0.5,5.0359461307525635,0.9580940008163452,-1.6661208868026733
0.5,5.0441601276397705,0.9580940008163452,1.0674422979354858
0.5,5.052309274673462,-0.33038783073425293,1.0674422979354858
0.5,5.060455083847046,-0.33038783073425293,1.133040428161621
0.5,5.068559408187866,-0.33038783073425293,1.133040428161621
0.5,5.0766987800598145,-0.05693817138671875,-1.2557882070541382
0.5,5.084843397140503,-0.05693817138671875,-1.2557882070541382
0.5,5.092987537384033,-0.549592137336731,1.4953445196151733
0.5,5.1010942459106445,-0.549592137336731,1.4953445196151733
0.5,5.109192371368408,-0.549592137336731,-1.9769959449768066
0.5,5.117299795150757,0.7462800741195679,-1.9769959449768066
0.5,5.125407457351685,0.7462800741195679,0.18312999606132507
0.5,5.13353419303894,0.02580106258392334,0.18312999606132507
0.5,5.141655445098877,0.02580106258392334,0.8159774541854858
0.5,5.149751424789429,0.3621371388435364,0.8159774541854858
0.5,5.158433437347412,0.3621371388435364,-0.8695353865623474
0.5,5.166609048843384,0.3621371388435364,-0.8695353865623474
0.5,5.174720525741577,-0.7620653510093689,1.7690351009368896
0.5,5.18284010887146,-0.7620653510093689,1.7690351009368896
0.5,5.1909449100494385,0.2282310575246811,-1.9895808696746826
0.5,5.199074029922485,0.2282310575246811,-1.9895808696746826
0.5,5.207189559936523,0.2282310575246811,-0.06697873771190643
0.5,5.215314865112305,0.06162405014038086,-0.06697873771190643
0.5,5.22343635559082,0.06162405014038086,-0.25783851742744446
0.5,5.231563329696655,0.06162405014038086,-0.25783851742744446
0.5,5.239684581756592,0.9050523638725281,-0.8709006905555725
0.5,5.247793912887573,0.9050523638725281,-0.8709006905555725
0.5,5.255909442901611,-0.7376212477684021,1.9521175622940063
0.5,5.2640604972839355,-0.7376212477684021,1.9521175622940063
0.5,5.272197961807251,0.10899478197097778,-1.505816102027893
0.5,5.280349016189575,0.10899478197097778,-1.505816102027893
0.5,5.288473844528198,0.10899478197097778,0.5430030226707458
0.5,5.296576738357544,-0.8383240103721619,0.5430030226707458
0.5,5.304696798324585,-0.8383240103721619,-1.1412255764007568
0.5,5.31280779838562,1.0,-1.1412255764007568
0.5,5.3209147453308105,1.0,-1.3156819343566895
0.5,5.3289854526519775,1.0,-1.3156819343566895
0.5,5.337078332901001,-0.6753220558166504,1.513114333152771
0.5,5.345190763473511,-0.6753220558166504,1.513114333152771
0.5,5.353261470794678,0.40750932693481445,-1.0356892347335815
0.5,5.361389398574829,0.40750932693481445,-1.0356892347335815
0.5,5.369509696960449,0.40750932693481445,1.1551294326782227
0.5,5.377622604370117,-1.0,-1.9177435636520386
0.5,5.385746479034424,-1.0,-1.9177435636520386
0.5,5.393876791000366,1.0,-1.9177435636520386
0.5,5.4020020961761475,1.0,-1.5399914979934692
0.5,5.41012978553772,1.0,-1.5399914979934692
0.5,5.41826057434082,-0.41798269748687744,0.24875231087207794
0.5,5.426380157470703,-0.41798269748687744,-0.9856913089752197
0.5,5.434491395950317,1.0,-0.9856913089752197
0.5,5.442613124847412,1.0,1.8675668239593506
0.5,5.450734376907349,1.0,1.8675668239593506
0.5,5.458863019943237,-1.0,-1.3735989332199097
0.5,5.466983795166016,-1.0,-1.3735989332199097
0.5,5.475094795227051,0.6871161460876465,-0.812301754951477
0.5,5.483224630355835,0.6871161460876465,-0.812301754951477
0.5,5.491395711898804,-0.7030307054519653,-1.2521827220916748
0.5,5.499558448791504,-0.7030307054519653,-1.2521827220916748
0.5,5.507688045501709,-0.7030307054519653,-1.648180603981018
0.5,5.515830039978027,1.0,-1.648180603981018
0.5,5.523956537246704,1.0,1.4784374237060547
0.5,5.532092809677124,-1.0,1.4784374237060547
0.5,5.540220737457275,-1.0,-0.9414322376251221
0.5,5.548320293426514,-1.0,-0.9414322376251221
0.5,5.5564634799957275,0.24674230813980103,0.034762192517519
0.5,5.564633131027222,0.24674230813980103,0.034762192517519
0.5,5.5728089809417725,-0.37600988149642944,-2.4873735904693604
0.5,5.580935001373291,-0.37600988149642944,-2.4873735904693604
0.5,5.589069843292236,-0.37600988149642944,-1.6414601802825928
0.5,5.5971925258636475,1.0,-1.6414601802825928
0.5,5.605305910110474,1.0,0.4768545627593994
0.5,5.613429546356201,-0.5374009609222412,0.4768545627593994
0.5,5.621537208557129,-0.5374009609222412,-0.27899855375289917
0.5,5.629643678665161,-0.5374009609222412,-0.27899855375289917
0.5,5.637751817703247,-0.7500473856925964,1.3888940811157227
0.5,5.645876407623291,-0.7500473856925964,1.3888940811157227
0.5,5.654001474380493,-0.7970312833786011,-2.2065939903259277
0.5,5.6621222496032715,-0.7970312833786011,-2.2065939903259277
0.5,5.670224666595459,-0.7970312833786011,-0.9889215230941772
0.5,5.678325176239014,0.3573000431060791,-0.9889215230941772
0.5,5.686450242996216,0.3573000431060791,-1.419533610343933
0.5,5.694576978683472,0.9758116602897644,-1.419533610343933
0.5,5.702691316604614,0.9758116602897644,-0.8774951100349426
0.5,5.71081805229187,0.9758116602897644,-0.8774951100349426
0.5,5.718947649002075,0.21813753247261047,3.053234815597534
0.5,5.727105617523193,0.21813753247261047,3.053234815597534
0.5,5.735215187072754,-1.0,0.1191432848572731
0.5,5.743322849273682,-1.0,0.1191432848572731
0.5,5.751415491104126,0.5660077929496765,-1.0879565477371216
0.5,5.759532928466797,0.5660077929496765,-1.0879565477371216
0.5,5.767669677734375,0.5660077929496765,-0.7049176692962646
0.5,5.775789499282837,0.6161210536956787,-0.7049176692962646
0.5,5.783893346786499,0.6161210536956787,-2.1077682971954346
0.5,5.791990756988525,1.0,-2.1077682971954346
0.5,5.800166130065918,1.0,1.8056646585464478
0.5,5.808470726013184,1.0,1.8056646585464478
0.5,5.816695213317871,-1.0,1.4672284126281738
0.5,5.824848651885986,-1.0,1.4672284126281738
0.5,5.832993268966675,0.05748888850212097,-0.8264690637588501
0.5,5.841105937957764,0.05748888850212097,-0.8264690637588501
0.5,5.849203824996948,0.05748888850212097,0.3256537914276123
0.5,5.857303142547607,-1.0,0.3256537914276123
0.5,5.865421295166016,-1.0,-2.981992483139038
0.5,5.8735740184783936,1.0,-2.981992483139038
0.5,5.881741285324097,1.0,-1.9995696544647217
0.5,5.88988471031189,1.0,2.2870097160339355
0.5,5.898001432418823,0.713795006275177,2.2870097160339355
0.5,5.906113862991333,0.713795006275177,2.2870097160339355
0.5,5.914217233657837,-1.0,1.9120376110076904
0.5,5.922337055206299,-1.0,1.9120376110076904
0.5,5.930459976196289,-0.21893417835235596,-0.7812835574150085
0.5,5.938576698303223,-0.21893417835235596,-1.7445982694625854
0.5,5.946676969528198,-0.21893417835235596,-1.7445982694625854
0.5,5.954771518707275,0.8686609864234924,-1.3114631175994873
0.5,5.962883710861206,0.8686609864234924,-1.3114631175994873
0.5,5.970998764038086,1.0,-1.3114631175994873
0.5,5.979130029678345,1.0,-0.3197095990180969
0.5,5.987259387969971,1.0,3.4830939769744873
0.5,5.995503902435303,-1.0,3.4830939769744873
1.0,2.86102294921875e-06,-1.0,2.066676616668701
1.0,0.008123159408569336,-1.0,2.066676616668701
1.0,0.016264915466308594,-1.0,-0.6169354915618896
1.0,0.0243833065032959,-1.0,-0.6169354915618896
1.0,0.032562255859375,0.13451477885246277,-2.4361181259155273
1.0,0.04080486297607422,0.13451477885246277,-2.4361181259155273
1.0,0.04893183708190918,0.896297812461853,-1.1670066118240356
1.0,0.05704951286315918,0.896297812461853,-1.1670066118240356
1.0,0.06517910957336426,0.896297812461853,0.7272765040397644
1.0,0.0733497142791748,0.8210291862487793,0.7272765040397644
1.0,0.08148002624511719,0.8210291862487793,3.3695859909057617
1.0,0.08960866928100586,-1.0,3.3695859909057617
1.0,0.09773707389831543,-1.0,2.627810478210449
1.0,0.10586690902709961,-1.0,2.627810478210449
1.0,0.11398935317993164,-1.0,-0.16811063885688782
1.0,0.12212419509887695,-1.0,-0.16811063885688782
1.0,0.13027667999267578,0.9685636162757874,-4.005342483520508
1.0,0.13839483261108398,0.9685636162757874,-4.005342483520508
1.0,0.14655256271362305,1.0,-3.035944938659668
1.0,0.1546931266784668,1.0,-3.035944938659668
1.0,0.1628265380859375,1.0,-0.30357083678245544
1.0,0.17096900939941406,1.0,-0.30357083678245544
1.0,0.1790790557861328,1.0,3.8734827041625977
1.0,0.18719983100891113,-1.0,3.8734827041625977
1.0,0.1953728199005127,-1.0,3.5545568466186523
1.0,0.2034897804260254,-1.0,3.5545568466186523
1.0,0.21164798736572266,-1.0,0.9498791098594666
1.0,0.219801664352417,-1.0,0.9498791098594666
1.0,0.22794198989868164,0.4729711711406708,-2.7661292552948
1.0,0.2360825538635254,0.4729711711406708,-2.7661292552948
1.0,0.2442159652709961,0.4729711711406708,-2.698429584503174
1.0,0.2523939609527588,1.0,-2.698429584503174
1.0,0.2605278491973877,1.0,-0.40242692828178406
1.0,0.268657922744751,0.7691758871078491,-0.40242692828178406
1.0,0.2768089771270752,0.7691758871078491,3.666780948638916
1.0,0.28500843048095703,0.7691758871078491,3.666780948638916
1.0,0.2931361198425293,-1.0,3.834129571914673
1.0,0.30127906799316406,-1.0,3.834129571914673
1.0,0.30939364433288574,-1.0,1.3911226987838745
1.0,0.3175320625305176,-1.0,1.3911226987838745
1.0,0.32567334175109863,-1.0,-3.173377275466919
1.0,0.33380937576293945,1.0,-3.173377275466919
1.0,0.3419315814971924,1.0,-4.177957534790039
1.0,0.3500542640686035,1.0,-2.1439719200134277
1.0,0.3581700325012207,1.0,-2.1439719200134277
1.0,0.36629652976989746,1.0,-2.1439719200134277
1.0,0.3744206428527832,1.0,-1.3675200939178467
1.0,0.3825390338897705,1.0,-1.3675200939178467
1.0,0.39070963859558105,-0.30650532245635986,-0.8115096092224121
1.0,0.3988361358642578,-0.30650532245635986,-0.012108197435736656
1.0,0.4069490432739258,-1.0,-0.012108197435736656
1.0,0.4150528907775879,-1.0,0.676110029220581
1.0,0.4231579303741455,-1.0,0.676110029220581
1.0,0.43128252029418945,-1.0,0.676110029220581
1.0,0.4393908977508545,-1.0,0.8246282935142517
1.0,0.44750142097473145,0.930268406867981,0.3655994236469269
1.0,0.4556255340576172,0.930268406867981,0.3655994236469269
1.0,0.4637565612792969,0.930268406867981,-0.3470544219017029
1.0,0.47185587882995605,1.0,-0.3470544219017029
1.0,0.4799633026123047,1.0,-0.8018492460250854
1.0,0.488070011138916,1.0,-0.8018492460250854
1.0,0.4961738586425781,1.0,-0.692113995552063
1.0,0.5042808055877686,1.0,-0.692113995552063
1.0,0.512408971786499,-1.0,-0.11420413106679916
1.0,0.5205676555633545,-1.0,-0.11420413106679916
1.0,0.5286927223205566,-1.0,0.5218929052352905
1.0,0.5368087291717529,-1.0,0.5218929052352905
1.0,0.5449175834655762,-1.0,0.7868080735206604
1.0,0.553077220916748,0.05837804079055786,0.7868080735206604
1.0,0.5612435340881348,0.05837804079055786,0.5185384750366211
1.0,0.5693676471710205,1.0,0.5185384750366211
1.0,0.5774712562561035,1.0,-0.0867023915052414
1.0,0.5855541229248047,1.0,-0.0867023915052414
1.0,0.5936589241027832,1.0,-0.623192548751831
1.0,0.6017642021179199,1.0,-0.623192548751831
1.0,0.6098628044128418,-0.42753130197525024,-0.7489826083183289
1.0,0.6179711818695068,-0.42753130197525024,-0.7489826083183289
1.0,0.6260635852813721,-0.42753130197525024,-0.39961692690849304
1.0,0.6341636180877686,-1.0,-0.39961692690849304
1.0,0.6423013210296631,-1.0,0.1876884549856186
1.0,0.6504292488098145,-0.39002692699432373,0.1876884549856186
1.0,0.6585268974304199,-0.39002692699432373,0.639370858669281
1.0,0.6666305065155029,0.49783068895339966,0.639370858669281
1.0,0.6747593879699707,0.49783068895339966,0.683272659778595
1.0,0.6829030513763428,0.49783068895339966,0.683272659778595
1.0,0.6910109519958496,0.9920624494552612,0.30813559889793396
1.0,0.699122428894043,0.9920624494552612,0.30813559889793396
1.0,0.7072315216064453,0.9920624494552612,-0.24505417048931122
1.0,0.7153539657592773,-0.902074933052063,-0.24505417048931122
1.0,0.7234704494476318,-0.902074933052063,-0.6412577033042908
1.0,0.7315912246704102,-0.5059924125671387,-0.6412577033042908
1.0,0.7397058010101318,-0.5059924125671387,-0.653889000415802
1.0,0.7478523254394531,-0.9232937097549438,-0.653889000415802
1.0,0.7559695243835449,-0.9232937097549438,-0.29009562730789185
1.0,0.7641150951385498,-0.9232937097549438,-0.29009562730789185
1.0,0.772242546081543,0.6615408062934875,0.22720403969287872
1.0,0.7804057598114014,0.6615408062934875,0.22720403969287872
1.0,0.7885291576385498,0.551224946975708,0.5987932085990906
1.0,0.7967116832733154,0.551224946975708,0.5987932085990906
1.0,0.8048355579376221,0.551224946975708,0.6218011975288391
1.0,0.8129632472991943,0.42376163601875305,0.6218011975288391
1.0,0.8211014270782471,0.42376163601875305,0.29668939113616943
1.0,0.8292696475982666,-1.0,0.29668939113616943
1.0,0.837371826171875,-1.0,-0.185080423951149
1.0,0.8455386161804199,-1.0,-0.185080423951149
1.0,0.8536765575408936,-0.676522433757782,-0.5563896894454956
1.0,0.8618118762969971,-0.676522433757782,-0.5563896894454956
1.0,0.8699502944946289,-0.38533276319503784,-0.6224014759063721
1.0,0.8781006336212158,-0.38533276319503784,-0.6224014759063721
1.0,0.8862450122833252,-0.38533276319503784,-0.3597070872783661
1.0,0.8944094181060791,1.0,-0.3597070872783661
1.0,0.9026017189025879,1.0,0.0815894603729248
1.0,0.9107599258422852,0.8630000352859497,0.4661227762699127
1.0,0.9188892841339111,0.8630000352859497,0.4661227762699127
1.0,0.927039623260498,0.4239412546157837,0.5991287231445312
1.0,0.9351584911346436,0.4239412546157837,0.5991287231445312
1.0,0.9433093070983887,0.4239412546157837,0.42284125089645386
1.0,0.951465368270874,-1.0,0.42284125089645386
1.0,0.9596664905548096,-1.0,0.03730111941695213
1.0,0.9678149223327637,-1.0,0.03730111941695213
1.0,0.9759495258331299,-1.0,-0.3586884140968323
1.0,0.9841189384460449,-1.0,-0.3586884140968323
1.0,0.9922971725463867,-0.3329505920410156,-0.5709447264671326
1.0,1.0004675388336182,-0.3329505920410156,-0.5709447264671326
1.0,1.0086288452148438,1.0,-0.5037699937820435
1.0,1.0167791843414307,1.0,-0.5037699937820435
1.0,1.0249559879302979,1.0,-0.19993633031845093
1.0,1.0331158638000488,1.0,-0.19993633031845093
1.0,1.0412864685058594,1.0,0.1878686547279358
1.0,1.0494837760925293,0.8576289415359497,0.1878686547279358
1.0,1.0576543807983398,0.8576289415359497,0.4751588702201843
1.0,1.0657999515533447,0.8576289415359497,0.4751588702201843
1.0,1.0740025043487549,-1.0,0.5330068469047546
1.0,1.0823309421539307,-1.0,0.5330068469047546
1.0,1.09049391746521,-1.0,0.34375929832458496
1.0,1.0986638069152832,-1.0,0.34375929832458496
1.0,1.1068334579467773,-1.0,0.002361857332289219
1.0,1.1149938106536865,-1.0,0.002361857332289219
1.0,1.12312650680542,-1.0,-0.33289334177970886
1.0,1.131239891052246,1.0,-0.33289334177970886
1.0,1.1393592357635498,1.0,-0.5142158269882202
1.0,1.147477388381958,1.0,-0.5142158269882202
1.0,1.155578851699829,1.0,-0.46834316849708557
1.0,1.1637020111083984,1.0,-0.46834316849708557
1.0,1.1718246936798096,1.0,-0.22375695407390594
1.0,1.1799440383911133,1.0,-0.22375695407390594
1.0,1.1880347728729248,-0.5118976831436157,0.10760855674743652
1.0,1.1961450576782227,-0.5118976831436157,0.10760855674743652
1.0,1.2042641639709473,-0.5118976831436157,0.38270166516304016
1.0,1.2123749256134033,-1.0,0.38270166516304016
1.0,1.220489740371704,-1.0,0.4890070855617523
1.0,1.2285995483398438,-1.0,0.4890070855617523
1.0,1.2367124557495117,-1.0,0.3891974687576294
1.0,1.2448232173919678,-1.0,0.3891974687576294
1.0,1.2529387474060059,-0.7802895307540894,0.13185729086399078
1.0,1.2610540390014648,-0.7802895307540894,0.13185729086399078
1.0,1.2693877220153809,1.0,-0.17330776154994965
1.0,1.2775905132293701,1.0,-0.17330776154994965
1.0,1.2857255935668945,1.0,-0.4029463827610016
1.0,1.2938463687896729,1.0,-0.4029463827610016
1.0,1.3019495010375977,1.0,-0.4695618152618408
1.0,1.3101134300231934,1.0,-0.4695618152618408
1.0,1.3183646202087402,1.0,-0.35348811745643616
1.0,1.3264849185943604,1.0,-0.10638703405857086
1.0,1.3345856666564941,-0.9345985651016235,-0.10638703405857086
1.0,1.3427674770355225,-0.9345985651016235,0.17275294661521912
1.0,1.3508732318878174,-1.0,0.17275294661521912
1.0,1.3589911460876465,-1.0,0.17275294661521912
1.0,1.3671154975891113,-1.0,0.37778398394584656
1.0,1.375241756439209,-1.0,0.4353817403316498
1.0,1.3834013938903809,-1.0,0.4353817403316498
1.0,1.3915250301361084,-0.9869441986083984,0.3300744891166687
1.0,1.399674654006958,-0.9869441986083984,0.3300744891166687
1.0,1.4078001976013184,1.0,0.10638359934091568
1.0,1.415900468826294,1.0,0.10638359934091568
1.0,1.4240055084228516,1.0,-0.15082883834838867
1.0,1.432142972946167,1.0,-0.15082883834838867
1.0,1.4402990341186523,1.0,-0.34899789094924927
1.0,1.4484403133392334,1.0,-0.34899789094924927
1.0,1.4565520286560059,1.0,-0.42088326811790466
1.0,1.4646546840667725,1.0,-0.42088326811790466
1.0,1.4727609157562256,-0.06671028584241867,-0.34642255306243896
1.0,1.4809067249298096,-0.06671028584241867,-0.34642255306243896
1.0,1.4890179634094238,-1.0,-0.1567741185426712
1.0,1.497117280960083,-1.0,-0.1567741185426712
1.0,1.5052313804626465,-1.0,0.07937243580818176
1.0,1.5133588314056396,-1.0,0.07937243580818176
1.0,1.5214743614196777,-1.0,0.2811447083950043
1.0,1.5295889377593994,-1.0,0.2811447083950043
1.0,1.53769850730896,-1.0,0.3830813467502594
1.0,1.5458106994628906,-1.0,0.3830813467502594
1.0,1.5539240837097168,0.7019080519676208,0.35568875074386597
1.0,1.562058448791504,0.7019080519676208,0.35568875074386597
1.0,1.5701651573181152,1.0,0.21283258497714996
1.0,1.5782735347747803,1.0,0.21283258497714996
1.0,1.586378574371338,1.0,0.004661891609430313
1.0,1.5945055484771729,1.0,0.004661891609430313
1.0,1.6026287078857422,1.0,-0.20049460232257843
1.0,1.6107513904571533,1.0,-0.20049460232257843
1.0,1.6188395023345947,1.0,-0.3386501967906952
1.0,1.626939296722412,1.0,-0.3386501967906952
1.0,1.6350536346435547,-0.8779025077819824,-0.3697233200073242
1.0,1.643155813217163,-0.8779025077819824,-0.3697233200073242
1.0,1.6512458324432373,-1.0,-0.28836533427238464
1.0,1.6593544483184814,-1.0,-0.28836533427238464
1.0,1.6674675941467285,-1.0,-0.12347114831209183
1.0,1.6755752563476562,-1.0,-0.12347114831209183
1.0,1.6836731433868408,-1.0,0.07254888117313385
1.0,1.6917712688446045,-1.0,0.07254888117313385
1.0,1.6998646259307861,-1.0,0.24070461094379425
1.0,1.7079577445983887,-1.0,0.24070461094379425
1.0,1.716050148010254,0.5026595592498779,0.33307763934135437
1.0,1.7241668701171875,0.5026595592498779,0.33307763934135437
1.0,1.7322921752929688,0.9014429450035095,0.3260020613670349
1.0,1.7404265403747559,0.9014429450035095,0.3260020613670349
1.0,1.7485711574554443,0.9014429450035095,0.22535379230976105
1.0,1.7567288875579834,1.0,0.22535379230976105
1.0,1.7648231983184814,1.0,0.06309396773576736
1.0,1.7729299068450928,1.0,0.06309396773576736
1.0,1.7810587882995605,1.0,-0.11324246227741241
1.0,1.7891831398010254,1.0,-0.11324246227741241
1.0,1.7973356246948242,-0.9136594533920288,-0.2546153664588928
1.0,1.8054330348968506,-0.9136594533920288,-0.2546153664588928
1.0,1.8135616779327393,-0.8987458348274231,-0.3239504396915436
1.0,1.8216934204101562,-0.8987458348274231,-0.3239504396915436
1.0,1.8298144340515137,-1.0,-0.3054107427597046
1.0,1.8379225730895996,-1.0,-0.3054107427597046
1.0,1.8460173606872559,-1.0,-0.20732519030570984
1.0,1.8541195392608643,-1.0,-0.20732519030570984
1.0,1.862213134765625,-1.0,-0.05852268636226654
1.0,1.8703269958496094,0.23687219619750977,-0.05852268636226654
1.0,1.8784348964691162,0.23687219619750977,0.10042715072631836
1.0,1.8866028785705566,0.23687219619750977,0.22837531566619873
1.0,1.8947093486785889,0.9521387815475464,0.22837531566619873
1.0,1.9028191566467285,0.9521387815475464,0.22837531566619873
1.0,1.9109406471252441,0.9521387815475464,0.29410111904144287
1.0,1.919088363647461,0.9444575905799866,0.28356191515922546
1.0,1.9272119998931885,0.9444575905799866,0.28356191515922546
1.0,1.9352855682373047,1.0,0.28356191515922546
1.0,1.9433789253234863,1.0,0.20233778655529022
1.0,1.9514796733856201,1.0,0.07306293398141861
1.0,1.9595913887023926,0.5333660244941711,0.07306293398141861
1.0,1.9677000045776367,0.5333660244941711,-0.07111389189958572
1.0,1.975830316543579,-1.0,-0.07111389189958572
1.0,1.9839441776275635,-1.0,-0.07111389189958572
1.0,1.992048740386963,-1.0,-0.19513259828090668
1.0,2.0001602172851562,-0.9553406834602356,-0.2704612612724304
1.0,2.0082767009735107,-0.9553406834602356,-0.2704612612724304
1.0,2.0163767337799072,-0.9532449841499329,-0.2813931405544281
1.0,2.0244903564453125,-0.9532449841499329,-0.2813931405544281
1.0,2.032926559448242,-0.6227043271064758,-0.2813931405544281
1.0,2.041044235229492,-0.6227043271064758,-0.2279062718153
1.0,2.0491535663604736,-0.6227043271064758,-0.12471142411231995
1.0,2.057274580001831,1.0,-0.12471142411231995
1.0,2.065363883972168,1.0,0.0029820550698786974
1.0,2.073460817337036,1.0,0.0029820550698786974
1.0,2.081573009490967,1.0,0.12575466930866241
1.0,2.089672327041626,1.0,0.12575466930866241
1.0,2.097766637802124,1.0,0.21674762666225433
1.0,2.10587739944458,1.0,0.21674762666225433
1.0,2.1156485080718994,0.9874382615089417,0.2573845684528351
1.0,2.123844861984253,0.9874382615089417,0.2573845684528351
1.0,2.1319499015808105,0.9874382615089417,0.24088424444198608
1.0,2.140059232711792,0.41639718413352966,0.24088424444198608
1.0,2.1482131481170654,0.41639718413352966,0.1729891449213028
1.0,2.156369209289551,-1.0,0.1729891449213028
1.0,2.1644954681396484,-1.0,0.06998609006404877
1.0,2.17262864112854,-1.0,0.06998609006404877
1.0,2.1807429790496826,-1.0,-0.04534141719341278
1.0,2.1888644695281982,-1.0,-0.04534141719341278
1.0,2.196974992752075,-1.0,-0.14881531894207
1.0,2.205080032348633,-1.0,-0.14881531894207
1.0,2.2131803035736084,-0.7938819527626038,-0.21988323330879211
1.0,2.22129225730896,-0.7938819527626038,-0.21988323330879211
1.0,2.229555606842041,-0.7938819527626038,-0.24554286897182465
1.0,2.2377772331237793,0.06819706410169601,-0.24554286897182465
1.0,2.245885133743286,0.06819706410169601,-0.22247281670570374
1.0,2.254005193710327,1.0,-0.22247281670570374
1.0,2.2621424198150635,1.0,-0.15709494054317474
1.0,2.270297050476074,1.0,-0.15709494054317474
1.0,2.278435230255127,1.0,-0.0637262761592865
1.0,2.2865734100341797,1.0,-0.0637262761592865
1.0,2.2947001457214355,1.0,0.03866150230169296
1.0,2.3028006553649902,1.0,0.03866150230169296
1.0,2.3109185695648193,1.0,0.13033831119537354
1.0,2.3191230297088623,1.0,0.13033831119537354
1.0,2.3272345066070557,1.0,0.19457414746284485
1.0,2.335397958755493,0.13260746002197266,0.19457414746284485
1.0,2.3435070514678955,0.13260746002197266,0.22056619822978973
1.0,2.3516201972961426,0.13260746002197266,0.2050619125366211
1.0,2.35976505279541,-1.0,0.2050619125366211
1.0,2.368194818496704,-1.0,0.2050619125366211
1.0,2.3762872219085693,-1.0,0.15248677134513855
1.0,2.384416341781616,-1.0,0.15248677134513855
1.0,2.3925299644470215,-1.0,0.0736793503165245
1.0,2.400655508041382,-1.0,-0.016426343470811844
1.0,2.4087905883789062,-1.0,-0.016426343470811844
1.0,2.4169416427612305,-1.0,-0.10167160630226135
1.0,2.4251317977905273,-1.0,-0.10167160630226135
1.0,2.4333090782165527,-0.6386165618896484,-0.16755053400993347
1.0,2.441462278366089,-0.6386165618896484,-0.16755053400993347
1.0,2.4495835304260254,-0.6386165618896484,-0.2035950869321823
1.0,2.4577016830444336,1.0,-0.2035950869321823
1.0,2.4658172130584717,1.0,-0.20490044355392456
1.0,2.473923444747925,1.0,-0.20490044355392456
1.0,2.4820356369018555,1.0,-0.1726059764623642
1.0,2.4901599884033203,1.0,-0.1726059764623642
1.0,2.498300313949585,1.0,-0.11333513259887695
1.0,2.5064172744750977,1.0,-0.11333513259887695
1.0,2.514519691467285,1.0,-0.03777554631233215
1.0,2.5226547718048096,1.0,-0.03777554631233215
1.0,2.5307581424713135,1.0,0.04129890352487564
1.0,2.538881301879883,1.0,0.04129890352487564
1.0,2.5470213890075684,1.0,0.11119771003723145
1.0,2.555201292037964,-0.6217339634895325,0.11119771003723145
1.0,2.563277006149292,-0.6217339634895325,0.1613135039806366
1.0,2.5713658332824707,-0.6217339634895325,0.1613135039806366
1.0,2.5794713497161865,-1.0,0.18465058505535126
1.0,2.587589740753174,-1.0,0.18465058505535126
1.0,2.595724105834961,-1.0,0.1786828190088272
1.0,2.6038413047790527,-1.0,0.1786828190088272
1.0,2.611937999725342,-1.0,0.14546462893486023
1.0,2.620048761367798,-1.0,0.14546462893486023
1.0,2.628166437149048,-1.0,0.09103990346193314
1.0,2.6363041400909424,-1.0,0.09103990346193314
1.0,2.644420862197876,-1.0,0.02429606020450592
1.0,2.6525251865386963,-1.0,0.02429606020450592
1.0,2.660621166229248,-0.7088042497634888,-0.04452003166079521
1.0,2.668726921081543,-0.7088042497634888,-0.04452003166079521
1.0,2.6768274307250977,0.9330432415008545,-0.10537733137607574
1.0,2.6849377155303955,0.9330432415008545,-0.10537733137607574
1.0,2.693037748336792,0.9330432415008545,-0.14989125728607178
1.0,2.70112943649292,1.0,-0.14989125728607178
1.0,2.709242105484009,1.0,-0.17241495847702026
1.0,2.717381000518799,1.0,-0.17241495847702026
1.0,2.7254931926727295,1.0,-0.1706654280424118
1.0,2.7336323261260986,1.0,-0.1706654280424118
1.0,2.7417490482330322,1.0,-0.14583341777324677
1.0,2.7498931884765625,1.0,-0.14583341777324677
1.0,2.7580504417419434,1.0,-0.10220701992511749
1.0,2.7661783695220947,1.0,-0.10220701992511749
1.0,2.7742879390716553,1.0,-0.04639849439263344
1.0,2.782421588897705,-0.07657942920923233,-0.04639849439263344
1.0,2.7905430793762207,-0.07657942920923233,0.013685762882232666
1.0,2.7986555099487305,-1.0,0.013685762882232666
1.0,2.8067739009857178,-1.0,0.06997360289096832
1.0,2.8148953914642334,-1.0,0.06997360289096832
1.0,2.823004961013794,-1.0,0.11529559642076492
1.0,2.831108570098877,-1.0,0.11529559642076492
1.0,2.839243173599243,-1.0,0.14425864815711975
1.0,2.84739351272583,-1.0,0.14425864815711975
1.0,2.855501890182495,-1.0,0.15382717549800873
1.0,2.8636345863342285,-1.0,0.15382717549800873
1.0,2.8717474937438965,-1.0,0.14356295764446259
1.0,2.8798580169677734,-1.0,0.14356295764446259
1.0,2.8879611492156982,-1.0,0.11551987379789352
1.0,2.8960697650909424,-1.0,0.11551987379789352
1.0,2.9041903018951416,-0.9340185523033142,0.07383651286363602
1.0,2.912285566329956,-0.9340185523033142,0.07383651286363602
1.0,2.9203903675079346,0.7848718762397766,0.02410190925002098
1.0,2.928497552871704,0.7848718762397766,0.02410190925002098
1.0,2.936594247817993,1.0,-0.027408955618739128
1.0,2.9446873664855957,1.0,-0.07452690601348877
1.0,2.952763080596924,1.0,-0.07452690601348877
1.0,2.960860252380371,1.0,-0.07452690601348877
1.0,2.9689958095550537,1.0,-0.11191016435623169
1.0,2.9771358966827393,1.0,-0.11191016435623169
1.0,2.9852921962738037,1.0,-0.13561686873435974
1.0,2.993417263031006,1.0,-0.14347350597381592
1.0,3.001526355743408,1.0,-0.14347350597381592
1.0,3.009643793106079,1.0,-0.13521386682987213
1.0,3.0177602767944336,1.0,-0.13521386682987213
1.0,3.025862216949463,1.0,-0.11239150166511536
1.0,3.033982992172241,1.0,-0.11239150166511536
1.0,3.0421199798583984,-0.0066922325640916824,-0.07809470593929291
1.0,3.050222158432007,-0.0066922325640916824,-0.07809470593929291
1.0,3.0583341121673584,-1.0,-0.03651208430528641
1.0,3.0664265155792236,-1.0,-0.03651208430528641
1.0,3.0745394229888916,-1.0,0.0075910319574177265
1.0,3.0826809406280518,-1.0,0.0075910319574177265
1.0,3.0907812118530273,-1.0,0.04942050203680992
1.0,3.098875045776367,-1.0,0.04942050203680992
1.0,3.1069672107696533,-1.0,0.08466479927301407
1.0,3.1150588989257812,-1.0,0.08466479927301407
1.0,3.1231658458709717,-1.0,0.10991831123828888
1.0,3.1312718391418457,-1.0,0.10991831123828888
1.0,3.139383316040039,-1.0,0.12297914922237396
1.0,3.147507429122925,-1.0,0.12297914922237396
1.0,3.1556203365325928,-1.0,0.12300103902816772
1.0,3.1637439727783203,-0.6461331248283386,0.12300103902816772
1.0,3.1718499660491943,-0.6461331248283386,0.11049577593803406
1.0,3.179947853088379,0.9586360454559326,0.11049577593803406
1.0,3.188056468963623,0.9586360454559326,0.08719811588525772
1.0,3.19616961479187,0.9586360454559326,0.08719811588525772
1.0,3.204293727874756,1.0,0.05581852048635483
1.0,3.2123968601226807,1.0,0.05581852048635483
1.0,3.2205088138580322,1.0,0.01971750147640705
1.0,3.2286312580108643,1.0,0.01971750147640705
1.0,3.2367513179779053,1.0,-0.017459994181990623
1.0,3.244877338409424,1.0,-0.017459994181990623
1.0,3.253009557723999,1.0,-0.052150893956422806
1.0,3.261138677597046,1.0,-0.052150893956422806
1.0,3.2692785263061523,1.0,-0.08120618760585785
1.0,3.277406930923462,1.0,-0.08120618760585785
1.0,3.2855422496795654,1.0,-0.10215975344181061
1.0,3.293652057647705,1.0,-0.10215975344181061
1.0,3.301758289337158,1.0,-0.11341440677642822
1.0,3.309858798980713,1.0,-0.11341440677642822
1.0,3.317965269088745,1.0,-0.11433415114879608
1.0,3.326066493988037,-0.40315139293670654,-0.11433415114879608
1.0,3.334167718887329,-0.40315139293670654,-0.10524248331785202
1.0,3.3422815799713135,-0.9112117886543274,-0.10524248331785202
1.0,3.35040545463562,-0.9112117886543274,-0.08733423054218292
1.0,3.358539342880249,-1.0,-0.08733423054218292
1.0,3.3666653633117676,-1.0,-0.0625167265534401
1.0,3.3747801780700684,-1.0,-0.0625167265534401
1.0,3.3828954696655273,-1.0,-0.03319904953241348
1.0,3.3910250663757324,-1.0,-0.03319904953241348
1.0,3.39920711517334,-1.0,-0.002053810516372323
1.0,3.40739369392395,-1.0,-0.002053810516372323
1.0,3.4155049324035645,-1.0,0.028226975351572037
1.0,3.4236183166503906,-1.0,0.028226975351572037
1.0,3.432271718978882,-1.0,0.05515982583165169
1.0,3.4403839111328125,-1.0,0.05515982583165169
1.0,3.448484420776367,-1.0,0.07666362822055817
1.0,3.4565956592559814,-1.0,0.07666362822055817
1.0,3.464709997177124,-0.5343494415283203,0.09120620042085648
1.0,3.472820520401001,-0.5343494415283203,0.09789509326219559
1.0,3.4809207916259766,1.0,0.09789509326219559
1.0,3.4890196323394775,1.0,0.09789509326219559
1.0,3.497119188308716,1.0,0.09650956839323044
1.0,3.5052177906036377,1.0,0.09650956839323044
1.0,3.513319730758667,1.0,0.08747720718383789
1.0,3.5214788913726807,1.0,0.07180000096559525
1.0,3.5295939445495605,1.0,0.07180000096559525
1.0,3.537682294845581,1.0,0.050941284745931625
1.0,3.5458076000213623,1.0,0.050941284745931625
1.0,3.553936243057251,1.0,0.050941284745931625
1.0,3.5620768070220947,1.0,0.026684904471039772
1.0,3.570206642150879,1.0,0.0009801239939406514
1.0,3.5783603191375732,1.0,0.0009801239939406514
1.0,3.5864908695220947,1.0,-0.024214668199419975
1.0,3.594623327255249,1.0,-0.024214668199419975
1.0,3.602755308151245,1.0,-0.04707779362797737
1.0,3.6108713150024414,1.0,-0.04707779362797737
1.0,3.6189842224121094,0.44993582367897034,-0.06604921817779541
1.0,3.6270925998687744,0.44993582367897034,-0.06604921817779541
1.0,3.6351852416992188,-1.0,-0.07992745190858841
1.0,3.6433026790618896,-1.0,-0.07992745190858841
1.0,3.6514246463775635,-1.0,-0.08793352544307709
1.0,3.6595304012298584,-1.0,-0.08793352544307709
1.0,3.667654514312744,-1.0,-0.08973997831344604
1.0,3.675791025161743,-1.0,-0.08973997831344604
1.0,3.6839308738708496,-1.0,-0.0854659453034401
1.0,3.6920700073242188,-1.0,-0.0854659453034401
1.0,3.7002172470092773,-1.0,-0.0756412073969841
1.0,3.7083778381347656,-1.0,-0.0756412073969841
1.0,3.716500997543335,-1.0,-0.061144888401031494
1.0,3.7246451377868652,-1.0,-0.061144888401031494
1.0,3.732755661010742,-1.0,-0.0431244932115078
1.0,3.7409067153930664,-1.0,-0.0431244932115078
1.0,3.7490265369415283,-1.0,-0.022902632132172585
1.0,3.7571299076080322,-1.0,-0.022902632132172585
1.0,3.7652246952056885,-1.0,-0.001878889393992722
1.0,3.77335524559021,-1.0,-0.001878889393992722
1.0,3.781485080718994,-1.0,0.01856611855328083
1.0,3.7896041870117188,-1.0,0.01856611855328083
1.0,3.7977101802825928,0.21030789613723755,0.03715869039297104
1.0,3.805846691131592,0.21030789613723755,0.03715869039297104
1.0,3.813966989517212,0.21030789613723755,0.052806682884693146
1.0,3.822087287902832,0.7776440978050232,0.052806682884693146
1.0,3.8302037715911865,0.7776440978050232,0.06465712934732437
1.0,3.838362216949463,1.0,0.06465712934732437
1.0,3.8464996814727783,1.0,0.07213451713323593
1.0,3.854621410369873,1.0,0.07213451713323593
1.0,3.8627431392669678,1.0,0.07495933771133423
1.0,3.8708572387695312,1.0,0.07495933771133423
1.0,3.878978729248047,1.0,0.07314648479223251
1.0,3.887112855911255,1.0,0.07314648479223251
1.0,3.895231246948242,1.0,0.06698669493198395
1.0,3.903374433517456,1.0,0.06698669493198395
1.0,3.9115099906921387,1.0,0.057011764496564865
1.0,3.9196083545684814,1.0,0.057011764496564865
1.0,3.927720308303833,1.0,0.04394872859120369
1.0,3.935819625854492,1.0,0.04394872859120369
1.0,3.943911552429199,1.0,0.028665445744991302
1.0,3.9520459175109863,1.0,0.028665445744991302
1.0,3.96016526222229,0.8219091296195984,0.012111986055970192
1.0,3.968313455581665,0.8219091296195984,0.012111986055970192
1.0,3.976464033126831,0.8219091296195984,-0.004738245625048876
1.0,3.984619140625,-0.24688440561294556,-0.004738245625048876
1.0,3.992750644683838,-0.24688440561294556,-0.02094472199678421
1.0,4.000888347625732,-1.0,-0.02094472199678421
1.0,4.0090203285217285,-1.0,-0.03564991429448128
1.0,4.017181396484375,-1.0,-0.04812118038535118
1.0,4.025331974029541,-1.0,-0.04812118038535118
1.0,4.033803939819336,-1.0,-0.05778292566537857
1.0,4.041962385177612,-1.0,-0.05778292566537857
1.0,4.050069570541382,-1.0,-0.06423761695623398
1.0,4.058176040649414,-1.0,-0.06423761695623398
1.0,4.0662877559661865,-1.0,-0.06727593392133713
1.0,4.074427366256714,-1.0,-0.06727593392133713
1.0,4.082529783248901,-1.0,-0.06687620282173157
1.0,4.0906147956848145,-1.0,-0.06687620282173157
1.0,4.098714113235474,-1.0,-0.06319388002157211
1.0,4.106833457946777,-1.0,-0.06319388002157211
1.0,4.114959478378296,-1.0,-0.05654263123869896
1.0,4.123118877410889,-1.0,-0.05654263123869896
1.0,4.1312339305877686,-1.0,-0.04736872762441635
1.0,4.139344215393066,-1.0,-0.04736872762441635
1.0,4.147461175918579,-1.0,-0.036220621317625046
1.0,4.1555962562561035,-1.0,-0.036220621317625046
1.0,4.1637303829193115,-0.3592049777507782,-0.023715367540717125
1.0,4.171855688095093,-0.3592049777507782,-0.023715367540717125
1.0,4.179962635040283,0.8170776963233948,-0.010504409670829773
1.0,4.188071966171265,0.8170776963233948,-0.010504409670829773
1.0,4.196211576461792,0.8170776963233948,0.002760162577033043
1.0,4.204339504241943,1.0,0.002760162577033043
1.0,4.21245002746582,1.0,0.015456774272024632
1.0,4.220563888549805,1.0,0.015456774272024632
1.0,4.2286882400512695,1.0,0.02702183648943901
1.0,4.2368011474609375,1.0,0.02702183648943901
1.0,4.244927644729614,1.0,0.036972470581531525
1.0,4.253043174743652,1.0,0.036972470581531525
1.0,4.261139154434204,1.0,0.04492386803030968
1.0,4.269232273101807,1.0,0.04492386803030968
1.0,4.277439832687378,1.0,0.050600793212652206
1.0,4.285583257675171,1.0,0.050600793212652206
1.0,4.293712854385376,1.0,0.05384315922856331
1.0,4.301823854446411,1.0,0.05384315922856331
1.0,4.309919357299805,1.0,0.05460624769330025
1.0,4.318130731582642,1.0,0.05460624769330025
1.0,4.326294183731079,1.0,0.05295534431934357
1.0,4.334437608718872,1.0,0.05295534431934357
1.0,4.342550992965698,1.0,0.049056313931941986
1.0,4.350661516189575,1.0,0.049056313931941986
1.0,4.35875678062439,1.0,0.04316217452287674
1.0,4.366870880126953,1.0,0.04316217452287674
1.0,4.374985933303833,1.0,0.03559688851237297
1.0,4.383118391036987,0.3647450804710388,0.03559688851237297
1.0,4.391273736953735,0.3647450804710388,0.026737434789538383
1.0,4.399385213851929,-0.6544296741485596,0.026737434789538383
1.0,4.407510995864868,-0.6544296741485596,0.01699485443532467
1.0,4.415634870529175,-1.0,0.01699485443532467
1.0,4.423753261566162,-1.0,0.006795142777264118
1.0,4.4318742752075195,-1.0,0.006795142777264118
1.0,4.4399943351745605,-1.0,-0.0034389530774205923
1.0,4.448134660720825,-1.0,-0.0034389530774205923
1.0,4.456289529800415,-1.0,-0.013304734602570534
1.0,4.464447021484375,-1.0,-0.013304734602570534
1.0,4.472600698471069,-1.0,-0.022434338927268982
1.0,4.480725288391113,-1.0,-0.022434338927268982
1.0,4.488888502120972,-1.0,-0.03050706349313259
1.0,4.497023820877075,-1.0,-0.03050706349313259
1.0,4.505159139633179,-1.0,-0.03725893422961235
1.0,4.513280868530273,-1.0,-0.042489293962717056
1.0,4.521398305892944,-1.0,-0.042489293962717056
1.0,4.529552698135376,-1.0,-0.046064700931310654
1.0,4.537689924240112,-1.0,-0.046064700931310654
1.0,4.545820474624634,-1.0,-0.046064700931310654
1.0,4.553961277008057,-1.0,-0.04791955649852753
1.0,4.562146902084351,-1.0,-0.04805454984307289
1.0,4.570282697677612,-1.0,-0.04805454984307289
1.0,4.578428268432617,-1.0,-0.04653249308466911
1.0,4.58656120300293,-1.0,-0.04653249308466911
1.0,4.594667673110962,-1.0,-0.04347214475274086
1.0,4.602782726287842,-0.7523004412651062,-0.04347214475274086
1.0,4.610889434814453,-0.7523004412651062,-0.03904066979885101
1.0,4.6189961433410645,0.5655345320701599,-0.03904066979885101
1.0,4.627106428146362,0.5655345320701599,-0.03344453126192093
1.0,4.635248422622681,0.5655345320701599,-0.03344453126192093
1.0,4.643399953842163,1.0,-0.026919955387711525
1.0,4.651513338088989,1.0,-0.026919955387711525
1.0,4.659618616104126,1.0,-0.019722897559404373
1.0,4.667739629745483,1.0,-0.019722897559404373
1.0,4.675875425338745,1.0,-0.01211897935718298
1.0,4.683971881866455,1.0,-0.01211897935718298
1.0,4.692072153091431,1.0,-0.004373960662633181
1.0,4.700175762176514,1.0,-0.004373960662633181
1.0,4.708271026611328,1.0,0.0032552334014326334
1.0,4.716403245925903,1.0,0.0032552334014326334
1.0,4.72450590133667,1.0,0.01052844524383545
1.0,4.7326154708862305,1.0,0.01052844524383545
1.0,4.7407426834106445,1.0,0.017229150980710983
1.0,4.748858213424683,1.0,0.017229150980710983
1.0,4.756978988647461,1.0,0.02317000739276409
1.0,4.765190362930298,1.0,0.02317000739276409
1.0,4.773287057876587,1.0,0.028197063133120537
1.0,4.781430006027222,1.0,0.028197063133120537
1.0,4.789579153060913,1.0,0.03219256550073624
1.0,4.797783851623535,0.992047905921936,0.03219256550073624
1.0,4.805928468704224,0.992047905921936,0.03507646545767784
1.0,4.8140177726745605,0.992047905921936,0.03507646545767784
1.0,4.822124719619751,0.8549256920814514,0.03680652379989624
1.0,4.8302671909332275,0.8549256920814514,0.03680652379989624
1.0,4.838391065597534,0.6219635009765625,0.03737729787826538
1.0,4.846496820449829,0.6219635009765625,0.03737729787826538
1.0,4.8546037673950195,0.6219635009765625,0.036818090826272964
1.0,4.862709999084473,-0.3765813708305359,0.036818090826272964
1.0,4.870808362960815,-0.3765813708305359,0.035189855843782425
1.0,4.878924608230591,-1.0,0.035189855843782425
1.0,4.887033462524414,-1.0,0.03258151188492775
1.0,4.895129919052124,-1.0,0.03258151188492775
1.0,4.9032981395721436,-1.0,0.029105564579367638
1.0,4.91139817237854,-1.0,0.029105564579367638
1.0,4.919504165649414,-1.0,0.024893445894122124
1.0,4.927621364593506,-1.0,0.024893445894122124
1.0,4.935729265213013,-1.0,0.02009059116244316
1.0,4.943821430206299,-1.0,0.02009059116244316
1.0,4.951956033706665,-1.0,0.014851423911750317
1.0,4.960136413574219,-1.0,0.014851423911750317
1.0,4.968271970748901,-1.0,0.009334498085081577
1.0,4.9763712882995605,-1.0,0.009334498085081577
1.0,4.98445463180542,-1.0,0.0036978821735829115
1.0,4.992611885070801,-1.0,0.0036978821735829115
1.0,5.000720024108887,-1.0,-0.0019051542039960623
1.0,5.008833885192871,-1.0,-0.0019051542039960623
1.0,5.016925096511841,-1.0,-0.007329993881285191
1.0,5.025012493133545,-1.0,-0.007329993881285191
1.0,5.033100128173828,-1.0,-0.01244400255382061
1.0,5.0411741733551025,-1.0,-0.01244400255382061
1.0,5.049276828765869,-1.0,-0.01712929829955101
1.0,5.057374715805054,-1.0,-0.01712929829955101
1.0,5.065464019775391,-1.0,-0.021284937858581543
1.0,5.073553562164307,-1.0,-0.021284937858581543
1.0,5.081651449203491,-1.0,-0.024828482419252396
1.0,5.089769601821899,-1.0,-0.024828482419252396
1.0,5.0978684425354,-1.0,-0.02769695408642292
1.0,5.1059653759002686,-1.0,-0.029847264289855957
1.0,5.114081382751465,-1.0,-0.029847264289855957
1.0,5.1222007274627686,-0.3521201014518738,-0.029847264289855957
1.0,5.130284547805786,-0.3521201014518738,-0.031256064772605896
1.0,5.138387203216553,-0.3521201014518738,-0.031256064772605896
1.0,5.146472454071045,0.5111101865768433,-0.03191906586289406
1.0,5.154561996459961,0.5111101865768433,-0.031850047409534454
1.0,5.162652492523193,1.0,-0.031850047409534454
1.0,5.170754432678223,1.0,-0.031079363077878952
1.0,5.178845643997192,1.0,-0.031079363077878952
1.0,5.1869378089904785,1.0,-0.029652196913957596
1.0,5.195044755935669,1.0,-0.029652196913957596
1.0,5.2031683921813965,1.0,-0.02762662246823311
1.0,5.211280822753906,1.0,-0.02762662246823311
1.0,5.219377517700195,1.0,-0.025071414187550545
1.0,5.22747540473938,1.0,-0.025071414187550545
1.0,5.235586881637573,1.0,-0.02206382155418396
1.0,5.243708848953247,1.0,-0.02206382155418396
1.0,5.251818895339966,1.0,-0.01868727058172226
1.0,5.259915351867676,1.0,-0.01868727058172226
1.0,5.268109321594238,1.0,-0.015029137954115868
1.0,5.2762181758880615,1.0,-0.015029137954115868
1.0,5.284340143203735,1.0,-0.011178472079336643
1.0,5.292445421218872,1.0,-0.011178472079336643
1.0,5.3005523681640625,1.0,-0.011178472079336643
1.0,5.308647632598877,1.0,-0.007224002853035927
1.0,5.316737651824951,1.0,-0.007224002853035927
1.0,5.324835300445557,1.0,-0.0032521861139684916
1.0,5.332939863204956,1.0,-0.0032521861139684916
1.0,5.341028451919556,1.0,0.0006545380456373096
1.0,5.349126577377319,1.0,0.0006545380456373096
1.0,5.357244968414307,1.0,0.004419249482452869
1.0,5.365370512008667,1.0,0.004419249482452869
1.0,5.373477935791016,1.0,0.007971837185323238
1.0,5.381612300872803,1.0,0.007971837185323238
1.0,5.389724254608154,1.0,0.011250059120357037
1.0,5.397876501083374,1.0,0.011250059120357037
1.0,5.406057596206665,1.0,0.014200328849256039
1.0,5.414187669754028,1.0,0.014200328849256039
1.0,5.422293663024902,1.0,0.016778316348791122
1.0,5.430436372756958,0.8806429505348206,0.016778316348791122
1.0,5.438589572906494,0.8806429505348206,0.0189492367208004
1.0,5.446716070175171,-0.16150180995464325,0.0189492367208004
1.0,5.454841136932373,-0.16150180995464325,0.020687999203801155
1.0,5.462968111038208,-0.16150180995464325,0.020687999203801155
1.0,5.4710798263549805,-0.7725260257720947,0.02197909541428089
1.0,5.479207754135132,-0.7725260257720947,0.02197909541428089
1.0,5.487283229827881,-1.0,0.022816313430666924
1.0,5.495391845703125,-1.0,0.022816313430666924
1.0,5.503492593765259,-1.0,0.023202287033200264
1.0,5.511694431304932,-1.0,0.023202287033200264
1.0,5.519903182983398,-1.0,0.023147935047745705
1.0,5.528013229370117,-1.0,0.02267167530953884
1.0,5.536113500595093,-1.0,0.02267167530953884
1.0,5.54421854019165,-1.0,0.02267167530953884
1.0,5.552341461181641,-1.0,0.02179870195686817
1.0,5.560451984405518,-1.0,0.020560067147016525
1.0,5.56857967376709,-1.0,0.020560067147016525
1.0,5.576680660247803,-1.0,0.01899176463484764
1.0,5.584772825241089,-1.0,0.01899176463484764
1.0,5.59288477897644,-1.0,0.01899176463484764
1.0,5.601016044616699,-1.0,0.01713372766971588
1.0,5.60914945602417,-1.0,0.015028943307697773
1.0,5.617295503616333,-1.0,0.015028943307697773
1.0,5.62540864944458,-1.0,0.012722471728920937
1.0,5.633508682250977,-1.0,0.012722471728920937
1.0,5.641616106033325,-1.0,0.010260503739118576
1.0,5.649733066558838,-1.0,0.010260503739118576
1.0,5.657842397689819,-1.0,0.007689530961215496
1.0,5.665967702865601,-1.0,0.007689530961215496
1.0,5.674079895019531,-1.0,0.005055503454059362
1.0,5.682186603546143,-1.0,0.005055503454059362
1.0,5.6902899742126465,-1.0,0.0024030806962400675
1.0,5.698408603668213,-1.0,0.0024030806962400675
1.0,5.706505537033081,-1.0,-0.00022502268257085234
1.0,5.714716196060181,-1.0,-0.00022502268257085234
1.0,5.722934246063232,-1.0,-0.002788643818348646
1.0,5.731045246124268,-1.0,-0.002788643818348646
1.0,5.739143371582031,-1.0,-0.0052506690844893456
1.0,5.747276306152344,-1.0,-0.0052506690844893456
1.0,5.755398988723755,-1.0,-0.007577451411634684
1.0,5.763508319854736,-1.0,-0.007577451411634684
1.0,5.7716147899627686,-1.0,-0.009739152155816555
1.0,5.779728174209595,-1.0,-0.009739152155816555
1.0,5.787840843200684,-0.604927122592926,-0.01170995645225048
1.0,5.795950412750244,-0.604927122592926,-0.01170995645225048
1.0,5.804069519042969,-0.604927122592926,-0.013468267396092415
1.0,5.8121795654296875,0.29530835151672363,-0.013468267396092415
1.0,5.820276260375977,0.29530835151672363,-0.014996764250099659
1.0,5.82837700843811,0.6789780259132385,-0.014996764250099659
1.0,5.836523056030273,0.6789780259132385,-0.016282422468066216
1.0,5.844873428344727,0.6789780259132385,-0.016282422468066216
1.0,5.853048086166382,0.9779172539710999,-0.0173164252191782
1.0,5.861141204833984,0.9779172539710999,-0.0173164252191782
1.0,5.869236707687378,1.0,-0.018094083294272423
1.0,5.877363681793213,1.0,-0.018094083294272423
1.0,5.885467529296875,1.0,-0.018614601343870163
1.0,5.893580675125122,1.0,-0.018614601343870163
1.0,5.901707410812378,1.0,-0.018880896270275116
1.0,5.909817457199097,1.0,-0.018880896270275116
1.0,5.917914390563965,1.0,-0.018899323418736458
1.0,5.926082134246826,1.0,-0.018899323418736458
1.0,5.934207439422607,1.0,-0.018679311498999596
1.0,5.942334890365601,1.0,-0.018679311498999596
1.0,5.950581789016724,1.0,-0.018233131617307663
1.0,5.958784103393555,1.0,-0.018233131617307663
1.0,5.966899156570435,1.0,-0.017575528472661972
1.0,5.975010871887207,1.0,-0.017575528472661972
1.0,5.983099699020386,1.0,-0.016723332926630974
1.0,5.991274833679199,1.0,-0.016723332926630974
1.0,5.999422550201416,1.0,-0.01569507271051407
1.5,3.0994415283203125e-06,1.0,-0.01569507271051407
1.5,0.008113861083984375,1.0,-0.014510714448988438
1.5,0.016237258911132812,1.0,-0.014510714448988438
1.5,0.024350643157958984,1.0,-0.013191234320402145
1.5,0.0324709415435791,1.0,-0.013191234320402145
1.5,0.040566205978393555,1.0,-0.01175827905535698
1.5,0.048684120178222656,1.0,-0.01175827905535698
1.5,0.0568234920501709,1.0,-0.010233862325549126
1.5,0.06492257118225098,1.0,-0.008640033192932606
1.5,0.07303977012634277,1.0,-0.008640033192932606
1.5,0.08114027976989746,1.0,-0.008640033192932606
1.5,0.08922815322875977,1.0,-0.006998599972575903
1.5,0.09734034538269043,1.0,-0.006998599972575903
1.5,0.10545706748962402,1.0,-0.005330863408744335
1.5,0.1135704517364502,1.0,-0.0036573633551597595
1.5,0.12168264389038086,1.0,-0.0036573633551597595
1.5,0.12978625297546387,1.0,-0.0019976887851953506
1.5,0.13788723945617676,1.0,-0.0019976887851953506
1.5,0.14599394798278809,1.0,-0.0019976887851953506
1.5,0.15411734580993652,1.0,-0.0003702679241541773
1.5,0.16222310066223145,0.9570846557617188,0.0012077699648216367
1.5,0.17031025886535645,0.9570846557617188,0.0012077699648216367
1.5,0.1783919334411621,0.9570846557617188,0.002720735501497984
1.5,0.18648624420166016,0.47643837332725525,0.002720735501497984
1.5,0.19462823867797852,0.47643837332725525,0.002720735501497984
1.5,0.2027263641357422,-0.24694512784481049,0.004154473543167114
1.5,0.21082830429077148,-0.24694512784481049,0.005496447440236807
1.5,0.21892976760864258,-0.24694512784481049,0.005496447440236807
1.5,0.22702860832214355,-0.6739194989204407,0.006735779345035553
1.5,0.23512506484985352,-0.6739194989204407,0.006735779345035553
1.5,0.24322271347045898,-0.9154252409934998,0.00786328874528408
1.5,0.25132226943969727,-0.9154252409934998,0.00786328874528408
1.5,0.25940442085266113,-0.9154252409934998,0.00887148268520832
1.5,0.2674996852874756,-1.0,0.00887148268520832
1.5,0.2756054401397705,-1.0,0.009754550643265247
1.5,0.28367185592651367,-1.0,0.009754550643265247
1.5,0.2918052673339844,-1.0,0.01050831750035286
1.5,0.2999296188354492,-1.0,0.01050831750035286
1.5,0.3080577850341797,-1.0,0.011130213737487793
1.5,0.31618380546569824,-1.0,0.011130213737487793
1.5,0.3242943286895752,-1.0,0.01161917019635439
1.5,0.33240437507629395,-1.0,0.01161917019635439
1.5,0.34050917625427246,-1.0,0.011975571513175964
1.5,0.3486204147338867,-1.0,0.011975571513175964
1.5,0.35672736167907715,-1.0,0.01220114715397358
1.5,0.36482906341552734,-1.0,0.01220114715397358
1.5,0.3729727268218994,-1.0,0.012298887595534325
1.5,0.38112449645996094,-1.0,0.012298887595534325
1.5,0.3892800807952881,-1.0,0.012272910214960575
1.5,0.3973982334136963,-1.0,0.012272910214960575
1.5,0.4055044651031494,-1.0,0.012128371745347977
1.5,0.4136018753051758,-1.0,0.012128371745347977
1.5,0.42174386978149414,-1.0,0.011871350929141045
1.5,0.42990803718566895,-1.0,0.011871350929141045
1.5,0.43801164627075195,-1.0,0.0115087004378438
1.5,0.44611692428588867,-1.0,0.0115087004378438
1.5,0.4542222023010254,-1.0,0.01104797050356865
1.5,0.4623448848724365,-1.0,0.01104797050356865
1.5,0.4705080986022949,-1.0,0.010497267358005047
1.5,0.47862863540649414,-1.0,0.010497267358005047
1.5,0.48673582077026367,-1.0,0.009865153580904007
1.5,0.49486541748046875,-1.0,0.009865153580904007
1.5,0.5029821395874023,-1.0,0.009160496294498444
1.5,0.5110971927642822,-1.0,0.009160496294498444
1.5,0.5192220211029053,-1.0,0.008392422460019588
1.5,0.52734375,-1.0,0.008392422460019588
1.5,0.5355370044708252,-1.0,0.007570169400423765
1.5,0.5436584949493408,-1.0,0.007570169400423765
1.5,0.5517492294311523,-1.0,0.006703007034957409
1.5,0.5599281787872314,-1.0,0.006703007034957409
1.5,0.568049430847168,-1.0,0.005800142884254456
1.5,0.5761475563049316,-1.0,0.005800142884254456
1.5,0.5842792987823486,-1.0,0.004870641510933638
1.5,0.5924525260925293,-1.0,0.004870641510933638
1.5,0.6005773544311523,-1.0,0.003923347219824791
1.5,0.6086916923522949,-1.0,0.003923347219824791
1.5,0.6167962551116943,-1.0,0.002966816769912839
1.5,0.6249072551727295,-0.808211088180542,0.002966816769912839
1.5,0.6330292224884033,-0.808211088180542,0.0020092602353543043
1.5,0.6411352157592773,-0.808211088180542,0.0020092602353543043
1.5,0.6492691040039062,-0.1291038542985916,0.001058483379893005
1.5,0.6573851108551025,-0.1291038542985916,0.001058483379893005
1.5,0.6654908657073975,0.40328413248062134,0.0001218450051965192
1.5,0.6736044883728027,0.40328413248062134,0.0001218450051965192
1.5,0.6817336082458496,0.40328413248062134,-0.0007937821210362017
1.5,0.6898646354675293,1.0,-0.0007937821210362017
1.5,0.6979811191558838,1.0,-0.0016820412129163742
1.5,0.7061028480529785,1.0,-0.0016820412129163742
1.5,0.7142214775085449,1.0,-0.00253711873665452
1.5,0.7223491668701172,1.0,-0.00253711873665452
1.5,0.7304601669311523,1.0,-0.003353757318109274
1.5,0.7385752201080322,1.0,-0.0041272686794400215
1.5,0.7466869354248047,1.0,-0.0041272686794400215
1.5,0.7548444271087646,1.0,-0.0041272686794400215
1.5,0.7629590034484863,1.0,-0.004853545688092709
1.5,0.7710714340209961,1.0,-0.004853545688092709
1.5,0.7791852951049805,1.0,-0.005529050715267658
1.5,0.7873034477233887,1.0,-0.006150811444967985
1.5,0.7954494953155518,1.0,-0.006150811444967985
1.5,0.8035757541656494,1.0,-0.006150811444967985
1.5,0.8116912841796875,1.0,-0.006716423202306032
1.5,0.8198115825653076,1.0,-0.007224026136100292
1.5,0.8279447555541992,1.0,-0.007224026136100292
1.5,0.8360772132873535,1.0,-0.007672286592423916
1.5,0.8441929817199707,1.0,-0.007672286592423916
1.5,0.8523368835449219,1.0,-0.008060379885137081
1.5,0.8604750633239746,1.0,-0.008060379885137081
1.5,0.8685746192932129,1.0,-0.008387960493564606
1.5,0.8766975402832031,1.0,-0.008387960493564606
1.5,0.8848435878753662,1.0,-0.008655143901705742
1.5,0.8929634094238281,1.0,-0.008655143901705742
1.5,0.9012901782989502,1.0,-0.008862472139298916
1.5,0.9094464778900146,1.0,-0.008862472139298916
1.5,0.9175662994384766,1.0,-0.009010889567434788
1.5,0.9256815910339355,1.0,-0.009010889567434788
1.5,0.9337866306304932,1.0,-0.009101704694330692
1.5,0.9420335292816162,1.0,-0.009101704694330692
1.5,0.950211763381958,1.0,-0.00913656409829855
1.5,0.9583189487457275,1.0,-0.00913656409829855
1.5,0.9664273262023926,1.0,-0.009117420762777328
1.5,0.9745345115661621,1.0,-0.009117420762777328
1.5,0.982637882232666,1.0,-0.009046493098139763
1.5,0.9907300472259521,1.0,-0.009046493098139763
1.5,0.9988298416137695,1.0,-0.008926251903176308
1.5,1.00693678855896,1.0,-0.008926251903176308
1.5,1.015056848526001,1.0,-0.008759355172514915
1.5,1.0231704711914062,1.0,-0.008759355172514915
1.5,1.0313081741333008,1.0,-0.008548662066459656
1.5,1.0394279956817627,1.0,-0.008548662066459656
1.5,1.0475196838378906,1.0,-0.008297157473862171
1.5,1.0556185245513916,1.0,-0.008297157473862171
1.5,1.0637614727020264,1.0,-0.008007952012121677
1.5,1.0718979835510254,1.0,-0.008007952012121677
1.5,1.080014944076538,1.0,-0.00768424104899168
1.5,1.0881283283233643,1.0,-0.00768424104899168
1.5,1.096226453781128,1.0,-0.007329277694225311
1.5,1.104506015777588,1.0,-0.007329277694225311
1.5,1.1126792430877686,1.0,-0.00694635696709156
1.5,1.120859146118164,1.0,-0.00694635696709156
1.5,1.1290230751037598,1.0,-0.006538777612149715
1.5,1.1372032165527344,1.0,-0.006538777612149715
1.5,1.1453444957733154,0.8078808188438416,-0.006109833717346191
1.5,1.1534678936004639,0.8078808188438416,-0.006109833717346191
1.5,1.161588430404663,0.8078808188438416,-0.005662785843014717
1.5,1.169734001159668,0.5435823202133179,-0.005662785843014717
1.5,1.1778504848480225,0.5435823202133179,-0.00520083075389266
1.5,1.1859662532806396,0.12303929775953293,-0.00520083075389266
1.5,1.1941285133361816,0.12303929775953293,-0.0047271060757339
1.5,1.2022597789764404,0.12303929775953293,-0.0047271060757339
1.5,1.2103781700134277,-0.2475670874118805,-0.004244664218276739
1.5,1.2185063362121582,-0.2475670874118805,-0.004244664218276739
1.5,1.2266263961791992,-0.7977043390274048,-0.0037564558442682028
1.5,1.2347302436828613,-0.7977043390274048,-0.0037564558442682028
1.5,1.2428503036499023,-0.7977043390274048,-0.0032653158996254206
1.5,1.2509799003601074,-1.0,-0.0032653158996254206
1.5,1.2590906620025635,-1.0,-0.002773958258330822
1.5,1.267218828201294,-1.0,-0.002284964546561241
1.5,1.2753586769104004,-1.0,-0.002284964546561241
1.5,1.2834980487823486,-1.0,-0.0018007747130468488
1.5,1.2916302680969238,-1.0,-0.0018007747130468488
1.5,1.2997477054595947,-1.0,-0.0018007747130468488
1.5,1.307882308959961,-1.0,-0.0013236819067969918
1.5,1.3160169124603271,-1.0,-0.0008558261324651539
1.5,1.3241498470306396,-1.0,-0.0008558261324651539
1.5,1.332280158996582,-1.0,-0.0003991906123701483
1.5,1.3404107093811035,-1.0,-0.0003991906123701483
1.5,1.3485593795776367,-1.0,4.439858821569942e-05
1.5,1.356675386428833,-1.0,4.439858821569942e-05
1.5,1.3648159503936768,-1.0,0.00047327569336630404
1.5,1.3729357719421387,-1.0,0.00047327569336630404
1.5,1.381040096282959,-1.0,0.000885935383848846
1.5,1.3891575336456299,-1.0,0.000885935383848846
1.5,1.3972992897033691,-1.0,0.0012810315238311887
1.5,1.405423879623413,-1.0,0.0012810315238311887
1.5,1.4135234355926514,-1.0,0.001657373970374465
1.5,1.422799825668335,-1.0,0.001657373970374465
1.5,1.4310057163238525,-1.0,0.00201393011957407
1.5,1.439239501953125,-1.0,0.00201393011957407
1.5,1.4473516941070557,-1.0,0.0023498167283833027
1.5,1.455467939376831,-1.0,0.0023498167283833027
1.5,1.4635772705078125,-1.0,0.0026642996817827225
1.5,1.4716825485229492,-1.0,0.0026642996817827225
1.5,1.4797992706298828,-1.0,0.002956787357106805
1.5,1.4879202842712402,-1.0,0.002956787357106805
1.5,1.4960529804229736,-1.0,0.0032268245704472065
1.5,1.5041873455047607,-1.0,0.0032268245704472065
1.5,1.5123224258422852,-1.0,0.0034740904811769724
1.5,1.5204672813415527,-1.0,0.0034740904811769724
1.5,1.5285727977752686,-1.0,0.003698387648910284
1.5,1.5366857051849365,-1.0,0.003698387648910284
1.5,1.5448250770568848,-1.0,0.0038996399380266666
1.5,1.5529468059539795,-1.0,0.0038996399380266666
1.5,1.5610613822937012,-1.0,0.004077892284840345
1.5,1.5691611766815186,-1.0,0.004077892284840345
1.5,1.577265739440918,-1.0,0.004233276937156916
1.5,1.585387945175171,-1.0,0.004233276937156916
1.5,1.5935168266296387,-1.0,0.004366034641861916
1.5,1.6016385555267334,-1.0,0.004366034641861916
1.5,1.6097345352172852,-1.0,0.00447650533169508
1.5,1.6178550720214844,-1.0,0.00447650533169508
1.5,1.62595796585083,-1.0,0.004565107170492411
1.5,1.6340765953063965,-1.0,0.004565107170492411
1.5,1.6422076225280762,-1.0,0.004632342606782913
1.5,1.6503276824951172,-1.0,0.004632342606782913
1.5,1.6584563255310059,-1.0,0.004678777419030666
1.5,1.6665732860565186,-1.0,0.004678777419030666
1.5,1.6747300624847412,-1.0,0.004705046769231558
1.5,1.68290114402771,-1.0,0.004705046769231558
1.5,1.6910362243652344,-1.0,0.0047118403017520905
1.5,1.6991486549377441,-1.0,0.0047118403017520905
1.5,1.7072925567626953,-1.0,0.004699902143329382
1.5,1.715456485748291,-1.0,0.004699902143329382
1.5,1.7235867977142334,-1.0,0.004670021124184132
1.5,1.7317137718200684,-1.0,0.004623015411198139
1.5,1.7398359775543213,-1.0,0.004623015411198139
1.5,1.7479777336120605,-1.0,0.004623015411198139
1.5,1.7564427852630615,-1.0,0.004559743218123913
1.5,1.764803409576416,-1.0,0.004481090232729912
1.5,1.7729473114013672,-1.0,0.004481090232729912
1.5,1.7810628414154053,-1.0,0.004387956578284502
1.5,1.7892217636108398,-1.0,0.004387956578284502
1.5,1.7973592281341553,-1.0,0.004281260073184967
1.5,1.8054792881011963,-1.0,0.004281260073184967
1.5,1.8136050701141357,-1.0,0.004161932040005922
1.5,1.8217313289642334,-1.0,0.004161932040005922
1.5,1.8298375606536865,-1.0,0.004030903335660696
1.5,1.8379442691802979,-1.0,0.004030903335660696
1.5,1.846092700958252,-1.0,0.003889110404998064
1.5,1.85420560836792,-1.0,0.003889110404998064
1.5,1.8623473644256592,-1.0,0.0037374862004071474
1.5,1.8704819679260254,-1.0,0.0037374862004071474
1.5,1.8786301612854004,-1.0,0.003576956456527114
1.5,1.8868062496185303,-1.0,0.003576956456527114
1.5,1.8949174880981445,-0.9230854511260986,0.0034084334038197994
1.5,1.9030580520629883,-0.9230854511260986,0.0034084334038197994
1.5,1.9111812114715576,-0.6122349500656128,0.003232819028198719
1.5,1.9192883968353271,-0.6122349500656128,0.003232819028198719
1.5,1.9273886680603027,-0.6122349500656128,0.0030509980861097574
1.5,1.9354968070983887,-0.06729307770729065,0.0030509980861097574
1.5,1.943589210510254,-0.06729307770729065,0.0028638315852731466
1.5,1.9517183303833008,0.29688170552253723,0.0028638315852731466
1.5,1.9598426818847656,0.29688170552253723,0.00267216470092535
1.5,1.9679527282714844,0.29688170552253723,0.00267216470092535
1.5,1.976059913635254,0.6983999013900757,0.0024768116418272257
1.5,1.984187126159668,0.6983999013900757,0.0024768116418272257
1.5,1.9923574924468994,0.9346631169319153,0.0022785658948123455
1.5,2.0004982948303223,0.9346631169319153,0.0022785658948123455
1.5,2.00862455368042,1.0,0.002078188816085458
1.5,2.0168135166168213,1.0,0.002078188816085458
1.5,2.024916172027588,1.0,0.0018764164997264743
1.5,2.033033609390259,1.0,0.0018764164997264743
1.5,2.0411739349365234,1.0,0.0016739509301260114
1.5,2.049295663833618,1.0,0.0016739509301260114
1.5,2.057481050491333,1.0,0.0014714640565216541
1.5,2.065603017807007,1.0,0.0014714640565216541
1.5,2.073728322982788,1.0,0.0012695941841229796
1.5,2.0818657875061035,1.0,0.0012695941841229796
1.5,2.0900015830993652,1.0,0.0010689476039260626
1.5,2.0981221199035645,1.0,0.0010689476039260626
1.5,2.106218099594116,1.0,0.0008700972539372742
1.5,2.1143276691436768,1.0,0.0008700972539372742
1.5,2.1224365234375,1.0,0.0006735798087902367
1.5,2.130542516708374,1.0,0.0006735798087902367
1.5,2.138690948486328,1.0,0.0004799005400855094
1.5,2.1468119621276855,1.0,0.0004799005400855094
1.5,2.1549129486083984,1.0,0.00028952991124242544
1.5,2.1630234718322754,1.0,0.00028952991124242544
1.5,2.1711349487304688,1.0,0.00010290426871506497
1.5,2.179241180419922,1.0,0.00010290426871506497
1.5,2.1873724460601807,1.0,-7.957274647196755e-05
1.5,2.195535182952881,1.0,-7.957274647196755e-05
1.5,2.2036712169647217,1.0,-0.0002575310645624995
1.5,2.211825370788574,1.0,-0.0002575310645624995
1.5,2.219942092895508,1.0,-0.000430632964707911
1.5,2.2280845642089844,1.0,-0.000430632964707911
1.5,2.236241340637207,1.0,-0.0005985723691992462
1.5,2.2443735599517822,1.0,-0.0007610745378769934
1.5,2.252488851547241,1.0,-0.0007610745378769934
1.5,2.260607957839966,1.0,-0.0007610745378769934
1.5,2.2687392234802246,1.0,-0.000917895813472569
1.5,2.2768561840057373,1.0,-0.000917895813472569
1.5,2.284965753555298,1.0,-0.001068820129148662
1.5,2.2930946350097656,1.0,-0.0012136618606746197
1.5,2.301199436187744,1.0,-0.0012136618606746197
1.5,2.3093011379241943,1.0,-0.0012136618606746197
1.5,2.3175270557403564,1.0,-0.0013522624503821135
1.5,2.3256301879882812,1.0,-0.0013522624503821135
1.5,2.333733320236206,1.0,-0.0014844891848042607
1.5,2.3418424129486084,1.0,-0.001610235427506268
1.5,2.3502092361450195,1.0,-0.001610235427506268
1.5,2.358654022216797,1.0,-0.001729419338516891
1.5,2.366741895675659,1.0,-0.001729419338516891
1.5,2.374846935272217,1.0,-0.0018419816624373198
1.5,2.382951021194458,1.0,-0.0018419816624373198
1.5,2.391094207763672,1.0,-0.001947884913533926
1.5,2.399294376373291,1.0,-0.001947884913533926
1.5,2.407438039779663,1.0,-0.002047118032351136
1.5,2.4155631065368652,1.0,-0.002047118032351136
1.5,2.4236817359924316,1.0,-0.0021396796219050884
1.5,2.4318149089813232,1.0,-0.0021396796219050884
1.5,2.4399399757385254,1.0,-0.0022255948279052973
1.5,2.448087453842163,1.0,-0.0022255948279052973
1.5,2.4562485218048096,1.0,-0.002304905094206333
1.5,2.464386224746704,1.0,-0.002304905094206333
1.5,2.4724948406219482,1.0,-0.0023776672314852476
1.5,2.4806132316589355,1.0,-0.0023776672314852476
1.5,2.4887328147888184,1.0,-0.002443954348564148
1.5,2.4968371391296387,1.0,-0.002443954348564148
1.5,2.505549430847168,1.0,-0.0025038551539182663
1.5,2.5137476921081543,1.0,-0.0025038551539182663
1.5,2.5218589305877686,1.0,-0.0025574672035872936
1.5,2.529977321624756,1.0,-0.0025574672035872936
1.5,2.5381152629852295,1.0,-0.002604904817417264
1.5,2.546257495880127,1.0,-0.002604904817417264
1.5,2.554405450820923,1.0,-0.0026462916284799576
1.5,2.5625131130218506,1.0,-0.0026462916284799576
1.5,2.5706303119659424,1.0,-0.0026817612815648317
1.5,2.5787386894226074,1.0,-0.0026817612815648317
1.5,2.5868968963623047,1.0,-0.0027114576660096645
1.5,2.595039129257202,1.0,-0.0027114576660096645
1.5,2.603224992752075,1.0,-0.0027355330530554056
1.5,2.611333131790161,1.0,-0.0027355330530554056
1.5,2.6194567680358887,1.0,-0.002754145534709096
1.5,2.627592086791992,1.0,-0.002754145534709096
1.5,2.635751247406006,1.0,-0.002767461584880948
1.5,2.643868923187256,1.0,-0.002767461584880948
1.5,2.6519832611083984,1.0,-0.0027756502386182547
1.5,2.6600914001464844,1.0,-0.0027756502386182547
1.5,2.668205976486206,1.0,-0.0027788898441940546
1.5,2.676342248916626,1.0,-0.0027788898441940546
1.5,2.6844706535339355,1.0,-0.0027773596812039614
1.5,2.6925904750823975,1.0,-0.0027773596812039614
1.5,2.700697660446167,1.0,-0.0027712422888725996
1.5,2.7088263034820557,1.0,-0.0027712422888725996
1.5,2.716945171356201,1.0,-0.0027607236988842487
1.5,2.7250466346740723,1.0,-0.0027607236988842487
1.5,2.733146905899048,1.0,-0.0027459925040602684
1.5,2.7412636280059814,1.0,-0.0027272377628833055
1.5,2.7493603229522705,1.0,-0.0027272377628833055
1.5,2.757452964782715,1.0,-0.0027272377628833055
1.5,2.765563488006592,1.0,-0.0027046503964811563
1.5,2.773716926574707,1.0,-0.0027046503964811563
1.5,2.7818422317504883,1.0,-0.0026784189976751804
1.5,2.7899727821350098,1.0,-0.002648733789101243
1.5,2.7980668544769287,1.0,-0.002648733789101243
1.5,2.8061695098876953,1.0,-0.0026157840620726347
1.5,2.814291000366211,1.0,-0.0026157840620726347
1.5,2.8224334716796875,1.0,-0.0025797560811042786
1.5,2.830552577972412,1.0,-0.0025797560811042786
1.5,2.8386569023132324,1.0,-0.0025408370420336723
1.5,2.8467328548431396,1.0,-0.0025408370420336723
1.5,2.854853630065918,1.0,-0.002499211812391877
1.5,2.8629729747772217,1.0,-0.002499211812391877
1.5,2.8710875511169434,1.0,-0.0024550592061132193
1.5,2.879209041595459,0.7776256203651428,-0.0024550592061132193
1.5,2.8873097896575928,0.7776256203651428,-0.0024085589684545994
1.5,2.895411968231201,0.5472640991210938,-0.0024085589684545994
1.5,2.903508424758911,0.5472640991210938,-0.002359886420890689
1.5,2.91160249710083,0.5472640991210938,-0.002359886420890689
1.5,2.9197261333465576,0.13054415583610535,-0.0023092126939445734
1.5,2.9278769493103027,0.13054415583610535,-0.0023092126939445734
1.5,2.936006546020508,-0.13219544291496277,-0.0022567068226635456
1.5,2.94412899017334,-0.13219544291496277,-0.0022567068226635456
1.5,2.9522523880004883,-0.13219544291496277,-0.002202532486990094
1.5,2.9603638648986816,-0.40933698415756226,-0.002202532486990094
1.5,2.96848201751709,-0.40933698415756226,-0.0021468501072376966
1.5,2.976595163345337,-0.6900171637535095,-0.0021468501072376966
1.5,2.9848718643188477,-0.6900171637535095,-0.0020898168440908194
1.5,2.9930264949798584,-0.6900171637535095,-0.0020898168440908194
1.5,3.0011417865753174,-0.9122793078422546,-0.002031582873314619
1.5,3.0092613697052,-0.9122793078422546,-0.002031582873314619
1.5,3.0173661708831787,-1.0,-0.001972295343875885
1.5,3.0255935192108154,-1.0,-0.001972295343875885
1.5,3.033766984939575,-1.0,-0.0019120970973744988
1.5,3.041923761367798,-1.0,-0.0019120970973744988
1.5,3.050029754638672,-1.0,-0.0018511256203055382
1.5,3.0581398010253906,-1.0,-0.0018511256203055382
1.5,3.0663318634033203,-1.0,-0.0017895135097205639
1.5,3.074571132659912,-1.0,-0.0017895135097205639
1.5,3.082681655883789,-1.0,-0.001727389288134873
1.5,3.0908215045928955,-1.0,-0.001727389288134873
1.5,3.0989482402801514,-1.0,-0.0016648753080517054
1.5,3.1070821285247803,-1.0,-0.0016648753080517054
1.5,3.1152007579803467,-1.0,-0.0016020903130993247
1.5,3.1233067512512207,-1.0,-0.0016020903130993247
1.5,3.1314101219177246,-1.0,-0.001539147342555225
1.5,3.1395039558410645,-1.0,-0.001539147342555225
1.5,3.147617816925049,-1.0,-0.0014761536149308085
1.5,3.1557295322418213,-1.0,-0.0014761536149308085
1.5,3.16386079788208,-1.0,-0.0014132143696770072
1.5,3.1719913482666016,-1.0,-0.0014132143696770072
1.5,3.180094003677368,-1.0,-0.0013504272792488337
1.5,3.188235282897949,-1.0,-0.0013504272792488337
1.5,3.196394920349121,-1.0,-0.0012878857087343931
1.5,3.204514980316162,-1.0,-0.0012878857087343931
1.5,3.2126426696777344,-1.0,-0.0012256785994395614
1.5,3.220740556716919,-1.0,-0.0012256785994395614
1.5,3.228863477706909,-1.0,-0.001163890352472663
1.5,3.2369754314422607,-1.0,-0.001163890352472663
1.5,3.2450990676879883,-1.0,-0.0011026003630831838
1.5,3.2532382011413574,-1.0,-0.0011026003630831838
1.5,3.26137375831604,-1.0,-0.0010418831370770931
1.5,3.2695200443267822,-1.0,-0.0009818092221394181
1.5,3.277639389038086,-1.0,-0.0009818092221394181
1.5,3.2857415676116943,-1.0,-0.0009818092221394181
1.5,3.2938477993011475,-1.0,-0.0009224448585882783
1.5,3.301955461502075,-1.0,-0.0009224448585882783
1.5,3.3100719451904297,-1.0,-0.0008638511644676328
1.5,3.318192720413208,-1.0,-0.0008060859981924295
1.5,3.326317310333252,-1.0,-0.0008060859981924295
1.5,3.3344473838806152,-1.0,-0.000749202270526439
1.5,3.3425750732421875,-1.0,-0.000749202270526439
1.5,3.350720167160034,-1.0,-0.0006932495743967593
1.5,3.3588674068450928,-1.0,-0.0006932495743967593
1.5,3.366987705230713,-1.0,-0.0006382731953635812
1.5,3.375093460083008,-1.0,-0.0006382731953635812
1.5,3.3832085132598877,-1.0,-0.0005843148683197796
1.5,3.3913414478302,-1.0,-0.0005843148683197796
1.5,3.3994712829589844,-1.0,-0.0005314123700372875
1.5,3.4075303077697754,-1.0,-0.0005314123700372875
1.5,3.4156291484832764,-1.0,-0.00047960024676285684
1.5,3.4237496852874756,-1.0,-0.00047960024676285684
1.5,3.4318835735321045,-1.0,-0.0004289092030376196
1.5,3.4399991035461426,-1.0,-0.0004289092030376196
1.5,3.448115587234497,-1.0,-0.0003793670330196619
1.5,3.4562318325042725,-1.0,-0.0003793670330196619
1.5,3.464405059814453,-1.0,-0.000330998154822737
1.5,3.472550868988037,-1.0,-0.000330998154822737
1.5,3.480656623840332,-1.0,-0.00028382398886606097
1.5,3.4888010025024414,-1.0,-0.00028382398886606097
1.5,3.4969089031219482,-1.0,-0.0002378629142185673
1.5,3.505021333694458,-1.0,-0.0002378629142185673
1.5,3.513148307800293,-1.0,-0.00019313058874104172
1.5,3.521257162094116,-1.0,-0.00019313058874104172
1.5,3.5293691158294678,-1.0,-0.00014963981811888516
1.5,3.537482976913452,-1.0,-0.00014963981811888516
1.5,3.5455963611602783,-1.0,-0.000107400948763825
1.5,3.553719997406006,-1.0,-0.000107400948763825
1.5,3.561861515045166,-1.0,-6.642171501880512e-05
1.5,3.569953680038452,-1.0,-6.642171501880512e-05
1.5,3.578059196472168,-1.0,-2.6707562938099727e-05
1.5,3.5861830711364746,-1.0,-2.6707562938099727e-05
1.5,3.5943002700805664,-1.0,1.1738307875930332e-05
1.5,3.6023974418640137,-1.0,1.1738307875930332e-05
1.5,3.6105289459228516,-1.0,4.891483695246279e-05
1.5,3.6186375617980957,-1.0,4.891483695246279e-05
1.5,3.626744031906128,-1.0,8.48230192787014e-05
1.5,3.634890556335449,-1.0,8.48230192787014e-05
1.5,3.6429896354675293,-1.0,0.0001194657597807236
1.5,3.651089668273926,-1.0,0.0001194657597807236
1.5,3.6591832637786865,-1.0,0.0001528477732790634
1.5,3.6673202514648438,-1.0,0.0001528477732790634
1.5,3.6755642890930176,-1.0,0.00018497550627216697
1.5,3.683830976486206,-1.0,0.00018497550627216697
1.5,3.69197154045105,-1.0,0.00021585699869319797
1.5,3.700124979019165,-1.0,0.00021585699869319797
1.5,3.70827579498291,-1.0,0.00024550181115046144
1.5,3.7164418697357178,-1.0,0.00024550181115046144
1.5,3.7246012687683105,-1.0,0.00027392094489187
1.5,3.7327780723571777,-1.0,0.00027392094489187
1.5,3.740886688232422,-1.0,0.0003011267108377069
1.5,3.749001979827881,-1.0,0.0003011267108377069
1.5,3.7571494579315186,-1.0,0.0003271325840614736
1.5,3.7652714252471924,-1.0,0.0003271325840614736
1.5,3.773407220840454,-1.0,0.0003519532619975507
1.5,3.7815120220184326,-1.0,0.0003519532619975507
1.5,3.7896151542663574,-1.0,0.0003756045189220458
1.5,3.797727346420288,-1.0,0.0003756045189220458
1.5,3.805823802947998,-1.0,0.00039810300222598016
1.5,3.81394100189209,-1.0,0.00039810300222598016
1.5,3.82206392288208,-1.0,0.0004194665525574237
1.5,3.830197811126709,-1.0,0.0004194665525574237
1.5,3.8383400440216064,-1.0,0.000439713301602751
1.5,3.846457004547119,-1.0,0.000439713301602751
1.5,3.8545632362365723,-1.0,0.0004588627489283681
1.5,3.862673282623291,-1.0,0.0004769346269313246
1.5,3.870734930038452,-1.0,0.0004769346269313246
1.5,3.8788511753082275,-1.0,0.0004769346269313246
1.5,3.886946201324463,-1.0,0.0004939494538120925
1.5,3.8950343132019043,-1.0,0.0004939494538120925
1.5,3.903130054473877,-1.0,0.000509928388055414
1.5,3.911228656768799,-1.0,0.0005248925881460309
1.5,3.9193403720855713,-1.0,0.0005248925881460309
1.5,3.9274709224700928,-1.0,0.0005388644058257341
1.5,3.935587167739868,-1.0,0.0005388644058257341
1.5,3.943693161010742,-1.0,0.0005518649704754353
1.5,3.9518375396728516,-1.0,0.0005518649704754353
1.5,3.9599359035491943,-1.0,0.0005639194860123098
1.5,3.968040704727173,-1.0,0.0005639194860123098
1.5,3.9761531352996826,-1.0,0.0005750489071942866
1.5,3.984262704849243,-1.0,0.0005750489071942866
1.5,3.9924237728118896,-1.0,0.0005852767499163747
1.5,4.00052809715271,-1.0,0.0005852767499163747
1.5,4.008623361587524,-1.0,0.0005946261226199567
1.5,4.016721725463867,-1.0,0.0005946261226199567
1.5,4.024829387664795,-1.0,0.0006031207158230245
1.5,4.032955884933472,-1.0,0.0006031207158230245
1.5,4.0410850048065186,-1.0,0.0006107838707976043
1.5,4.049220561981201,-1.0,0.0006107838707976043
1.5,4.057337284088135,-1.0,0.0006176391034387052
1.5,4.0654332637786865,-1.0,0.0006176391034387052
1.5,4.073546409606934,-1.0,0.0006237096968106925
1.5,4.081676959991455,-1.0,0.0006237096968106925
1.5,4.089847087860107,-1.0,0.0006290192832238972
1.5,4.097972631454468,-1.0,0.0006290192832238972
1.5,4.106095314025879,-1.0,0.0006335912621580064
1.5,4.114218235015869,-1.0,0.0006335912621580064
1.5,4.122320890426636,-1.0,0.0006374488002620637
1.5,4.130425930023193,-1.0,0.0006374488002620637
1.5,4.138534307479858,-0.98895663022995,0.0006406149477697909
1.5,4.146638870239258,-0.98895663022995,0.0006406149477697909
1.5,4.154731750488281,-0.98895663022995,0.0006431128131225705
1.5,4.162835359573364,-0.9123197793960571,0.0006431128131225705
1.5,4.170956373214722,-0.9123197793960571,0.0006449657958000898
1.5,4.179078817367554,-0.8286840319633484,0.0006449657958000898
1.5,4.187179088592529,-0.8286840319633484,0.0006461953744292259
1.5,4.195284366607666,-0.8286840319633484,0.0006461953744292259
1.5,4.2033586502075195,-0.7784009575843811,0.0006468243664130569
1.5,4.211477041244507,-0.7784009575843811,0.0006468243664130569
1.5,4.219591379165649,-0.8055553436279297,0.0006468750652857125
1.5,4.2277302742004395,-0.8055553436279297,0.0006468750652857125
1.5,4.235859394073486,-0.8055553436279297,0.0006463690660893917
1.5,4.243995189666748,-0.8122997283935547,0.0006463690660893917
1.5,4.2521586418151855,-0.8122997283935547,0.0006453279056586325
1.5,4.260272026062012,-0.8674066662788391,0.0006453279056586325
1.5,4.268374919891357,-0.8674066662788391,0.0006437728297896683
1.5,4.276504993438721,-0.8674066662788391,0.0006437728297896683
1.5,4.284604787826538,-0.8884376883506775,0.0006417249096557498
1.5,4.292739391326904,-0.8884376883506775,0.0006417249096557498
1.5,4.300860643386841,-0.8884376883506775,0.0006417249096557498
1.5,4.30897855758667,-0.9113966822624207,0.0006392043433152139
1.5,4.317092418670654,-0.9113966822624207,0.0006362315616570413
1.5,4.325189828872681,-0.8976500034332275,0.0006362315616570413
1.5,4.333293437957764,-0.8976500034332275,0.0006328264134936035
1.5,4.341418266296387,-0.8976500034332275,0.0006328264134936035
1.5,4.349526643753052,-0.8474802374839783,0.0006328264134936035
1.5,4.357638120651245,-0.8474802374839783,0.0006290083983913064
1.5,4.365740537643433,-0.7343956828117371,0.0006247964920476079
1.5,4.37385892868042,-0.7343956828117371,0.0006247964920476079
1.5,4.381976366043091,-0.7343956828117371,0.0006202096119523048
1.5,4.390084981918335,-0.6556802988052368,0.0006202096119523048
1.5,4.398207426071167,-0.6556802988052368,0.0006152659771032631
1.5,4.406343221664429,-0.5239721536636353,0.0006152659771032631
1.5,4.41448187828064,-0.5239721536636353,0.0006099835736677051
1.5,4.424149990081787,-0.5239721536636353,0.0006099835736677051
1.5,4.432334661483765,-0.4230971038341522,0.000604380329605192
1.5,4.440455675125122,-0.4230971038341522,0.000604380329605192
1.5,4.44857931137085,-0.37147217988967896,0.0005984724266454577
1.5,4.456692218780518,-0.37147217988967896,0.0005984724266454577
1.5,4.464824438095093,-0.37147217988967896,0.0005922770360484719
1.5,4.472949266433716,-0.27985280752182007,0.0005922770360484719
1.5,4.481045961380005,-0.27985280752182007,0.0005858106887899339
1.5,4.489142417907715,-0.27846139669418335,0.0005858106887899339
1.5,4.497251987457275,-0.27846139669418335,0.0005790891009382904
1.5,4.505445718765259,-0.27846139669418335,0.0005790891009382904
1.5,4.5135486125946045,-0.17591488361358643,0.0005721279885619879
1.5,4.521656036376953,-0.17591488361358643,0.0005721279885619879
1.5,4.529759645462036,-0.11998714506626129,0.0005649421364068985
1.5,4.5378992557525635,-0.11998714506626129,0.0005649421364068985
1.5,4.546067953109741,0.03417932242155075,0.0005575462710112333
1.5,4.554169654846191,0.03417932242155075,0.0005575462710112333
1.5,4.562265872955322,0.03417932242155075,0.0005499546532519162
1.5,4.570359230041504,0.2228625863790512,0.0005499546532519162
1.5,4.57844614982605,0.2228625863790512,0.0005421811365522444
1.5,4.586554527282715,0.3713247776031494,0.0005421811365522444
1.5,4.5946760177612305,0.3713247776031494,0.0005342393997125328
1.5,4.602803468704224,0.3713247776031494,0.0005342393997125328
1.5,4.610919237136841,0.5574644804000854,0.0005261421902105212
1.5,4.61903715133667,0.5574644804000854,0.0005261421902105212
1.5,4.627143859863281,0.7172431945800781,0.0005179022555239499
1.5,4.6352598667144775,0.7172431945800781,0.0005179022555239499
1.5,4.643384218215942,0.7172431945800781,0.0005095320520922542
1.5,4.651480197906494,0.8524348735809326,0.0005095320520922542
1.5,4.659571886062622,0.8524348735809326,0.000501043105032295
1.5,4.66766881942749,0.95533287525177,0.000501043105032295
1.5,4.6757354736328125,0.95533287525177,0.000492447114083916
1.5,4.68384575843811,0.95533287525177,0.000492447114083916
1.5,4.691968679428101,1.0,0.00048375505139119923
1.5,4.700096845626831,1.0,0.00048375505139119923
1.5,4.708222389221191,1.0,0.00047497759805992246
1.5,4.716336727142334,1.0,0.00047497759805992246
1.5,4.724452018737793,1.0,0.0004661252023652196
1.5,4.732588052749634,1.0,0.0004661252023652196
1.5,4.74089503288269,1.0,0.00045720781781710684
1.5,4.749072790145874,1.0,0.00045720781781710684
1.5,4.757203102111816,1.0,0.0004482350777834654
1.5,4.765292644500732,1.0,0.0004482350777834654
1.5,4.773387670516968,1.0,0.00043921620817855
1.5,4.781499624252319,1.0,0.00043921620817855
1.5,4.789597034454346,1.0,0.0004301601438783109
1.5,4.797698020935059,1.0,0.0004301601438783109
1.5,4.805807828903198,1.0,0.00042107547051273286
1.5,4.813919305801392,1.0,0.00042107547051273286
1.5,4.822033166885376,1.0,0.00041197039536200464
1.5,4.8301379680633545,1.0,0.00041197039536200464
1.5,4.838236570358276,1.0,0.00040285306749865413
1.5,4.846348524093628,1.0,0.00040285306749865413
1.5,4.85450553894043,1.0,0.0003937299770768732
1.5,4.862631559371948,1.0,0.0003937299770768732
1.5,4.87074613571167,1.0,0.0003846098552457988
1.5,4.878847360610962,1.0,0.0003846098552457988
1.5,4.886945009231567,1.0,0.0003754991921596229
1.5,4.895050764083862,1.0,0.00036640450707636774
1.5,4.903158187866211,1.0,0.00036640450707636774
1.5,4.911268472671509,1.0,0.00036640450707636774
1.5,4.91937255859375,1.0,0.0003573322610463947
1.5,4.927489519119263,1.0,0.0003573322610463947
1.5,4.9356043338775635,1.0,0.00034828842035494745
1.5,4.943740129470825,1.0,0.0003392788057681173
1.5,4.951881408691406,1.0,0.0003392788057681173
1.5,4.959995269775391,1.0,0.00033030903432518244
1.5,4.9680986404418945,1.0,0.00033030903432518244
1.5,4.97620701789856,1.0,0.00033030903432518244
1.5,4.984318733215332,1.0,0.0003213842574041337
1.5,4.992448568344116,1.0,0.0003125094808638096
1.5,5.000580072402954,1.0,0.0003125094808638096
1.5,5.008676767349243,1.0,0.0003036895068362355
1.5,5.016799211502075,1.0,0.0003036895068362355
1.5,5.024918794631958,1.0,0.00029492872999981046
1.5,5.033029794692993,1.0,0.00029492872999981046
1.5,5.041139125823975,1.0,0.0002862315159291029
1.5,5.0492730140686035,1.0,0.0002862315159291029
1.5,5.057405710220337,1.0,0.0002776017936412245
1.5,5.06554913520813,1.0,0.0002776017936412245
1.5,5.073678970336914,1.0,0.000269043433945626
1.5,5.0818235874176025,1.0,0.000269043433945626
1.5,5.089943170547485,1.0,0.00026055998750962317
1.5,5.0980658531188965,1.0,0.00026055998750962317
1.5,5.10619330406189,1.0,0.00025215462665073574
1.5,5.114317893981934,1.0,0.00025215462665073574
1.5,5.122424602508545,1.0,0.00024383080017287284
1.5,5.130547046661377,1.0,0.00024383080017287284
1.5,5.138655185699463,1.0,0.00023559134569950402
1.5,5.146742343902588,1.0,0.00023559134569950402
1.5,5.154860734939575,1.0,0.00022743901354260743
1.5,5.162978887557983,1.0,0.00022743901354260743
1.5,5.171079158782959,1.0,0.00021937636483926326
1.5,5.179789304733276,1.0,0.00021937636483926326
1.5,5.187986373901367,1.0,0.00021140581520739943
1.5,5.1961143016815186,1.0,0.00021140581520739943
1.5,5.2042834758758545,1.0,0.00020352951833046973
1.5,5.212417840957642,1.0,0.00020352951833046973
1.5,5.220600366592407,1.0,0.00019574958423618227
1.5,5.228748083114624,1.0,0.00019574958423618227
1.5,5.236905813217163,1.0,0.0001880678755696863
1.5,5.245049953460693,1.0,0.0001880678755696863
1.5,5.2531678676605225,1.0,0.00018048610945697874
1.5,5.261340856552124,1.0,0.00018048610945697874
1.5,5.269522190093994,1.0,0.00017300585750490427
1.5,5.277679443359375,1.0,0.00017300585750490427
1.5,5.285846471786499,1.0,0.00016562854580115527
1.5,5.293999195098877,1.0,0.00016562854580115527
1.5,5.302139520645142,1.0,0.00015835541125852615
1.5,5.310258865356445,1.0,0.00015835541125852615
1.5,5.318431377410889,1.0,0.00015118764713406563
1.5,5.326590299606323,1.0,0.00015118764713406563
1.5,5.334755897521973,1.0,0.00014412625750992447
1.5,5.342878103256226,1.0,0.00014412625750992447
1.5,5.351017713546753,1.0,0.00013717211550101638
1.5,5.359135866165161,1.0,0.00013717211550101638
1.5,5.367249488830566,1.0,0.000130325963255018
1.5,5.375365972518921,1.0,0.00012358852836769074
1.5,5.383508205413818,1.0,0.00012358852836769074
1.5,5.3916614055633545,1.0,0.00011696026922436431
1.5,5.399803638458252,1.0,0.00011696026922436431
1.5,5.407917499542236,1.0,0.00011696026922436431
1.5,5.416031122207642,1.0,0.00011044165876228362
1.5,5.424175262451172,1.0,0.0001040330171235837
1.5,5.432314872741699,1.0,0.0001040330171235837
1.5,5.440438270568848,1.0,9.773454803507775e-05
1.5,5.448573112487793,1.0,9.773454803507775e-05
1.5,5.456678628921509,1.0,9.154641156783327e-05
1.5,5.46481990814209,1.0,9.154641156783327e-05
1.5,5.472990989685059,1.0,8.546863682568073e-05
1.5,5.481203079223633,1.0,8.546863682568073e-05
1.5,5.489331007003784,1.0,7.950118742883205e-05
1.5,5.497467756271362,1.0,7.950118742883205e-05
1.5,5.505598068237305,1.0,7.364394696196541e-05
1.5,5.513721704483032,1.0,7.364394696196541e-05
1.5,5.52182674407959,1.0,6.789670442231e-05
1.5,5.529954195022583,1.0,6.789670442231e-05
1.5,5.538139581680298,1.0,6.225917604751885e-05
1.5,5.546269655227661,1.0,6.225917604751885e-05
1.5,5.55439567565918,1.0,5.6731048971414566e-05
1.5,5.562499046325684,1.0,5.6731048971414566e-05
1.5,5.570630788803101,1.0,5.1311872084625065e-05
1.5,5.578773498535156,1.0,5.1311872084625065e-05
1.5,5.5868940353393555,1.0,4.6001187001820654e-05
1.5,5.595014333724976,1.0,4.6001187001820654e-05
1.5,5.603157043457031,1.0,4.079845530213788e-05
1.5,5.611306428909302,1.0,4.079845530213788e-05
1.5,5.619445323944092,1.0,3.570308399503119e-05
1.5,5.627580165863037,1.0,3.570308399503119e-05
1.5,5.635732650756836,1.0,3.071442188229412e-05
1.5,5.643877029418945,1.0,3.071442188229412e-05
1.5,5.6520185470581055,1.0,2.583176683401689e-05
1.5,5.660157680511475,1.0,2.583176683401689e-05
1.5,5.668303728103638,1.0,2.105437124555465e-05
1.5,5.676433563232422,1.0,2.105437124555465e-05
1.5,5.684552431106567,1.0,1.6381438399548642e-05
1.5,5.692681789398193,1.0,1.6381438399548642e-05
1.5,5.7008116245269775,1.0,1.1812147931777872e-05
1.5,5.708925008773804,1.0,1.1812147931777872e-05
1.5,5.717028856277466,1.0,7.3456085374346e-06
1.5,5.7251410484313965,1.0,7.3456085374346e-06
1.5,5.733255624771118,1.0,2.9809075385855976e-06
1.5,5.741393804550171,1.0,2.9809075385855976e-06
1.5,5.749544382095337,1.0,-1.2829019624405191e-06
1.5,5.7576658725738525,1.0,-1.2829019624405191e-06
1.5,5.765816688537598,1.0,-5.446804607345257e-06
1.5,5.77393651008606,1.0,-5.446804607345257e-06
1.5,5.782075643539429,1.0,-9.511811185802799e-06
1.5,5.790264844894409,1.0,-9.511811185802799e-06
1.5,5.798379421234131,1.0,-1.3478968867275398e-05
1.5,5.806538343429565,1.0,-1.3478968867275398e-05
1.5,5.814650535583496,1.0,-1.734933721309062e-05
1.5,5.822774887084961,1.0,-1.734933721309062e-05
1.5,5.830901622772217,1.0,-2.112400579790119e-05
1.5,5.839019060134888,1.0,-2.480409420968499e-05
1.5,5.847123384475708,1.0,-2.480409420968499e-05
1.5,5.855254411697388,1.0,-2.480409420968499e-05
1.5,5.863367557525635,1.0,-2.8390728402882814e-05
1.5,5.871464252471924,1.0,-2.8390728402882814e-05
1.5,5.8795647621154785,1.0,-3.188507253071293e-05
1.5,5.887723445892334,1.0,-3.5288281651446596e-05
1.5,5.895835638046265,1.0,-3.5288281651446596e-05
1.5,5.903968572616577,1.0,-3.5288281651446596e-05
1.5,5.912083625793457,1.0,-3.860152355628088e-05
1.5,5.920192718505859,1.0,-4.182603879598901e-05
1.5,5.928288221359253,1.0,-4.182603879598901e-05
1.5,5.936373710632324,1.0,-4.49630206276197e-05
1.5,5.944462299346924,1.0,-4.49630206276197e-05
1.5,5.952579975128174,1.0,-4.8013684136094525e-05
1.5,5.960680246353149,1.0,-4.8013684136094525e-05
1.5,5.968788146972656,1.0,-5.097925168229267e-05
1.5,5.976882457733154,1.0,-5.097925168229267e-05
1.5,5.984975814819336,1.0,-5.386096381698735e-05
1.5,5.9930925369262695,1.0,-5.386096381698735e-05
2.0,2.6226043701171875e-06,1.0,-5.666006472893059e-05
2.0,0.008086681365966797,1.0,-5.666006472893059e-05
2.0,0.016170024871826172,1.0,-5.937780224485323e-05
2.0,0.02426743507385254,1.0,-5.937780224485323e-05
2.0,0.03238272666931152,1.0,-6.201539508765563e-05
2.0,0.04048752784729004,1.0,-6.201539508765563e-05
2.0,0.04863452911376953,1.0,-6.457415292970836e-05
2.0,0.0567474365234375,1.0,-6.457415292970836e-05
2.0,0.06484651565551758,1.0,-6.705530540784821e-05
2.0,0.07296347618103027,1.0,-6.705530540784821e-05
2.0,0.08108973503112793,1.0,-6.946010398678482e-05
2.0,0.08919191360473633,1.0,-6.946010398678482e-05
2.0,0.09729409217834473,1.0,-7.178982923505828e-05
2.0,0.10540294647216797,1.0,-7.178982923505828e-05
2.0,0.1137380599975586,1.0,-7.404568896163255e-05
2.0,0.12186861038208008,1.0,-7.404568896163255e-05
2.0,0.1299879550933838,1.0,-7.62289491831325e-05
2.0,0.138108491897583,1.0,-7.62289491831325e-05
2.0,0.14623284339904785,1.0,-7.834086864022538e-05
2.0,0.1544647216796875,1.0,-7.834086864022538e-05
2.0,0.16259121894836426,1.0,-8.038269879762083e-05
2.0,0.17070221900939941,1.0,-8.038269879762083e-05
2.0,0.17880725860595703,1.0,-8.235567656811327e-05
2.0,0.1869039535522461,1.0,-8.235567656811327e-05
2.0,0.19501638412475586,1.0,-8.426104614045471e-05
2.0,0.20312714576721191,1.0,-8.426104614045471e-05
2.0,0.21128201484680176,1.0,-8.610002259956673e-05
2.0,0.2194068431854248,1.0,-8.610002259956673e-05
2.0,0.22756385803222656,1.0,-8.78738283063285e-05
2.0,0.2358245849609375,1.0,-8.78738283063285e-05
2.0,0.24396896362304688,1.0,-8.958368562161922e-05
2.0,0.2520918846130371,1.0,-8.958368562161922e-05
2.0,0.2602360248565674,1.0,-9.123080963036045e-05
2.0,0.26835083961486816,1.0,-9.123080963036045e-05
2.0,0.2764604091644287,1.0,-9.281637903768569e-05
2.0,0.2845418453216553,1.0,-9.281637903768569e-05
2.0,0.2926642894744873,1.0,-9.434151434106752e-05
2.0,0.3007678985595703,1.0,-9.434151434106752e-05
2.0,0.308901309967041,1.0,-9.580758342053741e-05
2.0,0.3170192241668701,1.0,-9.580758342053741e-05
2.0,0.32512402534484863,1.0,-9.72156340139918e-05
2.0,0.3332498073577881,1.0,-9.72156340139918e-05
2.0,0.3413715362548828,1.0,-9.856683755060658e-05
2.0,0.3494887351989746,1.0,-9.856683755060658e-05
2.0,0.35765957832336426,1.0,-9.986235818360001e-05
2.0,0.3657717704772949,1.0,-0.00010110332368640229
2.0,0.37387704849243164,1.0,-0.00010110332368640229
2.0,0.3819863796234131,1.0,-0.00010110332368640229
2.0,0.39009952545166016,1.0,-0.00010229087638435885
2.0,0.3982250690460205,1.0,-0.00010229087638435885
2.0,0.40634751319885254,1.0,-0.00010342611494706944
2.0,0.4144449234008789,1.0,-0.0001045101453200914
2.0,0.42252683639526367,1.0,-0.0001045101453200914
2.0,0.4306795597076416,1.0,-0.00010554407344898209
2.0,0.4388723373413086,1.0,-0.00010554407344898209
2.0,0.4470069408416748,1.0,-0.00010554407344898209
2.0,0.455127477645874,1.0,-0.0001065289688995108
2.0,0.4632389545440674,1.0,-0.00010746591578936204
2.0,0.4713454246520996,1.0,-0.00010746591578936204
2.0,0.4794650077819824,1.0,-0.0001083559327526018
2.0,0.4876089096069336,1.0,-0.0001083559327526018
2.0,0.4957137107849121,1.0,-0.00010920008207904175
2.0,0.5038135051727295,1.0,-0.00010920008207904175
2.0,0.5119225978851318,1.0,-0.00010999938967870548
2.0,0.5200483798980713,1.0,-0.00010999938967870548
2.0,0.5281753540039062,1.0,-0.0001107548814616166
2.0,0.5362954139709473,1.0,-0.0001107548814616166
2.0,0.5443990230560303,1.0,-0.00011146753968205303
2.0,0.5525376796722412,1.0,-0.00011146753968205303
2.0,0.5606670379638672,1.0,-0.00011213837569812313
2.0,0.5687668323516846,1.0,-0.00011213837569812313
2.0,0.5768547058105469,1.0,-0.00011276833538431674
2.0,0.5850331783294678,1.0,-0.00011276833538431674
2.0,0.5931477546691895,1.0,-0.00011335840099491179
2.0,0.6012675762176514,1.0,-0.00011335840099491179
2.0,0.6093740463256836,1.0,-0.0001139095111284405
2.0,0.6174921989440918,1.0,-0.0001139095111284405
2.0,0.6256163120269775,1.0,-0.00011442261165939271
2.0,0.633716344833374,1.0,-0.00011442261165939271
2.0,0.6418061256408691,1.0,-0.00011489861208247021
2.0,0.6499025821685791,1.0,-0.00011489861208247021
2.0,0.6580045223236084,1.0,-0.00011533841461641714
2.0,0.6661174297332764,1.0,-0.00011533841461641714
2.0,0.6742203235626221,1.0,-0.00011574290692806244
2.0,0.6823246479034424,1.0,-0.00011574290692806244
2.0,0.6904232501983643,1.0,-0.00011611296940827742
2.0,0.6985344886779785,1.0,-0.00011611296940827742
2.0,0.7066779136657715,1.0,-0.00011644948972389102
2.0,0.7148125171661377,1.0,-0.00011644948972389102
2.0,0.7229263782501221,1.0,-0.00011675328278215602
2.0,0.7310383319854736,1.0,-0.00011675328278215602
2.0,0.7391316890716553,1.0,-0.0001170252071460709
2.0,0.7472500801086426,1.0,-0.0001170252071460709
2.0,0.755406379699707,1.0,-0.00011726608499884605
2.0,0.7635917663574219,1.0,-0.00011726608499884605
2.0,0.7718169689178467,1.0,-0.0001174767967313528
2.0,0.7799520492553711,1.0,-0.0001174767967313528
2.0,0.7880752086639404,1.0,-0.00011765797535190359
2.0,0.7962098121643066,1.0,-0.00011765797535190359
2.0,0.8043231964111328,1.0,-0.0001178104939754121
2.0,0.8124566078186035,1.0,-0.0001178104939754121
2.0,0.8206133842468262,1.0,-0.00011793511657742783
2.0,0.8287243843078613,1.0,-0.00011793511657742783
2.0,0.8368651866912842,1.0,-0.00011803257802966982
2.0,0.8450181484222412,1.0,-0.00011803257802966982
2.0,0.8531582355499268,1.0,-0.00011810364230768755
2.0,0.8612987995147705,1.0,-0.00011810364230768755
2.0,0.8694288730621338,1.0,-0.00011814902973128483
2.0,0.8775308132171631,0.9888275861740112,-0.00011814902973128483
2.0,0.8856492042541504,0.9888275861740112,-0.00011816945334430784
2.0,0.8937897682189941,0.9523484110832214,-0.00011816945334430784
2.0,0.9019365310668945,0.9523484110832214,-0.0001181656334665604
2.0,0.9100451469421387,0.996398389339447,-0.0001181656334665604
2.0,0.918163537979126,0.996398389339447,-0.00011813821765827015
2.0,0.9262945652008057,0.996398389339447,-0.00011813821765827015
2.0,0.934424877166748,1.0,-0.0001180879189632833
2.0,0.942528486251831,1.0,-0.00011801537038991228
2.0,0.9506497383117676,1.0,-0.00011801537038991228
2.0,0.9588000774383545,1.0,-0.0001179212486022152
2.0,0.9669265747070312,1.0,-0.0001179212486022152
2.0,0.9750471115112305,1.0,-0.0001179212486022152
2.0,0.9831843376159668,1.0,-0.0001178061866085045
2.0,0.9913465976715088,1.0,-0.00011767079558921978
2.0,0.999464750289917,1.0,-0.00011767079558921978
2.0,1.0076508522033691,1.0,-0.00011751569400075823
2.0,1.015777349472046,1.0,-0.00011751569400075823
2.0,1.0239131450653076,1.0,-0.00011734148574760184
2.0,1.0320813655853271,1.0,-0.00011734148574760184
2.0,1.0402026176452637,1.0,-0.00011714876018231735
2.0,1.0483372211456299,1.0,-0.00011714876018231735
2.0,1.0564663410186768,1.0,-0.0001169380993815139
2.0,1.0646026134490967,1.0,-0.0001169380993815139
2.0,1.0727226734161377,1.0,-0.00011671003449009731
2.0,1.0808544158935547,1.0,-0.00011671003449009731
2.0,1.0889687538146973,1.0,-0.00011646516941254959
2.0,1.097116470336914,1.0,-0.00011646516941254959
2.0,1.1052391529083252,1.0,-0.0001162040134659037
2.0,1.1133511066436768,1.0,-0.0001162040134659037
2.0,1.121535062789917,1.0,-0.00011592712689889595
2.0,1.1296591758728027,1.0,-0.00011592712689889595
2.0,1.1377780437469482,1.0,-0.0001156350044766441
2.0,1.1458840370178223,1.0,-0.0001156350044766441
2.0,1.153975009918213,1.0,-0.00011532815551618114
2.0,1.1620712280273438,1.0,-0.00011532815551618114
2.0,1.170175313949585,1.0,-0.00011500708933454007
2.0,1.1782937049865723,1.0,-0.00011500708933454007
2.0,1.1865665912628174,1.0,-0.0001146722788689658
2.0,1.1947567462921143,1.0,-0.0001146722788689658
2.0,1.2028701305389404,1.0,-0.0001143242116086185
2.0,1.2109837532043457,1.0,-0.0001143242116086185
2.0,1.2190840244293213,1.0,-0.00011396336049074307
2.0,1.2271981239318848,1.0,-0.00011396336049074307
2.0,1.235325574874878,1.0,-0.00011359016207279637
2.0,1.2434465885162354,1.0,-0.00011359016207279637
2.0,1.251539945602417,1.0,-0.00011320508201606572
2.0,1.2596843242645264,1.0,-0.00011320508201606572
2.0,1.267822027206421,1.0,-0.00011280854232609272
2.0,1.2759461402893066,1.0,-0.00011280854232609272
2.0,1.2840571403503418,1.0,-0.00011240099411224946
2.0,1.2921788692474365,1.0,-0.00011240099411224946
2.0,1.3002986907958984,1.0,-0.0001119828230002895
2.0,1.308410406112671,1.0,-0.0001119828230002895
2.0,1.3165342807769775,1.0,-0.00011155443644383922
2.0,1.324655294418335,1.0,-0.00011155443644383922
2.0,1.3327829837799072,1.0,-0.00011111624917248264
2.0,1.340895652770996,1.0,-0.00011111624917248264
2.0,1.3489997386932373,1.0,-0.00011066863953601569
2.0,1.357104778289795,0.9733542203903198,-0.00011066863953601569
2.0,1.3652136325836182,0.9733542203903198,-0.00011021198588423431
2.0,1.3733365535736084,0.9849512577056885,-0.00011021198588423431
2.0,1.381441593170166,0.9849512577056885,-0.00010974666656693444
2.0,1.389845609664917,0.894040584564209,-0.00010974666656693444
2.0,1.3979864120483398,0.894040584564209,-0.00010927304538199678
2.0,1.4061133861541748,0.894040584564209,-0.00010927304538199678
2.0,1.414228916168213,0.8375489711761475,-0.00010879147885134444
2.0,1.4223453998565674,0.8375489711761475,-0.00010830230166902766
2.0,1.430457353591919,0.8574291467666626,-0.00010830230166902766
2.0,1.4385242462158203,0.8574291467666626,-0.00010780584852909669
2.0,1.446624755859375,0.8574291467666626,-0.00010780584852909669
2.0,1.4547202587127686,0.9868372678756714,-0.00010780584852909669
2.0,1.4628233909606934,0.9868372678756714,-0.0001073024541256018
2.0,1.4709270000457764,1.0,-0.00010679243132472038
2.0,1.4790232181549072,1.0,-0.00010679243132472038
2.0,1.487117052078247,1.0,-0.00010627610754454508
2.0,1.4952220916748047,1.0,-0.00010627610754454508
2.0,1.5033884048461914,1.0,-0.00010627610754454508
2.0,1.5115299224853516,1.0,-0.00010575375927146524
2.0,1.5196442604064941,1.0,-0.00010522570664761588
2.0,1.5277557373046875,1.0,-0.00010522570664761588
2.0,1.5358617305755615,1.0,-0.00010469224071130157
2.0,1.5439693927764893,1.0,-0.00010469224071130157
2.0,1.5520751476287842,1.0,-0.00010415362339699641
2.0,1.5601913928985596,1.0,-0.00010415362339699641
2.0,1.568293809890747,1.0,-0.00010361016757087782
2.0,1.5764150619506836,1.0,-0.00010361016757087782
2.0,1.5845298767089844,1.0,-0.00010306210606358945
2.0,1.5926487445831299,1.0,-0.00010306210606358945
2.0,1.6007664203643799,1.0,-0.00010250972263747826
2.0,1.6088666915893555,1.0,-0.00010250972263747826
2.0,1.6169772148132324,1.0,-0.0001019532501231879
2.0,1.625077486038208,1.0,-0.0001019532501231879
2.0,1.633194923400879,1.0,-0.00010139295045519248
2.0,1.6413233280181885,1.0,-0.00010139295045519248
2.0,1.6494274139404297,1.0,-0.00010082904191222042
2.0,1.6575281620025635,1.0,-0.00010082904191222042
2.0,1.6656403541564941,1.0,-0.00010026177915278822
2.0,1.673753023147583,1.0,-0.00010026177915278822
2.0,1.6818783283233643,1.0,-9.969139500753954e-05
2.0,1.6899833679199219,1.0,-9.969139500753954e-05
2.0,1.6980972290039062,1.0,-9.91181077552028e-05
2.0,1.7062296867370605,1.0,-9.91181077552028e-05
2.0,1.7143676280975342,1.0,-9.854213567450643e-05
2.0,1.7225189208984375,1.0,-9.854213567450643e-05
2.0,1.7306475639343262,1.0,-9.796369704417884e-05
2.0,1.7389023303985596,1.0,-9.796369704417884e-05
2.0,1.7470722198486328,1.0,-9.73829664872028e-05
2.0,1.7551987171173096,1.0,-9.73829664872028e-05
2.0,1.7633056640625,1.0,-9.680015500634909e-05
2.0,1.7714152336120605,1.0,-9.680015500634909e-05
2.0,1.779526948928833,1.0,-9.621548088034615e-05
2.0,1.7876293659210205,1.0,-9.621548088034615e-05
2.0,1.7957510948181152,1.0,-9.562914056004956e-05
2.0,1.8038947582244873,1.0,-9.562914056004956e-05
2.0,1.8120183944702148,1.0,-9.504118497716263e-05
2.0,1.8201091289520264,1.0,-9.504118497716263e-05
2.0,1.8282077312469482,1.0,-9.44519997574389e-05
2.0,1.8364100456237793,0.9520698189735413,-9.44519997574389e-05
2.0,1.8445146083831787,0.9520698189735413,-9.386166493641213e-05
2.0,1.852611780166626,0.7165437936782837,-9.386166493641213e-05
2.0,1.8607351779937744,0.7165437936782837,-9.327028237748891e-05
2.0,1.8688628673553467,0.7165437936782837,-9.327028237748891e-05
2.0,1.876976728439331,0.7107090353965759,-9.267799032386392e-05
2.0,1.8850843906402588,0.7107090353965759,-9.267799032386392e-05
2.0,1.8931760787963867,0.6092168688774109,-9.208503615809605e-05
2.0,1.9012770652770996,0.6092168688774109,-9.208503615809605e-05
2.0,1.9093854427337646,0.6092168688774109,-9.149178367806599e-05
2.0,1.9174916744232178,0.5460586547851562,-9.149178367806599e-05
2.0,1.9256081581115723,0.5460586547851562,-9.089783998206258e-05
2.0,1.9337141513824463,0.5655289888381958,-9.089783998206258e-05
2.0,1.9418201446533203,0.5655289888381958,-9.03036561794579e-05
2.0,1.949949026107788,0.5655289888381958,-9.03036561794579e-05
2.0,1.9580528736114502,0.6781986951828003,-8.970947237685323e-05
2.0,1.96614408493042,0.6781986951828003,-8.970947237685323e-05
2.0,1.9742560386657715,0.7725538015365601,-8.911528857424855e-05
2.0,1.9823975563049316,0.7725538015365601,-8.852110477164388e-05
2.0,1.990539789199829,0.885866641998291,-8.852110477164388e-05
2.0,1.9986538887023926,0.885866641998291,-8.852110477164388e-05
2.0,2.0067551136016846,0.885866641998291,-8.792775770416483e-05
2.0,2.0148730278015137,0.9114603400230408,-8.792775770416483e-05
2.0,2.0230159759521484,0.9114603400230408,-8.733450522413477e-05
2.0,2.031155586242676,0.9176245331764221,-8.674198761582375e-05
2.0,2.039263963699341,0.9176245331764221,-8.674198761582375e-05
2.0,2.047370195388794,0.9176245331764221,-8.615000115241855e-05
2.0,2.055485963821411,0.9025221467018127,-8.615000115241855e-05
2.0,2.063627243041992,0.9025221467018127,-8.555878594052047e-05
2.0,2.071737766265869,0.9265647530555725,-8.555878594052047e-05
2.0,2.079832077026367,0.9265647530555725,-8.496848022332415e-05
2.0,2.0879323482513428,0.9265647530555725,-8.496848022332415e-05
2.0,2.096043109893799,0.9834986329078674,-8.437917858827859e-05
2.0,2.104182004928589,0.9834986329078674,-8.437917858827859e-05
2.0,2.1123526096343994,1.0,-8.379095379495993e-05
2.0,2.120492458343506,1.0,-8.379095379495993e-05
2.0,2.1286067962646484,1.0,-8.320385677507147e-05
2.0,2.13670015335083,1.0,-8.320385677507147e-05
2.0,2.144829511642456,1.0,-8.261807670351118e-05
2.0,2.152979612350464,1.0,-8.261807670351118e-05
2.0,2.1610937118530273,1.0,-8.203365723602474e-05
2.0,2.1691880226135254,1.0,-8.203365723602474e-05
2.0,2.17728853225708,1.0,-8.145069296006113e-05
2.0,2.185391664505005,1.0,-8.145069296006113e-05
2.0,2.1935575008392334,1.0,-8.086920570349321e-05
2.0,2.201781749725342,1.0,-8.086920570349321e-05
2.0,2.209934949874878,1.0,-8.028941374504939e-05
2.0,2.2181131839752197,0.9360186457633972,-8.028941374504939e-05
2.0,2.2262659072875977,0.9360186457633972,-7.971130253281444e-05
2.0,2.2343997955322266,0.8216364979743958,-7.971130253281444e-05
2.0,2.242534637451172,0.8216364979743958,-7.913495210232213e-05
2.0,2.250640392303467,0.8216364979743958,-7.913495210232213e-05
2.0,2.258767604827881,0.7007260322570801,-7.856044248910621e-05
2.0,2.2668838500976562,0.7007260322570801,-7.856044248910621e-05
2.0,2.2749903202056885,0.6605098247528076,-7.79878391767852e-05
2.0,2.2831029891967773,0.6605098247528076,-7.79878391767852e-05
2.0,2.291278600692749,0.6605098247528076,-7.741720037302002e-05
2.0,2.2993886470794678,0.6216930150985718,-7.741720037302002e-05
2.0,2.307487726211548,0.6216930150985718,-7.684863521717489e-05
2.0,2.315617322921753,0.5868982076644897,-7.684863521717489e-05
2.0,2.3237099647521973,0.5868982076644897,-7.628220191691071e-05
2.0,2.331791877746582,0.5868982076644897,-7.628220191691071e-05
2.0,2.3398826122283936,0.4726146161556244,-7.571789319626987e-05
2.0,2.3479928970336914,0.4726146161556244,-7.571789319626987e-05
2.0,2.356114387512207,0.36012837290763855,-7.515581819461659e-05
2.0,2.3642287254333496,0.36012837290763855,-7.515581819461659e-05
2.0,2.3723297119140625,0.17036324739456177,-7.459604239556938e-05
2.0,2.380998373031616,0.17036324739456177,-7.459604239556938e-05
2.0,2.389134407043457,0.17036324739456177,-7.403858035104349e-05
2.0,2.397254705429077,0.052920643240213394,-7.403858035104349e-05
2.0,2.4053690433502197,0.052920643240213394,-7.348351209657267e-05
2.0,2.4134669303894043,-0.011722610332071781,-7.348351209657267e-05
2.0,2.421602964401245,-0.011722610332071781,-7.293088856386021e-05
2.0,2.4297757148742676,-0.011722610332071781,-7.293088856386021e-05
2.0,2.4378981590270996,-0.006955357734113932,-7.23807024769485e-05
2.0,2.4460244178771973,-0.006955357734113932,-7.23807024769485e-05
2.0,2.454131603240967,0.09286577999591827,-7.183306297520176e-05
2.0,2.462244749069214,0.09286577999591827,-7.183306297520176e-05
2.0,2.4704267978668213,0.09286577999591827,-7.128800643840805e-05
2.0,2.4785397052764893,0.18088999390602112,-7.128800643840805e-05
2.0,2.4866786003112793,0.18088999390602112,-7.074554014252499e-05
2.0,2.4948081970214844,0.24963560700416565,-7.020570774329826e-05
2.0,2.502967596054077,0.24963560700416565,-7.020570774329826e-05
2.0,2.5111336708068848,0.24963560700416565,-6.966854562051594e-05
2.0,2.519270896911621,0.2644406855106354,-6.966854562051594e-05
2.0,2.5274171829223633,0.2644406855106354,-6.966854562051594e-05
2.0,2.535524368286133,0.21884001791477203,-6.913410470588133e-05
2.0,2.543651580810547,0.21884001791477203,-6.860241410322487e-05
2.0,2.5517685413360596,0.21884001791477203,-6.860241410322487e-05
2.0,2.5598926544189453,0.19644150137901306,-6.860241410322487e-05
2.0,2.5680274963378906,0.19644150137901306,-6.807350291637704e-05
2.0,2.5761961936950684,0.22675494849681854,-6.754740024916828e-05
2.0,2.5843303203582764,0.22675494849681854,-6.754740024916828e-05
2.0,2.5924553871154785,0.22675494849681854,-6.702413520542905e-05
2.0,2.600606918334961,0.27869299054145813,-6.702413520542905e-05
2.0,2.6087663173675537,0.27869299054145813,-6.65037368889898e-05
2.0,2.6169214248657227,0.34130212664604187,-6.65037368889898e-05
2.0,2.6250972747802734,0.34130212664604187,-6.598621257580817e-05
2.0,2.633279800415039,0.34130212664604187,-6.598621257580817e-05
2.0,2.6414504051208496,0.4608539640903473,-6.54715986456722e-05
2.0,2.649529457092285,0.4608539640903473,-6.54715986456722e-05
2.0,2.6576547622680664,0.4745795428752899,-6.495990965049714e-05
2.0,2.665832042694092,0.4745795428752899,-6.495990965049714e-05
2.0,2.675610303878784,0.4745795428752899,-6.44511601421982e-05
2.0,2.683821439743042,0.42807939648628235,-6.44511601421982e-05
2.0,2.6920783519744873,0.42807939648628235,-6.394539377652109e-05
2.0,2.7001888751983643,0.15596641600131989,-6.394539377652109e-05
2.0,2.7083020210266113,0.15596641600131989,-6.344263965729624e-05
2.0,2.7164227962493896,0.12660610675811768,-6.344263965729624e-05
2.0,2.724543571472168,0.12660610675811768,-6.294287595665082e-05
2.0,2.732665777206421,0.12660610675811768,-6.294287595665082e-05
2.0,2.7407748699188232,0.0008894717320799828,-6.244610995054245e-05
2.0,2.748882532119751,0.0008894717320799828,-6.244610995054245e-05
2.0,2.757066488265991,-0.10044921189546585,-6.195236346684396e-05
2.0,2.765230655670166,-0.10044921189546585,-6.195236346684396e-05
2.0,2.7733852863311768,-0.10044921189546585,-6.146171654108912e-05
2.0,2.781655788421631,-0.15090280771255493,-6.146171654108912e-05
2.0,2.7898292541503906,-0.15090280771255493,-6.097408549976535e-05
2.0,2.797945261001587,-0.17036204040050507,-6.097408549976535e-05
2.0,2.8060481548309326,-0.17036204040050507,-6.048953582649119e-05
2.0,2.8141531944274902,-0.17036204040050507,-6.048953582649119e-05
2.0,2.8225369453430176,-0.23844444751739502,-6.000806388328783e-05
2.0,2.83070969581604,-0.23844444751739502,-6.000806388328783e-05
2.0,2.838815212249756,-0.30873000621795654,-5.95296842220705e-05
2.0,2.846928358078003,-0.30873000621795654,-5.95296842220705e-05
2.0,2.8550398349761963,-0.30873000621795654,-5.9054385928902775e-05
2.0,2.8631432056427,-0.4879724085330963,-5.9054385928902775e-05
2.0,2.8712754249572754,-0.4879724085330963,-5.8582194469636306e-05
2.0,2.8793976306915283,-0.7348316311836243,-5.8582194469636306e-05
2.0,2.887495279312134,-0.7348316311836243,-5.8113109844271094e-05
2.0,2.8956072330474854,-0.7665733695030212,-5.8113109844271094e-05
2.0,2.903723955154419,-0.7665733695030212,-5.764712841482833e-05
2.0,2.911893844604492,-0.7665733695030212,-5.764712841482833e-05
2.0,2.9200334548950195,-0.8081927299499512,-5.7184264733223245e-05
2.0,2.9281721115112305,-0.8081927299499512,-5.7184264733223245e-05
2.0,2.9363043308258057,-0.7721388936042786,-5.6724522437434644e-05
2.0,2.9444172382354736,-0.7721388936042786,-5.6724522437434644e-05
2.0,2.9525306224823,-0.7721388936042786,-5.6267890613526106e-05
2.0,2.960655689239502,-0.7081397175788879,-5.6267890613526106e-05
2.0,2.9687998294830322,-0.7081397175788879,-5.581437289947644e-05
2.0,2.9769186973571777,-0.5918747782707214,-5.581437289947644e-05
2.0,2.985569953918457,-0.5918747782707214,-5.536398748517968e-05
2.0,2.9938149452209473,-0.5918747782707214,-5.536398748517968e-05
2.0,3.0020527839660645,-0.5561453104019165,-5.4916719818720594e-05
2.0,3.010171890258789,-0.5561453104019165,-5.447255898616277e-05
2.0,3.018272876739502,-0.5561453104019165,-5.447255898616277e-05
2.0,3.0263779163360596,-0.5383059978485107,-5.403152681537904e-05
2.0,3.0345263481140137,-0.5383059978485107,-5.403152681537904e-05
2.0,3.042635440826416,-0.5589801669120789,-5.3593605116475374e-05
2.0,3.0507419109344482,-0.5589801669120789,-5.3593605116475374e-05
2.0,3.058880567550659,-0.5756274461746216,-5.315878661349416e-05
2.0,3.067009210586548,-0.5756274461746216,-5.315878661349416e-05
2.0,3.075106382369995,-0.5756274461746216,-5.272708222037181e-05
2.0,3.0832080841064453,-0.5633875727653503,-5.272708222037181e-05
2.0,3.091325283050537,-0.5633875727653503,-5.2298481023171917e-05
2.0,3.0993926525115967,-0.470958948135376,-5.2298481023171917e-05
2.0,3.1075239181518555,-0.470958948135376,-5.187296846997924e-05
2.0,3.1156718730926514,-0.470958948135376,-5.187296846997924e-05
2.0,3.123800277709961,-0.3886457085609436,-5.1450559112709016e-05
2.0,3.1321473121643066,-0.3886457085609436,-5.1450559112709016e-05
2.0,3.1402859687805176,-0.3242104947566986,-5.1031231123488396e-05
2.0,3.1484289169311523,-0.3242104947566986,-5.1031231123488396e-05
2.0,3.1565845012664795,-0.3242104947566986,-5.061497358838096e-05
2.0,3.164734125137329,-0.27190178632736206,-5.061497358838096e-05
2.0,3.172851085662842,-0.27190178632736206,-5.0201797421323135e-05
2.0,3.1809701919555664,-0.32963472604751587,-5.0201797421323135e-05
2.0,3.189101219177246,-0.32963472604751587,-4.979167351848446e-05
2.0,3.1972453594207764,-0.32963472604751587,-4.979167351848446e-05
2.0,3.2053918838500977,-0.4591902792453766,-4.9384620069758967e-05
2.0,3.2135438919067383,-0.4591902792453766,-4.9384620069758967e-05
2.0,3.2216861248016357,-0.5818747878074646,-4.898060069535859e-05
2.0,3.229818105697632,-0.5818747878074646,-4.898060069535859e-05
2.0,3.2379331588745117,-0.5818747878074646,-4.857962630921975e-05
2.0,3.2460532188415527,-0.746065616607666,-4.857962630921975e-05
2.0,3.254176139831543,-0.746065616607666,-4.818167144549079e-05
2.0,3.2623395919799805,-0.8120558261871338,-4.818167144549079e-05
2.0,3.270531415939331,-0.8120558261871338,-4.778673974215053e-05
2.0,3.278688669204712,-0.8120558261871338,-4.778673974215053e-05
2.0,3.28680419921875,-0.8462019562721252,-4.739480573334731e-05
2.0,3.2949135303497314,-0.8462019562721252,-4.739480573334731e-05
2.0,3.303784132003784,-0.8783183693885803,-4.700588760897517e-05
2.0,3.311957597732544,-0.8783183693885803,-4.700588760897517e-05
2.0,3.320119619369507,-0.8783183693885803,-4.6619941713288426e-05
2.0,3.328221559524536,-1.0,-4.6619941713288426e-05
2.0,3.33632230758667,-1.0,-4.6236978960223496e-05
2.0,3.344435930252075,-1.0,-4.6236978960223496e-05
2.0,3.352527618408203,-1.0,-4.585697388392873e-05
2.0,3.360642194747925,-1.0,-4.585697388392873e-05
2.0,3.368882656097412,-1.0,-4.5479908294510096e-05
2.0,3.376997232437134,-1.0,-4.5479908294510096e-05
2.0,3.3851234912872314,-1.0,-4.510579310590401e-05
2.0,3.3932321071624756,-1.0,-4.510579310590401e-05
2.0,3.4013381004333496,-1.0,-4.4734599214280024e-05
2.0,3.409446954727173,-1.0,-4.4734599214280024e-05
2.0,3.4175355434417725,-1.0,-4.436631570570171e-05
2.0,3.425671100616455,-1.0,-4.436631570570171e-05
2.0,3.4338083267211914,-1.0,-4.400092802825384e-05
2.0,3.441925048828125,-1.0,-4.400092802825384e-05
2.0,3.4500458240509033,-1.0,-4.3638432543957606e-05
2.0,3.4581761360168457,-1.0,-4.3638432543957606e-05
2.0,3.46630859375,-1.0,-4.327880742494017e-05
2.0,3.4744443893432617,-1.0,-4.327880742494017e-05
2.0,3.4825994968414307,-1.0,-4.292203448130749e-05
2.0,3.490708589553833,-1.0,-4.292203448130749e-05
2.0,3.498809576034546,-1.0,-4.2568099161144346e-05
2.0,3.506927013397217,-1.0,-4.2568099161144346e-05
2.0,3.5150680541992188,-1.0,-4.221700146445073e-05
2.0,3.523209810256958,-1.0,-4.221700146445073e-05
2.0,3.5313456058502197,-1.0,-4.186871228739619e-05
2.0,3.5394625663757324,-1.0,-4.186871228739619e-05
2.0,3.5475363731384277,-1.0,-4.152322799200192e-05
2.0,3.5556674003601074,-1.0,-4.152322799200192e-05
2.0,3.5637900829315186,-0.9485857486724854,-4.118052311241627e-05
2.0,3.5719172954559326,-0.9485857486724854,-4.118052311241627e-05
2.0,3.58021879196167,-0.9485857486724854,-4.084059037268162e-05
2.0,3.588366746902466,-0.8911739587783813,-4.084059037268162e-05
2.0,3.5964841842651367,-0.8911739587783813,-4.0503411582903937e-05
2.0,3.604600191116333,-0.7707676291465759,-4.0503411582903937e-05
2.0,3.6126952171325684,-0.7707676291465759,-4.016896855318919e-05
2.0,3.6208512783050537,-0.7707676291465759,-4.016896855318919e-05
2.0,3.6289920806884766,-0.6946992874145508,-3.983724309364334e-05
2.0,3.637117624282837,-0.6946992874145508,-3.983724309364334e-05
2.0,3.645230531692505,-0.6735332012176514,-3.9508235204266384e-05
2.0,3.653357982635498,-0.6735332012176514,-3.9508235204266384e-05
2.0,3.661536455154419,-0.6735332012176514,-3.918191578122787e-05
2.0,3.6697139739990234,-0.7280173897743225,-3.918191578122787e-05
2.0,3.6778361797332764,-0.7280173897743225,-3.8858266634633765e-05
2.0,3.685962438583374,-0.8798996210098267,-3.8858266634633765e-05
2.0,3.6940994262695312,-0.8798996210098267,-3.8537273212568834e-05
2.0,3.7022528648376465,-0.8798996210098267,-3.8537273212568834e-05
2.0,3.7103753089904785,-0.9892785549163818,-3.8218931877054274e-05
2.0,3.718507766723633,-0.9892785549163818,-3.8218931877054274e-05
2.0,3.7266154289245605,-1.0,-3.790320988628082e-05
2.0,3.7347097396850586,-1.0,-3.790320988628082e-05
2.0,3.742802858352661,-1.0,-3.7590089050354436e-05
2.0,3.750903844833374,-1.0,-3.7590089050354436e-05
2.0,3.7590138912200928,-1.0,-3.727956936927512e-05
2.0,3.7671217918395996,-1.0,-3.727956936927512e-05
2.0,3.7752318382263184,-1.0,-3.6971618101233616e-05
2.0,3.783334493637085,-1.0,-3.666624616016634e-05
2.0,3.7914469242095947,-1.0,-3.666624616016634e-05
2.0,3.799527168273926,-1.0,-3.636340261436999e-05
2.0,3.8076326847076416,-1.0,-3.636340261436999e-05
2.0,3.815915584564209,-1.0,-3.636340261436999e-05
2.0,3.8241336345672607,-1.0,-3.6063091101823375e-05
2.0,3.8322770595550537,-1.0,-3.576528615667485e-05
2.0,3.840440511703491,-1.0,-3.576528615667485e-05
2.0,3.848558187484741,-1.0,-3.546996958903037e-05
2.0,3.8567018508911133,-1.0,-3.546996958903037e-05
2.0,3.864974021911621,-1.0,-3.517714503686875e-05
2.0,3.8731014728546143,-1.0,-3.517714503686875e-05
2.0,3.8812038898468018,-1.0,-3.4886768844444305e-05
2.0,3.889312744140625,-1.0,-3.4886768844444305e-05
2.0,3.897416830062866,-1.0,-3.459883373579942e-05
2.0,3.9055323600769043,-1.0,-3.459883373579942e-05
2.0,3.913647174835205,-1.0,-3.4313317883061245e-05
2.0,3.921825647354126,-1.0,-3.4313317883061245e-05
2.0,3.9299304485321045,-1.0,-3.403022128622979e-05
2.0,3.938051462173462,-1.0,-3.403022128622979e-05
2.0,3.946186065673828,-1.0,-3.374951484147459e-05
2.0,3.9542994499206543,-1.0,-3.374951484147459e-05
2.0,3.962406873703003,-1.0,-3.347118035890162e-05
2.0,3.970510721206665,-1.0,-3.347118035890162e-05
2.0,3.978609323501587,-1.0,-3.319520328659564e-05
2.0,3.9867236614227295,-1.0,-3.319520328659564e-05
2.0,3.994852066040039,-1.0,-3.2921565434662625e-05
2.0,4.002964735031128,-1.0,-3.2921565434662625e-05
2.0,4.011285305023193,-1.0,-3.265024861320853e-05
2.0,4.019410610198975,-1.0,-3.265024861320853e-05
2.0,4.027546167373657,-1.0,-3.2381238270318136e-05
2.0,4.035671234130859,-1.0,-3.2381238270318136e-05
2.0,4.043835639953613,-1.0,-3.21145162160974e-05
2.0,4.051950454711914,-1.0,-3.21145162160974e-05
2.0,4.060141563415527,-1.0,-3.185006426065229e-05
2.0,4.068281412124634,-1.0,-3.185006426065229e-05
2.0,4.076399564743042,-1.0,-3.158787512802519e-05
2.0,4.084508419036865,-1.0,-3.158787512802519e-05
2.0,4.092636346817017,-1.0,-3.132792335236445e-05
2.0,4.100795745849609,-1.0,-3.132792335236445e-05
2.0,4.10903787612915,-1.0,-3.1070194381754845e-05
2.0,4.117202997207642,-1.0,-3.1070194381754845e-05
2.0,4.125335931777954,-1.0,-3.0814659112365916e-05
2.0,4.133446455001831,-0.9624131917953491,-3.0814659112365916e-05
2.0,4.141604423522949,-0.9624131917953491,-3.056132482015528e-05
2.0,4.149748802185059,-0.9081767797470093,-3.056132482015528e-05
2.0,4.1578688621521,-0.9081767797470093,-3.0310158763313666e-05
2.0,4.166000127792358,-0.8948184847831726,-3.0310158763313666e-05
2.0,4.174127578735352,-0.8948184847831726,-3.006114457093645e-05
2.0,4.182253360748291,-0.8948184847831726,-3.006114457093645e-05
2.0,4.190389633178711,-0.9676483273506165,-2.9814271329087205e-05
2.0,4.198523759841919,-0.9676483273506165,-2.9814271329087205e-05
2.0,4.206640243530273,-1.0,-2.956951539090369e-05
2.0,4.214765310287476,-1.0,-2.932686584244948e-05
2.0,4.222894906997681,-1.0,-2.932686584244948e-05
2.0,4.2310402393341064,-1.0,-2.932686584244948e-05
2.0,4.239146709442139,-1.0,-2.9086306312819943e-05
2.0,4.2472429275512695,-1.0,-2.9086306312819943e-05
2.0,4.2553465366363525,-1.0,-2.8847818612121046e-05
2.0,4.2634453773498535,-1.0,-2.8611386369448155e-05
2.0,4.2715208530426025,-1.0,-2.8611386369448155e-05
2.0,4.279624700546265,-1.0,-2.837699321389664e-05
2.0,4.287744998931885,-1.0,-2.837699321389664e-05
2.0,4.295876502990723,-1.0,-2.837699321389664e-05
2.0,4.304017782211304,-1.0,-2.814462459355127e-05
2.0,4.312177658081055,-1.0,-2.7914262318518013e-05
2.0,4.320314168930054,-1.0,-2.7914262318518013e-05
2.0,4.328437805175781,-1.0,-2.7685891836881638e-05
2.0,4.336572885513306,-1.0,-2.7685891836881638e-05
2.0,4.344686031341553,-1.0,-2.7459493139758706e-05
2.0,4.352820158004761,-1.0,-2.7459493139758706e-05
2.0,4.360934257507324,-1.0,-2.7235053494223393e-05
2.0,4.369039297103882,-1.0,-2.7235053494223393e-05
2.0,4.377137660980225,-1.0,-2.7012554710381664e-05
2.0,4.385265827178955,-1.0,-2.7012554710381664e-05
2.0,4.3934056758880615,-1.0,-2.67919876932865e-05
2.0,4.401531219482422,-1.0,-2.67919876932865e-05
2.0,4.409653663635254,-1.0,-2.6573328796075657e-05
2.0,4.417757987976074,-1.0,-2.6573328796075657e-05
2.0,4.4258668422698975,-1.0,-2.6356565285823308e-05
2.0,4.433999061584473,-1.0,-2.6356565285823308e-05
2.0,4.442138671875,-1.0,-2.6141678972635418e-05
2.0,4.450256586074829,-1.0,-2.6141678972635418e-05
2.0,4.4583961963653564,-1.0,-2.5928658942575566e-05
2.0,4.466518878936768,-1.0,-2.5928658942575566e-05
2.0,4.474640846252441,-1.0,-2.571748882473912e-05
2.0,4.4827470779418945,-1.0,-2.571748882473912e-05
2.0,4.490821838378906,-1.0,-2.5508150429232046e-05
2.0,4.4989283084869385,-1.0,-2.5508150429232046e-05
2.0,4.507039785385132,-1.0,-2.5300631023128517e-05
2.0,4.515161752700806,-1.0,-2.5300631023128517e-05
2.0,4.523275375366211,-1.0,-2.5094914235523902e-05
2.0,4.531370401382446,-1.0,-2.5094914235523902e-05
2.0,4.5394673347473145,-1.0,-2.4890987333492376e-05
2.0,4.547593832015991,-1.0,-2.4890987333492376e-05
2.0,4.555699586868286,-1.0,-2.4688826670171693e-05
2.0,4.563807249069214,-1.0,-2.4688826670171693e-05
2.0,4.57192587852478,-1.0,-2.4488434064551257e-05
2.0,4.58004903793335,-1.0,-2.4488434064551257e-05
2.0,4.588647127151489,-1.0,-2.4289773136842996e-05
2.0,4.596804857254028,-1.0,-2.4289773136842996e-05
2.0,4.60492467880249,-1.0,-2.409284934401512e-05
2.0,4.613046884536743,-1.0,-2.409284934401512e-05
2.0,4.621200084686279,-1.0,-2.389763540122658e-05
2.0,4.629364967346191,-1.0,-2.389763540122658e-05
2.0,4.637489557266235,-1.0,-2.3704116756562144e-05
2.0,4.6456074714660645,-1.0,-2.3704116756562144e-05
2.0,4.653732061386108,-1.0,-2.35122879530536e-05
2.0,4.661844730377197,-1.0,-2.35122879530536e-05
2.0,4.6702916622161865,-0.9996728897094727,-2.3322128981817514e-05
2.0,4.6785852909088135,-0.9996728897094727,-2.3133625290938653e-05
2.0,4.686792373657227,-0.9996728897094727,-2.3133625290938653e-05
2.0,4.694906949996948,-1.0,-2.3133625290938653e-05
2.0,4.703016996383667,-1.0,-2.2946760509512387e-05
2.0,4.711125135421753,-1.0,-2.2946760509512387e-05
2.0,4.7192699909210205,-1.0,-2.276152190461289e-05
2.0,4.72740912437439,-1.0,-2.257789674331434e-05
2.0,4.7355263233184814,-1.0,-2.257789674331434e-05
2.0,4.743637561798096,-1.0,-2.2395868654712103e-05
2.0,4.7517616748809814,-1.0,-2.2395868654712103e-05
2.0,4.759887933731079,-1.0,-2.221542854385916e-05
2.0,4.7679948806762695,-1.0,-2.221542854385916e-05
2.0,4.77609658241272,-1.0,-2.2036561858840287e-05
2.0,4.7842161655426025,-1.0,-2.2036561858840287e-05
2.0,4.792336940765381,-1.0,-2.185924859077204e-05
2.0,4.8004326820373535,-1.0,-2.185924859077204e-05
2.0,4.808520317077637,-1.0,-2.1683479644707404e-05
2.0,4.816615581512451,-1.0,-2.1683479644707404e-05
2.0,4.824734210968018,-1.0,-2.150924592569936e-05
2.0,4.832866430282593,-1.0,-2.150924592569936e-05
2.0,4.840977191925049,-1.0,-2.1336523786885664e-05
2.0,4.849089622497559,-1.0,-2.1336523786885664e-05
2.0,4.857180118560791,-1.0,-2.116531140927691e-05
2.0,4.865272521972656,-1.0,-2.116531140927691e-05
2.0,4.873388767242432,-1.0,-2.0995586965000257e-05
2.0,4.8815248012542725,-1.0,-2.0995586965000257e-05
2.0,4.8896448612213135,-1.0,-2.0827335902140476e-05
2.0,4.897759675979614,-1.0,-2.0827335902140476e-05
2.0,4.905878067016602,-1.0,-2.066055458271876e-05
2.0,4.914039850234985,-1.0,-2.066055458271876e-05
2.0,4.92216682434082,-1.0,-2.0495221178862266e-05
2.0,4.930276155471802,-1.0,-2.0495221178862266e-05
2.0,4.9383838176727295,-1.0,-2.0331326595623977e-05
2.0,4.946488618850708,-1.0,-2.0331326595623977e-05
2.0,4.95460057258606,-1.0,-2.0168859919067472e-05
2.0,4.962688446044922,-1.0,-2.0168859919067472e-05
2.0,4.970771789550781,-1.0,-2.000780477828812e-05
2.0,4.97886848449707,-1.0,-2.000780477828812e-05
2.0,4.986984014511108,-1.0,-1.98481520783389e-05
2.0,4.995100259780884,-1.0,-1.98481520783389e-05
2.0,5.003201723098755,-1.0,-1.9689887267304584e-05
2.0,5.011284828186035,-1.0,-1.9689887267304584e-05
2.0,5.019378423690796,-1.0,-1.953299761225935e-05
2.0,5.0274882316589355,-1.0,-1.953299761225935e-05
2.0,5.035608291625977,-1.0,-1.937746856128797e-05
2.0,5.043710708618164,-1.0,-1.937746856128797e-05
2.0,5.0518105030059814,-1.0,-1.9223291019443423e-05
2.0,5.059899091720581,-1.0,-1.9223291019443423e-05
2.0,5.068000316619873,-1.0,-1.9070452253799886e-05
2.0,5.076116323471069,-1.0,-1.9070452253799886e-05
2.0,5.084225177764893,-1.0,-1.891894862637855e-05
2.0,5.092344284057617,-1.0,-1.891894862637855e-05
2.0,5.101469039916992,-1.0,-1.876875467132777e-05
2.0,5.109692573547363,-1.0,-1.876875467132777e-05
2.0,5.117798328399658,-1.0,-1.8619868569658138e-05
2.0,5.125905275344849,-1.0,-1.8619868569658138e-05
2.0,5.134112358093262,-1.0,-1.8472273950465024e-05
2.0,5.142248868942261,-1.0,-1.8472273950465024e-05
2.0,5.150423049926758,-1.0,-1.83259562618332e-05
2.0,5.158525228500366,-1.0,-1.83259562618332e-05
2.0,5.1666388511657715,-1.0,-1.8180910046794452e-05
2.0,5.174742698669434,-1.0,-1.8180910046794452e-05
2.0,5.182846307754517,-1.0,-1.8037120753433555e-05
2.0,5.190969705581665,-1.0,-1.7894575648824684e-05
2.0,5.199112415313721,-1.0,-1.7894575648824684e-05
2.0,5.207218408584595,-1.0,-1.7894575648824684e-05
2.0,5.215321063995361,-1.0,-1.7753269275999628e-05
2.0,5.223434686660767,-1.0,-1.7613187083043158e-05
2.0,5.231534242630005,-1.0,-1.7613187083043158e-05
2.0,5.239668607711792,-1.0,-1.747431633702945e-05
2.0,5.247790336608887,-1.0,-1.747431633702945e-05
2.0,5.2559003829956055,-1.0,-1.7336642486043274e-05
2.0,5.2640087604522705,-1.0,-1.7336642486043274e-05
2.0,5.2721312046051025,-1.0,-1.7200160073116422e-05
2.0,5.280268430709839,-1.0,-1.7200160073116422e-05
2.0,5.288463592529297,-1.0,-1.7064860003301874e-05
2.0,5.296583414077759,-1.0,-1.7064860003301874e-05
2.0,5.304723262786865,-1.0,-1.6930729543673806e-05
2.0,5.312867641448975,-1.0,-1.6930729543673806e-05
2.0,5.3209779262542725,-1.0,-1.6797757780295797e-05
2.0,5.329143047332764,-1.0,-1.6797757780295797e-05
2.0,5.337244272232056,-1.0,-1.6665937437210232e-05
2.0,5.345344305038452,-1.0,-1.6665937437210232e-05
2.0,5.353448152542114,-1.0,-1.6535253962501884e-05
2.0,5.361524343490601,-1.0,-1.6535253962501884e-05
2.0,5.369633197784424,-1.0,-1.6405698261223733e-05
2.0,5.377745628356934,-1.0,-1.6405698261223733e-05
2.0,5.385865926742554,-1.0,-1.6277255781460553e-05
2.0,5.393988609313965,-1.0,-1.6277255781460553e-05
2.0,5.402112722396851,-1.0,-1.614991924725473e-05
2.0,5.410246133804321,-1.0,-1.614991924725473e-05
2.0,5.418367147445679,-1.0,-1.602368865860626e-05
2.0,5.426513671875,-1.0,-1.602368865860626e-05
2.0,5.4346630573272705,-1.0,-1.5898540368652903e-05
2.0,5.442811012268066,-1.0,-1.5898540368652903e-05
2.0,5.450944662094116,-1.0,-1.5774465282447636e-05
2.0,5.459069013595581,-1.0,-1.5774465282447636e-05
2.0,5.467205286026001,-1.0,-1.565146703796927e-05
2.0,5.4753711223602295,-1.0,-1.565146703796927e-05
2.0,5.483525276184082,-1.0,-1.5529512893408537e-05
2.0,5.491639137268066,-1.0,-1.5529512893408537e-05
2.0,5.499759674072266,-1.0,-1.5408621038659476e-05
2.0,5.507886171340942,-1.0,-1.5408621038659476e-05
2.0,5.516036033630371,-1.0,-1.5288756912923418e-05
2.0,5.524187088012695,-1.0,-1.5288756912923418e-05
2.0,5.5323100090026855,-1.0,-1.516992415417917e-05
2.0,5.540420293807983,-1.0,-1.516992415417917e-05
2.0,5.548535346984863,-1.0,-1.5052111848490313e-05
2.0,5.556656837463379,-1.0,-1.5052111848490313e-05
2.0,5.564772605895996,-1.0,-1.4935310900909826e-05
2.0,5.5728936195373535,-1.0,-1.4935310900909826e-05
2.0,5.581055164337158,-1.0,-1.4819511306995992e-05
2.0,5.5892112255096436,-1.0,-1.4819511306995992e-05
2.0,5.5973405838012695,-1.0,-1.4704704881296493e-05
2.0,5.6054956912994385,-1.0,-1.4704704881296493e-05
2.0,5.613673686981201,-1.0,-1.4590877981390804e-05
2.0,5.62181282043457,-1.0,-1.4590877981390804e-05
2.0,5.629952907562256,-1.0,-1.4478026969300117e-05
2.0,5.638112783432007,-1.0,-1.4478026969300117e-05
2.0,5.6462321281433105,-1.0,-1.4366140931088012e-05
2.0,5.654345512390137,-1.0,-1.4366140931088012e-05
2.0,5.662491798400879,-1.0,-1.4255209862312768e-05
2.0,5.670652627944946,-1.0,-1.4255209862312768e-05
2.0,5.678772211074829,-1.0,-1.414522557752207e-05
2.0,5.686887502670288,-1.0,-1.414522557752207e-05
2.0,5.695004224777222,-1.0,-1.4036180800758302e-05
2.0,5.703123092651367,-1.0,-1.4036180800758302e-05
2.0,5.7112345695495605,-1.0,-1.3928066437074449e-05
2.0,5.719370603561401,-1.0,-1.3928066437074449e-05
2.0,5.7275097370147705,-1.0,-1.3820873391523492e-05
2.0,5.7356276512146,-1.0,-1.3714593478653114e-05
2.0,5.743748188018799,-1.0,-1.3714593478653114e-05
2.0,5.751867294311523,-1.0,-1.3714593478653114e-05
2.0,5.7599897384643555,-1.0,-1.36092176035163e-05
2.0,5.7681074142456055,-1.0,-1.3504738490155432e-05
2.0,5.776221036911011,-1.0,-1.3504738490155432e-05
2.0,5.784337997436523,-1.0,-1.3401149772107601e-05
2.0,5.79245924949646,-1.0,-1.3401149772107601e-05
2.0,5.800601959228516,-1.0,-1.329843871644698e-05
2.0,5.808727502822876,-1.0,-1.329843871644698e-05
2.0,5.816856622695923,-1.0,-1.3196602594689466e-05
2.0,5.824974536895752,-1.0,-1.3196602594689466e-05
2.0,5.833095550537109,-1.0,-1.3095626854919828e-05
2.0,5.841224431991577,-1.0,-1.3095626854919828e-05
2.0,5.849349737167358,-1.0,-1.2995509678148665e-05
2.0,5.8575215339660645,-1.0,-1.2995509678148665e-05
2.0,5.865701675415039,-1.0,-1.2896240150439553e-05
2.0,5.873841047286987,-1.0,-1.2896240150439553e-05
2.0,5.881986141204834,-1.0,-1.279781099583488e-05
2.0,5.89011549949646,-1.0,-1.279781099583488e-05
2.0,5.898247241973877,-1.0,-1.2700215847871732e-05
2.0,5.906676530838013,-1.0,-1.2700215847871732e-05
2.0,5.914851427078247,-1.0,-1.260344470210839e-05
2.0,5.923216342926025,-1.0,-1.260344470210839e-05
2.0,5.931350946426392,-1.0,-1.2507491192081943e-05
2.0,5.9394850730896,-1.0,-1.2507491192081943e-05
2.0,5.948211431503296,-1.0,-1.2412348951329477e-05
2.0,5.95641303062439,-1.0,-1.2412348951329477e-05
2.0,5.964525938034058,-1.0,-1.2318008884903975e-05
2.0,5.972639799118042,-1.0,-1.2318008884903975e-05
2.0,5.98076057434082,-1.0,-1.2224464626342524e-05
2.0,5.988895893096924,-1.0,-1.2224464626342524e-05
2.0,5.997032403945923,-1.0,-1.2131707990192808e-05
2.5,3.5762786865234375e-06,-1.0,-1.2131707990192808e-05
2.5,0.008121252059936523,-1.0,-1.2039732609991916e-05
2.5,0.01623702049255371,-1.0,-1.2039732609991916e-05
2.5,0.024363279342651367,-1.0,-1.1948531209782232e-05
2.5,0.032492876052856445,-1.0,-1.1948531209782232e-05
2.5,0.040618181228637695,-1.0,-1.1858094694616739e-05
2.5,0.048735618591308594,-1.0,-1.1858094694616739e-05
2.5,0.05685853958129883,-1.0,-1.1768421245506033e-05
2.5,0.06499004364013672,-1.0,-1.1768421245506033e-05
2.5,0.07314038276672363,-1.0,-1.1679496310534887e-05
2.5,0.08126997947692871,-1.0,-1.1679496310534887e-05
2.5,0.08938074111938477,-1.0,-1.1591318070713896e-05
2.5,0.09750676155090332,-1.0,-1.1591318070713896e-05
2.5,0.1056365966796875,-1.0,-1.150388106907485e-05
2.5,0.11376118659973145,-1.0,-1.150388106907485e-05
2.5,0.12188148498535156,-1.0,-1.1417174391681328e-05
2.5,0.13000726699829102,-1.0,-1.1417174391681328e-05
2.5,0.13814163208007812,-1.0,-1.1331193491059821e-05
2.5,0.14630341529846191,-1.0,-1.1331193491059821e-05
2.5,0.15437984466552734,-1.0,-1.124593381973682e-05
2.5,0.16250181198120117,-1.0,-1.124593381973682e-05
2.5,0.17060136795043945,-1.0,-1.1161386282765307e-05
2.5,0.1787557601928711,-1.0,-1.1161386282765307e-05
2.5,0.18695354461669922,-1.0,-1.1077544513682369e-05
2.5,0.1950976848602295,-1.0,-1.1077544513682369e-05
2.5,0.2032327651977539,-1.0,-1.0994401236530393e-05
2.5,0.21137738227844238,-1.0,-1.0911950994341169e-05
2.5,0.21952390670776367,-1.0,-1.0911950994341169e-05
2.5,0.22768545150756836,-1.0,-1.0911950994341169e-05
2.5,0.23582220077514648,-1.0,-1.083018651115708e-05
2.5,0.24392914772033691,-1.0,-1.083018651115708e-05
2.5,0.25204014778137207,-1.0,-1.074910323950462e-05
2.5,0.26015377044677734,-1.0,-1.0668695722415578e-05
2.5,0.26827263832092285,-1.0,-1.0668695722415578e-05
2.5,0.276369571685791,-1.0,-1.0588955774437636e-05
2.5,0.28447699546813965,-1.0,-1.0588955774437636e-05
2.5,0.2925863265991211,-1.0,-1.0588955774437636e-05
2.5,0.30071330070495605,-1.0,-1.050987521011848e-05
2.5,0.30884218215942383,-1.0,-1.0431454938952811e-05
2.5,0.31696581840515137,-1.0,-1.0431454938952811e-05
2.5,0.3250758647918701,-1.0,-1.0353681318520103e-05
2.5,0.33319544792175293,-1.0,-1.0353681318520103e-05
2.5,0.34131717681884766,-1.0,-1.0276553439325653e-05
2.5,0.3494558334350586,-1.0,-1.0276553439325653e-05
2.5,0.3575780391693115,-1.0,-1.0200063115917146e-05
2.5,0.3657035827636719,-1.0,-1.0200063115917146e-05
2.5,0.37383151054382324,-1.0,-1.0124206710315775e-05
2.5,0.38199949264526367,-1.0,-1.0124206710315775e-05
2.5,0.39022374153137207,-1.0,-1.004897421807982e-05
2.5,0.39839744567871094,-1.0,-1.004897421807982e-05
2.5,0.4065883159637451,-1.0,-9.974366548703983e-06
2.5,0.4147458076477051,-1.0,-9.974366548703983e-06
2.5,0.4230079650878906,-1.0,-9.900372788251843e-06
2.5,0.43119001388549805,-1.0,-9.900372788251843e-06
2.5,0.43937253952026367,-1.0,-9.82698747975519e-06
2.5,0.4475076198577881,-1.0,-9.82698747975519e-06
2.5,0.4556460380554199,-1.0,-9.75420516624581e-06
2.5,0.4638550281524658,-1.0,-9.75420516624581e-06
2.5,0.47545337677001953,-1.0,-9.682024938229006e-06
2.5,0.4837040901184082,-1.0,-9.682024938229006e-06
2.5,0.4918801784515381,-1.0,-9.610436791263055e-06
2.5,0.5000560283660889,-1.0,-9.610436791263055e-06
2.5,0.508202075958252,-1.0,-9.539437087369151e-06
2.5,0.5163509845733643,-1.0,-9.539437087369151e-06
2.5,0.5244677066802979,-1.0,-9.469020369579084e-06
2.5,0.5325865745544434,-1.0,-9.469020369579084e-06
2.5,0.5407087802886963,-1.0,-9.39917936193524e-06
2.5,0.5488274097442627,-1.0,-9.39917936193524e-06
2.5,0.556952714920044,-1.0,-9.329912245448213e-06
2.5,0.5650725364685059,-1.0,-9.329912245448213e-06
2.5,0.573185920715332,-1.0,-9.261212653655093e-06
2.5,0.5814001560211182,-1.0,-9.261212653655093e-06
2.5,0.5895674228668213,-1.0,-9.193074220092967e-06
2.5,0.5976855754852295,-1.0,-9.193074220092967e-06
2.5,0.6057870388031006,-1.0,-9.125490578298923e-06
2.5,0.6139070987701416,-1.0,-9.125490578298923e-06
2.5,0.6220512390136719,-1.0,-9.05845718079945e-06
2.5,0.6302070617675781,-1.0,-8.991974937089253e-06
2.5,0.6383228302001953,-1.0,-8.991974937089253e-06
2.5,0.646458625793457,-1.0,-8.92603384272661e-06
2.5,0.6545736789703369,-1.0,-8.92603384272661e-06
2.5,0.662689208984375,-1.0,-8.92603384272661e-06
2.5,0.67081618309021,-1.0,-8.860626621753909e-06
2.5,0.6789655685424805,-1.0,-8.795756912149955e-06
2.5,0.6871175765991211,-1.0,-8.795756912149955e-06
2.5,0.695225715637207,-1.0,-8.731408343010116e-06
2.5,0.7033631801605225,-1.0,-8.731408343010116e-06
2.5,0.7115201950073242,-1.0,-8.667588190292008e-06
2.5,0.7196559906005859,-1.0,-8.667588190292008e-06
2.5,0.7278072834014893,-1.0,-8.604281902080402e-06
2.5,0.735938549041748,-1.0,-8.604281902080402e-06
2.5,0.7440526485443115,-1.0,-8.541493116354104e-06
2.5,0.752187967300415,-1.0,-8.541493116354104e-06
2.5,0.7602951526641846,-1.0,-8.479210919176694e-06
2.5,0.7683899402618408,-1.0,-8.479210919176694e-06
2.5,0.777601957321167,-1.0,-8.41742985357996e-06
2.5,0.7857630252838135,-1.0,-8.41742985357996e-06
2.5,0.7938871383666992,-1.0,-8.35615264804801e-06
2.5,0.8019981384277344,-1.0,-8.35615264804801e-06
2.5,0.8101058006286621,-1.0,-8.295369298139121e-06
2.5,0.8182535171508789,-1.0,-8.295369298139121e-06
2.5,0.8264038562774658,-1.0,-8.235075256379787e-06
2.5,0.8345241546630859,-1.0,-8.235075256379787e-06
2.5,0.8426516056060791,-1.0,-8.175266884791199e-06
2.5,0.8507838249206543,-1.0,-8.175266884791199e-06
2.5,0.8589270114898682,-1.0,-8.115940545394551e-06
2.5,0.867060661315918,-1.0,-8.115940545394551e-06
2.5,0.8751769065856934,-1.0,-8.057092600211035e-06
2.5,0.8832883834838867,-1.0,-8.057092600211035e-06
2.5,0.8913712501525879,-1.0,-7.998719411261845e-06
2.5,0.8994805812835693,-1.0,-7.998719411261845e-06
2.5,0.9076030254364014,-1.0,-7.940813702589367e-06
2.5,0.9157321453094482,-1.0,-7.940813702589367e-06
2.5,0.9238433837890625,-1.0,-7.883372745709494e-06
2.5,0.9319577217102051,-1.0,-7.883372745709494e-06
2.5,0.9400815963745117,-1.0,-7.82639290264342e-06
2.5,0.9481973648071289,-1.0,-7.82639290264342e-06
2.5,0.9562942981719971,-1.0,-7.769870535412338e-06
2.5,0.964451789855957,-1.0,-7.769870535412338e-06
2.5,0.9725639820098877,-1.0,-7.713800187048037e-06
2.5,0.9806947708129883,-1.0,-7.713800187048037e-06
2.5,0.9888138771057129,-1.0,-7.658179129066411e-06
2.5,0.9969232082366943,-1.0,-7.658179129066411e-06
2.5,1.0050313472747803,-1.0,-7.603002813993953e-06
2.5,1.0131475925445557,-1.0,-7.603002813993953e-06
2.5,1.0212914943695068,-1.0,-7.5482648753677495e-06
2.5,1.0294768810272217,-1.0,-7.5482648753677495e-06
2.5,1.0375936031341553,-1.0,-7.4939653131878e-06
2.5,1.0457205772399902,-1.0,-7.4939653131878e-06
2.5,1.053901195526123,-1.0,-7.440098215738544e-06
2.5,1.062046766281128,-1.0,-7.440098215738544e-06
2.5,1.0702078342437744,-1.0,-7.386659945041174e-06
2.5,1.0783679485321045,-1.0,-7.386659945041174e-06
2.5,1.0865116119384766,-1.0,-7.3336477726115845e-06
2.5,1.0946404933929443,-1.0,-7.3336477726115845e-06
2.5,1.1028258800506592,-1.0,-7.281056241481565e-06
2.5,1.1109874248504639,-1.0,-7.281056241481565e-06
2.5,1.1191153526306152,-1.0,-7.22888262316701e-06
2.5,1.1272988319396973,-1.0,-7.22888262316701e-06
2.5,1.135481357574463,-1.0,-7.177122824941762e-06
2.5,1.1436212062835693,-1.0,-7.125773663574364e-06
2.5,1.1517536640167236,-1.0,-7.125773663574364e-06
2.5,1.159865140914917,-1.0,-7.07483150108601e-06
2.5,1.1680128574371338,-1.0,-7.07483150108601e-06
2.5,1.1761367321014404,-1.0,-7.024292699497892e-06
2.5,1.1844401359558105,-1.0,-7.024292699497892e-06
2.5,1.192568063735962,-1.0,-6.974153166083852e-06
2.5,1.20070219039917,-1.0,-6.974153166083852e-06
2.5,1.2088139057159424,-1.0,-6.924408808117732e-06
2.5,1.2169477939605713,-1.0,-6.924408808117732e-06
2.5,1.2251076698303223,-1.0,-6.875056897115428e-06
2.5,1.2333335876464844,-1.0,-6.875056897115428e-06
2.5,1.2415003776550293,-1.0,-6.826096068834886e-06
2.5,1.2496130466461182,-1.0,-6.826096068834886e-06
2.5,1.2577381134033203,-1.0,-6.777519502065843e-06
2.5,1.2659025192260742,-1.0,-6.777519502065843e-06
2.5,1.2740435600280762,-1.0,-6.7293253778188955e-06
2.5,1.282163143157959,-1.0,-6.7293253778188955e-06
2.5,1.2902953624725342,-1.0,-6.681510512862587e-06
2.5,1.2984380722045898,-1.0,-6.681510512862587e-06
2.5,1.3065497875213623,-1.0,-6.634071269218111e-06
2.5,1.3146984577178955,-1.0,-6.634071269218111e-06
2.5,1.3228368759155273,-1.0,-6.587004008906661e-06
2.5,1.330979347229004,-1.0,-6.587004008906661e-06
2.5,1.3391683101654053,-1.0,-6.540306912938831e-06
2.5,1.347316026687622,-1.0,-6.540306912938831e-06
2.5,1.3554434776306152,-1.0,-6.493974979093764e-06
2.5,1.3635585308074951,-1.0,-6.493974979093764e-06
2.5,1.3716800212860107,-1.0,-6.448005478887353e-06
2.5,1.3798604011535645,-1.0,-6.448005478887353e-06
2.5,1.388002872467041,-1.0,-6.4023952290881425e-06
2.5,1.3961272239685059,-1.0,-6.4023952290881425e-06
2.5,1.404231309890747,-1.0,-6.357141955959378e-06
2.5,1.4123716354370117,-1.0,-6.357141955959378e-06
2.5,1.4205033779144287,-1.0,-6.312242021522252e-06
2.5,1.4286396503448486,-1.0,-6.312242021522252e-06
2.5,1.4367637634277344,-1.0,-6.2676922425453085e-06
2.5,1.4448966979980469,-1.0,-6.2676922425453085e-06
2.5,1.4530158042907715,-1.0,-6.223488981049741e-06
2.5,1.4611303806304932,-1.0,-6.223488981049741e-06
2.5,1.4692606925964355,-1.0,-6.179630418046145e-06
2.5,1.4774253368377686,-1.0,-6.179630418046145e-06
2.5,1.4855365753173828,-1.0,-6.136112915555714e-06
2.5,1.4936513900756836,-1.0,-6.136112915555714e-06
2.5,1.5017647743225098,-1.0,-6.092933745094342e-06
2.5,1.5098822116851807,-1.0,-6.092933745094342e-06
2.5,1.5180041790008545,-1.0,-6.050089268683223e-06
2.5,1.526118516921997,-1.0,-6.050089268683223e-06
2.5,1.5342280864715576,-1.0,-6.007575848343549e-06
2.5,1.5424103736877441,-1.0,-6.007575848343549e-06
2.5,1.5505650043487549,-1.0,-5.965394393570023e-06
2.5,1.5586895942687988,-1.0,-5.965394393570023e-06
2.5,1.5668039321899414,-1.0,-5.923538537899731e-06
2.5,1.5749421119689941,-1.0,-5.923538537899731e-06
2.5,1.5831003189086914,-1.0,-5.882006917090621e-06
2.5,1.591238260269165,-1.0,-5.840795893163886e-06
2.5,1.5993633270263672,-1.0,-5.840795893163886e-06
2.5,1.6074762344360352,-1.0,-5.840795893163886e-06
2.5,1.6156539916992188,-1.0,-5.7999031923827715e-06
2.5,1.6238675117492676,-1.0,-5.75932472202112e-06
2.5,1.6319787502288818,-1.0,-5.75932472202112e-06
2.5,1.6400935649871826,-1.0,-5.71906048207893e-06
2.5,1.6482174396514893,-1.0,-5.71906048207893e-06
2.5,1.6563606262207031,-1.0,-5.679105470335344e-06
2.5,1.6644818782806396,-1.0,-5.679105470335344e-06
2.5,1.672593355178833,-1.0,-5.639456958306255e-06
2.5,1.6807091236114502,-1.0,-5.639456958306255e-06
2.5,1.688847303390503,-1.0,-5.600115400739014e-06
2.5,1.6969847679138184,-1.0,-5.600115400739014e-06
2.5,1.7051618099212646,-1.0,-5.561075340665411e-06
2.5,1.7133331298828125,-1.0,-5.561075340665411e-06
2.5,1.721482753753662,-1.0,-5.52233359485399e-06
2.5,1.729600191116333,-1.0,-5.52233359485399e-06
2.5,1.737736463546753,-1.0,-5.483889253810048e-06
2.5,1.7465496063232422,-1.0,-5.483889253810048e-06
2.5,1.7547805309295654,-1.0,-5.445739589049481e-06
2.5,1.7629172801971436,-1.0,-5.445739589049481e-06
2.5,1.7710487842559814,-1.0,-5.407881872088183e-06
2.5,1.779160737991333,-1.0,-5.407881872088183e-06
2.5,1.7872867584228516,-1.0,-5.370313374442048e-06
2.5,1.7954325675964355,-1.0,-5.370313374442048e-06
2.5,1.8035378456115723,-1.0,-5.3330313676269725e-06
2.5,1.8116652965545654,-1.0,-5.3330313676269725e-06
2.5,1.8197886943817139,-1.0,-5.2960344874009024e-06
2.5,1.8279078006744385,-1.0,-5.2960344874009024e-06
2.5,1.8360176086425781,-1.0,-5.259319095785031e-06
2.5,1.8441309928894043,-1.0,-5.259319095785031e-06
2.5,1.8522348403930664,-1.0,-5.222883373789955e-06
2.5,1.8609766960144043,-1.0,-5.222883373789955e-06
2.5,1.8691737651824951,-1.0,-5.186726411920972e-06
2.5,1.8773150444030762,-1.0,-5.186726411920972e-06
2.5,1.8854570388793945,-1.0,-5.150843662704574e-06
2.5,1.8935723304748535,-1.0,-5.150843662704574e-06
2.5,1.901735544204712,-1.0,-5.115231942909304e-06
2.5,1.9098539352416992,-1.0,-5.115231942909304e-06
2.5,1.9179630279541016,-1.0,-5.079893071524566e-06
2.5,1.9260640144348145,-1.0,-5.079893071524566e-06
2.5,1.934171199798584,-1.0,-5.0448206820874475e-06
2.5,1.94230055809021,-1.0,-5.0448206820874475e-06
2.5,1.9504284858703613,-1.0,-5.0100143198505975e-06
2.5,1.9585416316986084,-1.0,-5.0100143198505975e-06
2.5,1.9666533470153809,-1.0,-4.975471711077262e-06
2.5,1.9747469425201416,-1.0,-4.975471711077262e-06
2.5,1.9828503131866455,-1.0,-4.941189672535984e-06
2.5,1.9909818172454834,-1.0,-4.941189672535984e-06
2.5,1.9991023540496826,-1.0,-4.907167294732062e-06
2.5,2.007211685180664,-1.0,-4.907167294732062e-06
2.5,2.015359878540039,-1.0,-4.873402303928742e-06
2.5,2.0234837532043457,-1.0,-4.873402303928742e-06
2.5,2.031667470932007,-1.0,-4.839889697905164e-06
2.5,2.0397896766662598,-1.0,-4.839889697905164e-06
2.5,2.0479061603546143,-1.0,-4.8066322051454335e-06
2.5,2.056051731109619,-1.0,-4.8066322051454335e-06
2.5,2.064218044281006,-1.0,-4.7736248234286904e-06
2.5,2.0723624229431152,-1.0,-4.7408648242708296e-06
2.5,2.080507278442383,-1.0,-4.7408648242708296e-06
2.5,2.0886483192443848,-1.0,-4.7408648242708296e-06
2.5,2.0967702865600586,-1.0,-4.708350388682447e-06
2.5,2.104870080947876,-1.0,-4.676081971410895e-06
2.5,2.1129798889160156,-1.0,-4.676081971410895e-06
2.5,2.121084213256836,-1.0,-4.644055479730014e-06
2.5,2.129187822341919,-1.0,-4.644055479730014e-06
2.5,2.1373047828674316,-1.0,-4.612268185155699e-06
2.5,2.145372152328491,-1.0,-4.612268185155699e-06
2.5,2.153486490249634,-1.0,-4.580719178193249e-06
2.5,2.1615846157073975,-1.0,-4.580719178193249e-06
2.5,2.169689655303955,-1.0,-4.549406185105909e-06
2.5,2.1778061389923096,-1.0,-4.549406185105909e-06
2.5,2.1859354972839355,-1.0,-4.518326932156924e-06
2.5,2.1940548419952393,-1.0,-4.518326932156924e-06
2.5,2.2021663188934326,-1.0,-4.487480055104243e-06
2.5,2.210282325744629,-1.0,-4.487480055104243e-06
2.5,2.2183799743652344,-1.0,-4.4568637349584606e-06
2.5,2.2264935970306396,-1.0,-4.4568637349584606e-06
2.5,2.2346084117889404,-1.0,-4.426475243235473e-06
2.5,2.242753505706787,-1.0,-4.426475243235473e-06
2.5,2.2508809566497803,-1.0,-4.396313670440577e-06
2.5,2.259004592895508,-1.0,-4.396313670440577e-06
2.5,2.2671031951904297,-1.0,-4.366375378594967e-06
2.5,2.2752017974853516,-1.0,-4.366375378594967e-06
2.5,2.2833104133605957,-1.0,-4.336660822445992e-06
2.5,2.2914350032806396,-1.0,-4.336660822445992e-06
2.5,2.299549102783203,-1.0,-4.336660822445992e-06
2.5,2.307664394378662,-1.0,-4.3071677282569e-06
2.5,2.315765142440796,-1.0,-4.3071677282569e-06
2.5,2.323864459991455,-1.0,-4.277892912796233e-06
2.5,2.3319687843322754,-1.0,-4.277892912796233e-06
2.5,2.3402984142303467,-1.0,-4.248834102327237e-06
2.5,2.3484954833984375,-1.0,-4.248834102327237e-06
2.5,2.356976270675659,-1.0,-4.219991751597263e-06
2.5,2.365109443664551,-1.0,-4.219991751597263e-06
2.5,2.373263120651245,-1.0,-4.1913635868695565e-06
2.5,2.381538152694702,-1.0,-4.1913635868695565e-06
2.5,2.389723777770996,-1.0,-4.1629455154179595e-06
2.5,2.3978822231292725,-1.0,-4.134739356231876e-06
2.5,2.406005382537842,-1.0,-4.134739356231876e-06
2.5,2.4141793251037598,-1.0,-4.134739356231876e-06
2.5,2.4223835468292236,-1.0,-4.106741016585147e-06
2.5,2.430514097213745,-1.0,-4.07894867748837e-06
2.5,2.4386420249938965,-1.0,-4.07894867748837e-06
2.5,2.4467666149139404,-1.0,-4.051361884194193e-06
2.5,2.4548802375793457,-1.0,-4.051361884194193e-06
2.5,2.4630050659179688,-1.0,-4.023977908218512e-06
2.5,2.4713311195373535,-1.0,-4.023977908218512e-06
2.5,2.4794886112213135,-1.0,-3.996795840066625e-06
2.5,2.4876110553741455,-1.0,-3.996795840066625e-06
2.5,2.495711088180542,-1.0,-3.969813860749127e-06
2.5,2.503826141357422,-1.0,-3.969813860749127e-06
2.5,2.5119872093200684,-1.0,-3.943028332287213e-06
2.5,2.5201222896575928,-1.0,-3.943028332287213e-06
2.5,2.5282351970672607,-1.0,-3.916442892659688e-06
2.5,2.536367416381836,-1.0,-3.916442892659688e-06
2.5,2.544508218765259,-1.0,-3.89005026590894e-06
2.5,2.552637815475464,-1.0,-3.89005026590894e-06
2.5,2.560746908187866,-1.0,-3.863849997287616e-06
2.5,2.5688493251800537,-1.0,-3.863849997287616e-06
2.5,2.5769784450531006,-1.0,-3.837843905785121e-06
2.5,2.5851216316223145,-1.0,-3.837843905785121e-06
2.5,2.593235969543457,-1.0,-3.8120274439279456e-06
2.5,2.6013617515563965,-1.0,-3.8120274439279456e-06
2.5,2.609476327896118,-1.0,-3.786399247474037e-06
2.5,2.6175918579101562,-1.0,-3.786399247474037e-06
2.5,2.6257131099700928,-1.0,-3.760958406928694e-06
2.5,2.633833169937134,-1.0,-3.760958406928694e-06
2.5,2.641960382461548,-1.0,-3.735702875928837e-06
2.5,2.6500730514526367,-1.0,-3.735702875928837e-06
2.5,2.658200263977051,-1.0,-3.7106319723534398e-06
2.5,2.6663730144500732,-1.0,-3.7106319723534398e-06
2.5,2.674492120742798,-1.0,-3.6857441045867745e-06
2.5,2.68259334564209,-1.0,-3.6857441045867745e-06
2.5,2.6906955242156982,-1.0,-3.661037226265762e-06
2.5,2.698805809020996,-1.0,-3.661037226265762e-06
2.5,2.706935405731201,-1.0,-3.6365097457746742e-06
2.5,2.715085744857788,-1.0,-3.6365097457746742e-06
2.5,2.7232000827789307,-1.0,-3.612160071497783e-06
2.5,2.731330633163452,-1.0,-3.612160071497783e-06
2.5,2.7395176887512207,-1.0,-3.5879877486877376e-06
2.5,2.747722864151001,-1.0,-3.5879877486877376e-06
2.5,2.755904197692871,-1.0,-3.5639909583551344e-06
2.5,2.764040470123291,-1.0,-3.5639909583551344e-06
2.5,2.7721633911132812,-1.0,-3.540168563631596e-06
2.5,2.7802927494049072,-1.0,-3.540168563631596e-06
2.5,2.7894535064697266,-1.0,-3.516518745527719e-06
2.5,2.7980329990386963,-1.0,-3.516518745527719e-06
2.5,2.8061788082122803,-1.0,-3.4930399124277756e-06
2.5,2.814326763153076,-1.0,-3.469730472716037e-06
2.5,2.822500705718994,-1.0,-3.469730472716037e-06
2.5,2.830662965774536,-1.0,-3.4465897442714777e-06
2.5,2.838792324066162,-1.0,-3.4465897442714777e-06
2.5,2.846916437149048,-1.0,-3.4465897442714777e-06
2.5,2.8550524711608887,-1.0,-3.4236159081046935e-06
2.5,2.8631751537323,-1.0,-3.4008087368420092e-06
2.5,2.8713157176971436,-1.0,-3.4008087368420092e-06
2.5,2.879514217376709,-1.0,-3.3781655019993195e-06
2.5,2.8876450061798096,-1.0,-3.3781655019993195e-06
2.5,2.895763635635376,-1.0,-3.355685066708247e-06
2.5,2.903918743133545,-1.0,-3.355685066708247e-06
2.5,2.912130832672119,-1.0,-3.3333672035951167e-06
2.5,2.9202699661254883,-1.0,-3.3333672035951167e-06
2.5,2.9283900260925293,-1.0,-3.3112089568021474e-06
2.5,2.9365479946136475,-1.0,-3.3112089568021474e-06
2.5,2.944706678390503,-1.0,-3.28921078107669e-06
2.5,2.9528346061706543,-1.0,-3.28921078107669e-06
2.5,2.960952043533325,-1.0,-3.267370175308315e-06
2.5,2.969069004058838,-1.0,-3.267370175308315e-06
2.5,2.977195978164673,-1.0,-3.2456862300023204e-06
2.5,2.985328435897827,-1.0,-3.2456862300023204e-06
2.5,2.993454694747925,-1.0,-3.2241582630376797e-06
2.5,3.001580238342285,-1.0,-3.2241582630376797e-06
2.5,3.0097224712371826,-1.0,-3.2027840006776387e-06
2.5,3.0178894996643066,-1.0,-3.2027840006776387e-06
2.5,3.0260369777679443,-1.0,-3.1815625334274955e-06
2.5,3.034174919128418,-1.0,-3.1815625334274955e-06
2.5,3.0422821044921875,-1.0,-3.1604936339135747e-06
2.5,3.0503761768341064,-1.0,-3.1604936339135747e-06
2.5,3.058499336242676,-1.0,-3.1395752557727974e-06
2.5,3.0666239261627197,-1.0,-3.1395752557727974e-06
2.5,3.0747501850128174,-1.0,-3.1188062621367862e-06
2.5,3.082876443862915,-1.0,-3.1188062621367862e-06
2.5,3.090989828109741,-1.0,-3.0981852887634886e-06
2.5,3.0991244316101074,-1.0,-3.0981852887634886e-06
2.5,3.1072912216186523,-1.0,-3.077710971410852e-06
2.5,3.115408182144165,-1.0,-3.077710971410852e-06
2.5,3.12353253364563,-1.0,-3.0573826279578498e-06
2.5,3.131671667098999,-1.0,-3.0573826279578498e-06
2.5,3.139787435531616,-1.0,-3.037199121536105e-06
2.5,3.147911548614502,-1.0,-3.037199121536105e-06
2.5,3.156052589416504,-1.0,-3.0171588605298894e-06
2.5,3.1641886234283447,-1.0,-3.0171588605298894e-06
2.5,3.1723031997680664,-1.0,-2.997261390191852e-06
2.5,3.180433988571167,-1.0,-2.997261390191852e-06
2.5,3.1885507106781006,-1.0,-2.977505118906265e-06
2.5,3.196671724319458,-1.0,-2.977505118906265e-06
2.5,3.2048094272613525,-1.0,-2.9578891371784266e-06
2.5,3.2129499912261963,-1.0,-2.9578891371784266e-06
2.5,3.2211098670959473,-1.0,-2.9384127628873102e-06
2.5,3.229278802871704,-1.0,-2.9384127628873102e-06
2.5,3.237436532974243,-1.0,-2.9190741770435125e-06
2.5,3.24554443359375,-1.0,-2.9190741770435125e-06
2.5,3.2536516189575195,-1.0,-2.899871788031305e-06
2.5,3.2617721557617188,-1.0,-2.899871788031305e-06
2.5,3.269925832748413,-1.0,-2.88080650534539e-06
2.5,3.278038263320923,-1.0,-2.88080650534539e-06
2.5,3.2861428260803223,-1.0,-2.8618753731279867e-06
2.5,3.2942607402801514,-1.0,-2.8618753731279867e-06
2.5,3.3023650646209717,-1.0,-2.8430777092580684e-06
2.5,3.3104732036590576,-1.0,-2.8430777092580684e-06
2.5,3.3185813426971436,-1.0,-2.824413513735635e-06
2.5,3.3266918659210205,-1.0,-2.824413513735635e-06
2.5,3.3348677158355713,-1.0,-2.8058798307029065e-06
2.5,3.3429975509643555,-1.0,-2.8058798307029065e-06
2.5,3.3510940074920654,-1.0,-2.787478024401935e-06
2.5,3.35925555229187,-1.0,-2.787478024401935e-06
2.5,3.3673698902130127,-1.0,-2.769204911601264e-06
2.5,3.3754827976226807,-1.0,-2.751060947048245e-06
2.5,3.383633852005005,-1.0,-2.751060947048245e-06
2.5,3.392368793487549,-1.0,-2.7330445391271496e-06
2.5,3.4004929065704346,-1.0,-2.7330445391271496e-06
2.5,3.4086101055145264,-1.0,-2.7151538688485743e-06
2.5,3.4167585372924805,-1.0,-2.7151538688485743e-06
2.5,3.4249300956726074,-1.0,-2.697390300454572e-06
2.5,3.4330880641937256,-1.0,-2.697390300454572e-06
2.5,3.4412248134613037,-1.0,-2.679750650713686e-06
2.5,3.4493672847747803,-1.0,-2.679750650713686e-06
2.5,3.4575116634368896,-1.0,-2.662234692252241e-06
2.5,3.4656472206115723,-1.0,-2.662234692252241e-06
2.5,3.473783016204834,-1.0,-2.6448410608281847e-06
2.5,3.481908082962036,-1.0,-2.6448410608281847e-06
2.5,3.4900405406951904,-1.0,-2.6275702111888677e-06
2.5,3.498189687728882,-1.0,-2.6275702111888677e-06
2.5,3.506317377090454,-1.0,-2.6104203243448865e-06
2.5,3.5144665241241455,-1.0,-2.6104203243448865e-06
2.5,3.522592067718506,-1.0,-2.5933900360541884e-06
2.5,3.5307204723358154,-1.0,-2.5933900360541884e-06
2.5,3.5388495922088623,-1.0,-2.576478664195747e-06
2.5,3.5469822883605957,-1.0,-2.576478664195747e-06
2.5,3.5551209449768066,-1.0,-2.559685299274861e-06
2.5,3.563248634338379,-1.0,-2.559685299274861e-06
2.5,3.5713741779327393,-1.0,-2.5430088044231525e-06
2.5,3.5794942378997803,-1.0,-2.5430088044231525e-06
2.5,3.587614059448242,-1.0,-2.526448724893271e-06
2.5,3.595756769180298,-1.0,-2.526448724893271e-06
2.5,3.603888988494873,-1.0,-2.5100041511905147e-06
2.5,3.612011194229126,-1.0,-2.5100041511905147e-06
2.5,3.62011981010437,-1.0,-2.4936741738201817e-06
2.5,3.6282334327697754,-1.0,-2.4936741738201817e-06
2.5,3.6363587379455566,-1.0,-2.4774574285402196e-06
2.5,3.644462823867798,-1.0,-2.4774574285402196e-06
2.5,3.652575969696045,-1.0,-2.461353460603277e-06
2.5,3.6607048511505127,-1.0,-2.461353460603277e-06
2.5,3.668823480606079,-1.0,-2.445361360514653e-06
2.5,3.6769356727600098,-1.0,-2.445361360514653e-06
2.5,3.6850571632385254,-1.0,-2.4294811282743467e-06
2.5,3.6931686401367188,-1.0,-2.4294811282743467e-06
2.5,3.701509475708008,-1.0,-2.413710490145604e-06
2.5,3.7096641063690186,-1.0,-2.413710490145604e-06
2.5,3.7177844047546387,-1.0,-2.3980489913810743e-06
2.5,3.7258994579315186,-1.0,-2.3980489913810743e-06
2.5,3.7340128421783447,-1.0,-2.38249549511238e-06
2.5,3.7422897815704346,-1.0,-2.38249549511238e-06
2.5,3.75046706199646,-1.0,-2.367051365581574e-06
2.5,3.758599281311035,-1.0,-2.367051365581574e-06
2.5,3.766718864440918,-1.0,-2.3517131921835244e-06
2.5,3.7748301029205322,-1.0,-2.3517131921835244e-06
2.5,3.782954454421997,-1.0,-2.3364805201708805e-06
2.5,3.791124105453491,-1.0,-2.3364805201708805e-06
2.5,3.799337148666382,-1.0,-2.321354259038344e-06
2.5,3.8075408935546875,-1.0,-2.321354259038344e-06
2.5,3.8156497478485107,-1.0,-2.306331225554459e-06
2.5,3.8237972259521484,-1.0,-2.2914127839612775e-06
2.5,3.8319311141967773,-1.0,-2.2914127839612775e-06
2.5,3.840041160583496,-1.0,-2.2914127839612775e-06
2.5,3.848159074783325,-1.0,-2.2765966605220456e-06
2.5,3.856255292892456,-1.0,-2.2765966605220456e-06
2.5,3.864386558532715,-1.0,-2.2618830826104386e-06
2.5,3.8725221157073975,-1.0,-2.2472704586107284e-06
2.5,3.8806166648864746,-1.0,-2.2472704586107284e-06
2.5,3.8887057304382324,-1.0,-2.2327590158965904e-06
2.5,3.8967955112457275,-1.0,-2.2327590158965904e-06
2.5,3.9049012660980225,-1.0,-2.218345798610244e-06
2.5,3.913024425506592,-1.0,-2.218345798610244e-06
2.5,3.9211721420288086,-1.0,-2.2040337626094697e-06
2.5,3.9293198585510254,-1.0,-2.2040337626094697e-06
2.5,3.9374680519104004,-1.0,-2.1898185877944343e-06
2.5,3.9455726146698,-1.0,-2.1898185877944343e-06
2.5,3.953684091567993,-1.0,-2.175700956286164e-06
2.5,3.961782693862915,-1.0,-2.175700956286164e-06
2.5,3.9698851108551025,-1.0,-2.1616810954583343e-06
2.5,3.977998733520508,-1.0,-2.1616810954583343e-06
2.5,3.9860963821411133,-1.0,-2.1477567315741908e-06
2.5,3.9941911697387695,-1.0,-2.1477567315741908e-06
2.5,4.002274990081787,-1.0,-2.1339269551390316e-06
2.5,4.010363817214966,-1.0,-2.1339269551390316e-06
2.5,4.018518447875977,-1.0,-2.120193357768585e-06
2.5,4.026707887649536,-1.0,-2.120193357768585e-06
2.5,4.0348310470581055,-1.0,-2.106553438352421e-06
2.5,4.042950868606567,-1.0,-2.106553438352421e-06
2.5,4.051129102706909,-1.0,-2.0930062873958377e-06
2.5,4.059271812438965,-1.0,-2.0930062873958377e-06
2.5,4.067366123199463,-1.0,-2.0795514501514845e-06
2.5,4.075483083724976,-1.0,-2.0795514501514845e-06
2.5,4.083582401275635,-1.0,-2.066188244498335e-06
2.5,4.091691255569458,-1.0,-2.066188244498335e-06
2.5,4.0997819900512695,-1.0,-2.0529164430627134e-06
2.5,4.107888221740723,-1.0,-2.0529164430627134e-06
2.5,4.116012334823608,-1.0,-2.0397358184709447e-06
2.5,4.124146938323975,-1.0,-2.0397358184709447e-06
2.5,4.132277011871338,-1.0,-2.0266447791073006e-06
2.5,4.1403679847717285,-1.0,-2.0266447791073006e-06
2.5,4.148488283157349,-1.0,-2.0136430975981057e-06
2.5,4.156616926193237,-1.0,-2.0136430975981057e-06
2.5,4.164750337600708,-1.0,-2.0007296370749827e-06
2.5,4.172878265380859,-1.0,-2.0007296370749827e-06
2.5,4.181016445159912,-1.0,-1.987903942790581e-06
2.5,4.189157485961914,-1.0,-1.987903942790581e-06
2.5,4.197267293930054,-1.0,-1.9751655599975493e-06
2.5,4.2053749561309814,-1.0,-1.9751655599975493e-06
2.5,4.2134904861450195,-1.0,-1.962513579201186e-06
2.5,4.2216527462005615,-1.0,-1.962513579201186e-06
2.5,4.2298743724823,-1.0,-1.949947318280465e-06
2.5,4.23802375793457,-1.0,-1.949947318280465e-06
2.5,4.246258020401001,-1.0,-1.9374660951143596e-06
2.5,4.254405736923218,-1.0,-1.9374660951143596e-06
2.5,4.262542724609375,-1.0,-1.925069454955519e-06
2.5,4.270707845687866,-1.0,-1.925069454955519e-06
2.5,4.2788169384002686,-1.0,-1.912757625177619e-06
2.5,4.286912679672241,-1.0,-1.912757625177619e-06
2.5,4.295016288757324,-1.0,-1.9005285594175803e-06
2.5,4.303145170211792,-1.0,-1.9005285594175803e-06
2.5,4.311254978179932,-1.0,-1.8883828261095914e-06
2.5,4.319365978240967,-1.0,-1.8883828261095914e-06
2.5,4.327480316162109,-1.0,-1.8763187199510867e-06
2.5,4.33560848236084,-1.0,-1.8763187199510867e-06
2.5,4.34368896484375,-1.0,-1.8643363546289038e-06
2.5,4.3518407344818115,-1.0,-1.8643363546289038e-06
2.5,4.359959363937378,-1.0,-1.8524351617088541e-06
2.5,4.368069887161255,-1.0,-1.8524351617088541e-06
2.5,4.376174211502075,-1.0,-1.840613776948885e-06
2.5,4.384301424026489,-1.0,-1.840613776948885e-06
2.5,4.392476320266724,-1.0,-1.8288726550963474e-06
2.5,4.400588512420654,-1.0,-1.8288726550963474e-06
2.5,4.4086854457855225,-1.0,-1.8172104319091886e-06
2.5,4.416794776916504,-1.0,-1.8056267663268954e-06
2.5,4.424971103668213,-1.0,-1.8056267663268954e-06
2.5,4.433115720748901,-1.0,-1.794121203602117e-06
2.5,4.4412336349487305,-1.0,-1.794121203602117e-06
2.5,4.44936466217041,-1.0,-1.7826929479269893e-06
2.5,4.457474946975708,-1.0,-1.7826929479269893e-06
2.5,4.4655797481536865,-1.0,-1.7713415445541614e-06
2.5,4.473676443099976,-1.0,-1.7713415445541614e-06
2.5,4.4817795753479,-1.0,-1.76006665242312e-06
2.5,4.4899115562438965,-1.0,-1.76006665242312e-06
2.5,4.4980247020721436,-1.0,-1.7488675894128392e-06
2.5,4.50612735748291,-1.0,-1.7488675894128392e-06
2.5,4.514250993728638,-1.0,-1.7377436734022922e-06
2.5,4.522374629974365,-1.0,-1.7377436734022922e-06
2.5,4.530516624450684,-1.0,-1.7266943359572906e-06
2.5,4.538635015487671,-1.0,-1.7266943359572906e-06
2.5,4.546755790710449,-1.0,-1.7157191223304835e-06
2.5,4.554903030395508,-1.0,-1.7157191223304835e-06
2.5,4.563036918640137,-1.0,-1.7048174640876823e-06
2.5,4.571162700653076,-1.0,-1.7048174640876823e-06
2.5,4.579284191131592,-1.0,-1.6939887927946984e-06
2.5,4.587398529052734,-1.0,-1.6939887927946984e-06
2.5,4.595563173294067,-1.0,-1.6832326537041808e-06
2.5,4.603841304779053,-1.0,-1.6832326537041808e-06
2.5,4.611975431442261,-1.0,-1.6725487057556165e-06
2.5,4.620109558105469,-1.0,-1.6725487057556165e-06
2.5,4.628245115280151,-1.0,-1.6619360394543037e-06
2.5,4.636394739151001,-1.0,-1.6619360394543037e-06
2.5,4.644551038742065,-1.0,-1.6513943137397291e-06
2.5,4.652675151824951,-1.0,-1.6513943137397291e-06
2.5,4.660801887512207,-1.0,-1.6409229601777042e-06
2.5,4.668941259384155,-1.0,-1.6409229601777042e-06
2.5,4.677064895629883,-1.0,-1.6305214103340404e-06
2.5,4.685185670852661,-1.0,-1.6305214103340404e-06
2.5,4.6932902336120605,-1.0,-1.6201893231482245e-06
2.5,4.701401472091675,-1.0,-1.6201893231482245e-06
2.5,4.709569931030273,-1.0,-1.6099263575597433e-06
2.5,4.717706680297852,-1.0,-1.6099263575597433e-06
2.5,4.725818395614624,-1.0,-1.5997316040738951e-06
2.5,4.733909368515015,-1.0,-1.5997316040738951e-06
2.5,4.7425537109375,-1.0,-1.589604607943329e-06
2.5,4.750729084014893,-1.0,-1.589604607943329e-06
2.5,4.758825302124023,-1.0,-1.5795455965417204e-06
2.5,4.766935348510742,-1.0,-1.5795455965417204e-06
2.5,4.775044679641724,-1.0,-1.5695528645665036e-06
2.5,4.78314208984375,-1.0,-1.5695528645665036e-06
2.5,4.791236400604248,-1.0,-1.5596270941387047e-06
2.5,4.799332618713379,-1.0,-1.5596270941387047e-06
2.5,4.8074281215667725,-1.0,-1.549767034703109e-06
2.5,4.815540790557861,-1.0,-1.549767034703109e-06
2.5,4.823654651641846,-1.0,-1.5399726862597163e-06
2.5,4.83175802230835,-1.0,-1.5399726862597163e-06
2.5,4.839877605438232,-1.0,-1.530243139313825e-06
2.5,4.847977161407471,-1.0,-1.530243139313825e-06
2.5,4.856075763702393,-1.0,-1.5205786212391104e-06
2.5,4.864235877990723,-1.0,-1.5205786212391104e-06
2.5,4.872376441955566,-1.0,-1.5109776541066822e-06
2.5,4.880558967590332,-1.0,-1.5109776541066822e-06
2.5,4.888716220855713,-1.0,-1.501440806350729e-06
2.5,4.89686393737793,-1.0,-1.501440806350729e-06
2.5,4.904987335205078,-1.0,-1.4919669411028735e-06
2.5,4.913113832473755,-1.0,-1.4825554899289273e-06
2.5,4.921236753463745,-1.0,-1.4825554899289273e-06
2.5,4.929372310638428,-1.0,-1.4825554899289273e-06
2.5,4.937538146972656,-1.0,-1.4732067938894033e-06
2.5,4.945679664611816,-1.0,-1.4732067938894033e-06
2.5,4.953797340393066,-1.0,-1.4639199434896e-06
2.5,4.96191668510437,-1.0,-1.4546942566084908e-06
2.5,4.97004246711731,-1.0,-1.4546942566084908e-06
2.5,4.978210687637329,-1.0,-1.4455293921855628e-06
2.5,4.986391305923462,-1.0,-1.4455293921855628e-06
2.5,4.99454665184021,-1.0,-1.4364251228471403e-06
2.5,5.002679109573364,-1.0,-1.4364251228471403e-06
2.5,5.010797500610352,-1.0,-1.4273811075327103e-06
2.5,5.019157409667969,-1.0,-1.4273811075327103e-06
2.5,5.027362108230591,-1.0,-1.4183968914949219e-06
2.5,5.0355000495910645,-1.0,-1.4183968914949219e-06
2.5,5.043627738952637,-1.0,-1.4094717926127487e-06
2.5,5.051751375198364,-1.0,-1.4094717926127487e-06
2.5,5.059886693954468,-1.0,-1.4006055835125153e-06
2.5,5.068071603775024,-1.0,-1.4006055835125153e-06
2.5,5.0763139724731445,-1.0,-1.3917975820731954e-06
2.5,5.084463119506836,-1.0,-1.3917975820731954e-06
2.5,5.092580080032349,-1.0,-1.3830476746079512e-06
2.5,5.100695610046387,-1.0,-1.3830476746079512e-06
2.5,5.108821868896484,-1.0,-1.3743554063694319e-06
2.5,5.116930723190308,-1.0,-1.3743554063694319e-06
2.5,5.12503981590271,-1.0,-1.3657202089234488e-06
2.5,5.133150339126587,-1.0,-1.3657202089234488e-06
2.5,5.141258955001831,-1.0,-1.3571418548963265e-06
2.5,5.149404525756836,-1.0,-1.3571418548963265e-06
2.5,5.157522678375244,-1.0,-1.3486201169143897e-06
2.5,5.165656566619873,-1.0,-1.3486201169143897e-06
2.5,5.17377495765686,-1.0,-1.3401543128566118e-06
2.5,5.181931018829346,-1.0,-1.3401543128566118e-06
2.5,5.1901233196258545,-1.0,-1.331743987975642e-06
2.5,5.198246717453003,-1.0,-1.331743987975642e-06
2.5,5.206377029418945,-1.0,-1.3233886875241296e-06
2.5,5.214495658874512,-1.0,-1.3233886875241296e-06
2.5,5.222609281539917,-1.0,-1.3150879567547236e-06
2.5,5.230719327926636,-1.0,-1.3150879567547236e-06
2.5,5.23883843421936,-1.0,-1.3068423641016125e-06
2.5,5.246957778930664,-1.0,-1.3068423641016125e-06
2.5,5.255075216293335,-1.0,-1.2986505453227437e-06
2.5,5.2632341384887695,-1.0,-1.2986505453227437e-06
2.5,5.27146315574646,-1.0,-1.2905119319839287e-06
2.5,5.279610872268677,-1.0,-1.2905119319839287e-06
2.5,5.287756681442261,-1.0,-1.2824272062061937e-06
2.5,5.295895576477051,-1.0,-1.2824272062061937e-06
2.5,5.304044485092163,-1.0,-1.2743951174343238e-06
2.5,5.312256574630737,-1.0,-1.2743951174343238e-06
2.5,5.320380687713623,-1.0,-1.266415210920968e-06
2.5,5.328498601913452,-1.0,-1.266415210920968e-06
2.5,5.336621999740601,-1.0,-1.2584880551003153e-06
2.5,5.344803810119629,-1.0,-1.2584880551003153e-06
2.5,5.353281736373901,-1.0,-1.2506118309829617e-06
2.5,5.361589193344116,-1.0,-1.2506118309829617e-06
2.5,5.369751453399658,-1.0,-1.2427880164977978e-06
2.5,5.377870559692383,-1.0,-1.2350145652817446e-06
2.5,5.3860156536102295,-1.0,-1.2350145652817446e-06
2.5,5.394145727157593,-1.0,-1.2272923868295038e-06
2.5,5.402247667312622,-1.0,-1.2272923868295038e-06
2.5,5.410366773605347,-1.0,-1.219619662151672e-06
2.5,5.418472528457642,-1.0,-1.219619662151672e-06
2.5,5.426583290100098,-1.0,-1.2119980965508148e-06
2.5,5.434697151184082,-1.0,-1.2119980965508148e-06
2.5,5.4428253173828125,-1.0,-1.204425416290178e-06
2.5,5.4509642124176025,-1.0,-1.204425416290178e-06
2.5,5.459457159042358,-1.0,-1.204425416290178e-06
2.5,5.467628240585327,-1.0,-1.1969024171776255e-06
2.5,5.475748300552368,-1.0,-1.189428417092131e-06
2.5,5.483856916427612,-1.0,-1.189428417092131e-06
2.5,5.491968154907227,-1.0,-1.1820026202258305e-06
2.5,5.5000786781311035,-1.0,-1.1820026202258305e-06
2.5,5.5081939697265625,-1.0,-1.1746254813260748e-06
2.5,5.516336917877197,-1.0,-1.1746254813260748e-06
2.5,5.524472713470459,-1.0,-1.1672965456455131e-06
2.5,5.53260612487793,-1.0,-1.1672965456455131e-06
2.5,5.5407445430755615,-1.0,-1.1600146763157682e-06
2.5,5.548856973648071,-1.0,-1.1600146763157682e-06
2.5,5.556963920593262,-1.0,-1.1527799870236777e-06
2.5,5.5650694370269775,-1.0,-1.1527799870236777e-06
2.5,5.5731775760650635,-1.0,-1.1455929325165926e-06
2.5,5.5812928676605225,-1.0,-1.1455929325165926e-06
2.5,5.589449644088745,-1.0,-1.1384523759261356e-06
2.5,5.597551584243774,-1.0,-1.1384523759261356e-06
2.5,5.605682611465454,-1.0,-1.1313579761917936e-06
2.5,5.6138083934783936,-1.0,-1.1313579761917936e-06
2.5,5.621946334838867,-1.0,-1.1243093922530534e-06
2.5,5.63007116317749,-1.0,-1.1243093922530534e-06
2.5,5.638201713562012,-1.0,-1.1173063967362395e-06
2.5,5.646327495574951,-1.0,-1.1173063967362395e-06
2.5,5.654477596282959,-1.0,-1.1103487622676766e-06
2.5,5.662609815597534,-1.0,-1.1103487622676766e-06
2.5,5.670775890350342,-1.0,-1.103436375160527e-06
2.5,5.6789045333862305,-1.0,-1.103436375160527e-06
2.5,5.6870410442352295,-1.0,-1.0965688943542773e-06
2.5,5.695176362991333,-1.0,-1.0965688943542773e-06
2.5,5.703285455703735,-1.0,-1.0897458651015768e-06
2.5,5.711443901062012,-1.0,-1.0897458651015768e-06
2.5,5.719560861587524,-1.0,-1.0829667189682368e-06
2.5,5.727697134017944,-1.0,-1.0829667189682368e-06
2.5,5.735812425613403,-1.0,-1.0762314559542574e-06
2.5,5.743937730789185,-1.0,-1.0762314559542574e-06
2.5,5.7520856857299805,-1.0,-1.0695397349991254e-06
2.5,5.760232448577881,-1.0,-1.0695397349991254e-06
2.5,5.76837682723999,-1.0,-1.0628911013554898e-06
2.5,5.777563810348511,-1.0,-1.0628911013554898e-06
2.5,5.785787582397461,-1.0,-1.0562853276496753e-06
2.5,5.7939229011535645,-1.0,-1.0562853276496753e-06
2.5,5.802051305770874,-1.0,-1.0497224138816819e-06
2.5,5.810161828994751,-1.0,-1.0432020189909963e-06
2.5,5.818269491195679,-1.0,-1.0432020189909963e-06
2.5,5.826441526412964,-1.0,-1.0367234608565923e-06
2.5,5.834541082382202,-1.0,-1.0367234608565923e-06
2.5,5.84263801574707,-1.0,-1.0367234608565923e-06
2.5,5.850754022598267,-1.0,-1.030286625791632e-06
2.5,5.85888671875,-1.0,-1.030286625791632e-06
2.5,5.8670103549957275,-1.0,-1.0238910590487649e-06
2.5,5.8751139640808105,-1.0,-1.0175366469411529e-06
2.5,5.883235692977905,-1.0,-1.0175366469411529e-06
2.5,5.891355276107788,-1.0,-1.0112229347214452e-06
2.5,5.899454832077026,-1.0,-1.0112229347214452e-06
2.5,5.907557964324951,-1.0,-1.0112229347214452e-06
2.5,5.915673732757568,-1.0,-1.0049503771369928e-06
2.5,5.923799753189087,-1.0,-9.987182920667692e-07
2.5,5.931895971298218,-1.0,-9.987182920667692e-07
2.5,5.940002202987671,-1.0,-9.925258837029105e-07
2.5,5.948103189468384,-1.0,-9.925258837029105e-07
2.5,5.956264972686768,-1.0,-9.863729246717412e-07
2.5,5.964437007904053,-1.0,-9.863729246717412e-07
2.5,5.972526550292969,-1.0,-9.802602107811254e-07
2.5,5.981684446334839,-1.0,-9.802602107811254e-07
2.5,5.989846467971802,-1.0,-9.741866051626857e-07
2.5,5.997952699661255,-1.0,-9.741866051626857e-07
3.0,2.6226043701171875e-06,-1.0,-9.68151425695396e-07
3.0,0.008101940155029297,-1.0,-9.68151425695396e-07
3.0,0.016210317611694336,-1.0,-9.62155581873958e-07
3.0,0.024313926696777344,-1.0,-9.62155581873958e-07
3.0,0.03240370750427246,-1.0,-9.561981642036699e-07
3.0,0.04051709175109863,-1.0,-9.561981642036699e-07
3.0,0.0486297607421875,-1.0,-9.502787747805996e-07
3.0,0.056746482849121094,-1.0,-9.502787747805996e-07
3.0,0.06487107276916504,-1.0,-9.443971862310718e-07
3.0,0.07298016548156738,-1.0,-9.443971862310718e-07
3.0,0.08107995986938477,-1.0,-9.385532848682487e-07
3.0,0.08937287330627441,-1.0,-9.385532848682487e-07
3.0,0.09753751754760742,-1.0,-9.327469001618738e-07
3.0,0.1056816577911377,-1.0,-9.327469001618738e-07
3.0,0.11379742622375488,-1.0,-9.269776910514338e-07
3.0,0.12190675735473633,-1.0,-9.269776910514338e-07
3.0,0.13002634048461914,-1.0,-9.212454301632533e-07
3.0,0.13818860054016113,-1.0,-9.212454301632533e-07
3.0,0.14632010459899902,-1.0,-9.155497764368192e-07
3.0,0.15442991256713867,-1.0,-9.155497764368192e-07
3.0,0.16254043579101562,-1.0,-9.098905593418749e-07
3.0,0.1706409454345703,-1.0,-9.098905593418749e-07
3.0,0.17877626419067383,-1.0,-9.042674378179072e-07
3.0,0.1868908405303955,-1.0,-9.042674378179072e-07
3.0,0.19501829147338867,-1.0,-8.986802981780784e-07
3.0,0.20312929153442383,-1.0,-8.986802981780784e-07
3.0,0.21123695373535156,-1.0,-8.931287993618753e-07
3.0,0.21932196617126465,-1.0,-8.931287993618753e-07
3.0,0.2274332046508789,-1.0,-8.876128276824602e-07
3.0,0.23554491996765137,-1.0,-8.876128276824602e-07
3.0,0.2436661720275879,-1.0,-8.821320420793199e-07
3.0,0.25177764892578125,-1.0,-8.821320420793199e-07
3.0,0.25989603996276855,-1.0,-8.766861583353602e-07
3.0,0.26799893379211426,-1.0,-8.712750059203245e-07
3.0,0.2761085033416748,-1.0,-8.712750059203245e-07
3.0,0.2842066287994385,-1.0,-8.712750059203245e-07
3.0,0.2923266887664795,-1.0,-8.658983574605372e-07
3.0,0.3004765510559082,-1.0,-8.658983574605372e-07
3.0,0.30860447883605957,-1.0,-8.605560992691608e-07
3.0,0.3167304992675781,-1.0,-8.552477197554254e-07
3.0,0.3248441219329834,-1.0,-8.552477197554254e-07
3.0,0.33294177055358887,-1.0,-8.499730483890744e-07
3.0,0.34104418754577637,-1.0,-8.499730483890744e-07
3.0,0.34917545318603516,-1.0,-8.499730483890744e-07
3.0,0.3573167324066162,-1.0,-8.447321420135268e-07
3.0,0.3654146194458008,-1.0,-8.395244321945938e-07
3.0,0.3735237121582031,-1.0,-8.395244321945938e-07
3.0,0.3816368579864502,-1.0,-8.343500894625322e-07
3.0,0.3898007869720459,-1.0,-8.343500894625322e-07
3.0,0.39789748191833496,-1.0,-8.292083748528967e-07
3.0,0.40601086616516113,-1.0,-8.292083748528967e-07
3.0,0.4141209125518799,-1.0,-8.240995725827815e-07
3.0,0.42223501205444336,-1.0,-8.240995725827815e-07
3.0,0.4303460121154785,-1.0,-8.190229436877416e-07
3.0,0.43843960762023926,-1.0,-8.190229436877416e-07
3.0,0.44654178619384766,-1.0,-8.139789997585467e-07
3.0,0.45465731620788574,-1.0,-8.139789997585467e-07
3.0,0.4627552032470703,-1.0,-8.089667176136572e-07
3.0,0.47084736824035645,-1.0,-8.089667176136572e-07
3.0,0.4789409637451172,-1.0,-8.039863814701675e-07
3.0,0.48705005645751953,-1.0,-8.039863814701675e-07
3.0,0.4951667785644531,-1.0,-7.990377071109833e-07
3.0,0.5032804012298584,-1.0,-7.990377071109833e-07
3.0,0.5114259719848633,-1.0,-7.941202397887537e-07
3.0,0.5195238590240479,-1.0,-7.941202397887537e-07
3.0,0.527681827545166,-1.0,-7.892338658166409e-07
3.0,0.5358290672302246,-1.0,-7.892338658166409e-07
3.0,0.543933629989624,-1.0,-7.843787557249016e-07
3.0,0.5520279407501221,-1.0,-7.843787557249016e-07
3.0,0.5601418018341064,-1.0,-7.795543410793471e-07
3.0,0.5683257579803467,-1.0,-7.795543410793471e-07
3.0,0.5765035152435303,-1.0,-7.74760394506302e-07
3.0,0.5846645832061768,-1.0,-7.74760394506302e-07
3.0,0.5928080081939697,-1.0,-7.699968023189285e-07
3.0,0.6009442806243896,-1.0,-7.699968023189285e-07
3.0,0.609093189239502,-1.0,-7.652633939869702e-07
3.0,0.6176073551177979,-1.0,-7.652633939869702e-07
3.0,0.6257569789886475,-1.0,-7.605600558235892e-07
3.0,0.6338703632354736,-1.0,-7.605600558235892e-07
3.0,0.6419763565063477,-1.0,-7.558864467682724e-07
3.0,0.65008544921875,-1.0,-7.558864467682724e-07
3.0,0.6581909656524658,-1.0,-7.512423962907633e-07
3.0,0.6663031578063965,-1.0,-7.512423962907633e-07
3.0,0.674415111541748,-1.0,-7.466276201739674e-07
3.0,0.6825437545776367,-1.0,-7.466276201739674e-07
3.0,0.6906766891479492,-1.0,-7.420420615744661e-07
3.0,0.698814868927002,-1.0,-7.420420615744661e-07
3.0,0.7069404125213623,-1.0,-7.374854362751648e-07
3.0,0.7150530815124512,-1.0,-7.374854362751648e-07
3.0,0.7231605052947998,-1.0,-7.32957630589226e-07
3.0,0.7313227653503418,-1.0,-7.32957630589226e-07
3.0,0.7394864559173584,-1.0,-7.284583602995554e-07
3.0,0.7476060390472412,-1.0,-7.284583602995554e-07
3.0,0.7557177543640137,-1.0,-7.239874548758962e-07
3.0,0.7638251781463623,-1.0,-7.239874548758962e-07
3.0,0.771925687789917,-1.0,-7.195449143182486e-07
3.0,0.7800300121307373,-1.0,-7.195449143182486e-07
3.0,0.788154125213623,-1.0,-7.151304544095183e-07
3.0,0.7962884902954102,-1.0,-7.151304544095183e-07
3.0,0.8044424057006836,-1.0,-7.10743734089192e-07
3.0,0.8125748634338379,-1.0,-7.063846396704321e-07
3.0,0.8207290172576904,-1.0,-7.063846396704321e-07
3.0,0.8288307189941406,-1.0,-7.020529437795631e-07
3.0,0.8369369506835938,-1.0,-7.020529437795631e-07
3.0,0.8450503349304199,-1.0,-7.020529437795631e-07
3.0,0.8531725406646729,-1.0,-6.977487032600038e-07
3.0,0.8613166809082031,-1.0,-6.934715770512412e-07
3.0,0.8694193363189697,-1.0,-6.934715770512412e-07
3.0,0.8775362968444824,-1.0,-6.89221224092762e-07
3.0,0.885667085647583,-1.0,-6.89221224092762e-07
3.0,0.8937966823577881,-1.0,-6.849977012279851e-07
3.0,0.9019448757171631,-1.0,-6.849977012279851e-07
3.0,0.9100563526153564,-1.0,-6.808008947700728e-07
3.0,0.918159008026123,-1.0,-6.808008947700728e-07
3.0,0.9262645244598389,-1.0,-6.766301794414176e-07
3.0,0.9343867301940918,-1.0,-6.766301794414176e-07
3.0,0.942542314529419,-1.0,-6.724859531459515e-07
3.0,0.9507114887237549,-1.0,-6.724859531459515e-07
3.0,0.9588398933410645,-1.0,-6.683677042929048e-07
3.0,0.9669430255889893,-1.0,-6.683677042929048e-07
3.0,0.9750356674194336,-1.0,-6.642753191954398e-07
3.0,0.9831342697143555,-1.0,-6.642753191954398e-07
3.0,0.9912381172180176,-1.0,-6.602086841667187e-07
3.0,0.9993672370910645,-1.0,-6.602086841667187e-07
3.0,1.0074830055236816,-1.0,-6.561674581462285e-07
3.0,1.0156066417694092,-1.0,-6.561674581462285e-07
3.0,1.0237317085266113,-1.0,-6.521518116642255e-07
3.0,1.0318710803985596,-1.0,-6.521518116642255e-07
3.0,1.0400128364562988,-1.0,-6.481612899733591e-07
3.0,1.048828125,-1.0,-6.481612899733591e-07
3.0,1.0570213794708252,-1.0,-6.441957793867914e-07
3.0,1.0651466846466064,-1.0,-6.441957793867914e-07
3.0,1.073258876800537,-1.0,-6.402552799045225e-07
3.0,1.0814080238342285,-1.0,-6.402552799045225e-07
3.0,1.0895333290100098,-1.0,-6.363391662489448e-07
3.0,1.0977275371551514,-1.0,-6.363391662489448e-07
3.0,1.1058709621429443,-1.0,-6.324481205410848e-07
3.0,1.1140542030334473,-1.0,-6.324481205410848e-07
3.0,1.122225046157837,-1.0,-6.285811764428217e-07
3.0,1.1303858757019043,-1.0,-6.285811764428217e-07
3.0,1.1385598182678223,-1.0,-6.247382771107368e-07
3.0,1.1467034816741943,-1.0,-6.247382771107368e-07
3.0,1.1548547744750977,-1.0,-6.20919820448762e-07
3.0,1.1630103588104248,-1.0,-6.20919820448762e-07
3.0,1.171144962310791,-1.0,-6.171251243358711e-07
3.0,1.1792619228363037,-1.0,-6.171251243358711e-07
3.0,1.1873855590820312,-1.0,-6.133540750852262e-07
3.0,1.1954843997955322,-1.0,-6.133540750852262e-07
3.0,1.203599452972412,-1.0,-6.096066726968274e-07
3.0,1.2117295265197754,-1.0,-6.096066726968274e-07
3.0,1.219865083694458,-1.0,-6.058829740140936e-07
3.0,1.227998971939087,-1.0,-6.02182467446255e-07
3.0,1.2361152172088623,-1.0,-6.02182467446255e-07
3.0,1.2442338466644287,-1.0,-6.02182467446255e-07
3.0,1.2523648738861084,-1.0,-5.985049824630551e-07
3.0,1.260533332824707,-1.0,-5.985049824630551e-07
3.0,1.2686550617218018,-1.0,-5.948504622210748e-07
3.0,1.2767739295959473,-1.0,-5.912187361900578e-07
3.0,1.2848944664001465,-1.0,-5.912187361900578e-07
3.0,1.2930033206939697,-1.0,-5.912187361900578e-07
3.0,1.3011174201965332,-1.0,-5.876098612134228e-07
3.0,1.3092725276947021,-1.0,-5.876098612134228e-07
3.0,1.317422866821289,-1.0,-5.840236099174945e-07
3.0,1.325577974319458,-1.0,-5.804597549285972e-07
3.0,1.3337314128875732,-1.0,-5.804597549285972e-07
3.0,1.341860294342041,-1.0,-5.769181257164746e-07
3.0,1.3499860763549805,-1.0,-5.769181257164746e-07
3.0,1.358097791671753,-1.0,-5.7339855175087e-07
3.0,1.3662097454071045,-1.0,-5.7339855175087e-07
3.0,1.3756484985351562,-1.0,-5.699009761883644e-07
3.0,1.383829116821289,-1.0,-5.699009761883644e-07
3.0,1.3919568061828613,-1.0,-5.664251716552826e-07
3.0,1.4000792503356934,-1.0,-5.664251716552826e-07
3.0,1.4082810878753662,-1.0,-5.629710244647868e-07
3.0,1.4165642261505127,-1.0,-5.629710244647868e-07
3.0,1.4246954917907715,-1.0,-5.595384209300391e-07
3.0,1.4328172206878662,-1.0,-5.595384209300391e-07
3.0,1.4409434795379639,-1.0,-5.561271905207832e-07
3.0,1.4490914344787598,-1.0,-5.561271905207832e-07
3.0,1.4572246074676514,-1.0,-5.527371627067623e-07
3.0,1.4653198719024658,-1.0,-5.527371627067623e-07
3.0,1.4734413623809814,-1.0,-5.493683943313954e-07
3.0,1.4816040992736816,-1.0,-5.493683943313954e-07
3.0,1.4897644519805908,-1.0,-5.460207717078447e-07
3.0,1.4979236125946045,-1.0,-5.460207717078447e-07
3.0,1.5060594081878662,-1.0,-5.42693953775597e-07
3.0,1.5141863822937012,-1.0,-5.42693953775597e-07
3.0,1.5223267078399658,-1.0,-5.393878268478147e-07
3.0,1.5304529666900635,-1.0,-5.393878268478147e-07
3.0,1.5386238098144531,-1.0,-5.361021635508223e-07
3.0,1.5467970371246338,-1.0,-5.361021635508223e-07
3.0,1.5549452304840088,-1.0,-5.32836850197782e-07
3.0,1.5630912780761719,-1.0,-5.32836850197782e-07
3.0,1.5712130069732666,-1.0,-5.295920004755317e-07
3.0,1.5796384811401367,-1.0,-5.295920004755317e-07
3.0,1.58815598487854,-1.0,-5.263675006972335e-07
3.0,1.5963876247406006,-1.0,-5.263675006972335e-07
3.0,1.604600429534912,-1.0,-5.231629529589554e-07
3.0,1.612732172012329,-1.0,-5.231629529589554e-07
3.0,1.6208536624908447,-1.0,-5.199781867304409e-07
3.0,1.6289727687835693,-1.0,-5.199781867304409e-07
3.0,1.6371138095855713,-1.0,-5.168133156985277e-07
3.0,1.6452198028564453,-1.0,-5.168133156985277e-07
3.0,1.6533193588256836,-1.0,-5.136682830197969e-07
3.0,1.6614294052124023,-1.0,-5.136682830197969e-07
3.0,1.669529914855957,-1.0,-5.105425771034788e-07
3.0,1.6776342391967773,-1.0,-5.105425771034788e-07
3.0,1.6857314109802246,-1.0,-5.074361979495734e-07
3.0,1.694188117980957,-1.0,-5.074361979495734e-07
3.0,1.7023224830627441,-1.0,-5.043494866185938e-07
3.0,1.7104377746582031,-1.0,-5.012815904592571e-07
3.0,1.7185637950897217,-1.0,-5.012815904592571e-07
3.0,1.7266838550567627,-1.0,-5.012815904592571e-07
3.0,1.7348861694335938,-1.0,-4.982329073754954e-07
3.0,1.7430918216705322,-1.0,-4.982329073754954e-07
3.0,1.75120210647583,-1.0,-4.952032099936332e-07
3.0,1.759352207183838,-1.0,-4.921919298794819e-07
3.0,1.767519235610962,-1.0,-4.921919298794819e-07
3.0,1.7756755352020264,-1.0,-4.891999196843244e-07
3.0,1.7838146686553955,-1.0,-4.891999196843244e-07
3.0,1.7919461727142334,-1.0,-4.862258720095269e-07
3.0,1.8000719547271729,-1.0,-4.862258720095269e-07
3.0,1.808279275894165,-1.0,-4.83270810036629e-07
3.0,1.8164494037628174,-1.0,-4.83270810036629e-07
3.0,1.8245735168457031,-1.0,-4.803335968972533e-07
3.0,1.8326725959777832,-1.0,-4.803335968972533e-07
3.0,1.8407628536224365,-1.0,-4.77415028399264e-07
3.0,1.8488624095916748,-1.0,-4.77415028399264e-07
3.0,1.8569777011871338,-1.0,-4.7451405293941207e-07
3.0,1.8651113510131836,-1.0,-4.7451405293941207e-07
3.0,1.8732378482818604,-1.0,-4.716312389518862e-07
3.0,1.8813221454620361,-1.0,-4.716312389518862e-07
3.0,1.889453649520874,-1.0,-4.6876633064130147e-07
3.0,1.8976054191589355,-1.0,-4.6876633064130147e-07
3.0,1.9057509899139404,-1.0,-4.659191290556919e-07
3.0,1.9138481616973877,-1.0,-4.659191290556919e-07
3.0,1.921947717666626,-1.0,-4.630895773516386e-07
3.0,1.9300634860992432,-1.0,-4.630895773516386e-07
3.0,1.9381768703460693,-1.0,-4.602775334205944e-07
3.0,1.946279764175415,-1.0,-4.602775334205944e-07
3.0,1.954392910003662,-1.0,-4.5748296884084994e-07
3.0,1.962500810623169,-1.0,-4.5748296884084994e-07
3.0,1.9706342220306396,-1.0,-4.547056562387297e-07
3.0,1.9787859916687012,-1.0,-4.547056562387297e-07
3.0,1.9869146347045898,-1.0,-4.5194548192739603e-07
3.0,1.9950246810913086,-1.0,-4.5194548192739603e-07
3.0,2.003134250640869,-1.0,-4.4920241748513945e-07
3.0,2.0112409591674805,-1.0,-4.4920241748513945e-07
3.0,2.0193402767181396,-1.0,-4.4647634922512225e-07
3.0,2.0274498462677,-1.0,-4.4647634922512225e-07
3.0,2.035555839538574,-1.0,-4.437669929302501e-07
3.0,2.0436575412750244,-1.0,-4.437669929302501e-07
3.0,2.051764965057373,-1.0,-4.410745475524891e-07
3.0,2.0598959922790527,-1.0,-4.410745475524891e-07
3.0,2.0680603981018066,-1.0,-4.38398672031326e-07
3.0,2.0762085914611816,-1.0,-4.38398672031326e-07
3.0,2.0843217372894287,-1.0,-4.3573930952334194e-07
3.0,2.0924646854400635,-1.0,-4.3573930952334194e-07
3.0,2.1005897521972656,-1.0,-4.330964031851181e-07
3.0,2.1087212562561035,-1.0,-4.330964031851181e-07
3.0,2.116866111755371,-1.0,-4.304697824863979e-07
3.0,2.1250009536743164,-1.0,-4.304697824863979e-07
3.0,2.133103847503662,-1.0,-4.27859362162053e-07
3.0,2.1412241458892822,-1.0,-4.27859362162053e-07
3.0,2.149320125579834,-1.0,-4.252650853686646e-07
3.0,2.1574275493621826,-1.0,-4.252650853686646e-07
3.0,2.1655287742614746,-1.0,-4.226867247325572e-07
3.0,2.1736464500427246,-1.0,-4.226867247325572e-07
3.0,2.1817734241485596,-1.0,-4.2012447920569684e-07
3.0,2.189901351928711,-1.0,-4.2012447920569684e-07
3.0,2.1980249881744385,-1.0,-4.175779508841515e-07
3.0,2.206141710281372,-1.0,-4.175779508841515e-07
3.0,2.214329719543457,-1.0,-4.1504702608108346e-07
3.0,2.2225239276885986,-1.0,-4.1504702608108346e-07
3.0,2.230670213699341,-1.0,-4.125318753267493e-07
3.0,2.23879075050354,-1.0,-4.125318753267493e-07
3.0,2.2469065189361572,-1.0,-4.100321575606358e-07
3.0,2.255002498626709,-1.0,-4.100321575606358e-07
3.0,2.2631025314331055,-1.0,-4.075478159393242e-07
3.0,2.2712085247039795,-1.0,-4.075478159393242e-07
3.0,2.279322385787964,-1.0,-4.0507876519768615e-07
3.0,2.287437677383423,-1.0,-4.0507876519768615e-07
3.0,2.2955527305603027,-1.0,-4.026249769140122e-07
3.0,2.303727626800537,-1.0,-4.001863374014647e-07
3.0,2.311837911605835,-1.0,-4.001863374014647e-07
3.0,2.3199496269226074,-1.0,-4.001863374014647e-07
3.0,2.328047037124634,-1.0,-3.9776270455149643e-07
3.0,2.3362162113189697,-1.0,-3.953539930989791e-07
3.0,2.344322919845581,-1.0,-3.953539930989791e-07
3.0,2.3524303436279297,-1.0,-3.953539930989791e-07
3.0,2.3605356216430664,-1.0,-3.9296008935707505e-07
3.0,2.3686413764953613,-1.0,-3.9058093648236536e-07
3.0,2.3767528533935547,-1.0,-3.9058093648236536e-07
3.0,2.384864091873169,-1.0,-3.8821642078801233e-07
3.0,2.392977237701416,-1.0,-3.8821642078801233e-07
3.0,2.40110182762146,-1.0,-3.8821642078801233e-07
3.0,2.409228801727295,-1.0,-3.8586642858717823e-07
3.0,2.41739559173584,-1.0,-3.835309030364442e-07
3.0,2.4255149364471436,-1.0,-3.835309030364442e-07
3.0,2.4336345195770264,-1.0,-3.81209758870682e-07
3.0,2.4417362213134766,-1.0,-3.81209758870682e-07
3.0,2.4498603343963623,-1.0,-3.789028824030538e-07
3.0,2.4580414295196533,-1.0,-3.789028824030538e-07
3.0,2.4661664962768555,-1.0,-3.766101883684314e-07
3.0,2.4742672443389893,-1.0,-3.766101883684314e-07
3.0,2.482377529144287,-1.0,-3.7433153465826763e-07
3.0,2.4905269145965576,-1.0,-3.7433153465826763e-07
3.0,2.4986536502838135,-1.0,-3.720669496942719e-07
3.0,2.5067696571350098,-1.0,-3.720669496942719e-07
3.0,2.5148823261260986,-1.0,-3.698163482113159e-07
3.0,2.523014545440674,-1.0,-3.698163482113159e-07
3.0,2.5312440395355225,-1.0,-3.675795312574337e-07
3.0,2.5394015312194824,-1.0,-3.675795312574337e-07
3.0,2.5475354194641113,-1.0,-3.653563851457875e-07
3.0,2.555637836456299,-1.0,-3.653563851457875e-07
3.0,2.563756227493286,-1.0,-3.6314685303295846e-07
3.0,2.571884870529175,-1.0,-3.6314685303295846e-07
3.0,2.580007791519165,-1.0,-3.609510486057843e-07
3.0,2.5881125926971436,-1.0,-3.609510486057843e-07
3.0,2.5962717533111572,-1.0,-3.5876868764717074e-07
3.0,2.6044275760650635,-1.0,-3.5876868764717074e-07
3.0,2.612558364868164,-1.0,-3.5659959962686116e-07
3.0,2.620701789855957,-1.0,-3.5659959962686116e-07
3.0,2.628819465637207,-1.0,-3.5444392665340274e-07
3.0,2.6369636058807373,-1.0,-3.5444392665340274e-07
3.0,2.645102024078369,-1.0,-3.523014981965389e-07
3.0,2.653233289718628,-1.0,-3.523014981965389e-07
3.0,2.6614463329315186,-1.0,-3.5017208688259416e-07
3.0,2.6695687770843506,-1.0,-3.5017208688259416e-07
3.0,2.6777138710021973,-1.0,-3.4805597692866286e-07
3.0,2.685838460922241,-1.0,-3.4805597692866286e-07
3.0,2.6939892768859863,-1.0,-3.4595265674397524e-07
3.0,2.7021572589874268,-1.0,-3.4595265674397524e-07
3.0,2.7102744579315186,-1.0,-3.4386235370220675e-07
3.0,2.7183802127838135,-1.0,-3.4386235370220675e-07
3.0,2.726487636566162,-1.0,-3.417847835862631e-07
3.0,2.734614372253418,-1.0,-3.417847835862631e-07
3.0,2.7427914142608643,-1.0,-3.397200032395631e-07
3.0,2.7509255409240723,-1.0,-3.397200032395631e-07
3.0,2.759031295776367,-1.0,-3.3766778528843133e-07
3.0,2.7671353816986084,-1.0,-3.3766778528843133e-07
3.0,2.775233507156372,-1.0,-3.3562827184141497e-07
3.0,2.783325433731079,-1.0,-3.3562827184141497e-07
3.0,2.7914321422576904,-1.0,-3.33601064994582e-07
3.0,2.799532890319824,-1.0,-3.33601064994582e-07
3.0,2.80765438079834,-1.0,-3.3158653423015494e-07
3.0,2.8157742023468018,-1.0,-3.3158653423015494e-07
3.0,2.8238954544067383,-1.0,-3.295841679573641e-07
3.0,2.832026481628418,-1.0,-3.2759407986304723e-07
3.0,2.8401262760162354,-1.0,-3.2759407986304723e-07
3.0,2.8482189178466797,-1.0,-3.2561626994720427e-07
3.0,2.856379508972168,-1.0,-3.2561626994720427e-07
3.0,2.8645622730255127,-1.0,-3.2561626994720427e-07
3.0,2.8726866245269775,-1.0,-3.236504255710315e-07
3.0,2.880803346633911,-1.0,-3.216966604213667e-07
3.0,2.8889124393463135,-1.0,-3.216966604213667e-07
3.0,2.8970117568969727,-1.0,-3.1975494607650035e-07
3.0,2.905118703842163,-1.0,-3.1975494607650035e-07
3.0,2.9132304191589355,-1.0,-3.1782505516275705e-07
3.0,2.921353340148926,-1.0,-3.1782505516275705e-07
3.0,2.929473400115967,-1.0,-3.159069024150085e-07
3.0,2.937577962875366,-1.0,-3.159069024150085e-07
3.0,2.945678472518921,-1.0,-3.140005446766736e-07
3.0,2.9537856578826904,-1.0,-3.140005446766736e-07
3.0,2.96189546585083,-1.0,-3.1210595352604287e-07
3.0,2.9699907302856445,-1.0,-3.1210595352604287e-07
3.0,2.9781124591827393,-1.0,-3.1022287316773145e-07
3.0,2.9862308502197266,-1.0,-3.1022287316773145e-07
3.0,2.9943130016326904,-1.0,-3.083512751800299e-07
3.0,3.0024073123931885,-1.0,-3.083512751800299e-07
3.0,3.0105013847351074,-1.0,-3.064911027195194e-07
3.0,3.0185892581939697,-1.0,-3.064911027195194e-07
3.0,3.026681900024414,-1.0,-3.0464229894278105e-07
3.0,3.034773349761963,-1.0,-3.0464229894278105e-07
3.0,3.0428597927093506,-1.0,-3.028047785846866e-07
3.0,3.0509674549102783,-1.0,-3.028047785846866e-07
3.0,3.0590808391571045,-1.0,-3.0097854164523596e-07
3.0,3.067216396331787,-1.0,-3.0097854164523596e-07
3.0,3.0753488540649414,-1.0,-2.991634744375915e-07
3.0,3.083479642868042,-1.0,-2.991634744375915e-07
3.0,3.091590642929077,-1.0,-2.973594916966249e-07
3.0,3.099694013595581,-1.0,-2.973594916966249e-07
3.0,3.107819080352783,-1.0,-2.955665365789173e-07
3.0,3.115948438644409,-1.0,-2.955665365789173e-07
3.0,3.1240668296813965,-1.0,-2.9378449539763096e-07
3.0,3.132239818572998,-1.0,-2.9378449539763096e-07
3.0,3.140441417694092,-1.0,-2.920133397310565e-07
3.0,3.148582935333252,-1.0,-2.920133397310565e-07
3.0,3.1567025184631348,-1.0,-2.9025298431406554e-07
3.0,3.1648552417755127,-1.0,-2.9025298431406554e-07
3.0,3.173008680343628,-1.0,-2.885033723032393e-07
3.0,3.1811816692352295,-1.0,-2.885033723032393e-07
3.0,3.189328193664551,-1.0,-2.867644468551589e-07
3.0,3.1974503993988037,-1.0,-2.867644468551589e-07
3.0,3.2055797576904297,-1.0,-2.850362079698243e-07
3.0,3.213728904724121,-1.0,-2.850362079698243e-07
3.0,3.2219128608703613,-1.0,-2.833185135386884e-07
3.0,3.2300424575805664,-1.0,-2.833185135386884e-07
3.0,3.2381463050842285,-1.0,-2.816112782966229e-07
3.0,3.2462565898895264,-1.0,-2.816112782966229e-07
3.0,3.2544057369232178,-1.0,-2.799144169784995e-07
3.0,3.262540102005005,-1.0,-2.799144169784995e-07
3.0,3.2706451416015625,-1.0,-2.7822787274089933e-07
3.0,3.278742790222168,-1.0,-2.7822787274089933e-07
3.0,3.286850929260254,-1.0,-2.7655158874040353e-07
3.0,3.2949893474578857,-1.0,-2.7655158874040353e-07
3.0,3.303147315979004,-1.0,-2.748855365553027e-07
3.0,3.3112802505493164,-1.0,-2.748855365553027e-07
3.0,3.3194117546081543,-1.0,-2.7322980145072506e-07
3.0,3.327509641647339,-1.0,-2.7322980145072506e-07
3.0,3.336545944213867,-1.0,-2.715840992095764e-07
3.0,3.344850778579712,-1.0,-2.715840992095764e-07
3.0,3.3531079292297363,-1.0,-2.6994834456672834e-07
3.0,3.3612334728240967,-1.0,-2.683224806787621e-07
3.0,3.3693249225616455,-1.0,-2.683224806787621e-07
3.0,3.3774514198303223,-1.0,-2.6670676334106247e-07
3.0,3.385590076446533,-1.0,-2.6670676334106247e-07
3.0,3.3937039375305176,-1.0,-2.651007946496975e-07
3.0,3.4018235206604004,-1.0,-2.651007946496975e-07
3.0,3.409949779510498,-1.0,-2.635044609178294e-07
3.0,3.418073892593384,-1.0,-2.635044609178294e-07
3.0,3.426197052001953,-1.0,-2.61918074784262e-07
3.0,3.434328317642212,-1.0,-2.61918074784262e-07
3.0,3.44264817237854,-1.0,-2.603412667667726e-07
3.0,3.450801372528076,-1.0,-2.603412667667726e-07
3.0,3.4589648246765137,-1.0,-2.587738947568141e-07
3.0,3.467120409011841,-1.0,-2.587738947568141e-07
3.0,3.475238800048828,-1.0,-2.5721635665831855e-07
3.0,3.4833242893218994,-1.0,-2.5721635665831855e-07
3.0,3.491487503051758,-1.0,-2.556681124588067e-07
3.0,3.499737501144409,-1.0,-2.556681124588067e-07
3.0,3.5078580379486084,-1.0,-2.541293042668258e-07
3.0,3.515967845916748,-1.0,-2.541293042668258e-07
3.0,3.5240862369537354,-1.0,-2.525999605040852e-07
3.0,3.532205581665039,-1.0,-2.525999605040852e-07
3.0,3.5403354167938232,-1.0,-2.510797401100717e-07
3.0,3.5484495162963867,-1.0,-2.510797401100717e-07
3.0,3.5565543174743652,-1.0,-2.495689841452986e-07
3.0,3.564673662185669,-1.0,-2.495689841452986e-07
3.0,3.5727944374084473,-1.0,-2.480671525972866e-07
3.0,3.580920696258545,-1.0,-2.480671525972866e-07
3.0,3.5890660285949707,-1.0,-2.4657478547851497e-07
3.0,3.597194194793701,-1.0,-2.4657478547851497e-07
3.0,3.605313301086426,-1.0,-2.450911722462479e-07
3.0,3.613455057144165,-1.0,-2.450911722462479e-07
3.0,3.621572732925415,-1.0,-2.436169097563834e-07
3.0,3.629701614379883,-1.0,-2.436169097563834e-07
3.0,3.6378486156463623,-1.0,-2.421513158878952e-07
3.0,3.6459670066833496,-1.0,-2.421513158878952e-07
3.0,3.65407657623291,-1.0,-2.4069487380984356e-07
3.0,3.66219425201416,-1.0,-2.4069487380984356e-07
3.0,3.6703085899353027,-1.0,-2.3924712877487764e-07
3.0,3.6784093379974365,-1.0,-2.3924712877487764e-07
3.0,3.686516523361206,-1.0,-2.3780819446983514e-07
3.0,3.694615602493286,-1.0,-2.3780819446983514e-07
3.0,3.7027227878570557,-1.0,-2.3637805668386136e-07
3.0,3.7108445167541504,-1.0,-2.3637805668386136e-07
3.0,3.7189574241638184,-1.0,-2.3495658751926385e-07
3.0,3.7270774841308594,-1.0,-2.3495658751926385e-07
3.0,3.735179901123047,-1.0,-2.3354371592176904e-07
3.0,3.7432825565338135,-1.0,-2.3354371592176904e-07
3.0,3.7514023780822754,-1.0,-2.3213947031308635e-07
3.0,3.759517192840576,-1.0,-2.3213947031308635e-07
3.0,3.7676475048065186,-1.0,-2.3074377963894221e-07
3.0,3.775770425796509,-1.0,-2.3074377963894221e-07
3.0,3.7838919162750244,-1.0,-2.293565302124989e-07
3.0,3.7920026779174805,-1.0,-2.293565302124989e-07
3.0,3.8001198768615723,-1.0,-2.2797772203375644e-07
3.0,3.8082432746887207,-1.0,-2.2660729825929593e-07
3.0,3.816316604614258,-1.0,-2.2660729825929593e-07
3.0,3.8244144916534424,-1.0,-2.252451594131344e-07
3.0,3.8325109481811523,-1.0,-2.252451594131344e-07
3.0,3.8406119346618652,-1.0,-2.252451594131344e-07
3.0,3.8487212657928467,-1.0,-2.2389134812783595e-07
3.0,3.856855869293213,-1.0,-2.2254566545143462e-07
3.0,3.8649752140045166,-1.0,-2.2254566545143462e-07
3.0,3.8730883598327637,-1.0,-2.212082392816228e-07
3.0,3.8812668323516846,-1.0,-2.212082392816228e-07
3.0,3.889425754547119,-1.0,-2.212082392816228e-07
3.0,3.897550106048584,-1.0,-2.198788564555798e-07
3.0,3.905663251876831,-1.0,-2.198788564555798e-07
3.0,3.913785219192505,-1.0,-2.185576022384339e-07
3.0,3.9219205379486084,-1.0,-2.185576022384339e-07
3.0,3.9300830364227295,-1.0,-2.1724432031078322e-07
3.0,3.938222885131836,-1.0,-2.1724432031078322e-07
3.0,3.946326971054077,-1.0,-2.1593901067262777e-07
3.0,3.9544248580932617,-1.0,-2.1593901067262777e-07
3.0,3.962521553039551,-1.0,-2.1464167332396755e-07
3.0,3.970640182495117,-1.0,-2.1464167332396755e-07
3.0,3.978933334350586,-1.0,-2.133521519454007e-07
3.0,3.987060308456421,-1.0,-2.133521519454007e-07
3.0,3.995162010192871,-1.0,-2.1207043232607248e-07
3.0,4.003276348114014,-1.0,-2.1207043232607248e-07
3.0,4.011406660079956,-1.0,-2.1079657130940177e-07
3.0,4.019650936126709,-1.0,-2.1079657130940177e-07
3.0,4.027767658233643,-1.0,-2.09530398365132e-07
3.0,4.0358757972717285,-1.0,-2.09530398365132e-07
3.0,4.043973922729492,-1.0,-2.0827187086069898e-07
3.0,4.0520899295806885,-1.0,-2.0827187086069898e-07
3.0,4.060198068618774,-1.0,-2.0702097458524804e-07
3.0,4.06832480430603,-1.0,-2.0577766690621502e-07
3.0,4.0764360427856445,-1.0,-2.0577766690621502e-07
3.0,4.084562301635742,-1.0,-2.0577766690621502e-07
3.0,4.092686891555786,-1.0,-2.0454191940189048e-07
3.0,4.100840330123901,-1.0,-2.0454191940189048e-07
3.0,4.108976602554321,-1.0,-2.0331366101800086e-07
3.0,4.117097616195679,-1.0,-2.0209283491112728e-07
3.0,4.125208854675293,-1.0,-2.0209283491112728e-07
3.0,4.133336544036865,-1.0,-2.0087939844870562e-07
3.0,4.141509532928467,-1.0,-2.0087939844870562e-07
3.0,4.149650573730469,-1.0,-2.0087939844870562e-07
3.0,4.1577818393707275,-1.0,-1.9967332320902642e-07
3.0,4.165913820266724,-1.0,-1.9847455234867084e-07
3.0,4.174065589904785,-1.0,-1.9847455234867084e-07
3.0,4.182235479354858,-1.0,-1.9728304323507473e-07
3.0,4.190547466278076,-1.0,-1.9728304323507473e-07
3.0,4.198728322982788,-1.0,-1.9609873902481922e-07
3.0,4.2069091796875,-1.0,-1.9609873902481922e-07
3.0,4.2151429653167725,-1.0,-1.949216112961949e-07
3.0,4.223286867141724,-1.0,-1.949216112961949e-07
3.0,4.231500625610352,-1.0,-1.9375160320578289e-07
3.0,4.239624738693237,-1.0,-1.9375160320578289e-07
3.0,4.247788667678833,-1.0,-1.9258867212101904e-07
3.0,4.255934000015259,-1.0,-1.9258867212101904e-07
3.0,4.264057874679565,-1.0,-1.9143278962019394e-07
3.0,4.2721781730651855,-1.0,-1.9143278962019394e-07
3.0,4.28033971786499,-1.0,-1.9028394149245287e-07
3.0,4.288522243499756,-1.0,-1.9028394149245287e-07
3.0,4.296666145324707,-1.0,-1.8914204247266753e-07
3.0,4.304792642593384,-1.0,-1.8914204247266753e-07
3.0,4.31291651725769,-1.0,-1.8800703571741906e-07
3.0,4.321031808853149,-1.0,-1.8800703571741906e-07
3.0,4.329156875610352,-1.0,-1.868788643832886e-07
3.0,4.337443590164185,-1.0,-1.868788643832886e-07
3.0,4.345571041107178,-1.0,-1.8575754268113087e-07
3.0,4.353710651397705,-1.0,-1.8575754268113087e-07
3.0,4.36183762550354,-1.0,-1.8464305640009115e-07
3.0,4.369959354400635,-1.0,-1.8464305640009115e-07
3.0,4.378313779830933,-1.0,-1.83535277642477e-07
3.0,4.3864381313323975,-1.0,-1.83535277642477e-07
3.0,4.394566297531128,-1.0,-1.8243413535401487e-07
3.0,4.40270733833313,-1.0,-1.8243413535401487e-07
3.0,4.41097092628479,-1.0,-1.8133975743239716e-07
3.0,4.4191038608551025,-1.0,-1.8133975743239716e-07
3.0,4.427227735519409,-1.0,-1.8025194492565788e-07
3.0,4.435319662094116,-1.0,-1.8025194492565788e-07
3.0,4.443440198898315,-1.0,-1.7917069783379702e-07
3.0,4.451571702957153,-1.0,-1.7917069783379702e-07
3.0,4.459722995758057,-1.0,-1.7809604457852402e-07
3.0,4.46785044670105,-1.0,-1.7809604457852402e-07
3.0,4.475954532623291,-1.0,-1.7702778620787285e-07
3.0,4.484051465988159,-1.0,-1.7702778620787285e-07
3.0,4.492177963256836,-1.0,-1.7596610746295482e-07
3.0,4.500312566757202,-1.0,-1.7596610746295482e-07
3.0,4.508423566818237,-1.0,-1.7491075254838506e-07
3.0,4.516535520553589,-1.0,-1.7386186357271072e-07
3.0,4.524629592895508,-1.0,-1.7386186357271072e-07
3.0,4.532745838165283,-1.0,-1.7386186357271072e-07
3.0,4.540884017944336,-1.0,-1.7281921316225635e-07
3.0,4.548994541168213,-1.0,-1.7281921316225635e-07
3.0,4.557093620300293,-1.0,-1.7178295763642382e-07
3.0,4.56519627571106,-1.0,-1.707528838323924e-07
3.0,4.5733630657196045,-1.0,-1.707528838323924e-07
3.0,4.581511974334717,-1.0,-1.707528838323924e-07
3.0,4.589658975601196,-1.0,-1.6972913385870925e-07
3.0,4.597796201705933,-1.0,-1.6972913385870925e-07
3.0,4.605949878692627,-1.0,-1.6871149455255363e-07
3.0,4.614093065261841,-1.0,-1.6770002275734441e-07
3.0,4.62270712852478,-1.0,-1.6770002275734441e-07
3.0,4.63094687461853,-1.0,-1.6669470426222688e-07
3.0,4.639078855514526,-1.0,-1.6669470426222688e-07
3.0,4.647183179855347,-1.0,-1.6569539695865387e-07
3.0,4.655320644378662,-1.0,-1.6569539695865387e-07
3.0,4.66344141960144,-1.0,-1.6470212926833483e-07
3.0,4.6715404987335205,-1.0,-1.6470212926833483e-07
3.0,4.679643154144287,-1.0,-1.6371490119126975e-07
3.0,4.687751293182373,-1.0,-1.6371490119126975e-07
3.0,4.695850849151611,-1.0,-1.627335990406209e-07
3.0,4.703950643539429,-1.0,-1.627335990406209e-07
3.0,4.712045669555664,-1.0,-1.6175819439467887e-07
3.0,4.720154047012329,-1.0,-1.6175819439467887e-07
3.0,4.728799819946289,-1.0,-1.6078871567515307e-07
3.0,4.736990690231323,-1.0,-1.6078871567515307e-07
3.0,4.745118141174316,-1.0,-1.5982513446033408e-07
3.0,4.7532432079315186,-1.0,-1.5982513446033408e-07
3.0,4.761321544647217,-1.0,-1.5886733706338418e-07
3.0,4.769506931304932,-1.0,-1.5886733706338418e-07
3.0,4.777698755264282,-1.0,-1.5791529506259394e-07
3.0,4.785816669464111,-1.0,-1.5791529506259394e-07
3.0,4.79392147064209,-1.0,-1.5696899424710864e-07
3.0,4.802024602890015,-1.0,-1.5696899424710864e-07
3.0,4.810164451599121,-1.0,-1.5602839198436413e-07
3.0,4.818284511566162,-1.0,-1.5602839198436413e-07
3.0,4.826413631439209,-1.0,-1.5509351669606986e-07
3.0,4.834524154663086,-1.0,-1.5509351669606986e-07
3.0,4.8426477909088135,-1.0,-1.5416429732795223e-07
3.0,4.850759029388428,-1.0,-1.5416429732795223e-07
3.0,4.858875513076782,-1.0,-1.5324066282573767e-07
3.0,4.8669891357421875,-1.0,-1.5324066282573767e-07
3.0,4.87508749961853,-1.0,-1.5232259897857148e-07
3.0,4.883194923400879,-1.0,-1.5232259897857148e-07
3.0,4.891323804855347,-1.0,-1.514100773647442e-07
3.0,4.899518251419067,-1.0,-1.514100773647442e-07
3.0,4.907644033432007,-1.0,-1.5050305535169173e-07
3.0,4.9157655239105225,-1.0,-1.5050305535169173e-07
3.0,4.923876047134399,-1.0,-1.496015045177046e-07
3.0,4.932012557983398,-1.0,-1.496015045177046e-07
3.0,4.940175294876099,-1.0,-1.487053964410734e-07
3.0,4.948276042938232,-1.0,-1.487053964410734e-07
3.0,4.956390142440796,-1.0,-1.4781468848923396e-07
3.0,4.964514493942261,-1.0,-1.4781468848923396e-07
3.0,4.972625494003296,-1.0,-1.4692933802962216e-07
3.0,4.980729579925537,-1.0,-1.4604933085138327e-07
3.0,4.988830327987671,-1.0,-1.4604933085138327e-07
3.0,4.9969587326049805,-1.0,-1.4517462432195316e-07
3.0,5.005074501037598,-1.0,-1.4517462432195316e-07
3.0,5.013320207595825,-1.0,-1.4517462432195316e-07
3.0,5.0214269161224365,-1.0,-1.4430517580876767e-07
3.0,5.029540061950684,-1.0,-1.4430517580876767e-07
3.0,5.037652969360352,-1.0,-1.4344102794439095e-07
3.0,5.045758962631226,-1.0,-1.4258208125284e-07
3.0,5.053894758224487,-1.0,-1.4258208125284e-07
3.0,5.062011241912842,-1.0,-1.4172830731240538e-07
3.0,5.070115566253662,-1.0,-1.4172830731240538e-07
3.0,5.078234434127808,-1.0,-1.4087964927966823e-07
3.0,5.0863964557647705,-1.0,-1.4087964927966823e-07
3.0,5.094532251358032,-1.0,-1.4003607873291912e-07
3.0,5.102651357650757,-1.0,-1.4003607873291912e-07
3.0,5.11076807975769,-1.0,-1.3919760988301277e-07
3.0,5.118869304656982,-1.0,-1.3919760988301277e-07
3.0,5.126969814300537,-1.0,-1.383642569408039e-07
3.0,5.135068655014038,-1.0,-1.383642569408039e-07
3.0,5.143166780471802,-1.0,-1.3753589200860006e-07
3.0,5.151291131973267,-1.0,-1.3753589200860006e-07
3.0,5.159437417984009,-1.0,-1.3671248666469182e-07
3.0,5.16754150390625,-1.0,-1.3671248666469182e-07
3.0,5.175644159317017,-1.0,-1.358940409090792e-07
3.0,5.18375301361084,-1.0,-1.358940409090792e-07
3.0,5.191872596740723,-1.0,-1.3508059737432632e-07
3.0,5.200000524520874,-1.0,-1.3508059737432632e-07
3.0,5.208166837692261,-1.0,-1.3427199974103132e-07
3.0,5.216328144073486,-1.0,-1.3427199974103132e-07
3.0,5.224449396133423,-1.0,-1.3346820537663007e-07
3.0,5.232584714889526,-1.0,-1.3346820537663007e-07
3.0,5.240718841552734,-1.0,-1.3266939902223385e-07
3.0,5.248892784118652,-1.0,-1.3266939902223385e-07
3.0,5.257090091705322,-1.0,-1.3187531067160307e-07
3.0,5.265320539474487,-1.0,-1.3187531067160307e-07
3.0,5.2734270095825195,-1.0,-1.310859829573019e-07
3.0,5.2815327644348145,-1.0,-1.310859829573019e-07
3.0,5.289643049240112,-1.0,-1.303015011444586e-07
3.0,5.2977516651153564,-1.0,-1.303015011444586e-07
3.0,5.3058507442474365,-1.0,-1.2952162364854303e-07
3.0,5.313950061798096,-1.0,-1.2952162364854303e-07
3.0,5.322046756744385,-1.0,-1.287465636323759e-07
3.0,5.330159425735474,-1.0,-1.287465636323759e-07
3.0,5.338283061981201,-1.0,-1.279760937222818e-07
3.0,5.346423864364624,-1.0,-1.279760937222818e-07
3.0,5.3545379638671875,-1.0,-1.2721028497253428e-07
3.0,5.362659454345703,-1.0,-1.2721028497253428e-07
3.0,5.370927333831787,-1.0,-1.264490805397145e-07
3.0,5.379130840301514,-1.0,-1.264490805397145e-07
3.0,5.3873207569122314,-1.0,-1.2569245200211299e-07
3.0,5.395448207855225,-1.0,-1.2569245200211299e-07
3.0,5.403568744659424,-1.0,-1.2494039935972978e-07
3.0,5.411689281463623,-1.0,-1.2494039935972978e-07
3.0,5.419833660125732,-1.0,-1.241928515582913e-07
3.0,5.427973747253418,-1.0,-1.241928515582913e-07
3.0,5.436114072799683,-1.0,-1.234497943869428e-07
3.0,5.444242477416992,-1.0,-1.234497943869428e-07
3.0,5.452338695526123,-1.0,-1.2271122784568433e-07
3.0,5.460460186004639,-1.0,-1.2271122784568433e-07
3.0,5.468571901321411,-1.0,-1.2197706666938757e-07
3.0,5.4766998291015625,-1.0,-1.2197706666938757e-07
3.0,5.484965562820435,-1.0,-1.2124741033403552e-07
3.0,5.493141174316406,-1.0,-1.2124741033403552e-07
3.0,5.501266956329346,-1.0,-1.2052201725509804e-07
3.0,5.509406566619873,-1.0,-1.2052201725509804e-07
3.0,5.517519235610962,-1.0,-1.1980111480625055e-07
3.0,5.52564549446106,-1.0,-1.1908448982467235e-07
3.0,5.533754825592041,-1.0,-1.1908448982467235e-07
3.0,5.541875123977661,-1.0,-1.1908448982467235e-07
3.0,5.549989461898804,-1.0,-1.1837218494292756e-07
3.0,5.558089733123779,-1.0,-1.1766415752845205e-07
3.0,5.566206932067871,-1.0,-1.1766415752845205e-07
3.0,5.5743255615234375,-1.0,-1.1696036494868167e-07
3.0,5.5824408531188965,-1.0,-1.1696036494868167e-07
3.0,5.5905609130859375,-1.0,-1.1696036494868167e-07
3.0,5.5986714363098145,-1.0,-1.1626084273075321e-07
3.0,5.606780052185059,-1.0,-1.1556551271496573e-07
3.0,5.614906311035156,-1.0,-1.1556551271496573e-07
3.0,5.623012065887451,-1.0,-1.1487435358503717e-07
3.0,5.631129026412964,-1.0,-1.1487435358503717e-07
3.0,5.639219760894775,-1.0,-1.1418737244639487e-07
3.0,5.647314548492432,-1.0,-1.1418737244639487e-07
3.0,5.655413866043091,-1.0,-1.1350449113933792e-07
3.0,5.663572072982788,-1.0,-1.1350449113933792e-07
3.0,5.671682834625244,-1.0,-1.1282575229643044e-07
3.0,5.679809093475342,-1.0,-1.1282575229643044e-07
3.0,5.687930107116699,-1.0,-1.1215105644168943e-07
3.0,5.6961350440979,-1.0,-1.1215105644168943e-07
3.0,5.7043139934539795,-1.0,-1.1148044620767905e-07
3.0,5.71243143081665,-1.0,-1.1148044620767905e-07
3.0,5.720569849014282,-1.0,-1.1081385764555307e-07
3.0,5.728696823120117,-1.0,-1.1081385764555307e-07
3.0,5.736838340759277,-1.0,-1.1015126943902942e-07
3.0,5.744939804077148,-1.0,-1.1015126943902942e-07
3.0,5.753078460693359,-1.0,-1.094926815881081e-07
3.0,5.761195659637451,-1.0,-1.094926815881081e-07
3.0,5.76933217048645,-1.0,-1.0883801593308817e-07
3.0,5.777458906173706,-1.0,-1.0883801593308817e-07
3.0,5.785574197769165,-1.0,-1.0818730800110643e-07
3.0,5.793688774108887,-1.0,-1.0818730800110643e-07
3.0,5.80181884765625,-1.0,-1.0754051515959873e-07
3.0,5.809955596923828,-1.0,-1.0754051515959873e-07
3.0,5.818062782287598,-1.0,-1.0689758767057356e-07
3.0,5.826162576675415,-1.0,-1.0689758767057356e-07
3.0,5.834254741668701,-1.0,-1.0625851842860357e-07
3.0,5.84238862991333,-1.0,-1.0625851842860357e-07
3.0,5.850482940673828,-1.0,-1.0562331453911611e-07
3.0,5.858582496643066,-1.0,-1.0562331453911611e-07
3.0,5.866710424423218,-1.0,-1.0499192626411968e-07
3.0,5.874855041503906,-1.0,-1.0499192626411968e-07
3.0,5.88296365737915,-1.0,-1.0436432518190486e-07
3.0,5.89138388633728,-1.0,-1.0436432518190486e-07
3.0,5.8999152183532715,-1.0,-1.0374048287076221e-07
3.0,5.9080963134765625,-1.0,-1.0374048287076221e-07
3.0,5.916230916976929,-1.0,-1.0312039222526437e-07
3.0,5.924344778060913,-1.0,-1.0312039222526437e-07
3.0,5.932483911514282,-1.0,-1.0250401771827455e-07
3.0,5.940600156784058,-1.0,-1.0250401771827455e-07
3.0,5.948718070983887,-1.0,-1.0189135224436541e-07
3.0,5.956833362579346,-1.0,-1.012823673818275e-07
3.0,5.96496057510376,-1.0,-1.012823673818275e-07
3.0,5.973077297210693,-1.0,-1.012823673818275e-07
3.0,5.981185436248779,-1.0,-1.0067704181437875e-07
3.0,5.989320278167725,-1.0,-1.0067704181437875e-07
3.0,5.997454404830933,-1.0,-1.000753542257371e-07
4.0,4.5299530029296875e-06,-1.0,-9.947728329962047e-08
4.0,0.008378744125366211,-1.0,-9.947728329962047e-08
4.0,0.01656031608581543,-1.0,-9.888280061431942e-08
4.0,0.024682044982910156,-1.0,-9.888280061431942e-08
4.0,0.03282928466796875,-1.0,-9.888280061431942e-08
4.0,0.04095864295959473,-1.0,-9.829189195897925e-08
4.0,0.049117088317871094,-1.0,-9.770452891189052e-08
4.0,0.057326316833496094,-1.0,-9.770452891189052e-08
4.0,0.06548023223876953,-1.0,-9.712069015677116e-08
4.0,0.07363438606262207,-1.0,-9.712069015677116e-08
4.0,0.08179378509521484,-1.0,-9.654034727191174e-08
4.0,0.08992886543273926,-1.0,-9.654034727191174e-08
4.0,0.0980837345123291,-1.0,-9.596348604645755e-08
4.0,0.10620665550231934,-1.0,-9.596348604645755e-08
4.0,0.11433267593383789,-1.0,-9.53900851641265e-08
4.0,0.12250208854675293,-1.0,-9.53900851641265e-08
4.0,0.13063859939575195,-1.0,-9.482014462491861e-08
4.0,0.13876867294311523,-1.0,-9.482014462491861e-08
4.0,0.1468954086303711,-1.0,-9.425361469084237e-08
4.0,0.15500092506408691,-1.0,-9.425361469084237e-08
4.0,0.16312956809997559,-1.0,-9.36904740456157e-08
4.0,0.1712493896484375,-1.0,-9.36904740456157e-08
4.0,0.17937636375427246,-1.0,-9.313071558381125e-08
4.0,0.1875019073486328,-1.0,-9.313071558381125e-08
4.0,0.1956324577331543,-1.0,-9.257434641085638e-08
4.0,0.203779935836792,-1.0,-9.257434641085638e-08
4.0,0.21190190315246582,-1.0,-9.202127415619543e-08
4.0,0.220048189163208,-1.0,-9.202127415619543e-08
4.0,0.22815346717834473,-1.0,-9.147152724153784e-08
4.0,0.23626112937927246,-1.0,-9.147152724153784e-08
4.0,0.2443714141845703,-1.0,-9.092511277231097e-08
4.0,0.2524704933166504,-1.0,-9.092511277231097e-08
4.0,0.2605748176574707,-1.0,-9.03819312725318e-08
4.0,0.26868271827697754,-1.0,-9.03819312725318e-08
4.0,0.276806116104126,-1.0,-8.984205379647392e-08
4.0,0.2849242687225342,-1.0,-8.984205379647392e-08
4.0,0.2930421829223633,-1.0,-8.930539507900903e-08
4.0,0.3011631965637207,-1.0,-8.930539507900903e-08
4.0,0.3092806339263916,-1.0,-8.877195512013714e-08
4.0,0.31742143630981445,-1.0,-8.877195512013714e-08
4.0,0.32555365562438965,-1.0,-8.824171260357616e-08
4.0,0.33368754386901855,-1.0,-8.824171260357616e-08
4.0,0.34186315536499023,-1.0,-8.771465331847139e-08
4.0,0.34999585151672363,-1.0,-8.771465331847139e-08
4.0,0.3581197261810303,-1.0,-8.719074173768604e-08
4.0,0.36623668670654297,-1.0,-8.719074173768604e-08
4.0,0.37435078620910645,-1.0,-8.666999207207482e-08
4.0,0.3825199604034424,-1.0,-8.666999207207482e-08
4.0,0.3906409740447998,-1.0,-8.615233326736416e-08
4.0,0.39874792098999023,-1.0,-8.615233326736416e-08
4.0,0.40688323974609375,-1.0,-8.563782927240027e-08
4.0,0.41501426696777344,-1.0,-8.563782927240027e-08
4.0,0.42313504219055176,-1.0,-8.512636640034543e-08
4.0,0.4312605857849121,-1.0,-8.512636640034543e-08
4.0,0.43938350677490234,-1.0,-8.46179872837638e-08
4.0,0.4474921226501465,-1.0,-8.46179872837638e-08
4.0,0.4556138515472412,-1.0,-8.411267060637329e-08
4.0,0.46373605728149414,-1.0,-8.411267060637329e-08
4.0,0.4718775749206543,-1.0,-8.361035241932768e-08
4.0,0.4800081253051758,-1.0,-8.311106824976378e-08
4.0,0.48813962936401367,-1.0,-8.311106824976378e-08
4.0,0.4962775707244873,-1.0,-8.311106824976378e-08
4.0,0.5044009685516357,-1.0,-8.261478967597213e-08
4.0,0.5125536918640137,-1.0,-8.212146695996125e-08
4.0,0.5207209587097168,-1.0,-8.212146695996125e-08
4.0,0.5288472175598145,-1.0,-8.163107878544906e-08
4.0,0.5370018482208252,-1.0,-8.163107878544906e-08
4.0,0.5451219081878662,-1.0,-8.114366778499971e-08
4.0,0.553239107131958,-1.0,-8.114366778499971e-08
4.0,0.5613672733306885,-1.0,-8.065917000976697e-08
4.0,0.5694897174835205,-1.0,-8.065917000976697e-08
4.0,0.5776054859161377,-1.0,-8.017757124889613e-08
4.0,0.58571457862854,-1.0,-8.017757124889613e-08
4.0,0.5938220024108887,-1.0,-7.969885729153248e-08
4.0,0.6019246578216553,-1.0,-7.969885729153248e-08
4.0,0.6100363731384277,-1.0,-7.922300682139394e-08
4.0,0.6181542873382568,-1.0,-7.922300682139394e-08
4.0,0.6262729167938232,-1.0,-7.874999852219844e-08
4.0,0.6343681812286377,-1.0,-7.874999852219844e-08
4.0,0.6424777507781982,-1.0,-7.827986081565541e-08
4.0,0.6505916118621826,-1.0,-7.827986081565541e-08
4.0,0.6586987972259521,-1.0,-7.781252975291864e-08
4.0,0.6668462753295898,-1.0,-7.781252975291864e-08
4.0,0.6749448776245117,-1.0,-7.734799822856075e-08
4.0,0.6830477714538574,-1.0,-7.734799822856075e-08
4.0,0.6911523342132568,-1.0,-7.688623782087234e-08
4.0,0.699268102645874,-1.0,-7.688623782087234e-08
4.0,0.7073814868927002,-1.0,-7.642724852985339e-08
4.0,0.7155048847198486,-1.0,-7.642724852985339e-08
4.0,0.7235970497131348,-1.0,-7.597101614464918e-08
4.0,0.7316937446594238,-1.0,-7.597101614464918e-08
4.0,0.7398228645324707,-1.0,-7.55175122435503e-08
4.0,0.7479512691497803,-1.0,-7.55175122435503e-08
4.0,0.7560503482818604,-1.0,-7.506672972112938e-08
4.0,0.7643449306488037,-1.0,-7.506672972112938e-08
4.0,0.7724869251251221,-1.0,-7.461864015567699e-08
4.0,0.7805922031402588,-1.0,-7.461864015567699e-08
4.0,0.7886881828308105,-1.0,-7.417323644176577e-08
4.0,0.7968027591705322,-1.0,-7.417323644176577e-08
4.0,0.8049077987670898,-1.0,-7.373049015768629e-08
4.0,0.8130409717559814,-1.0,-7.373049015768629e-08
4.0,0.8211672306060791,-1.0,-7.329040130343856e-08
4.0,0.8292911052703857,-1.0,-7.329040130343856e-08
4.0,0.8374202251434326,-1.0,-7.28529485627405e-08
4.0,0.8455421924591064,-1.0,-7.28529485627405e-08
4.0,0.8536427021026611,-1.0,-7.241813904101946e-08
4.0,0.861729621887207,-1.0,-7.241813904101946e-08
4.0,0.869835376739502,-1.0,-7.19859301057113e-08
4.0,0.8779373168945312,-1.0,-7.19859301057113e-08
4.0,0.8860418796539307,-1.0,-7.155630044053396e-08
4.0,0.8941586017608643,-1.0,-7.155630044053396e-08
4.0,0.9022986888885498,-1.0,-7.112923583463271e-08
4.0,0.910402774810791,-1.0,-7.112923583463271e-08
4.0,0.918511152267456,-1.0,-7.070471497172548e-08
4.0,0.9266355037689209,-1.0,-7.070471497172548e-08
4.0,0.9347383975982666,-1.0,-7.028273785181227e-08
4.0,0.9428098201751709,-1.0,-7.028273785181227e-08
4.0,0.9509046077728271,-1.0,-6.986332579117516e-08
4.0,0.958996057510376,-1.0,-6.986332579117516e-08
4.0,0.967125415802002,-1.0,-6.944641484096792e-08
4.0,0.9753463268280029,-1.0,-6.944641484096792e-08
4.0,0.9834599494934082,-1.0,-6.903196947405377e-08
4.0,0.9915838241577148,-1.0,-6.903196947405377e-08
4.0,0.9997460842132568,-1.0,-6.862000390128742e-08
4.0,1.007871389389038,-1.0,-6.821055364980566e-08
4.0,1.0160083770751953,-1.0,-6.821055364980566e-08
4.0,1.0241279602050781,-1.0,-6.780352634905285e-08
4.0,1.0322418212890625,-1.0,-6.780352634905285e-08
4.0,1.04036283493042,-1.0,-6.780352634905285e-08
4.0,1.0484910011291504,-1.0,-6.73989006827469e-08
4.0,1.056617021560669,-1.0,-6.699676902144347e-08
4.0,1.0647327899932861,-1.0,-6.699676902144347e-08
4.0,1.0728399753570557,-1.0,-6.659699636202276e-08
4.0,1.0809576511383057,-1.0,-6.659699636202276e-08
4.0,1.0890722274780273,-1.0,-6.619961112619421e-08
4.0,1.0971965789794922,-1.0,-6.619961112619421e-08
4.0,1.105332374572754,-1.0,-6.58046488410946e-08
4.0,1.1134474277496338,-1.0,-6.58046488410946e-08
4.0,1.1215617656707764,-1.0,-6.541199581988622e-08
4.0,1.1296665668487549,-1.0,-6.541199581988622e-08
4.0,1.1379656791687012,-1.0,-6.50217444331247e-08
4.0,1.1461138725280762,-1.0,-6.50217444331247e-08
4.0,1.1542479991912842,-1.0,-6.46338023102544e-08
4.0,1.1623692512512207,-1.0,-6.46338023102544e-08
4.0,1.170506238937378,-1.0,-6.424818366213003e-08
4.0,1.1786572933197021,-1.0,-6.424818366213003e-08
4.0,1.186798334121704,-1.0,-6.386488138332425e-08
4.0,1.1949241161346436,-1.0,-6.386488138332425e-08
4.0,1.2030410766601562,-1.0,-6.348385284127289e-08
4.0,1.2112796306610107,-1.0,-6.348385284127289e-08
4.0,1.219440221786499,-1.0,-6.310513356311276e-08
4.0,1.2275676727294922,-1.0,-6.310513356311276e-08
4.0,1.2356922626495361,-1.0,-6.272865249457027e-08
4.0,1.2438068389892578,-1.0,-6.272865249457027e-08
4.0,1.2519307136535645,-1.0,-6.235443805735486e-08
4.0,1.2600417137145996,-1.0,-6.235443805735486e-08
4.0,1.2681467533111572,-1.0,-6.198245472432973e-08
4.0,1.2762587070465088,-1.0,-6.198245472432973e-08
4.0,1.2843761444091797,-1.0,-6.161269539006753e-08
4.0,1.2924890518188477,-1.0,-6.161269539006753e-08
4.0,1.300602674484253,-1.0,-6.124517426542297e-08
4.0,1.3087356090545654,-1.0,-6.124517426542297e-08
4.0,1.3168423175811768,-1.0,-6.087979187441306e-08
4.0,1.324967861175537,-1.0,-6.087979187441306e-08
4.0,1.333141565322876,-1.0,-6.051668322015757e-08
4.0,1.3412566184997559,-1.0,-6.051668322015757e-08
4.0,1.3493719100952148,-1.0,-6.01556848778273e-08
4.0,1.3574755191802979,-1.0,-6.01556848778273e-08
4.0,1.3655774593353271,-1.0,-5.979684658541373e-08
4.0,1.3737328052520752,-1.0,-5.979684658541373e-08
4.0,1.3818819522857666,-1.0,-5.944019321191263e-08
4.0,1.3899977207183838,-1.0,-5.944019321191263e-08
4.0,1.3981003761291504,-1.0,-5.9085646597623054e-08
4.0,1.4062044620513916,-1.0,-5.9085646597623054e-08
4.0,1.414315938949585,-1.0,-5.87332245061134e-08
4.0,1.422466516494751,-1.0,-5.87332245061134e-08
4.0,1.4305777549743652,-1.0,-5.8382919831956315e-08
4.0,1.4386894702911377,-1.0,-5.8382919831956315e-08
4.0,1.4468047618865967,-1.0,-5.803468994258765e-08
4.0,1.4549076557159424,-1.0,-5.803468994258765e-08
4.0,1.4630236625671387,-1.0,-5.768856681243051e-08
4.0,1.4711370468139648,-1.0,-5.768856681243051e-08
4.0,1.4792499542236328,-1.0,-5.7344497150779716e-08
4.0,1.4874017238616943,-1.0,-5.7344497150779716e-08
4.0,1.495553970336914,-1.0,-5.700249161577631e-08
4.0,1.503678321838379,-1.0,-5.666252533842453e-08
4.0,1.5118319988250732,-1.0,-5.666252533842453e-08
4.0,1.5199449062347412,-1.0,-5.666252533842453e-08
4.0,1.528778314590454,-1.0,-5.632460187143806e-08
4.0,1.5369873046875,-1.0,-5.598868213496644e-08
4.0,1.5451445579528809,-1.0,-5.598868213496644e-08
4.0,1.5533058643341064,-1.0,-5.565479099800541e-08
4.0,1.5614666938781738,-1.0,-5.565479099800541e-08
4.0,1.5695915222167969,-1.0,-5.532288227527715e-08
4.0,1.5777487754821777,-1.0,-5.532288227527715e-08
4.0,1.5859136581420898,-1.0,-5.499296307220902e-08
4.0,1.5940837860107422,-1.0,-5.499296307220902e-08
4.0,1.6022436618804932,-1.0,-5.4665026283373663e-08
4.0,1.6104333400726318,-1.0,-5.4665026283373663e-08
4.0,1.6185896396636963,-1.0,-5.433903638163429e-08
4.0,1.6267471313476562,-1.0,-5.433903638163429e-08
4.0,1.6348800659179688,-1.0,-5.401499336699089e-08
4.0,1.6430211067199707,-1.0,-5.401499336699089e-08
4.0,1.6511566638946533,-1.0,-5.369290434487084e-08
4.0,1.6592895984649658,-1.0,-5.369290434487084e-08
4.0,1.6674206256866455,-1.0,-5.337273023542366e-08
4.0,1.6755647659301758,-1.0,-5.337273023542366e-08
4.0,1.6836762428283691,-1.0,-5.3054471038649353e-08
4.0,1.6917977333068848,-1.0,-5.3054471038649353e-08
4.0,1.6999197006225586,-1.0,-5.2738108990979526e-08
4.0,1.7080514430999756,-1.0,-5.2738108990979526e-08
4.0,1.7161767482757568,-1.0,-5.242364409241418e-08
4.0,1.724308967590332,-1.0,-5.242364409241418e-08
4.0,1.7324402332305908,-1.0,-5.211106923752595e-08
4.0,1.7405600547790527,-1.0,-5.211106923752595e-08
4.0,1.748685598373413,-1.0,-5.180035600460542e-08
4.0,1.7568433284759521,-1.0,-5.180035600460542e-08
4.0,1.7649672031402588,-1.0,-5.149149728822522e-08
4.0,1.7730958461761475,-1.0,-5.149149728822522e-08
4.0,1.7812159061431885,-1.0,-5.1184485982957995e-08
4.0,1.7893240451812744,-1.0,-5.1184485982957995e-08
4.0,1.797424554824829,-1.0,-5.087930787794903e-08
4.0,1.8056414127349854,-1.0,-5.087930787794903e-08
4.0,1.8138701915740967,-1.0,-5.0575948762343614e-08
4.0,1.8219895362854004,-1.0,-5.0575948762343614e-08
4.0,1.8300995826721191,-1.0,-5.027440863614174e-08
4.0,1.8382246494293213,-1.0,-5.027440863614174e-08
4.0,1.8463513851165771,-1.0,-4.9974669735775024e-08
4.0,1.8545653820037842,-1.0,-4.9974669735775024e-08
4.0,1.8626914024353027,-1.0,-4.967672140310242e-08
4.0,1.8708205223083496,-1.0,-4.967672140310242e-08
4.0,1.8789136409759521,-1.0,-4.9380552979982895e-08
4.0,1.8870048522949219,-1.0,-4.9380552979982895e-08
4.0,1.8951058387756348,-1.0,-4.908615380827541e-08
4.0,1.9032292366027832,-1.0,-4.908615380827541e-08
4.0,1.9113337993621826,-1.0,-4.8793520335266294e-08
4.0,1.9194259643554688,-1.0,-4.8793520335266294e-08
4.0,1.9275257587432861,-1.0,-4.8502638350100824e-08
4.0,1.9356374740600586,-1.0,-4.8502638350100824e-08
4.0,1.9437546730041504,-1.0,-4.821349008921061e-08
4.0,1.951887845993042,-1.0,-4.821349008921061e-08
4.0,1.9600048065185547,-1.0,-4.792606844716829e-08
4.0,1.9681897163391113,-1.0,-4.7640359213119154e-08
4.0,1.9763145446777344,-1.0,-4.7640359213119154e-08
4.0,1.984407663345337,-1.0,-4.7640359213119154e-08
4.0,1.9925041198730469,-1.0,-4.73563623870632e-08
4.0,2.000610828399658,-1.0,-4.707407086357307e-08
4.0,2.008739948272705,-1.0,-4.707407086357307e-08
4.0,2.016854763031006,-1.0,-4.6793452668225655e-08
4.0,2.0249645709991455,-1.0,-4.6793452668225655e-08
4.0,2.033120632171631,-1.0,-4.6514507801020955e-08
4.0,2.041212320327759,-1.0,-4.6514507801020955e-08
4.0,2.0493202209472656,-1.0,-4.6237246920100006e-08
4.0,2.057441234588623,-1.0,-4.6237246920100006e-08
4.0,2.065544605255127,-1.0,-4.596163094561234e-08
4.0,2.073639392852783,-1.0,-4.596163094561234e-08
4.0,2.081744909286499,-1.0,-4.568765987755796e-08
4.0,2.0899178981781006,-1.0,-4.568765987755796e-08
4.0,2.098264694213867,-1.0,-4.541533371593687e-08
4.0,2.106743097305298,-1.0,-4.541533371593687e-08
4.0,2.1148760318756104,-1.0,-4.514461693361227e-08
4.0,2.1229918003082275,-1.0,-4.514461693361227e-08
4.0,2.1310923099517822,-1.0,-4.4875548610434635e-08
4.0,2.139202356338501,-1.0,-4.4875548610434635e-08
4.0,2.147306442260742,-1.0,-4.460805413941671e-08
4.0,2.1554882526397705,-1.0,-4.460805413941671e-08
4.0,2.1635921001434326,-1.0,-4.4342183258549994e-08
4.0,2.1717236042022705,-1.0,-4.4342183258549994e-08
4.0,2.1798431873321533,-1.0,-4.407787912441563e-08
4.0,2.18794322013855,-1.0,-4.407787912441563e-08
4.0,2.196040153503418,-1.0,-4.381517726415041e-08
4.0,2.204157590866089,-1.0,-4.381517726415041e-08
4.0,2.2122843265533447,-1.0,-4.355402083433546e-08
4.0,2.2203781604766846,-1.0,-4.355402083433546e-08
4.0,2.228477954864502,-1.0,-4.329444891482126e-08
4.0,2.236582040786743,-1.0,-4.329444891482126e-08
4.0,2.244685173034668,-1.0,-4.303640821490262e-08
4.0,2.2528088092803955,-1.0,-4.303640821490262e-08
4.0,2.2609238624572754,-1.0,-4.277991294543426e-08
4.0,2.2690343856811523,-1.0,-4.277991294543426e-08
4.0,2.277139663696289,-1.0,-4.25249595537025e-08
4.0,2.2856056690216064,-1.0,-4.25249595537025e-08
4.0,2.293821096420288,-1.0,-4.227151251257055e-08
4.0,2.301938772201538,-1.0,-4.227151251257055e-08
4.0,2.3100459575653076,-1.0,-4.201958603289313e-08
4.0,2.3181629180908203,-1.0,-4.201958603289313e-08
4.0,2.3266050815582275,-1.0,-4.176917300924288e-08
4.0,2.3347361087799072,-1.0,-4.176917300924288e-08
4.0,2.3428564071655273,-1.0,-4.1520241467196684e-08
4.0,2.3509602546691895,-1.0,-4.1520241467196684e-08
4.0,2.3590621948242188,-1.0,-4.127278785404087e-08
4.0,2.3671698570251465,-1.0,-4.127278785404087e-08
4.0,2.3753018379211426,-1.0,-4.102684059148487e-08
4.0,2.3834068775177,-1.0,-4.102684059148487e-08
4.0,2.391522169113159,-1.0,-4.078234994153718e-08
4.0,2.399639844894409,-1.0,-4.078234994153718e-08
4.0,2.407740592956543,-1.0,-4.053931945691147e-08
4.0,2.4158637523651123,-1.0,-4.053931945691147e-08
4.0,2.423985004425049,-1.0,-4.029772782132568e-08
4.0,2.4321000576019287,-1.0,-4.029772782132568e-08
4.0,2.440211057662964,-1.0,-4.005757858749348e-08
4.0,2.4483141899108887,-1.0,-3.981888241355591e-08
4.0,2.456434488296509,-1.0,-3.981888241355591e-08
4.0,2.464540958404541,-1.0,-3.9581603772376184e-08
4.0,2.4726340770721436,-1.0,-3.9581603772376184e-08
4.0,2.4807322025299072,-1.0,-3.9581603772376184e-08
4.0,2.488912582397461,-1.0,-3.93457426639543e-08
4.0,2.4970481395721436,-1.0,-3.9111288430149216e-08
4.0,2.505147933959961,-1.0,-3.9111288430149216e-08
4.0,2.513258695602417,-1.0,-3.887823396553358e-08
4.0,2.521374225616455,-1.0,-3.887823396553358e-08
4.0,2.5294711589813232,-1.0,-3.864657216468004e-08
4.0,2.5375771522521973,-1.0,-3.864657216468004e-08
4.0,2.545691967010498,-1.0,-3.8416292369447547e-08
4.0,2.553837299346924,-1.0,-3.8416292369447547e-08
4.0,2.561945676803589,-1.0,-3.818738747440875e-08
4.0,2.57004976272583,-1.0,-3.818738747440875e-08
4.0,2.5781617164611816,-1.0,-3.7959846821422616e-08
4.0,2.5862722396850586,-1.0,-3.7959846821422616e-08
4.0,2.5943851470947266,-1.0,-3.773366330506178e-08
4.0,2.6025071144104004,-1.0,-3.773366330506178e-08
4.0,2.6106057167053223,-1.0,-3.750883337261257e-08
4.0,2.6187026500701904,-1.0,-3.750883337261257e-08
4.0,2.626805067062378,-1.0,-3.728534281322027e-08
4.0,2.6349170207977295,-1.0,-3.728534281322027e-08
4.0,2.643049478530884,-1.0,-3.7063188074171194e-08
4.0,2.6511714458465576,-1.0,-3.7063188074171194e-08
4.0,2.6593058109283447,-1.0,-3.6842354944610634e-08
4.0,2.667435646057129,-1.0,-3.6842354944610634e-08
4.0,2.6755502223968506,-1.0,-3.662283987182491e-08
4.0,2.6836626529693604,-1.0,-3.662283987182491e-08
4.0,2.691823720932007,-1.0,-3.640463219767298e-08
4.0,2.6999449729919434,-1.0,-3.640463219767298e-08
4.0,2.708043098449707,-1.0,-3.6187728369441174e-08
4.0,2.7161431312561035,-1.0,-3.6187728369441174e-08
4.0,2.7242591381073,-1.0,-3.5972131939843166e-08
4.0,2.732375383377075,-1.0,-3.5972131939843166e-08
4.0,2.740482807159424,-1.0,-3.5757821592596883e-08
4.0,2.748584747314453,-1.0,-3.5757821592596883e-08
4.0,2.7568392753601074,-1.0,-3.554478311684761e-08
4.0,2.7649526596069336,-1.0,-3.554478311684761e-08
4.0,2.7731142044067383,-1.0,-3.533301295988167e-08
4.0,2.7812485694885254,-1.0,-3.533301295988167e-08
4.0,2.7893636226654053,-1.0,-3.5122500463558026e-08
4.0,2.7974908351898193,-1.0,-3.5122500463558026e-08
4.0,2.8059141635894775,-1.0,-3.491326694415875e-08
4.0,2.8140857219696045,-1.0,-3.491326694415875e-08
4.0,2.822211742401123,-1.0,-3.4705273321833374e-08
4.0,2.8303370475769043,-1.0,-3.4705273321833374e-08
4.0,2.8384459018707275,-1.0,-3.4498505385727185e-08
4.0,2.8465464115142822,-1.0,-3.4498505385727185e-08
4.0,2.85467529296875,-1.0,-3.42929773466949e-08
4.0,2.862828493118286,-1.0,-3.42929773466949e-08
4.0,2.870939254760742,-1.0,-3.408869275745019e-08
4.0,2.879049777984619,-1.0,-3.408869275745019e-08
4.0,2.887159585952759,-1.0,-3.3885616090856274e-08
4.0,2.8952858448028564,-1.0,-3.3885616090856274e-08
4.0,2.9033944606781006,-1.0,-3.368374379419947e-08
4.0,2.9115045070648193,-1.0,-3.368374379419947e-08
4.0,2.9196221828460693,-1.0,-3.3483097183761856e-08
4.0,2.9277446269989014,-1.0,-3.3483097183761856e-08
4.0,2.935868978500366,-1.0,-3.3283626521551923e-08
4.0,2.9440019130706787,-1.0,-3.3283626521551923e-08
4.0,2.952101707458496,-1.0,-3.3085353123851746e-08
4.0,2.9602296352386475,-1.0,-3.3085353123851746e-08
4.0,2.9683594703674316,-1.0,-3.288826988523397e-08
4.0,2.9764888286590576,-1.0,-3.288826988523397e-08
4.0,2.9846010208129883,-1.0,-3.269233772584812e-08
4.0,2.9927213191986084,-1.0,-3.269233772584812e-08
4.0,3.0008201599121094,-1.0,-3.2497613489113064e-08
4.0,3.0089244842529297,-1.0,-3.2497613489113064e-08
4.0,3.017030715942383,-1.0,-3.230401546261419e-08
4.0,3.025143623352051,-1.0,-3.230401546261419e-08
4.0,3.033270835876465,-1.0,-3.211160404248403e-08
4.0,3.041372776031494,-1.0,-3.211160404248403e-08
4.0,3.0494911670684814,-1.0,-3.192031527987638e-08
4.0,3.057640314102173,-1.0,-3.192031527987638e-08
4.0,3.065728187561035,-1.0,-3.173018825464169e-08
4.0,3.073833465576172,-1.0,-3.173018825464169e-08
4.0,3.0820343494415283,-1.0,-3.1541173228788466e-08
4.0,3.090247392654419,-1.0,-3.1541173228788466e-08
4.0,3.098402738571167,-1.0,-3.1353309282167174e-08
4.0,3.106508731842041,-1.0,-3.1353309282167174e-08
4.0,3.114604949951172,-1.0,-3.1166536018645274e-08
4.0,3.1227400302886963,-1.0,-3.1166536018645274e-08
4.0,3.130937099456787,-1.0,-3.0980913834355306e-08
4.0,3.1391658782958984,-1.0,-3.0980913834355306e-08
4.0,3.147300958633423,-1.0,-3.0796361016882656e-08
4.0,3.15543270111084,-1.0,-3.0796361016882656e-08
4.0,3.1635568141937256,-1.0,-3.061294506778722e-08
4.0,3.1716718673706055,-1.0,-3.061294506778722e-08
4.0,3.1798009872436523,-1.0,-3.043060203822279e-08
4.0,3.187917947769165,-1.0,-3.043060203822279e-08
4.0,3.196016311645508,-1.0,-3.0249342586330386e-08
4.0,3.2041311264038086,-1.0,-3.0249342586330386e-08
4.0,3.212249517440796,-1.0,-3.006918447567841e-08
4.0,3.220369577407837,-1.0,-3.006918447567841e-08
4.0,3.2284762859344482,-1.0,-2.9890077968275364e-08
4.0,3.236590623855591,-1.0,-2.9890077968275364e-08
4.0,3.2448079586029053,-1.0,-2.9712035498619116e-08
4.0,3.2529678344726562,-1.0,-2.9712035498619116e-08
4.0,3.261078119277954,-1.0,-2.9535073053921224e-08
4.0,3.2691760063171387,-1.0,-2.9535073053921224e-08
4.0,3.277287006378174,-1.0,-2.9359160436115417e-08
4.0,3.285395622253418,-1.0,-2.9359160436115417e-08
4.0,3.293510675430298,-1.0,-2.9184302974272214e-08
4.0,3.301603078842163,-1.0,-2.9184302974272214e-08
4.0,3.3096923828125,-1.0,-2.901048468118006e-08
4.0,3.31779146194458,-1.0,-2.901048468118006e-08
4.0,3.325890064239502,-1.0,-2.8837702004125276e-08
4.0,3.333996057510376,-1.0,-2.8837702004125276e-08
4.0,3.3421132564544678,-1.0,-2.8665954943107863e-08
4.0,3.350219249725342,-1.0,-2.8665954943107863e-08
4.0,3.358342409133911,-1.0,-2.8495225734559426e-08
4.0,3.3664603233337402,-1.0,-2.8495225734559426e-08
4.0,3.3745713233947754,-1.0,-2.8325521483907323e-08
4.0,3.3826823234558105,-1.0,-2.8325521483907323e-08
4.0,3.390819549560547,-1.0,-2.815682442758316e-08
4.0,3.3989410400390625,-1.0,-2.815682442758316e-08
4.0,3.4073822498321533,-1.0,-2.7989136341943777e-08
4.0,3.415534496307373,-1.0,-2.7989136341943777e-08
4.0,3.4237515926361084,-1.0,-2.7822450121561815e-08
4.0,3.4318606853485107,-1.0,-2.765675155558256e-08
4.0,3.439965009689331,-1.0,-2.765675155558256e-08
4.0,3.448070526123047,-1.0,-2.7492047749433368e-08
4.0,3.4561843872070312,-1.0,-2.7492047749433368e-08
4.0,3.4642980098724365,-1.0,-2.7328324492259526e-08
4.0,3.4724090099334717,-1.0,-2.7328324492259526e-08
4.0,3.4805147647857666,-1.0,-2.7165574678633675e-08
4.0,3.4886269569396973,-1.0,-2.7165574678633675e-08
4.0,3.4967379570007324,-1.0,-2.7003798308555815e-08
4.0,3.504857063293457,-1.0,-2.7003798308555815e-08
4.0,3.512977123260498,-1.0,-2.684298827659859e-08
4.0,3.5210931301116943,-1.0,-2.684298827659859e-08
4.0,3.5293405055999756,-1.0,-2.668313392462096e-08
4.0,3.5376088619232178,-1.0,-2.668313392462096e-08
4.0,3.5457310676574707,-1.0,-2.652423169990925e-08
4.0,3.553828477859497,-1.0,-2.652423169990925e-08
4.0,3.561912775039673,-1.0,-2.6366274497036102e-08
4.0,3.570016622543335,-1.0,-2.6366274497036102e-08
4.0,3.5781333446502686,-1.0,-2.6209264092358353e-08
4.0,3.5862364768981934,-1.0,-2.6209264092358353e-08
4.0,3.5943543910980225,-1.0,-2.6053189827734968e-08
4.0,3.6024599075317383,-1.0,-2.6053189827734968e-08
4.0,3.610548734664917,-1.0,-2.589804637409543e-08
4.0,3.6186516284942627,-1.0,-2.589804637409543e-08
4.0,3.626744508743286,-1.0,-2.5743826626012378e-08
4.0,3.6348323822021484,-1.0,-2.5743826626012378e-08
4.0,3.6429333686828613,-1.0,-2.5590527030772137e-08
4.0,3.6510438919067383,-1.0,-2.5590527030772137e-08
4.0,3.6591432094573975,-1.0,-2.5438142259304186e-08
4.0,3.667384624481201,-1.0,-2.5438142259304186e-08
4.0,3.6754775047302246,-1.0,-2.528666520618117e-08
4.0,3.6835832595825195,-1.0,-2.528666520618117e-08
4.0,3.6916921138763428,-1.0,-2.5136090542332568e-08
4.0,3.6998395919799805,-1.0,-2.5136090542332568e-08
4.0,3.7079546451568604,-1.0,-2.4986414715044702e-08
4.0,3.7160654067993164,-1.0,-2.4986414715044702e-08
4.0,3.7241928577423096,-1.0,-2.4837628842533377e-08
4.0,3.73234486579895,-1.0,-2.4837628842533377e-08
4.0,3.740478277206421,-1.0,-2.4689727595728073e-08
4.0,3.748591184616089,-1.0,-2.4689727595728073e-08
4.0,3.7567241191864014,-1.0,-2.454271452734247e-08
4.0,3.765129566192627,-1.0,-2.454271452734247e-08
4.0,3.7732930183410645,-1.0,-2.4396578979235528e-08
4.0,3.781446695327759,-1.0,-2.4396578979235528e-08
4.0,3.7895848751068115,-1.0,-2.4251312069623054e-08
4.0,3.797741174697876,-1.0,-2.4251312069623054e-08
4.0,3.8058788776397705,-1.0,-2.410691024579137e-08
4.0,3.8140106201171875,-1.0,-2.410691024579137e-08
4.0,3.8221802711486816,-1.0,-2.3963366402313113e-08
4.0,3.8303537368774414,-1.0,-2.3963366402313113e-08
4.0,3.838480234146118,-1.0,-2.3820684091901967e-08
4.0,3.846614122390747,-1.0,-2.3820684091901967e-08
4.0,3.8547611236572266,-1.0,-2.3678854432773733e-08
4.0,3.862907648086548,-1.0,-2.3678854432773733e-08
4.0,3.8710315227508545,-1.0,-2.3537864990430535e-08
4.0,3.879180669784546,-1.0,-2.3397710435801855e-08
4.0,3.8873066902160645,-1.0,-2.3397710435801855e-08
4.0,3.8954548835754395,-1.0,-2.3397710435801855e-08
4.0,3.903599739074707,-1.0,-2.325840497974241e-08
4.0,3.911763906478882,-1.0,-2.325840497974241e-08
4.0,3.9198968410491943,-1.0,-2.3119921976899604e-08
4.0,3.928004026412964,-1.0,-2.2982261427273443e-08
4.0,3.9361085891723633,-1.0,-2.2982261427273443e-08
4.0,3.944298028945923,-1.0,-2.284542865993444e-08
4.0,3.952430248260498,-1.0,-2.284542865993444e-08
4.0,3.960559844970703,-1.0,-2.2709402358600528e-08
4.0,3.968683958053589,-1.0,-2.2709402358600528e-08
4.0,3.9768049716949463,-1.0,-2.2574196734126417e-08
4.0,3.9849131107330322,-1.0,-2.2574196734126417e-08
4.0,3.993028402328491,-1.0,-2.2439788693873197e-08
4.0,4.001152276992798,-1.0,-2.2439788693873197e-08
4.0,4.0092833042144775,-1.0,-2.2306188895981904e-08
4.0,4.017458200454712,-1.0,-2.2306188895981904e-08
4.0,4.025581121444702,-1.0,-2.2173379576884145e-08
4.0,4.033677101135254,-1.0,-2.2173379576884145e-08
4.0,4.041808366775513,-1.0,-2.2041367842007276e-08
4.0,4.049924850463867,-1.0,-2.2041367842007276e-08
4.0,4.058045864105225,-1.0,-2.1910134151426064e-08
4.0,4.066134929656982,-1.0,-2.1910134151426064e-08
4.0,4.074231147766113,-1.0,-2.1779694492352064e-08
4.0,4.0823588371276855,-1.0,-2.1779694492352064e-08
4.0,4.090479373931885,-1.0,-2.1650018666719006e-08
4.0,4.098609209060669,-1.0,-2.1650018666719006e-08
4.0,4.106712579727173,-1.0,-2.1521127990808964e-08
4.0,4.114806175231934,-1.0,-2.1521127990808964e-08
4.0,4.122900009155273,-1.0,-2.1393002924696702e-08
4.0,4.130998849868774,-1.0,-2.1393002924696702e-08
4.0,4.139101028442383,-1.0,-2.1265632810241186e-08
4.0,4.147197961807251,-1.0,-2.1265632810241186e-08
4.0,4.155292510986328,-1.0,-2.113903363465397e-08
4.0,4.163402795791626,-1.0,-2.113903363465397e-08
4.0,4.1715192794799805,-1.0,-2.101318408165298e-08
4.0,4.179645299911499,-1.0,-2.101318408165298e-08
4.0,4.187924385070801,-1.0,-2.08880788221677e-08
4.0,4.196038722991943,-1.0,-2.08880788221677e-08
4.0,4.20416259765625,-1.0,-2.0763728514339164e-08
4.0,4.212290525436401,-1.0,-2.0763728514339164e-08
4.0,4.22039794921875,-1.0,-2.064011717095582e-08
4.0,4.228508949279785,-1.0,-2.064011717095582e-08
4.0,4.236608266830444,-1.0,-2.0517239462947146e-08
4.0,4.244743347167969,-1.0,-2.0517239462947146e-08
4.0,4.252889633178711,-1.0,-2.0395090061242627e-08
4.0,4.261024475097656,-1.0,-2.0395090061242627e-08
4.0,4.269125938415527,-1.0,-2.027367251855594e-08
4.0,4.277226686477661,-1.0,-2.027367251855594e-08
4.0,4.285435438156128,-1.0,-2.015298328217341e-08
4.0,4.293576955795288,-1.0,-2.015298328217341e-08
4.0,4.301733732223511,-1.0,-2.0033011693953995e-08
4.0,4.309890985488892,-1.0,-2.0033011693953995e-08
4.0,4.318020343780518,-1.0,-1.991375420118402e-08
4.0,4.326205253601074,-1.0,-1.991375420118402e-08
4.0,4.33442759513855,-1.0,-1.9795205474792965e-08
4.0,4.342607259750366,-1.0,-1.9795205474792965e-08
4.0,4.350747585296631,-1.0,-1.9677361962067152e-08
4.0,4.358893394470215,-1.0,-1.9560221886649742e-08
4.0,4.367025375366211,-1.0,-1.9560221886649742e-08
4.0,4.37515664100647,-1.0,-1.9560221886649742e-08
4.0,4.3832948207855225,-1.0,-1.9443778143113377e-08
4.0,4.391407012939453,-1.0,-1.9328027178744378e-08
4.0,4.399518728256226,-1.0,-1.9328027178744378e-08
4.0,4.407610177993774,-1.0,-1.9212968993542745e-08
4.0,4.4157304763793945,-1.0,-1.9212968993542745e-08
4.0,4.423862934112549,-1.0,-1.9212968993542745e-08
4.0,4.431994438171387,-1.0,-1.909859648208112e-08
4.0,4.440107107162476,-1.0,-1.8984906091645826e-08
4.0,4.448229551315308,-1.0,-1.8984906091645826e-08
4.0,4.456368684768677,-1.0,-1.8871894269523182e-08
4.0,4.464510679244995,-1.0,-1.8871894269523182e-08
4.0,4.47265887260437,-1.0,-1.875955568664267e-08
4.0,4.480802297592163,-1.0,-1.875955568664267e-08
4.0,4.488914728164673,-1.0,-1.8647886790290613e-08
4.0,4.497030973434448,-1.0,-1.8647886790290613e-08
4.0,4.5051374435424805,-1.0,-1.853688402775333e-08
4.0,4.51326322555542,-1.0,-1.853688402775333e-08
4.0,4.521383762359619,-1.0,-1.8426542069960306e-08
4.0,4.529477834701538,-1.0,-1.8426542069960306e-08
4.0,4.537572622299194,-1.0,-1.8316857364197858e-08
4.0,4.545678377151489,-1.0,-1.8316857364197858e-08
4.0,4.5538201332092285,-1.0,-1.820782458139547e-08
4.0,4.56193995475769,-1.0,-1.820782458139547e-08
4.0,4.570045232772827,-1.0,-1.8099438392482625e-08
4.0,4.5781683921813965,-1.0,-1.8099438392482625e-08
4.0,4.586283922195435,-1.0,-1.7991697021102482e-08
4.0,4.594405889511108,-1.0,-1.7991697021102482e-08
4.0,4.602516174316406,-1.0,-1.788460224361188e-08
4.0,4.610619306564331,-1.0,-1.788460224361188e-08
4.0,4.6187357902526855,-1.0,-1.777815050729714e-08
4.0,4.626852035522461,-1.0,-1.777815050729714e-08
4.0,4.634948253631592,-1.0,-1.767232937766039e-08
4.0,4.643046140670776,-1.0,-1.767232937766039e-08
4.0,4.651155710220337,-1.0,-1.7567133525631107e-08
4.0,4.65927529335022,-1.0,-1.7567133525631107e-08
4.0,4.667376279830933,-1.0,-1.7462561174852453e-08
4.0,4.6754841804504395,-1.0,-1.7462561174852453e-08
4.0,4.683599472045898,-1.0,-1.7358626536179145e-08
4.0,4.691756248474121,-1.0,-1.7358626536179145e-08
4.0,4.699911117553711,-1.0,-1.725530474061543e-08
4.0,4.708041429519653,-1.0,-1.725530474061543e-08
4.0,4.716157674789429,-1.0,-1.715259045909079e-08
4.0,4.724276542663574,-1.0,-1.715259045909079e-08
4.0,4.732388973236084,-1.0,-1.70504961261031e-08
4.0,4.740525007247925,-1.0,-1.70504961261031e-08
4.0,4.7486371994018555,-1.0,-1.6949011083511323e-08
4.0,4.756749629974365,-1.0,-1.6949011083511323e-08
4.0,4.766463279724121,-1.0,-1.6848121120460746e-08
4.0,4.774634838104248,-1.0,-1.6848121120460746e-08
4.0,4.782746076583862,-1.0,-1.6747840447806084e-08
4.0,4.790886640548706,-1.0,-1.66481584074063e-08
4.0,4.7990028858184814,-1.0,-1.66481584074063e-08
4.0,4.807180404663086,-1.0,-1.66481584074063e-08
4.0,4.815316200256348,-1.0,-1.6549057235693e-08
4.0,4.823434829711914,-1.0,-1.6549057235693e-08
4.0,4.8315489292144775,-1.0,-1.6450567130732452e-08
4.0,4.839665651321411,-1.0,-1.6352649012674192e-08
4.0,4.847790241241455,-1.0,-1.6352649012674192e-08
4.0,4.855920791625977,-1.0,-1.6255322421443452e-08
4.0,4.864039897918701,-1.0,-1.6255322421443452e-08
4.0,4.872147798538208,-1.0,-1.6255322421443452e-08
4.0,4.880279064178467,-1.0,-1.6158571369828678e-08
4.0,4.888537883758545,-1.0,-1.606239585782987e-08
4.0,4.896719455718994,-1.0,-1.606239585782987e-08
4.0,4.904850006103516,-1.0,-1.5966795885447027e-08
4.0,4.91295599937439,-1.0,-1.5966795885447027e-08
4.0,4.921068906784058,-1.0,-1.5871762570895953e-08
4.0,4.929187536239624,-1.0,-1.5871762570895953e-08
4.0,4.937342643737793,-1.0,-1.5777297690533487e-08
4.0,4.945485830307007,-1.0,-1.5777297690533487e-08
4.0,4.953580379486084,-1.0,-1.5683392362575432e-08
4.0,4.961687803268433,-1.0,-1.5683392362575432e-08
4.0,4.969820022583008,-1.0,-1.559004481066495e-08
4.0,4.97801399230957,-1.0,-1.559004481066495e-08
4.0,4.986333608627319,-1.0,-1.5497260363872556e-08
4.0,4.994558811187744,-1.0,-1.5497260363872556e-08
4.0,5.002683639526367,-1.0,-1.540501770591618e-08
4.0,5.010853290557861,-1.0,-1.540501770591618e-08
4.0,5.018962860107422,-1.0,-1.5313341705791572e-08
4.0,5.027082204818726,-1.0,-1.5313341705791572e-08
4.0,5.035212278366089,-1.0,-1.5222195060005106e-08
4.0,5.043341398239136,-1.0,-1.5222195060005106e-08
4.0,5.051459789276123,-1.0,-1.5131600861195693e-08
4.0,5.0595786571502686,-1.0,-1.5131600861195693e-08
4.0,5.067682504653931,-1.0,-1.5041546674865458e-08
4.0,5.075804710388184,-1.0,-1.5041546674865458e-08
4.0,5.08392858505249,-1.0,-1.4952016513802846e-08
4.0,5.0920796394348145,-1.0,-1.4952016513802846e-08
4.0,5.1001811027526855,-1.0,-1.4863037023360448e-08
4.0,5.10831618309021,-1.0,-1.4863037023360448e-08
4.0,5.11643385887146,-1.0,-1.4774579781828834e-08
4.0,5.124553680419922,-1.0,-1.4774579781828834e-08
4.0,5.132667541503906,-1.0,-1.4686649230100102e-08
4.0,5.140809535980225,-1.0,-1.4686649230100102e-08
4.0,5.148929595947266,-1.0,-1.4599239150925314e-08
4.0,5.157055854797363,-1.0,-1.4599239150925314e-08
4.0,5.165161848068237,-1.0,-1.4512355761553408e-08
4.0,5.173298597335815,-1.0,-1.4512355761553408e-08
4.0,5.181431293487549,-1.0,-1.442598396295125e-08
4.0,5.189553737640381,-1.0,-1.442598396295125e-08
4.0,5.197671890258789,-1.0,-1.4340130860546196e-08
4.0,5.205865383148193,-1.0,-1.4340130860546196e-08
4.0,5.214026212692261,-1.0,-1.4254784908018792e-08
4.0,5.222137689590454,-1.0,-1.4254784908018792e-08
4.0,5.2302587032318115,-1.0,-1.4169952322617974e-08
4.0,5.2383787631988525,-1.0,-1.4169952322617974e-08
4.0,5.246486186981201,-1.0,-1.4085619781667447e-08
4.0,5.254652738571167,-1.0,-1.4085619781667447e-08
4.0,5.262805938720703,-1.0,-1.4001793502416149e-08
4.0,5.270914077758789,-1.0,-1.4001793502416149e-08
4.0,5.2790281772613525,-1.0,-1.3918464603079883e-08
4.0,5.287157773971558,-1.0,-1.3918464603079883e-08
4.0,5.295259952545166,-1.0,-1.383563041912339e-08
4.0,5.303362131118774,-1.0,-1.383563041912339e-08
4.0,5.311467170715332,-1.0,-1.375329361508193e-08
4.0,5.319595813751221,-1.0,-1.3671444420992884e-08
4.0,5.327730417251587,-1.0,-1.3671444420992884e-08
4.0,5.3358447551727295,-1.0,-1.3671444420992884e-08
4.0,5.344038009643555,-1.0,-1.3590080172320995e-08
4.0,5.352158069610596,-1.0,-1.3590080172320995e-08
4.0,5.360286712646484,-1.0,-1.3509205309958361e-08
4.0,5.370691537857056,-1.0,-1.3428811840299204e-08
4.0,5.378894805908203,-1.0,-1.3428811840299204e-08
4.0,5.387011289596558,-1.0,-1.3348895322451426e-08
4.0,5.395123720169067,-1.0,-1.3348895322451426e-08
4.0,5.4032371044158936,-1.0,-1.3269453980058188e-08
4.0,5.411370515823364,-1.0,-1.3269453980058188e-08
4.0,5.419511795043945,-1.0,-1.319048514858423e-08
4.0,5.427660703659058,-1.0,-1.319048514858423e-08
4.0,5.4358203411102295,-1.0,-1.3111988828029553e-08
4.0,5.44394850730896,-1.0,-1.3111988828029553e-08
4.0,5.452078104019165,-1.0,-1.3033960577502057e-08
4.0,5.460196018218994,-1.0,-1.3033960577502057e-08
4.0,5.468307018280029,-1.0,-1.2956395956109645e-08
4.0,5.476430892944336,-1.0,-1.2956395956109645e-08
4.0,5.484562397003174,-1.0,-1.2879293187495477e-08
4.0,5.492689847946167,-1.0,-1.2879293187495477e-08
4.0,5.500850200653076,-1.0,-1.2802649607124295e-08
4.0,5.508983850479126,-1.0,-1.2802649607124295e-08
4.0,5.517090082168579,-1.0,-1.2726461662282418e-08
4.0,5.525200366973877,-1.0,-1.2726461662282418e-08
4.0,5.533306121826172,-1.0,-1.2650727576613008e-08
4.0,5.541424036026001,-1.0,-1.2650727576613008e-08
4.0,5.549551486968994,-1.0,-1.2575444685580806e-08
4.0,5.557680606842041,-1.0,-1.2575444685580806e-08
4.0,5.565823316574097,-1.0,-1.2500610324650552e-08
4.0,5.573957681655884,-1.0,-1.2500610324650552e-08
4.0,5.582115650177002,-1.0,-1.2426220941108568e-08
4.0,5.590242624282837,-1.0,-1.2426220941108568e-08
4.0,5.598381996154785,-1.0,-1.2352272982241175e-08
4.0,5.606511116027832,-1.0,-1.2352272982241175e-08
4.0,5.614631652832031,-1.0,-1.2278769112583632e-08
4.0,5.622760534286499,-1.0,-1.2278769112583632e-08
4.0,5.630888223648071,-1.0,-1.2205703114887001e-08
4.0,5.639014959335327,-1.0,-1.2205703114887001e-08
4.0,5.647134065628052,-1.0,-1.2133070548259184e-08
4.0,5.655256032943726,-1.0,-1.2133070548259184e-08
4.0,5.663450717926025,-1.0,-1.2060869636343341e-08
4.0,5.671619176864624,-1.0,-1.2060869636343341e-08
4.0,5.679742097854614,-1.0,-1.1989097714604213e-08
4.0,5.687892198562622,-1.0,-1.1989097714604213e-08
4.0,5.696074962615967,-1.0,-1.191775567122022e-08
4.0,5.704190731048584,-1.0,-1.191775567122022e-08
4.0,5.712306976318359,-1.0,-1.1846839065299264e-08
4.0,5.720429182052612,-1.0,-1.1776342567770826e-08
4.0,5.728545904159546,-1.0,-1.1776342567770826e-08
4.0,5.7366743087768555,-1.0,-1.1776342567770826e-08
4.0,5.744798898696899,-1.0,-1.1706264402278066e-08
4.0,5.752903461456299,-1.0,-1.1706264402278066e-08
4.0,5.761029481887817,-1.0,-1.1636608121534664e-08
4.0,5.769175052642822,-1.0,-1.1567363067399583e-08
4.0,5.777320384979248,-1.0,-1.1567363067399583e-08
4.0,5.7854390144348145,-1.0,-1.1498530128051243e-08
4.0,5.793534994125366,-1.0,-1.1498530128051243e-08
4.0,5.801629543304443,-1.0,-1.1498530128051243e-08
4.0,5.80974268913269,-1.0,-1.1430110191668064e-08
4.0,5.817856788635254,-1.0,-1.1362091711930589e-08
4.0,5.825990915298462,-1.0,-1.1362091711930589e-08
4.0,5.834116220474243,-1.0,-1.1294486235158274e-08
4.0,5.842230319976807,-1.0,-1.1294486235158274e-08
4.0,5.850389003753662,-1.0,-1.1227275997782726e-08
4.0,5.8585638999938965,-1.0,-1.1227275997782726e-08
4.0,5.866750955581665,-1.0,-1.1160470769766562e-08
4.0,5.874884843826294,-1.0,-1.1160470769766562e-08
4.0,5.883005857467651,-1.0,-1.1094059004790324e-08
4.0,5.891113758087158,-1.0,-1.1094059004790324e-08
4.0,5.89922833442688,-1.0,-1.1028047808281372e-08
4.0,5.907350301742554,-1.0,-1.1028047808281372e-08
4.0,5.9154582023620605,-1.0,-1.0962422969384988e-08
4.0,5.923565864562988,-1.0,-1.0962422969384988e-08
4.0,5.9316725730896,-1.0,-1.0897196034420631e-08
4.0,5.93974232673645,-1.0,-1.0897196034420631e-08
4.0,5.947867393493652,-1.0,-1.0832351904355164e-08
4.0,5.955992937088013,-1.0,-1.0832351904355164e-08
4.0,5.964111328125,-1.0,-1.0767896796437526e-08
4.0,5.972257614135742,-1.0,-1.0767896796437526e-08
4.0,5.980398654937744,-1.0,-1.0703826269775618e-08
4.0,5.988505125045776,-1.0,-1.0703826269775618e-08
4.0,5.996655702590942,-1.0,-1.0640132330763663e-08
