freq,t,u,omega_radps
0.5,5.0067901611328125e-06,0.45395100116729736,0.3798255920410156
0.5,0.008135557174682617,-0.6300560832023621,0.3798255920410156
0.5,0.01626443862915039,-0.6300560832023621,-0.41142964363098145
0.5,0.02438640594482422,0.18765000998973846,-0.41142964363098145
0.5,0.03251147270202637,0.18765000998973846,0.41213399171829224
0.5,0.04062914848327637,0.3320982754230499,0.41213399171829224
0.5,0.04870247840881348,0.3320982754230499,-0.5459131002426147
0.5,0.056849002838134766,0.3320982754230499,-0.5459131002426147
0.5,0.0649881362915039,-0.6125909686088562,0.6216618418693542
0.5,0.0731208324432373,-0.6125909686088562,0.6216618418693542
0.5,0.08122968673706055,0.7154033184051514,-0.5548079609870911
0.5,0.08933877944946289,0.7154033184051514,-0.5548079609870911
0.5,0.09773969650268555,0.7154033184051514,0.64839106798172
0.5,0.10597896575927734,-0.531633734703064,0.64839106798172
0.5,0.11419558525085449,-0.531633734703064,-0.8710705041885376
0.5,0.12232756614685059,-0.531633734703064,-0.8710705041885376
0.5,0.13046503067016602,-0.0646146684885025,0.868948757648468
0.5,0.13859200477600098,-0.0646146684885025,0.868948757648468
0.5,0.14670062065124512,0.3217885196208954,-0.9182417392730713
0.5,0.15482831001281738,0.3217885196208954,-0.9182417392730713
0.5,0.1629633903503418,0.3217885196208954,0.6446712613105774
0.5,0.1710820198059082,-0.4223419427871704,0.6446712613105774
0.5,0.17922091484069824,-0.4223419427871704,-0.5512003898620605
0.5,0.18734145164489746,0.6743980646133423,-0.5512003898620605
0.5,0.1954662799835205,0.6743980646133423,0.35076308250427246
0.5,0.20356392860412598,-0.8394483327865601,0.35076308250427246
0.5,0.21170473098754883,-0.8394483327865601,-0.30599552392959595
0.5,0.21982550621032715,-0.8394483327865601,-0.30599552392959595
0.5,0.2279493808746338,0.7697683572769165,-0.22234198451042175
0.5,0.23606610298156738,0.7697683572769165,-0.22234198451042175
0.5,0.2441544532775879,-0.5153589844703674,0.22777606546878815
0.5,0.25229406356811523,-0.5153589844703674,0.22777606546878815
0.5,0.2604403495788574,-0.5153589844703674,-0.681255042552948
0.5,0.2685675621032715,-0.07819655537605286,-0.681255042552948
0.5,0.2767167091369629,-0.07819655537605286,0.5471858382225037
0.5,0.28485774993896484,-0.07819655537605286,-1.1654510498046875
0.5,0.2930116653442383,0.3115348219871521,-1.1654510498046875
0.5,0.3011436462402344,0.3115348219871521,-1.1654510498046875
0.5,0.30927252769470215,-0.4092249870300293,0.5995661616325378
0.5,0.3174145221710205,-0.4092249870300293,0.5995661616325378
0.5,0.3255479335784912,0.7266292572021484,-1.1233956813812256
0.5,0.33370161056518555,0.7266292572021484,0.26320016384124756
0.5,0.34182214736938477,0.7266292572021484,0.26320016384124756
0.5,0.34993982315063477,-0.6720167398452759,0.26320016384124756
0.5,0.35803961753845215,-0.6720167398452759,-1.0747634172439575
0.5,0.3661513328552246,0.2759597897529602,0.3417462110519409
0.5,0.3743588924407959,0.2759597897529602,0.3417462110519409
0.5,0.38254237174987793,0.2759597897529602,-1.172112226486206
0.5,0.390824556350708,0.3194147050380707,-1.172112226486206
0.5,0.3990011215209961,0.3194147050380707,0.21125604212284088
0.5,0.4071340560913086,-0.5750037431716919,0.21125604212284088
0.5,0.41527533531188965,-0.5750037431716919,-1.2138766050338745
0.5,0.4234011173248291,0.7414994239807129,-1.2138766050338745
0.5,0.431504487991333,0.7414994239807129,0.19265642762184143
0.5,0.43960070610046387,0.7414994239807129,0.19265642762184143
0.5,0.44769883155822754,-0.4128761291503906,-1.3090221881866455
0.5,0.4557986259460449,-0.4128761291503906,-1.3090221881866455
0.5,0.4638998508453369,-0.22816964983940125,0.11468415707349777
0.5,0.472003698348999,-0.22816964983940125,0.11468415707349777
0.5,0.48010993003845215,-0.22816964983940125,-1.1914536952972412
0.5,0.48821425437927246,0.49994340538978577,-1.1914536952972412
0.5,0.49631428718566895,0.49994340538978577,0.10688291490077972
0.5,0.5044221878051758,-0.749321699142456,0.10688291490077972
0.5,0.5125343799591064,-0.749321699142456,-1.2791919708251953
0.5,0.5206577777862549,-0.749321699142456,-1.2791919708251953
0.5,0.5287680625915527,0.2528587877750397,0.21499930322170258
0.5,0.5368742942810059,0.2528587877750397,0.21499930322170258
0.5,0.5450315475463867,0.2461571842432022,-1.4013209342956543
0.5,0.5531318187713623,0.2461571842432022,-1.4013209342956543
0.5,0.5612466335296631,0.2461571842432022,0.0908740982413292
0.5,0.5693421363830566,-0.6164955496788025,0.0908740982413292
0.5,0.5774598121643066,-0.6164955496788025,-1.2845710515975952
0.5,0.585599422454834,0.7721071243286133,-1.2845710515975952
0.5,0.5936956405639648,0.7721071243286133,-0.0006974861025810242
0.5,0.6018035411834717,0.7721071243286133,-0.0006974861025810242
0.5,0.6099107265472412,-0.5020411014556885,-1.2299473285675049
0.5,0.6180179119110107,-0.5020411014556885,-1.2299473285675049
0.5,0.6261370182037354,-0.19140741229057312,0.12101916968822479
0.5,0.6342453956604004,-0.19140741229057312,0.12101916968822479
0.5,0.6423554420471191,-0.19140741229057312,-1.0571742057800293
0.5,0.6504473686218262,0.4155818819999695,-1.0571742057800293
0.5,0.6585385799407959,0.4155818819999695,-0.016632767394185066
0.5,0.6666345596313477,-0.7530549764633179,-0.016632767394185066
0.5,0.6747016906738281,-0.7530549764633179,-0.6324741840362549
0.5,0.6828045845031738,-0.7530549764633179,-0.6324741840362549
0.5,0.6908872127532959,0.7795490622520447,-0.2849510610103607
0.5,0.6989829540252686,0.7795490622520447,-0.2849510610103607
0.5,0.7070915699005127,-0.5197329521179199,-0.3749033212661743
0.5,0.7151899337768555,-0.5197329521179199,-0.3749033212661743
0.5,0.7232794761657715,-0.5197329521179199,-0.4070907533168793
0.5,0.7313785552978516,-0.021857023239135742,-0.4070907533168793
0.5,0.7395036220550537,-0.021857023239135742,-0.006996098905801773
0.5,0.7476356029510498,0.23696286976337433,-0.006996098905801773
0.5,0.7557628154754639,0.23696286976337433,-0.7076467871665955
0.5,0.7638735771179199,-0.7039356231689453,-0.7076467871665955
0.5,0.7719812393188477,-0.7039356231689453,0.46184954047203064
0.5,0.7800862789154053,-0.7039356231689453,0.46184954047203064
0.5,0.7881886959075928,0.8305402994155884,-1.1396043300628662
0.5,0.7963321208953857,0.8305402994155884,-1.1396043300628662
0.5,0.8044424057006836,-1.0,0.9865736365318298
0.5,0.8125479221343994,-1.0,0.9865736365318298
0.5,0.8207082748413086,-1.0,-1.1719809770584106
0.5,0.8288393020629883,1.0,0.5483754277229309
0.5,0.8369429111480713,1.0,0.5483754277229309
0.5,0.8450829982757568,-0.952594518661499,0.5483754277229309
0.5,0.8545248508453369,-0.952594518661499,-0.4120096266269684
0.5,0.8630893230438232,-0.952594518661499,-0.07952068746089935
0.5,0.8712320327758789,0.7127693891525269,-0.07952068746089935
0.5,0.8793504238128662,0.7127693891525269,0.2675788402557373
0.5,0.887467622756958,-0.2677403688430786,0.2675788402557373
0.5,0.8956418037414551,-0.2677403688430786,-0.6213750243186951
0.5,0.9038197994232178,-0.2677403688430786,-0.6213750243186951
0.5,0.9119703769683838,-0.17510099709033966,0.699547290802002
0.5,0.9200851917266846,-0.17510099709033966,0.699547290802002
0.5,0.9281930923461914,0.3607409596443176,-0.9283701777458191
0.5,0.9363462924957275,0.3607409596443176,-0.9283701777458191
0.5,0.9445173740386963,-0.6587249040603638,1.09893798828125
0.5,0.9526979923248291,-0.6587249040603638,1.09893798828125
0.5,0.960838794708252,-0.6587249040603638,-1.1681737899780273
0.5,0.9689624309539795,0.9577236175537109,-1.1681737899780273
0.5,0.9770944118499756,0.9577236175537109,0.6820984482765198
0.5,0.9852294921875,-0.9311814308166504,0.6820984482765198
0.5,0.9933609962463379,-0.9311814308166504,-0.050517648458480835
0.5,1.0014922618865967,-0.9311814308166504,-0.050517648458480835
0.5,1.009615421295166,1.0,-0.715335488319397
0.5,1.0177035331726074,1.0,-0.715335488319397
0.5,1.025817632675171,-1.0,1.1063863039016724
0.5,1.0339429378509521,-1.0,1.1063863039016724
0.5,1.0420820713043213,-1.0,-1.2682143449783325
0.5,1.0502023696899414,1.0,-1.2682143449783325
0.5,1.0583271980285645,1.0,1.0631396770477295
0.5,1.0664598941802979,-1.0,1.0631396770477295
0.5,1.0746097564697266,-1.0,1.0631396770477295
0.5,1.0826969146728516,-1.0,-0.5071633458137512
0.5,1.0908024311065674,-1.0,-0.5071633458137512
0.5,1.098912239074707,1.0,-0.07689334452152252
0.5,1.107022762298584,1.0,0.5392088890075684
0.5,1.1151485443115234,-1.0,0.5392088890075684
0.5,1.1232564449310303,-1.0,0.5392088890075684
0.5,1.1313610076904297,-1.0,-0.9633538126945496
0.5,1.1394858360290527,1.0,-0.9633538126945496
0.5,1.1476008892059326,1.0,1.2134454250335693
0.5,1.155729055404663,-0.8262621760368347,-1.1792055368423462
0.5,1.1638295650482178,-0.8262621760368347,-1.1792055368423462
0.5,1.1721251010894775,0.3735731542110443,-1.1792055368423462
0.5,1.1802425384521484,0.3735731542110443,0.8410579562187195
0.5,1.188373327255249,0.3735731542110443,-0.38391974568367004
0.5,1.1964702606201172,-0.1762116551399231,-0.38391974568367004
0.5,1.204577922821045,-0.1762116551399231,0.18298810720443726
0.5,1.2127034664154053,-0.04689352214336395,0.18298810720443726
0.5,1.2208304405212402,-0.04689352214336395,0.23854130506515503
0.5,1.2289361953735352,-0.04689352214336395,0.23854130506515503
0.5,1.237046480178833,0.4085748791694641,-0.08515815436840057
0.5,1.245164155960083,0.4085748791694641,-0.08515815436840057
0.5,1.2533164024353027,-0.7235183715820312,0.29277944564819336
0.5,1.261437177658081,-0.7235183715820312,0.29277944564819336
0.5,1.2695355415344238,-0.7235183715820312,0.09953624755144119
0.5,1.277648687362671,0.7359472513198853,0.09953624755144119
0.5,1.2858071327209473,0.7359472513198853,0.1743399202823639
0.5,1.2939424514770508,0.07777674496173859,0.1743399202823639
0.5,1.3020713329315186,0.07777674496173859,0.4342966079711914
0.5,1.3101813793182373,0.07777674496173859,0.4342966079711914
0.5,1.3183166980743408,-0.5539503693580627,0.004192782565951347
0.5,1.3264360427856445,-0.5539503693580627,0.004192782565951347
0.5,1.3345448970794678,0.7364258170127869,0.714719295501709
0.5,1.3426575660705566,0.7364258170127869,0.714719295501709
0.5,1.3507778644561768,-0.2466549575328827,2.981908619403839e-05
0.5,1.3588933944702148,-0.2466549575328827,2.981908619403839e-05
0.5,1.366999626159668,-0.2466549575328827,0.6751642227172852
0.5,1.3751306533813477,-0.18963609635829926,0.6751642227172852
0.5,1.3832943439483643,-0.18963609635829926,0.1492566168308258
0.5,1.3913977146148682,0.7767848968505859,0.1492566168308258
0.5,1.399491786956787,0.7767848968505859,0.5345414280891418
0.5,1.4075849056243896,0.7767848968505859,0.5345414280891418
0.5,1.4157178401947021,-0.9756635427474976,0.8447099924087524
0.5,1.4238495826721191,-0.9756635427474976,0.8447099924087524
0.5,1.431955099105835,0.9753175377845764,-0.09906300902366638
0.5,1.4400687217712402,0.9753175377845764,-0.09906300902366638
0.5,1.4482004642486572,0.9753175377845764,1.334505319595337
0.5,1.4563333988189697,-0.9066019654273987,1.334505319595337
0.5,1.4644558429718018,-0.9066019654273987,-0.432638555765152
0.5,1.4725587368011475,0.25094300508499146,-0.432638555765152
0.5,1.4806904792785645,0.25094300508499146,1.530800461769104
0.5,1.4888052940368652,0.25094300508499146,1.530800461769104
0.5,1.4969098567962646,0.05723118782043457,-0.38372159004211426
0.5,1.5050196647644043,0.05723118782043457,-0.38372159004211426
0.5,1.5131289958953857,-0.5449484586715698,1.4022095203399658
0.5,1.52122163772583,-0.5449484586715698,1.4022095203399658
0.5,1.5293142795562744,-0.5449484586715698,-0.32172179222106934
0.5,1.537416934967041,0.8795340061187744,-0.32172179222106934
0.5,1.5455360412597656,0.8795340061187744,1.5712939500808716
0.5,1.5536963939666748,-0.9339885711669922,1.5712939500808716
0.5,1.5618233680725098,-0.9339885711669922,-0.2309616208076477
0.5,1.5699505805969238,-0.9339885711669922,-0.2309616208076477
0.5,1.5780575275421143,0.8655489087104797,1.0895978212356567
0.5,1.586177110671997,0.8655489087104797,1.0895978212356567
0.5,1.5942902565002441,-0.257249116897583,0.342172771692276
0.5,1.6023962497711182,-0.257249116897583,0.342172771692276
0.5,1.610752820968628,-0.257249116897583,0.3590550720691681
0.5,1.6189665794372559,0.027186185121536255,0.3590550720691681
0.5,1.6271061897277832,0.027186185121536255,1.038291335105896
0.5,1.6352367401123047,0.3098858892917633,1.038291335105896
0.5,1.6433353424072266,0.3098858892917633,-0.5080252289772034
0.5,1.65144944190979,0.3098858892917633,-0.5080252289772034
0.5,1.65958833694458,-0.42359694838523865,1.7808746099472046
0.5,1.667698621749878,-0.42359694838523865,-0.8751206398010254
0.5,1.6758086681365967,0.7447707653045654,-0.8751206398010254
0.5,1.6839406490325928,0.7447707653045654,-0.8751206398010254
0.5,1.6920795440673828,-0.6479237079620361,1.246737003326416
0.5,1.700207233428955,-0.6479237079620361,0.2782335579395294
0.5,1.7083370685577393,-0.6479237079620361,0.2782335579395294
0.5,1.7164676189422607,0.7543932795524597,0.2782335579395294
0.5,1.7246131896972656,0.7543932795524597,-0.21151086688041687
0.5,1.732689619064331,-0.8763480186462402,-0.21151086688041687
0.5,1.7407922744750977,-0.8763480186462402,1.4248934984207153
0.5,1.7489078044891357,-0.8763480186462402,-1.0182706117630005
0.5,1.7570135593414307,0.9496235251426697,-1.0182706117630005
0.5,1.7651093006134033,0.9496235251426697,1.3727617263793945
0.5,1.7732136249542236,-1.0,1.3727617263793945
0.5,1.781329870223999,-1.0,-0.6806724667549133
0.5,1.78944730758667,-1.0,-0.6806724667549133
0.5,1.7975568771362305,0.9539872407913208,0.8786898851394653
0.5,1.8056929111480713,0.9539872407913208,0.8786898851394653
0.5,1.814342975616455,-0.7334622740745544,-0.4258962571620941
0.5,1.8225417137145996,-0.7334622740745544,-0.4258962571620941
0.5,1.8307132720947266,-0.7334622740745544,0.38506051898002625
0.5,1.8388457298278809,0.23121000826358795,0.38506051898002625
0.5,1.846966028213501,0.23121000826358795,0.08339450508356094
0.5,1.855102300643921,0.14688658714294434,0.08339450508356094
0.5,1.8632583618164062,0.14688658714294434,-0.18578726053237915
0.5,1.8713843822479248,-0.5972092151641846,-0.18578726053237915
0.5,1.8795137405395508,-0.5972092151641846,0.8326217532157898
0.5,1.8876214027404785,-0.5972092151641846,0.8326217532157898
0.5,1.895719289779663,0.6440223455429077,-1.1100295782089233
0.5,1.9038493633270264,0.6440223455429077,-1.1100295782089233
0.5,1.9119665622711182,-0.8391197919845581,1.4457687139511108
0.5,1.920074224472046,-0.8391197919845581,1.4457687139511108
0.5,1.928189992904663,-0.8391197919845581,-1.212683081626892
0.5,1.936331033706665,1.0,-1.212683081626892
0.5,1.9444618225097656,1.0,0.43350306153297424
0.5,1.9525747299194336,1.0,0.43350306153297424
0.5,1.960702896118164,-1.0,0.42091459035873413
0.5,1.9688401222229004,-1.0,0.42091459035873413
0.5,1.97696852684021,0.9471567869186401,-0.8208187818527222
0.5,1.9850754737854004,0.9471567869186401,-0.8208187818527222
0.5,1.9931707382202148,-1.0,1.2101720571517944
0.5,2.0012879371643066,-1.0,1.2101720571517944
0.5,2.0093994140625,-1.0,-1.4556472301483154
0.5,2.0175302028656006,1.0,-1.4556472301483154
0.5,2.025697708129883,1.0,1.1455527544021606
0.5,2.033792018890381,-1.0,1.1455527544021606
0.5,2.041876792907715,-1.0,-0.4358459413051605
0.5,2.049964189529419,-1.0,-0.4358459413051605
0.5,2.058060646057129,1.0,-0.27149778604507446
0.5,2.066162347793579,1.0,-0.27149778604507446
0.5,2.0742626190185547,-1.0,0.7845761179924011
0.5,2.0823731422424316,-1.0,0.7845761179924011
0.5,2.090468645095825,-1.0,-1.0901048183441162
0.5,2.0985727310180664,0.6288855671882629,-1.0901048183441162
0.5,2.106701135635376,0.6288855671882629,1.26659095287323
0.5,2.1148133277893066,-0.5111589431762695,1.26659095287323
0.5,2.1229171752929688,-0.5111589431762695,-1.2082854509353638
0.5,2.1311445236206055,-0.5111589431762695,-1.2082854509353638
0.5,2.139342784881592,0.026526927947998047,0.9075998067855835
0.5,2.1474859714508057,0.026526927947998047,0.9075998067855835
0.5,2.1556148529052734,0.11458608508110046,-0.6713367700576782
0.5,2.163703203201294,0.11458608508110046,-0.6713367700576782
0.5,2.171846389770508,0.11458608508110046,0.05221860483288765
0.5,2.179978132247925,-0.42907482385635376,0.05221860483288765
0.5,2.188145399093628,-0.42907482385635376,0.2904024124145508
0.5,2.196246385574341,0.5796408653259277,0.2904024124145508
0.5,2.204357385635376,0.5796408653259277,-0.8117379546165466
0.5,2.212474822998047,0.5796408653259277,-0.8117379546165466
0.5,2.220599889755249,-0.8779944777488708,1.2431527376174927
0.5,2.2286925315856934,-0.8779944777488708,-1.5322102308273315
0.5,2.2368006706237793,0.8882509469985962,-1.5322102308273315
0.5,2.2449119091033936,0.8882509469985962,1.0491466522216797
0.5,2.253009796142578,-1.0,1.0491466522216797
0.5,2.261115550994873,-1.0,1.0491466522216797
0.5,2.2692320346832275,-1.0,-0.4638676047325134
0.5,2.2773613929748535,0.9950254559516907,-0.5573959350585938
0.5,2.2854835987091064,0.9950254559516907,-0.5573959350585938
0.5,2.2935879230499268,0.9950254559516907,0.5991604328155518
0.5,2.3017020225524902,-1.0,0.5991604328155518
0.5,2.309807300567627,-1.0,0.5991604328155518
0.5,2.3179147243499756,1.0,-1.337096929550171
0.5,2.3260598182678223,1.0,0.9405308365821838
0.5,2.334155797958374,-1.0,0.9405308365821838
0.5,2.342266321182251,-1.0,-1.4269284009933472
0.5,2.3503735065460205,-1.0,-1.4269284009933472
0.5,2.358482837677002,0.5719047784805298,0.6025959253311157
0.5,2.3665857315063477,0.5719047784805298,0.6025959253311157
0.5,2.3747024536132812,-0.07623687386512756,-1.285099983215332
0.5,2.38281512260437,-0.07623687386512756,-1.285099983215332
0.5,2.3909318447113037,-0.07623687386512756,0.16726906597614288
0.5,2.3990509510040283,-0.27098938822746277,0.16726906597614288
0.5,2.407160758972168,-0.27098938822746277,-0.655914843082428
0.5,2.415278673171997,0.503751277923584,-0.655914843082428
0.5,2.4234092235565186,0.503751277923584,-0.5991595983505249
0.5,2.431514024734497,0.503751277923584,-0.5991595983505249
0.5,2.439652919769287,-0.8442176580429077,0.062020719051361084
0.5,2.4477732181549072,-0.8442176580429077,0.062020719051361084
0.5,2.4559051990509033,0.9858065843582153,-1.3386842012405396
0.5,2.464022397994995,0.9858065843582153,-1.3386842012405396
0.5,2.4721357822418213,0.9858065843582153,0.6612322926521301
0.5,2.4802427291870117,-1.0,0.6612322926521301
0.5,2.4883527755737305,-1.0,-1.9750884771347046
0.5,2.4964869022369385,1.0,-1.9750884771347046
0.5,2.5046327114105225,1.0,0.5859326124191284
0.5,2.5128042697906494,1.0,0.5859326124191284
0.5,2.5209567546844482,-1.0,-1.2486603260040283
0.5,2.529093027114868,-1.0,-1.2486603260040283
0.5,2.537196159362793,0.587561845779419,-0.21625569462776184
0.5,2.545318126678467,0.587561845779419,-0.21625569462776184
0.5,2.5534863471984863,0.587561845779419,-0.7802618741989136
0.5,2.561612844467163,0.08779819309711456,-0.7802618741989136
0.5,2.5697524547576904,0.08779819309711456,-0.624144434928894
0.5,2.5779335498809814,-0.2438848465681076,-0.624144434928894
0.5,2.5860724449157715,-0.2438848465681076,0.07750201225280762
0.5,2.5942087173461914,-0.2438848465681076,0.07750201225280762
0.5,2.6023471355438232,0.4794744551181793,-1.4373230934143066
0.5,2.6104772090911865,0.4794744551181793,-1.4373230934143066
0.5,2.618605613708496,-0.9600852131843567,0.7258642911911011
0.5,2.6266911029815674,-0.9600852131843567,0.7258642911911011
0.5,2.6348040103912354,-0.9600852131843567,-1.645647644996643
0.5,2.642939329147339,0.8874569535255432,-1.645647644996643
0.5,2.6510636806488037,0.8874569535255432,0.8476637005805969
0.5,2.6592133045196533,-1.0,0.8476637005805969
0.5,2.6673645973205566,-1.0,-1.2965296506881714
0.5,2.675475835800171,-1.0,-1.2965296506881714
0.5,2.6836094856262207,1.0,-0.11104553192853928
0.5,2.6917107105255127,1.0,-0.11104553192853928
0.5,2.6998279094696045,-1.0,-0.0001246333122253418
0.5,2.707941770553589,-1.0,-0.0001246333122253418
0.5,2.7160391807556152,1.0,-1.3585597276687622
0.5,2.724151372909546,1.0,-1.3585597276687622
0.5,2.732274293899536,1.0,1.0235520601272583
0.5,2.740400791168213,-0.8139937520027161,-1.6783121824264526
0.5,2.748516798019409,-0.8139937520027161,-1.6783121824264526
0.5,2.7566277980804443,0.7566499710083008,-1.6783121824264526
0.5,2.76469087600708,0.7566499710083008,0.9372384548187256
0.5,2.772796869277954,0.7566499710083008,0.9372384548187256
0.5,2.780912399291992,-0.7906880378723145,-0.5147282481193542
0.5,2.789031982421875,-0.7906880378723145,-0.5147282481193542
0.5,2.797152280807495,0.7024071216583252,-0.80647873878479
0.5,2.8052945137023926,0.7024071216583252,1.3110195398330688
0.5,2.8134233951568604,0.7024071216583252,1.3110195398330688
0.5,2.821561336517334,-0.8410083651542664,1.3110195398330688
0.5,2.829702377319336,-0.8410083651542664,-1.7759000062942505
0.5,2.8378303050994873,0.7832943201065063,1.102001667022705
0.5,2.8459813594818115,0.7832943201065063,1.102001667022705
0.5,2.8543195724487305,0.7832943201065063,-0.35620567202568054
0.5,2.862467050552368,-0.5431520938873291,-0.35620567202568054
0.5,2.870591640472412,-0.5431520938873291,-0.7551625967025757
0.5,2.8786985874176025,0.7830644845962524,-0.7551625967025757
0.5,2.886807918548584,0.7830644845962524,1.299558401107788
0.5,2.8950610160827637,-0.7604299783706665,1.299558401107788
0.5,2.903184652328491,-0.7604299783706665,-1.62032151222229
0.5,2.91129207611084,-0.7604299783706665,-1.62032151222229
0.5,2.919398784637451,0.5749527812004089,1.2869300842285156
0.5,2.9275197982788086,0.5749527812004089,1.2869300842285156
0.5,2.9356436729431152,0.5749527812004089,-0.5186362862586975
0.5,2.9437646865844727,-0.588485598564148,-0.5186362862586975
0.5,2.951878786087036,-0.588485598564148,-0.6360989809036255
0.5,2.959991693496704,0.6852843761444092,-0.6360989809036255
0.5,2.96809983253479,0.6852843761444092,1.391326904296875
0.5,2.976210355758667,-0.7393662929534912,1.391326904296875
0.5,2.9843268394470215,-0.7393662929534912,-1.4836043119430542
0.5,2.9924535751342773,-0.7393662929534912,-1.4836043119430542
0.5,3.000563144683838,0.3115417957305908,1.2503894567489624
0.5,3.008697271347046,0.3115417957305908,1.2503894567489624
0.5,3.016817808151245,0.3115417957305908,-0.6981497406959534
0.5,3.0249314308166504,-0.22811388969421387,-0.6981497406959534
0.5,3.0330443382263184,-0.22811388969421387,0.02716764807701111
0.5,3.0411550998687744,0.04488864541053772,0.02716764807701111
0.5,3.0492823123931885,0.04488864541053772,0.5273382067680359
0.5,3.057455539703369,0.20591513812541962,0.5273382067680359
0.5,3.06559419631958,0.20591513812541962,-1.135461449623108
0.5,3.073714256286621,0.20591513812541962,-1.135461449623108
0.5,3.081838369369507,-0.33818793296813965,1.6804025173187256
0.5,3.0899569988250732,-0.33818793296813965,1.6804025173187256
0.5,3.098076820373535,0.09967735409736633,-1.3663965463638306
0.5,3.1062023639678955,0.09967735409736633,-1.3663965463638306
0.5,3.1143174171447754,0.09967735409736633,0.6793064475059509
0.5,3.122418165206909,-0.20006519556045532,0.6793064475059509
0.5,3.13053297996521,-0.20006519556045532,0.483442485332489
0.5,3.1386499404907227,0.10914450883865356,0.483442485332489
0.5,3.146817207336426,0.10914450883865356,-1.6379828453063965
0.5,3.1549439430236816,0.10914450883865356,-1.6379828453063965
0.5,3.1630544662475586,0.22339558601379395,1.7569448947906494
0.5,3.171168327331543,0.22339558601379395,1.7569448947906494
0.5,3.179271697998047,0.0039822012186050415,-0.9823994636535645
0.5,3.187397003173828,0.0039822012186050415,-0.9823994636535645
0.5,3.1955177783966064,0.0039822012186050415,0.4867064952850342
0.5,3.203639030456543,-0.20865130424499512,0.4867064952850342
0.5,3.2121732234954834,-0.20865130424499512,0.34149956703186035
0.5,3.2203776836395264,0.213850736618042,0.34149956703186035
0.5,3.2284867763519287,0.213850736618042,-0.9152897000312805
0.5,3.2365806102752686,-0.42152947187423706,-0.9152897000312805
0.5,3.2447586059570312,-0.42152947187423706,1.360702395439148
0.5,3.252847194671631,-0.42152947187423706,-1.3314565420150757
0.5,3.2610535621643066,0.7843740582466125,-1.3314565420150757
0.5,3.269171953201294,0.7843740582466125,-1.3314565420150757
0.5,3.277301073074341,-0.7693844437599182,1.3531813621520996
0.5,3.285404682159424,-0.7693844437599182,1.3531813621520996
0.5,3.2935385704040527,-0.7693844437599182,-0.45727503299713135
0.5,3.3016655445098877,0.9176389575004578,0.7157350182533264
0.5,3.309781551361084,0.9176389575004578,0.7157350182533264
0.5,3.3178839683532715,-0.9697243571281433,-0.08008123934268951
0.5,3.325977087020874,-0.9697243571281433,-0.08008123934268951
0.5,3.334172487258911,-0.9697243571281433,-0.08008123934268951
0.5,3.342358350753784,0.6525858640670776,0.44675877690315247
0.5,3.350490093231201,0.6525858640670776,0.19018913805484772
0.5,3.3586342334747314,0.06664806604385376,0.19018913805484772
0.5,3.366787910461426,0.06664806604385376,0.45100346207618713
0.5,3.374922037124634,-0.343319833278656,0.45100346207618713
0.5,3.3830370903015137,-0.343319833278656,0.7021889686584473
0.5,3.3911454677581787,-0.343319833278656,0.7021889686584473
0.5,3.399268388748169,0.8963019847869873,-0.2464299350976944
0.5,3.407402753829956,0.8963019847869873,-0.2464299350976944
0.5,3.415529251098633,-0.9888262152671814,1.4149938821792603
0.5,3.423712968826294,-0.9888262152671814,1.4149938821792603
0.5,3.431823253631592,-0.9888262152671814,-0.8018768429756165
0.5,3.439931631088257,1.0,-0.8018768429756165
0.5,3.4480559825897217,1.0,1.7809456586837769
0.5,3.4561874866485596,-1.0,1.7809456586837769
0.5,3.464310884475708,-1.0,-0.8744343519210815
0.5,3.4724180698394775,-1.0,-0.8744343519210815
0.5,3.480530023574829,1.0,1.0502005815505981
0.5,3.4886515140533447,1.0,1.0502005815505981
0.5,3.496763229370117,-1.0,0.7775042653083801
0.5,3.504871368408203,-1.0,0.7775042653083801
0.5,3.5129921436309814,-1.0,-0.12401272356510162
0.5,3.5210883617401123,0.9368689060211182,-0.12401272356510162
0.5,3.5292062759399414,0.9368689060211182,1.7156680822372437
0.5,3.537349224090576,-0.5147030353546143,1.7156680822372437
0.5,3.5454554557800293,-0.5147030353546143,-1.1303822994232178
0.5,3.5535573959350586,-0.5147030353546143,-1.1303822994232178
0.5,3.5616517066955566,0.4740447998046875,1.8316540718078613
0.5,3.5697643756866455,0.4740447998046875,1.8316540718078613
0.5,3.5778753757476807,-0.18535533547401428,-0.2557206153869629
0.5,3.5859904289245605,-0.18535533547401428,-0.2557206153869629
0.5,3.5940968990325928,-0.18535533547401428,0.6871435046195984
0.5,3.6021981239318848,0.19211170077323914,0.6871435046195984
0.5,3.6102962493896484,0.19211170077323914,1.2600042819976807
0.5,3.6184096336364746,0.050014927983284,1.2600042819976807
0.5,3.626537322998047,0.050014927983284,-1.2277065515518188
0.5,3.6346633434295654,0.050014927983284,-1.2277065515518188
0.5,3.64278507232666,0.28467464447021484,2.0468647480010986
0.5,3.6508891582489014,0.28467464447021484,2.0468647480010986
0.5,3.659006357192993,-0.09498265385627747,-0.745332658290863
0.5,3.6671268939971924,-0.09498265385627747,-0.745332658290863
0.5,3.6752328872680664,-0.09498265385627747,0.31730177998542786
0.5,3.683349847793579,0.420166015625,0.31730177998542786
0.5,3.6914584636688232,0.420166015625,1.3369983434677124
0.5,3.699573278427124,-0.08325815200805664,1.3369983434677124
0.5,3.7076902389526367,-0.08325815200805664,-0.9354671835899353
0.5,3.7157912254333496,-0.18401917815208435,-0.9354671835899353
0.5,3.7238731384277344,-0.18401917815208435,1.914674162864685
0.5,3.7319772243499756,-0.18401917815208435,1.914674162864685
0.5,3.7401084899902344,0.04047119617462158,-1.118661642074585
0.5,3.748241901397705,0.04047119617462158,-1.118661642074585
0.5,3.756359338760376,0.031267791986465454,0.6489197611808777
0.5,3.764479398727417,0.031267791986465454,0.6489197611808777
0.5,3.7726149559020996,0.031267791986465454,0.6444112658500671
0.5,3.780693292617798,0.3658650815486908,0.6444112658500671
0.5,3.788792371749878,0.3658650815486908,-1.0617713928222656
0.5,3.796919107437134,-0.2871820032596588,-1.0617713928222656
0.5,3.8050312995910645,-0.2871820032596588,1.7305011749267578
0.5,3.8131473064422607,-0.2871820032596588,1.7305011749267578
0.5,3.821282386779785,0.16586846113204956,-1.2945297956466675
0.5,3.829434394836426,0.16586846113204956,-1.2945297956466675
0.5,3.8375699520111084,-0.4004959464073181,0.9515748620033264
0.5,3.845698356628418,-0.4004959464073181,-0.02931007370352745
0.5,3.854203701019287,-0.4004959464073181,-0.02931007370352745
0.5,3.862375497817993,0.52379310131073,-0.02931007370352745
0.5,3.8705220222473145,0.52379310131073,-0.7714163064956665
0.5,3.878645658493042,-0.619515061378479,1.408018946647644
0.5,3.8867695331573486,-0.619515061378479,1.408018946647644
0.5,3.8948776721954346,-0.619515061378479,-1.2333557605743408
0.5,3.902982473373413,0.8361293077468872,-1.2333557605743408
0.5,3.911088705062866,0.8361293077468872,1.4439687728881836
0.5,3.919201135635376,-1.0,1.4439687728881836
0.5,3.9272868633270264,-1.0,-1.0814026594161987
0.5,3.9354770183563232,-1.0,-1.0814026594161987
0.5,3.9436044692993164,1.0,0.15678969025611877
0.5,3.951723337173462,1.0,0.15678969025611877
0.5,3.959855079650879,-1.0,0.67303866147995
0.5,3.9679722785949707,-1.0,0.67303866147995
0.5,3.9760630130767822,-1.0,-1.5658453702926636
0.5,3.984157085418701,1.0,-1.5658453702926636
0.5,3.9922549724578857,1.0,1.7777537107467651
0.5,4.000349044799805,-1.0,1.7777537107467651
0.5,4.008480787277222,-1.0,-1.080470323562622
0.5,4.0165934562683105,-1.0,-1.080470323562622
0.5,4.024692535400391,1.0,0.30394235253334045
0.5,4.032788515090942,1.0,0.30394235253334045
0.5,4.040884256362915,-1.0,0.41424810886383057
0.5,4.049000263214111,-1.0,0.41424810886383057
0.5,4.057116985321045,-1.0,-1.3863829374313354
0.5,4.065248489379883,1.0,-1.3863829374313354
0.5,4.073352575302124,1.0,1.6987122297286987
0.5,4.081446170806885,-1.0,1.6987122297286987
0.5,4.0895538330078125,-1.0,-1.2804187536239624
0.5,4.09768533706665,-1.0,-1.2804187536239624
0.5,4.105807781219482,1.0,0.9023444652557373
0.5,4.113932847976685,1.0,0.9023444652557373
0.5,4.122068166732788,-1.0,-0.024331416934728622
0.5,4.130174875259399,-1.0,-0.024331416934728622
0.5,4.138293266296387,1.0,-1.0397380590438843
0.5,4.1464009284973145,1.0,-1.0397380590438843
0.5,4.154526472091675,1.0,1.3612972497940063
0.5,4.162654638290405,-1.0,1.3612972497940063
0.5,4.170775651931763,-1.0,-1.7012709379196167
0.5,4.1789021492004395,1.0,-1.7012709379196167
0.5,4.187030076980591,1.0,1.276874303817749
0.5,4.195175886154175,1.0,1.276874303817749
0.5,4.203305006027222,-1.0,-0.25475138425827026
0.5,4.211418390274048,-1.0,-0.25475138425827026
0.5,4.2195611000061035,1.0,-0.7646968364715576
0.5,4.2277281284332275,1.0,-0.7646968364715576
0.5,4.235860824584961,1.0,1.0688809156417847
0.5,4.243981838226318,-1.0,1.0688809156417847
0.5,4.252114772796631,-1.0,-1.679795742034912
0.5,4.260249614715576,0.8389198780059814,-1.679795742034912
0.5,4.268383026123047,0.8389198780059814,1.1486059427261353
0.5,4.276533126831055,0.8389198780059814,1.1486059427261353
0.5,4.284700870513916,-0.30207306146621704,-1.1072348356246948
0.5,4.29285740852356,-0.30207306146621704,-1.1072348356246948
0.5,4.30098032951355,-0.07508823275566101,0.6926482319831848
0.5,4.309115409851074,-0.07508823275566101,0.6926482319831848
0.5,4.317238092422485,0.023498564958572388,-0.5801482200622559
0.5,4.325369834899902,0.023498564958572388,-0.5801482200622559
0.5,4.333801984786987,0.023498564958572388,-0.6422449946403503
0.5,4.341970205307007,-0.40423744916915894,-0.6422449946403503
0.5,4.350120306015015,-0.40423744916915894,0.5908147692680359
0.5,4.358245134353638,0.5683778524398804,0.5908147692680359
0.5,4.366362810134888,0.5683778524398804,-1.8303080797195435
0.5,4.374494552612305,0.5683778524398804,-1.8303080797195435
0.5,4.382636070251465,-0.775499165058136,1.0347217321395874
0.5,4.390790939331055,-0.775499165058136,1.0347217321395874
0.5,4.398913860321045,0.5701425671577454,-1.3422377109527588
0.5,4.407020568847656,0.5701425671577454,0.578178882598877
0.5,4.415297746658325,0.5701425671577454,0.578178882598877
0.5,4.423478364944458,-1.0,0.578178882598877
0.5,4.431617021560669,-1.0,-1.1402941942214966
0.5,4.439799547195435,1.0,-1.1402941942214966
0.5,4.4479663372039795,1.0,-0.45481762290000916
0.5,4.456146478652954,1.0,-0.5188641548156738
0.5,4.464256763458252,-0.8320887088775635,-0.5188641548156738
0.5,4.47237491607666,-0.8320887088775635,-0.6125156879425049
0.5,4.480475425720215,-0.027854427695274353,-0.6125156879425049
0.5,4.488575220108032,-0.027854427695274353,0.1126110851764679
0.5,4.496710300445557,-0.027854427695274353,0.1126110851764679
0.5,4.504827260971069,-0.0690576434135437,-1.2140259742736816
0.5,4.512923002243042,-0.0690576434135437,-1.2140259742736816
0.5,4.521020174026489,-0.7611299157142639,0.10701411217451096
0.5,4.529117107391357,-0.7611299157142639,0.10701411217451096
0.5,4.5372209548950195,-0.7611299157142639,-1.9677573442459106
0.5,4.545349836349487,1.0,-1.9677573442459106
0.5,4.553461074829102,1.0,0.9875747561454773
0.5,4.5615715980529785,-1.0,0.9875747561454773
0.5,4.5696892738342285,-1.0,-1.732487678527832
0.5,4.577826023101807,-1.0,-1.732487678527832
0.5,4.585964918136597,1.0,0.3214130401611328
0.5,4.59417986869812,1.0,0.3214130401611328
0.5,4.602306842803955,-1.0,0.3513351082801819
0.5,4.61042046546936,-1.0,0.3513351082801819
0.5,4.618552923202515,1.0,-1.7524632215499878
0.5,4.626699924468994,1.0,-1.7524632215499878
0.5,4.634812831878662,1.0,1.0215656757354736
0.5,4.642923831939697,-1.0,1.0215656757354736
0.5,4.6510231494903564,-1.0,-2.0363755226135254
0.5,4.659128189086914,1.0,-2.0363755226135254
0.5,4.66724419593811,1.0,0.47264403104782104
0.5,4.6753528118133545,1.0,0.47264403104782104
0.5,4.683485746383667,-1.0,-0.04840584471821785
0.5,4.691614151000977,-1.0,-0.04840584471821785
0.5,4.699779272079468,0.9145089983940125,-0.8522028923034668
0.5,4.7079017162323,0.9145089983940125,-0.8522028923034668
0.5,4.71601414680481,0.9145089983940125,0.5594968795776367
0.5,4.72412633895874,-1.0,0.5594968795776367
0.5,4.7322564125061035,-1.0,-1.8351272344589233
0.5,4.740390300750732,0.920443594455719,-1.8351272344589233
0.5,4.748522520065308,0.920443594455719,1.0237573385238647
0.5,4.756654262542725,0.920443594455719,1.0237573385238647
0.5,4.764780282974243,-0.2299419790506363,-1.20078444480896
0.5,4.772909164428711,-0.2299419790506363,-1.20078444480896
0.5,4.781149864196777,-0.23170050978660583,0.9963580965995789
0.5,4.789276361465454,-0.23170050978660583,0.9963580965995789
0.5,4.797383069992065,-0.23170050978660583,-0.49825331568717957
0.5,4.805499076843262,0.1399393081665039,-0.49825331568717957
0.5,4.813737869262695,0.1399393081665039,-0.6622058749198914
0.5,4.821861028671265,-0.20486614108085632,-0.6622058749198914
0.5,4.8299829959869385,-0.20486614108085632,0.5371398329734802
0.5,4.838094711303711,-0.20486614108085632,0.5371398329734802
0.5,4.8462066650390625,0.894368052482605,-1.6452972888946533
0.5,4.854325771331787,0.894368052482605,-1.6452972888946533
0.5,4.862458944320679,-0.6341592073440552,1.8217096328735352
0.5,4.870577335357666,-0.6341592073440552,1.8217096328735352
0.5,4.878701686859131,-0.6341592073440552,-0.8129786252975464
0.5,4.886823892593384,0.2664928138256073,-0.8129786252975464
0.5,4.895021677017212,0.2664928138256073,0.19771769642829895
0.5,4.903217554092407,-1.0,0.19771769642829895
0.5,4.911355972290039,-1.0,0.6972336173057556
0.5,4.919471740722656,-1.0,0.6972336173057556
0.5,4.9275805950164795,0.9912391304969788,-1.4789385795593262
0.5,4.935680627822876,0.9912391304969788,-1.4789385795593262
0.5,4.943788051605225,-0.31413817405700684,1.2028448581695557
0.5,4.95190954208374,-0.31413817405700684,1.2028448581695557
0.5,4.96001124382019,0.9158148169517517,-1.0630525350570679
0.5,4.9681313037872314,0.9158148169517517,1.5020737648010254
0.5,4.977842807769775,0.9158148169517517,1.5020737648010254
0.5,4.986143350601196,-1.0,-0.5117747783660889
0.5,4.994278430938721,-1.0,-0.5117747783660889
0.5,5.002420902252197,1.0,-0.27594617009162903
0.5,5.010559797286987,1.0,-0.27594617009162903
0.5,5.0186944007873535,1.0,0.4027242660522461
0.5,5.026804208755493,-0.5799968242645264,0.4027242660522461
0.5,5.034909725189209,-0.5799968242645264,-1.3422949314117432
0.5,5.043003082275391,1.0,-1.3422949314117432
0.5,5.051095247268677,1.0,1.987580418586731
0.5,5.059207201004028,1.0,1.987580418586731
0.5,5.067417860031128,-1.0,-1.0554600954055786
0.5,5.075549125671387,-1.0,-1.0554600954055786
0.5,5.083691835403442,0.7173690795898438,0.4706953465938568
0.5,5.091808795928955,0.7173690795898438,0.4706953465938568
0.5,5.0999321937561035,0.7173690795898438,0.0335676483809948
0.5,5.108118295669556,-0.571065366268158,0.0335676483809948
0.5,5.116272449493408,-0.571065366268158,-1.3057072162628174
0.5,5.124417066574097,0.8185926675796509,-1.3057072162628174
0.5,5.13254976272583,0.8185926675796509,1.3796257972717285
0.5,5.140692472457886,0.8185926675796509,1.3796257972717285
0.5,5.1488001346588135,-0.07256394624710083,-1.1146788597106934
0.5,5.156917333602905,-0.07256394624710083,-1.1146788597106934
0.5,5.165044784545898,-0.513687789440155,1.6358962059020996
0.5,5.173172473907471,-0.513687789440155,1.6358962059020996
0.5,5.18127965927124,-0.513687789440155,-0.5968179106712341
0.5,5.189391374588013,-0.08214148879051208,-0.5968179106712341
0.5,5.197506666183472,-0.08214148879051208,-0.3713948130607605
0.5,5.205639123916626,0.03330039978027344,-0.3713948130607605
0.5,5.213798761367798,0.03330039978027344,0.52447509765625
0.5,5.221940994262695,0.8565043807029724,0.52447509765625
0.5,5.230072975158691,0.8565043807029724,-1.0658704042434692
0.5,5.238220691680908,0.8565043807029724,-1.0658704042434692
0.5,5.246369361877441,-0.7987073063850403,2.115601062774658
0.5,5.254517316818237,-0.7987073063850403,2.115601062774658
0.5,5.262643098831177,-0.12715432047843933,-0.45290789008140564
0.5,5.270769357681274,-0.12715432047843933,-0.45290789008140564
0.5,5.278876543045044,-0.12715432047843933,0.5354873538017273
0.5,5.286994695663452,-0.7153080105781555,0.5354873538017273
0.5,5.295104026794434,-0.7153080105781555,-0.5821881890296936
0.5,5.3032310009002686,1.0,-0.5821881890296936
0.5,5.311352968215942,1.0,-0.5050792098045349
0.5,5.319485425949097,1.0,-0.5050792098045349
0.5,5.3275980949401855,-0.4660372734069824,1.177382230758667
0.5,5.335707426071167,-0.4660372734069824,1.177382230758667
0.5,5.34383225440979,0.5080376863479614,0.2000841498374939
0.5,5.351966619491577,0.5080376863479614,0.2000841498374939
0.5,5.3600873947143555,0.5080376863479614,1.0913162231445312
0.5,5.368201971054077,-0.6192609667778015,-1.3363157510757446
0.5,5.37632155418396,-0.6192609667778015,-1.3363157510757446
0.5,5.384436845779419,0.5007470846176147,-1.3363157510757446
0.5,5.39257025718689,0.5007470846176147,0.9224461913108826
0.5,5.400706052780151,0.5007470846176147,0.9224461913108826
0.5,5.4088146686553955,0.7141971588134766,-0.6776891350746155
0.5,5.417042970657349,0.7141971588134766,1.690092921257019
0.5,5.425203084945679,-0.34058845043182373,1.690092921257019
0.5,5.433303594589233,-0.34058845043182373,0.9159078001976013
0.5,5.441407680511475,-0.34058845043182373,0.9159078001976013
0.5,5.449517011642456,-0.1890135109424591,0.4059435725212097
0.5,5.457628011703491,-0.1890135109424591,0.4059435725212097
0.5,5.465821981430054,-0.866553783416748,0.04109976440668106
0.5,5.47393536567688,-0.866553783416748,0.04109976440668106
0.5,5.482034206390381,-0.866553783416748,-1.0787084102630615
0.5,5.490140199661255,1.0,-1.0787084102630615
0.5,5.498238801956177,1.0,1.6384354829788208
0.5,5.50635552406311,-0.45478034019470215,1.6384354829788208
0.5,5.514476776123047,-0.45478034019470215,0.2985707223415375
0.5,5.522591829299927,0.3857465982437134,0.2985707223415375
0.5,5.530716180801392,0.3857465982437134,2.2278218269348145
0.5,5.538846969604492,0.3857465982437134,2.2278218269348145
0.5,5.546956300735474,-1.0,-0.36691969633102417
0.5,5.555068016052246,-1.0,-0.36691969633102417
0.5,5.563169479370117,-1.0,-0.3666943907737732
0.5,5.571285247802734,1.0,-0.3666943907737732
0.5,5.5793914794921875,1.0,0.5801472663879395
0.5,5.587559938430786,0.03653162717819214,0.5801472663879395
0.5,5.595662355422974,0.03653162717819214,-0.30141082406044006
0.5,5.603799104690552,0.43354541063308716,-0.30141082406044006
0.5,5.611912250518799,0.43354541063308716,2.446035623550415
0.5,5.621403455734253,0.43354541063308716,2.446035623550415
0.5,5.629626035690308,-0.9526360034942627,0.28096237778663635
0.5,5.637787580490112,-0.9526360034942627,0.28096237778663635
0.5,5.6459059715271,0.1706806868314743,0.31449130177497864
0.5,5.654006481170654,0.1706806868314743,0.31449130177497864
0.5,5.662104368209839,0.1706806868314743,-1.1238847970962524
0.5,5.670210123062134,1.0,-1.1238847970962524
0.5,5.6783130168914795,1.0,0.08976461738348007
0.5,5.686401605606079,0.019359201192855835,0.08976461738348007
0.5,5.694494724273682,0.019359201192855835,1.5457053184509277
0.5,5.702609062194824,0.178175151348114,1.5457053184509277
0.5,5.710689544677734,0.178175151348114,0.16032737493515015
0.5,5.718787431716919,0.178175151348114,0.16032737493515015
0.5,5.726888656616211,-1.0,1.603073239326477
0.5,5.735447883605957,-1.0,1.603073239326477
0.5,5.743691921234131,-1.0,-1.4135596752166748
0.5,5.7518322467803955,1.0,-0.3022858798503876
0.5,5.759942531585693,1.0,-0.3022858798503876
0.5,5.768057346343994,0.29968392848968506,-0.3022858798503876
0.5,5.77618932723999,0.29968392848968506,0.4118422567844391
0.5,5.784327507019043,0.7114871144294739,0.4118422567844391
0.5,5.792455196380615,0.7114871144294739,0.9024174809455872
0.5,5.800625801086426,0.7114871144294739,1.5579326152801514
0.5,5.808749437332153,-1.0,1.5579326152801514
0.5,5.816857099533081,-1.0,1.5579326152801514
0.5,5.824981927871704,0.24340012669563293,-0.8729982972145081
0.5,5.833115339279175,0.24340012669563293,-0.8354647755622864
0.5,5.841235876083374,0.24340012669563293,-0.8354647755622864
0.5,5.849359035491943,0.3617776036262512,-0.46662789583206177
0.5,5.857472896575928,0.3617776036262512,-0.46662789583206177
0.5,5.86559271812439,0.9978829026222229,0.4817362427711487
0.5,5.873717546463013,0.9978829026222229,0.4817362427711487
0.5,5.881839990615845,0.9978829026222229,1.5266661643981934
0.5,5.889950275421143,-1.0,1.5266661643981934
0.5,5.898074626922607,-1.0,0.16912943124771118
0.5,5.906199932098389,-0.4942628741264343,0.16912943124771118
0.5,5.91431736946106,-0.4942628741264343,-1.2165414094924927
0.5,5.922430038452148,-0.4942628741264343,-1.2165414094924927
0.5,5.930541515350342,0.37104332447052,-0.5112417936325073
0.5,5.938664436340332,0.37104332447052,-0.5112417936325073
0.5,5.946840047836304,1.0,-0.5636095404624939
0.5,5.954941272735596,1.0,-0.5636095404624939
0.5,5.963051795959473,1.0,1.7198166847229004
0.5,5.971153736114502,-0.587372362613678,1.7198166847229004
0.5,5.979819297790527,-0.587372362613678,0.38078224658966064
0.5,5.987980604171753,-0.5878006219863892,0.38078224658966064
0.5,5.996091842651367,-0.5878006219863892,-0.10115032643079758
1.0,4.0531158447265625e-06,-0.43724048137664795,-0.10115032643079758
1.0,0.008116722106933594,-0.43724048137664795,-0.9123894572257996
1.0,0.016292810440063477,-0.43724048137664795,-0.9123894572257996
1.0,0.02462458610534668,1.0,-1.44398033618927
1.0,0.03273606300354004,1.0,-1.44398033618927
1.0,0.04084324836730957,1.0,0.6010062098503113
1.0,0.048967838287353516,0.2829321622848511,0.6010062098503113
1.0,0.057117462158203125,0.2829321622848511,1.2073630094528198
1.0,0.06525683403015137,-0.430294930934906,1.2073630094528198
1.0,0.07337832450866699,-0.430294930934906,0.6026414036750793
1.0,0.08147954940795898,-0.430294930934906,0.6026414036750793
1.0,0.08958649635314941,-0.8976279497146606,-0.780494213104248
1.0,0.09771275520324707,-0.8976279497146606,-0.780494213104248
1.0,0.10584568977355957,0.7378309965133667,-1.2623533010482788
1.0,0.11395454406738281,0.7378309965133667,-1.2623533010482788
1.0,0.12207770347595215,0.7378309965133667,-0.4058232307434082
1.0,0.13021564483642578,0.6084714531898499,-0.4058232307434082
1.0,0.13835859298706055,0.6084714531898499,0.9796308875083923
1.0,0.1466209888458252,-0.7240634560585022,0.9796308875083923
1.0,0.1547229290008545,-0.7240634560585022,0.7082794308662415
1.0,0.162825345993042,-0.7240634560585022,0.7082794308662415
1.0,0.17093634605407715,-1.0,-0.04755295068025589
1.0,0.17906856536865234,-1.0,-0.04755295068025589
1.0,0.1871800422668457,0.16122475266456604,-1.6623632907867432
1.0,0.19527745246887207,0.16122475266456604,-1.6623632907867432
1.0,0.20337176322937012,0.16122475266456604,-1.1304962635040283
1.0,0.21148228645324707,0.32420098781585693,-1.1304962635040283
1.0,0.21963739395141602,0.32420098781585693,-0.22975902259349823
1.0,0.2277662754058838,0.10521730780601501,-0.22975902259349823
1.0,0.2358708381652832,0.10521730780601501,0.8504685163497925
1.0,0.24399280548095703,0.10521730780601501,0.8504685163497925
1.0,0.2521345615386963,-0.3524852395057678,0.06384160369634628
1.0,0.2603130340576172,-0.3524852395057678,0.06384160369634628
1.0,0.2684133052825928,-1.0,-0.338142067193985
1.0,0.2765028476715088,-1.0,-0.338142067193985
1.0,0.2845957279205322,-1.0,-2.23384165763855
1.0,0.29268789291381836,0.9402434229850769,-2.23384165763855
1.0,0.3008139133453369,0.9402434229850769,-0.6903327703475952
1.0,0.3089151382446289,0.38466519117355347,-0.6903327703475952
1.0,0.31701135635375977,0.38466519117355347,-0.5401940941810608
1.0,0.3251042366027832,0.38466519117355347,-0.5401940941810608
1.0,0.3332347869873047,-0.23459677398204803,0.7612195014953613
1.0,0.34140753746032715,-0.23459677398204803,0.7612195014953613
1.0,0.3494887351989746,-1.0,1.119126796722412
1.0,0.3575901985168457,-1.0,1.119126796722412
1.0,0.36569809913635254,-1.0,-1.060929298400879
1.0,0.3738675117492676,0.11366787552833557,-1.060929298400879
1.0,0.3819854259490967,0.11366787552833557,-1.6481789350509644
1.0,0.3901174068450928,0.8175978660583496,-1.6481789350509644
1.0,0.39824533462524414,0.8175978660583496,-0.7017184495925903
1.0,0.4063549041748047,0.8175978660583496,-0.7017184495925903
1.0,0.41448044776916504,0.5397421717643738,0.6367620229721069
1.0,0.42259645462036133,0.5397421717643738,0.6367620229721069
1.0,0.4307072162628174,-0.9990816712379456,1.0716184377670288
1.0,0.4388284683227539,-0.9990816712379456,1.0716184377670288
1.0,0.4469764232635498,-0.7006548047065735,0.2155284583568573
1.0,0.4553239345550537,-0.7006548047065735,0.2155284583568573
1.0,0.46349430084228516,-0.7006548047065735,-1.2644141912460327
1.0,0.4716184139251709,0.7610862851142883,-1.2644141912460327
1.0,0.4797079563140869,0.7610862851142883,-1.1754138469696045
1.0,0.487839937210083,0.7610862851142883,-1.1754138469696045
1.0,0.4960043430328369,1.0,-0.19906261563301086
1.0,0.5041031837463379,1.0,-0.19906261563301086
1.0,0.512218713760376,-0.7673619389533997,1.8090070486068726
1.0,0.5203359127044678,-0.7673619389533997,1.8090070486068726
1.0,0.5284285545349121,-0.3437660336494446,0.5337762832641602
1.0,0.5364859104156494,-0.3437660336494446,0.5337762832641602
1.0,0.5445952415466309,-0.3437660336494446,0.06760817766189575
1.0,0.552727460861206,-0.3166062831878662,0.06760817766189575
1.0,0.560840368270874,-0.3166062831878662,-1.2700400352478027
1.0,0.5689518451690674,-0.3166062831878662,-1.2700400352478027
1.0,0.577075719833374,1.0,-1.3145617246627808
1.0,0.5851852893829346,1.0,0.5749692916870117
1.0,0.5932941436767578,0.601688027381897,0.5749692916870117
1.0,0.6014022827148438,0.601688027381897,0.5749692916870117
1.0,0.6094863414764404,-0.7564520239830017,1.6471052169799805
1.0,0.6175963878631592,-0.7564520239830017,0.6771517395973206
1.0,0.6256864070892334,-0.7564520239830017,0.6771517395973206
1.0,0.6338229179382324,-0.6220080256462097,-0.6421633362770081
1.0,0.6419458389282227,-0.6220080256462097,-0.6421633362770081
1.0,0.6501414775848389,0.6213883757591248,-0.6421633362770081
1.0,0.6583602428436279,0.6213883757591248,-1.0925135612487793
1.0,0.6665549278259277,0.6213883757591248,-0.2630625367164612
1.0,0.6746926307678223,0.7520967721939087,-0.2630625367164612
1.0,0.6828250885009766,0.7520967721939087,1.387574315071106
1.0,0.6909193992614746,0.7520967721939087,1.387574315071106
1.0,0.6990261077880859,-0.4700475037097931,1.2359250783920288
1.0,0.7071402072906494,-0.4700475037097931,1.2359250783920288
1.0,0.7152702808380127,-0.8190166354179382,1.2099835872650146
1.0,0.723374605178833,-0.8190166354179382,1.2099835872650146
1.0,0.7315123081207275,-0.8190166354179382,-0.8974107503890991
1.0,0.7396559715270996,0.04350768029689789,-0.8974107503890991
1.0,0.7477710247039795,0.04350768029689789,-0.4615496098995209
1.0,0.7558846473693848,0.6039896011352539,-0.4615496098995209
1.0,0.7639968395233154,0.6039896011352539,0.260850727558136
1.0,0.7721281051635742,0.6039896011352539,0.260850727558136
1.0,0.7802848815917969,0.6985411643981934,1.7797802686691284
1.0,0.7883975505828857,0.6985411643981934,1.7797802686691284
1.0,0.7964878082275391,-0.7629637718200684,1.4259746074676514
1.0,0.8045971393585205,-0.7629637718200684,1.4259746074676514
1.0,0.8127226829528809,-0.7629637718200684,0.7170223593711853
1.0,0.8208401203155518,-0.8446158170700073,0.7170223593711853
1.0,0.828953742980957,-0.8446158170700073,-0.9291117787361145
1.0,0.8370528221130371,0.6421322822570801,-0.9291117787361145
1.0,0.8451242446899414,0.6421322822570801,-0.6586579084396362
1.0,0.8532679080963135,0.6421322822570801,-0.6586579084396362
1.0,0.8614294528961182,0.8147389888763428,0.8970935344696045
1.0,0.8695874214172363,0.8147389888763428,0.8970935344696045
1.0,0.8777060508728027,-0.3629997670650482,1.3764845132827759
1.0,0.885807991027832,-0.3629997670650482,1.3764845132827759
1.0,0.8939335346221924,-0.8697527647018433,1.3690654039382935
1.0,0.9020545482635498,-0.8697527647018433,1.3690654039382935
1.0,0.9101731777191162,-0.8697527647018433,-0.15034013986587524
1.0,0.9182839393615723,-0.3747860789299011,-0.15034013986587524
1.0,0.9264330863952637,-0.3747860789299011,-1.3971302509307861
1.0,0.934561014175415,0.4197336435317993,-1.3971302509307861
1.0,0.9426958560943604,0.4197336435317993,-0.3149322271347046
1.0,0.9508013725280762,0.4197336435317993,-0.3149322271347046
1.0,0.9589123725891113,1.0,-0.15966899693012238
1.0,0.9678571224212646,1.0,-0.15966899693012238
1.0,0.9760558605194092,-0.5512449741363525,1.201479196548462
1.0,0.9841852188110352,-0.5512449741363525,1.201479196548462
1.0,0.9922902584075928,-0.5512449741363525,1.0886610746383667
1.0,1.0003831386566162,-1.0,1.0886610746383667
1.0,1.0084855556488037,-1.0,-0.28144270181655884
1.0,1.0166492462158203,0.13446366786956787,-0.28144270181655884
1.0,1.024770975112915,0.13446366786956787,-1.3313379287719727
1.0,1.032893419265747,0.13446366786956787,-1.3313379287719727
1.0,1.0411312580108643,1.0,-1.0060322284698486
1.0,1.0492560863494873,1.0,-1.0060322284698486
1.0,1.057389736175537,0.5568016171455383,0.7255604267120361
1.0,1.0655021667480469,0.5568016171455383,0.7255604267120361
1.0,1.0736284255981445,0.5568016171455383,1.3287028074264526
1.0,1.0817363262176514,-0.7053878307342529,0.8249502778053284
1.0,1.0898454189300537,-0.7053878307342529,0.8249502778053284
1.0,1.0979807376861572,-0.9566266536712646,0.8249502778053284
1.0,1.1063508987426758,-0.9566266536712646,-0.8189206123352051
1.0,1.1145002841949463,-0.9566266536712646,-0.8189206123352051
1.0,1.122612476348877,0.9602397084236145,-1.1691519021987915
1.0,1.1307320594787598,0.9602397084236145,-1.016270399093628
1.0,1.1388680934906006,1.0,-1.016270399093628
1.0,1.1470072269439697,1.0,0.8354194164276123
1.0,1.1551239490509033,1.0,0.8354194164276123
1.0,1.163222312927246,-0.5704718828201294,1.3507620096206665
1.0,1.1713473796844482,-0.5704718828201294,1.3507620096206665
1.0,1.1794743537902832,-1.0,0.8214364051818848
1.0,1.1875877380371094,-1.0,0.8214364051818848
1.0,1.1956863403320312,-1.0,-1.2212384939193726
1.0,1.2038052082061768,-0.8431557416915894,-1.2212384939193726
1.0,1.21193265914917,-0.8431557416915894,-1.8134807348251343
1.0,1.2200977802276611,1.0,-1.8134807348251343
1.0,1.228203535079956,1.0,-1.0250269174575806
1.0,1.236304759979248,1.0,-1.0250269174575806
1.0,1.2444000244140625,0.8230304718017578,0.3548097312450409
1.0,1.252540111541748,0.8230304718017578,0.3548097312450409
1.0,1.2607011795043945,-0.7585636973381042,0.691405177116394
1.0,1.2688138484954834,-0.7585636973381042,0.691405177116394
1.0,1.2769393920898438,-1.0,0.822442889213562
1.0,1.2850632667541504,-1.0,0.822442889213562
1.0,1.2931807041168213,-1.0,-0.8280634880065918
1.0,1.3013238906860352,0.0037615299224853516,-0.8280634880065918
1.0,1.3094353675842285,0.0037615299224853516,-1.74030339717865
1.0,1.3175866603851318,1.0,-1.74030339717865
1.0,1.3256993293762207,1.0,-1.2125009298324585
1.0,1.3337910175323486,1.0,-1.2125009298324585
1.0,1.3418889045715332,0.7096517086029053,-0.013863599859178066
1.0,1.3499977588653564,0.7096517086029053,-0.013863599859178066
1.0,1.358098030090332,-1.0,0.4661705791950226
1.0,1.3661918640136719,-1.0,0.4661705791950226
1.0,1.3742928504943848,-1.0,0.7643442749977112
1.0,1.3823866844177246,-1.0,0.7643442749977112
1.0,1.3904964923858643,-1.0,0.09225907176733017
1.0,1.3986032009124756,-0.044016897678375244,0.09225907176733017
1.0,1.4066941738128662,-0.044016897678375244,-1.1240403652191162
1.0,1.414804458618164,-0.044016897678375244,-1.1240403652191162
1.0,1.4229352474212646,1.0,-1.2540327310562134
1.0,1.4310531616210938,1.0,-1.2540327310562134
1.0,1.4391801357269287,1.0,-0.8866928815841675
1.0,1.4473185539245605,1.0,-0.8866928815841675
1.0,1.4554331302642822,1.0,0.6019203066825867
1.0,1.4635732173919678,-1.0,0.6019203066825867
1.0,1.471733570098877,-1.0,0.6592139601707458
1.0,1.4798736572265625,-1.0,0.6592139601707458
1.0,1.4879975318908691,-1.0,0.7769007682800293
1.0,1.49611234664917,-1.0,0.7769007682800293
1.0,1.504220962524414,-0.3214164972305298,-0.35374879837036133
1.0,1.512331247329712,-0.3214164972305298,-0.35374879837036133
1.0,1.5204734802246094,1.0,-0.35083943605422974
1.0,1.5285987854003906,1.0,-0.35083943605422974
1.0,1.5367200374603271,1.0,-0.9970544576644897
1.0,1.54483962059021,1.0,-0.9970544576644897
1.0,1.5529649257659912,1.0,-0.4233357012271881
1.0,1.5611364841461182,1.0,-0.4233357012271881
1.0,1.569267749786377,-0.3558305501937866,-0.5454100966453552
1.0,1.5773890018463135,-0.3558305501937866,-0.5454100966453552
1.0,1.5855028629302979,-0.6033664345741272,-0.7766966223716736
1.0,1.5936224460601807,-0.6033664345741272,-0.7766966223716736
1.0,1.601722240447998,0.23519299924373627,-0.579815149307251
1.0,1.6098332405090332,0.23519299924373627,-0.579815149307251
1.0,1.6179516315460205,0.23519299924373627,-0.009047848172485828
1.0,1.6260874271392822,0.9671780467033386,-0.009047848172485828
1.0,1.6342532634735107,0.9671780467033386,0.5467442870140076
1.0,1.642397165298462,0.46062666177749634,0.5467442870140076
1.0,1.6505136489868164,0.46062666177749634,0.7075125575065613
1.0,1.6586716175079346,0.46062666177749634,0.7075125575065613
1.0,1.6668076515197754,-0.8196960687637329,0.37908944487571716
1.0,1.674980640411377,-0.8196960687637329,0.37908944487571716
1.0,1.6831700801849365,-0.9263178110122681,-0.19506892561912537
1.0,1.6913256645202637,-0.9263178110122681,-0.19506892561912537
1.0,1.6994938850402832,-0.9263178110122681,-0.6174119114875793
1.0,1.7076671123504639,0.7436664700508118,-0.6174119114875793
1.0,1.7158119678497314,0.7436664700508118,-0.6112363338470459
1.0,1.723930835723877,1.0,-0.6112363338470459
1.0,1.7325170040130615,1.0,-0.19671010971069336
1.0,1.7407023906707764,1.0,-0.19671010971069336
1.0,1.7488868236541748,0.9397000074386597,0.33981990814208984
1.0,1.7570343017578125,0.9397000074386597,0.33981990814208984
1.0,1.765150785446167,0.9397000074386597,0.6469011306762695
1.0,1.773280143737793,-0.16548138856887817,0.6469011306762695
1.0,1.781414270401001,-0.16548138856887817,0.5368351340293884
1.0,1.7894964218139648,-1.0,0.5368351340293884
1.0,1.7976136207580566,-1.0,0.09485424309968948
1.0,1.8057563304901123,-1.0,0.09485424309968948
1.0,1.8138737678527832,-0.14992599189281464,-0.3903312385082245
1.0,1.8220176696777344,-0.14992599189281464,-0.3903312385082245
1.0,1.8301551342010498,1.0,-0.6172648668289185
1.0,1.8382885456085205,1.0,-0.6172648668289185
1.0,1.846402645111084,1.0,-0.45702534914016724
1.0,1.854520320892334,1.0,-0.45702534914016724
1.0,1.8626763820648193,1.0,-0.02105766534805298
1.0,1.8708245754241943,0.38174688816070557,-0.02105766534805298
1.0,1.8789732456207275,0.38174688816070557,0.41973671317100525
1.0,1.8870902061462402,-1.0,0.41973671317100525
1.0,1.8952226638793945,-1.0,0.6047496199607849
1.0,1.9033820629119873,-1.0,0.6047496199607849
1.0,1.911494493484497,-1.0,0.43555155396461487
1.0,1.9196174144744873,-1.0,0.023228315636515617
1.0,1.9277524948120117,-0.09041137993335724,0.023228315636515617
1.0,1.9359252452850342,-0.09041137993335724,-0.3875863254070282
1.0,1.94404935836792,-0.09041137993335724,-0.3875863254070282
1.0,1.952225685119629,1.0,-0.3875863254070282
1.0,1.9603676795959473,1.0,-0.5650121569633484
1.0,1.968808650970459,1.0,-0.4188563823699951
1.0,1.9770023822784424,1.0,-0.4188563823699951
1.0,1.9851505756378174,1.0,-0.042073898017406464
1.0,1.9932737350463867,-0.0869700089097023,-0.042073898017406464
1.0,2.001399040222168,-0.0869700089097023,0.3509412407875061
1.0,2.009488105773926,-1.0,0.3509412407875061
1.0,2.0176360607147217,-1.0,0.5474821329116821
1.0,2.0257527828216553,-1.0,0.5474821329116821
1.0,2.033884048461914,-1.0,0.4501296579837799
1.0,2.0420103073120117,-1.0,0.4501296579837799
1.0,2.050165891647339,-0.20414656400680542,0.12137430161237717
1.0,2.058302164077759,-0.20414656400680542,0.12137430161237717
1.0,2.0663864612579346,1.0,-0.25856053829193115
1.0,2.0744833946228027,1.0,-0.25856053829193115
1.0,2.0825939178466797,1.0,-0.4918448328971863
1.0,2.09072208404541,1.0,-0.4918448328971863
1.0,2.0988452434539795,1.0,-0.46514958143234253
1.0,2.1069529056549072,0.08953456580638885,-0.46514958143234253
1.0,2.1150686740875244,0.08953456580638885,-0.20183968544006348
1.0,2.1231985092163086,0.08953456580638885,-0.20183968544006348
1.0,2.1313374042510986,-1.0,0.15785130858421326
1.0,2.1395092010498047,-1.0,0.15785130858421326
1.0,2.1476597785949707,-1.0,0.4330289661884308
1.0,2.155787944793701,-1.0,0.4330289661884308
1.0,2.163940906524658,-1.0,0.492864727973938
1.0,2.172060251235962,-0.6993998289108276,0.492864727973938
1.0,2.1801702976226807,-0.6993998289108276,0.31673842668533325
1.0,2.1882896423339844,0.8068307638168335,0.31673842668533325
1.0,2.1964197158813477,0.8068307638168335,-0.002516878768801689
1.0,2.204552412033081,0.8068307638168335,-0.002516878768801689
1.0,2.2126781940460205,1.0,-0.3091900646686554
1.0,2.2208385467529297,1.0,-0.3091900646686554
1.0,2.2289435863494873,0.13066619634628296,-0.46107423305511475
1.0,2.2370500564575195,0.13066619634628296,-0.46107423305511475
1.0,2.245171546936035,0.13066619634628296,-0.39422616362571716
1.0,2.25333309173584,-0.9413371682167053,-0.39422616362571716
1.0,2.2614667415618896,-0.9413371682167053,-0.147422194480896
1.0,2.269601345062256,-1.0,-0.147422194480896
1.0,2.277752161026001,-1.0,0.16147255897521973
1.0,2.2858917713165283,-1.0,0.16147255897521973
1.0,2.294006109237671,-1.0,0.39276111125946045
1.0,2.302129030227661,-1.0,0.39276111125946045
1.0,2.3102331161499023,-0.05867234244942665,0.4477593004703522
1.0,2.318357229232788,-0.05867234244942665,0.4477593004703522
1.0,2.326490640640259,-0.05867234244942665,0.3093080520629883
1.0,2.3346266746520996,0.8996124863624573,0.3093080520629883
1.0,2.342740774154663,0.8996124863624573,0.044264212250709534
1.0,2.3508472442626953,0.46223121881484985,0.044264212250709534
1.0,2.3589742183685303,0.46223121881484985,-0.23000149428844452
1.0,2.3671481609344482,0.46223121881484985,-0.23000149428844452
1.0,2.3752715587615967,-0.1377917230129242,-0.3980279564857483
1.0,2.383397102355957,-0.1377917230129242,-0.3980279564857483
1.0,2.3914947509765625,-0.9024724364280701,-0.3941800892353058
1.0,2.399610996246338,-0.9024724364280701,-0.3941800892353058
1.0,2.407729148864746,-0.913729727268219,-0.2266429364681244
1.0,2.4158406257629395,-0.913729727268219,0.0303486417979002
1.0,2.4239449501037598,-0.913729727268219,0.0303486417979002
1.0,2.4320619106292725,-0.27883997559547424,0.0303486417979002
1.0,2.44023060798645,-0.27883997559547424,0.2703217566013336
1.0,2.448333501815796,0.40287041664123535,0.3988144099712372
1.0,2.4564764499664307,0.40287041664123535,0.3988144099712372
1.0,2.464613437652588,0.40287041664123535,0.36975789070129395
1.0,2.472717761993408,0.9347807168960571,0.36975789070129395
1.0,2.4808311462402344,0.9347807168960571,0.2004484236240387
1.0,2.488971471786499,0.6399632096290588,0.2004484236240387
1.0,2.497124671936035,0.6399632096290588,-0.03891225531697273
1.0,2.5052404403686523,0.6399632096290588,-0.03891225531697273
1.0,2.5133533477783203,-0.3208047151565552,-0.25505056977272034
1.0,2.5214900970458984,-0.3208047151565552,-0.25505056977272034
1.0,2.5296404361724854,-0.926747739315033,-0.3680069148540497
1.0,2.5378994941711426,-0.926747739315033,-0.3680069148540497
1.0,2.5461041927337646,-0.926747739315033,-0.3399883210659027
1.0,2.55428409576416,-0.8074526190757751,-0.3399883210659027
1.0,2.562429666519165,-0.8074526190757751,-0.18667800724506378
1.0,2.57059383392334,-0.2094210386276245,-0.18667800724506378
1.0,2.5787465572357178,-0.2094210386276245,0.03167933598160744
1.0,2.586881399154663,0.7463211417198181,0.03167933598160744
1.0,2.5950064659118652,0.7463211417198181,0.23455515503883362
1.0,2.603158473968506,0.7463211417198181,0.23455515503883362
1.0,2.6112825870513916,0.937220573425293,0.35088756680488586
1.0,2.6194236278533936,0.937220573425293,0.35088756680488586
1.0,2.627547264099121,0.5576513409614563,0.34339091181755066
1.0,2.635725259780884,0.5576513409614563,0.34339091181755066
1.0,2.6438562870025635,0.5576513409614563,0.21941830217838287
1.0,2.651987314224243,-0.005025334656238556,0.21941830217838287
1.0,2.660118579864502,-0.005025334656238556,0.025744570419192314
1.0,2.668238401412964,-0.005025334656238556,0.025744570419192314
1.0,2.6763625144958496,-0.8686351776123047,-0.1696414202451706
1.0,2.6844935417175293,-0.8686351776123047,-0.1696414202451706
1.0,2.692617177963257,-0.723688542842865,-0.30155467987060547
1.0,2.7007596492767334,-0.723688542842865,-0.30155467987060547
1.0,2.708875894546509,0.050968851894140244,-0.32899126410484314
1.0,2.7169833183288574,0.050968851894140244,-0.32899126410484314
1.0,2.7250888347625732,0.050968851894140244,-0.2470615804195404
1.0,2.733222723007202,0.7582300305366516,-0.2470615804195404
1.0,2.741381883621216,0.7582300305366516,-0.08637814223766327
1.0,2.749497175216675,1.0,-0.08637814223766327
1.0,2.7576324939727783,1.0,0.09886793047189713
1.0,2.765758752822876,1.0,0.09886793047189713
1.0,2.7738699913024902,1.0,0.249442458152771
1.0,2.7819972038269043,1.0,0.249442458152771
1.0,2.79012393951416,0.5832694172859192,0.31985536217689514
1.0,2.798260450363159,0.5832694172859192,0.31985536217689514
1.0,2.8063855171203613,-0.10722903907299042,0.2915567457675934
1.0,2.81449031829834,-0.10722903907299042,0.2915567457675934
1.0,2.8226096630096436,-0.10722903907299042,0.17695680260658264
1.0,2.8307456970214844,-1.0,0.17695680260658264
1.0,2.838876247406006,-1.0,0.013805434107780457
1.0,2.8470208644866943,-1.0,0.013805434107780457
1.0,2.855241537094116,-0.9411370754241943,-0.1475915163755417
1.0,2.863396644592285,-0.9411370754241943,-0.1475915163755417
1.0,2.871528387069702,0.10275673866271973,-0.2599501311779022
1.0,2.879784345626831,0.10275673866271973,-0.2599501311779022
1.0,2.8879051208496094,0.10275673866271973,-0.29258888959884644
1.0,2.89605450630188,0.7476381063461304,-0.23924776911735535
1.0,2.9041688442230225,0.7476381063461304,-0.23924776911735535
1.0,2.912280321121216,1.0,-0.23924776911735535
1.0,2.9203906059265137,1.0,-0.11838363111019135
1.0,2.9284863471984863,1.0,-0.11838363111019135
1.0,2.936596632003784,1.0,0.033521510660648346
1.0,2.9447288513183594,1.0,0.1731966882944107
1.0,2.9528706073760986,0.024173106998205185,0.1731966882944107
1.0,2.960996627807617,0.024173106998205185,0.1731966882944107
1.0,2.9691269397735596,0.024173106998205185,0.26288291811943054
1.0,2.977277994155884,-0.3898533284664154,0.28025177121162415
1.0,2.985409736633301,-0.3898533284664154,0.28025177121162415
1.0,2.9934887886047363,-1.0,0.2234591245651245
1.0,3.0016212463378906,-1.0,0.2234591245651245
1.0,3.0098392963409424,-1.0,0.2234591245651245
1.0,3.0180046558380127,-1.0,0.11038763076066971
1.0,3.026113748550415,-1.0,-0.02724548615515232
1.0,3.034215211868286,-0.2797349989414215,-0.02724548615515232
1.0,3.042323350906372,-0.2797349989414215,-0.1529538631439209
1.0,3.052525758743286,0.4781193435192108,-0.1529538631439209
1.0,3.060737133026123,0.4781193435192108,-0.23512355983257294
1.0,3.068901777267456,0.4781193435192108,-0.23512355983257294
1.0,3.0770351886749268,1.0,-0.2547241747379303
1.0,3.0851595401763916,1.0,-0.2547241747379303
1.0,3.093287467956543,1.0,-0.20930710434913635
1.0,3.101457357406616,1.0,-0.20930710434913635
1.0,3.109628438949585,1.0,-0.11259983479976654
1.0,3.1177568435668945,0.9498350620269775,-0.11259983479976654
1.0,3.1258864402770996,0.9498350620269775,0.009838638827204704
1.0,3.134073495864868,-0.1495184600353241,0.009838638827204704
1.0,3.1422762870788574,-0.1495184600353241,0.12752072513103485
1.0,3.1504106521606445,-0.908950924873352,0.12752072513103485
1.0,3.158506393432617,-0.908950924873352,0.2126186639070511
1.0,3.1666271686553955,-0.908950924873352,0.2126186639070511
1.0,3.1747233867645264,-1.0,0.24637727439403534
1.0,3.1828274726867676,-1.0,0.24637727439403534
1.0,3.190948009490967,-1.0,0.22294048964977264
1.0,3.1990814208984375,-1.0,0.22294048964977264
1.0,3.2072055339813232,-1.0,0.1499156355857849
1.0,3.215320587158203,-0.7973983883857727,0.1499156355857849
1.0,3.22343111038208,-0.7973983883857727,0.04581480100750923
1.0,3.2315633296966553,-0.1332937479019165,0.04581480100750923
1.0,3.239680051803589,-0.1332937479019165,-0.06478596478700638
1.0,3.2477900981903076,-0.1332937479019165,-0.06478596478700638
1.0,3.2559010982513428,0.8014825582504272,-0.1570967137813568
1.0,3.2640175819396973,0.8014825582504272,-0.1570967137813568
1.0,3.272141933441162,1.0,-0.2115897536277771
1.0,3.2802913188934326,1.0,-0.21793152391910553
1.0,3.2884340286254883,1.0,-0.21793152391910553
1.0,3.2965762615203857,0.6152845025062561,-0.21793152391910553
1.0,3.3046886920928955,0.6152845025062561,-0.17664526402950287
1.0,3.312817096710205,-0.00811411440372467,-0.17664526402950287
1.0,3.320953369140625,-0.00811411440372467,-0.09833580255508423
1.0,3.3290672302246094,-0.00811411440372467,-0.0008424037368968129
1.0,3.337202787399292,-0.9286106824874878,-0.0008424037368968129
1.0,3.345308780670166,-0.9286106824874878,-0.0008424037368968129
1.0,3.3534884452819824,-1.0,0.0949130430817604
1.0,3.361614227294922,-1.0,0.16941457986831665
1.0,3.3698222637176514,-1.0,0.16941457986831665
1.0,3.3780031204223633,-1.0,0.2084307074546814
1.0,3.386113166809082,-1.0,0.2084307074546814
1.0,3.3942346572875977,-1.0,0.20554867386817932
1.0,3.402348756790161,-1.0,0.20554867386817932
1.0,3.4104514122009277,-0.305534303188324,0.16296842694282532
1.0,3.4185869693756104,-0.305534303188324,0.16296842694282532
1.0,3.42671537399292,-0.305534303188324,0.09054391086101532
1.0,3.4348318576812744,0.3674238324165344,0.09054391086101532
1.0,3.442939281463623,0.3674238324165344,0.003403467359021306
1.0,3.4510600566864014,1.0,0.003403467359021306
1.0,3.459195613861084,1.0,-0.08127229660749435
1.0,3.4673044681549072,1.0,-0.08127229660749435
1.0,3.4754106998443604,1.0,-0.14763151109218597
1.0,3.4834887981414795,1.0,-0.14763151109218597
1.0,3.4915850162506104,0.9004930257797241,-0.18403780460357666
1.0,3.4996938705444336,0.9004930257797241,-0.18403780460357666
1.0,3.507826089859009,0.9004930257797241,-0.1849653124809265
1.0,3.515944242477417,0.3732782006263733,-0.1849653124809265
1.0,3.5240583419799805,0.3732782006263733,-0.1516360640525818
1.0,3.5321731567382812,-0.4850352704524994,-0.1516360640525818
1.0,3.540278673171997,-0.4850352704524994,-0.09138438105583191
1.0,3.548391819000244,-0.4850352704524994,-0.09138438105583191
1.0,3.556485176086426,-1.0,-0.015971781685948372
1.0,3.5646021366119385,-1.0,-0.015971781685948372
1.0,3.573003053665161,-1.0,0.060762062668800354
1.0,3.581183433532715,-1.0,0.060762062668800354
1.0,3.589306354522705,-1.0,0.1254437267780304
1.0,3.5974133014678955,-1.0,0.1254437267780304
1.0,3.6054887771606445,-1.0,0.16744546592235565
1.0,3.613610029220581,-0.5907497406005859,0.16744546592235565
1.0,3.6217901706695557,-0.5907497406005859,0.1805298924446106
1.0,3.6299242973327637,-0.5907497406005859,0.1805298924446106
1.0,3.638050079345703,0.2513313591480255,0.163632333278656
1.0,3.646152973175049,0.2513313591480255,0.163632333278656
1.0,3.654317855834961,0.8501840829849243,0.12072113901376724
1.0,3.6624913215637207,0.8501840829849243,0.12072113901376724
1.0,3.6706149578094482,1.0,0.05983472988009453
1.0,3.678731918334961,1.0,0.05983472988009453
1.0,3.686854124069214,1.0,-0.00847669318318367
1.0,3.6949620246887207,1.0,-0.00847669318318367
1.0,3.703075885772705,1.0,-0.07300350815057755
1.0,3.7111847400665283,1.0,-0.07300350815057755
1.0,3.719282388687134,1.0,-0.12370018661022186
1.0,3.7273828983306885,1.0,-0.12370018661022186
1.0,3.735506057739258,0.40005865693092346,-0.1531936675310135
1.0,3.7436389923095703,0.40005865693092346,-0.1531936675310135
1.0,3.7517669200897217,-0.054165638983249664,-0.15776470303535461
1.0,3.7598893642425537,-0.054165638983249664,-0.15776470303535461
1.0,3.7680094242095947,-0.054165638983249664,-0.13769513368606567
1.0,3.7763140201568604,-0.5499541759490967,-0.13769513368606567
1.0,3.784501314163208,-0.5499541759490967,-0.09697920083999634
1.0,3.792625665664673,-1.0,-0.09697920083999634
1.0,3.800751209259033,-1.0,-0.04249604418873787
1.0,3.8088698387145996,-1.0,0.01718781143426895
1.0,3.8169925212860107,-0.5310354232788086,0.01718781143426895
1.0,3.8251328468322754,-0.5310354232788086,0.07317815721035004
1.0,3.833252191543579,-0.1609002947807312,0.07317815721035004
1.0,3.8413591384887695,-0.1609002947807312,0.07317815721035004
1.0,3.8494927883148193,-0.1609002947807312,0.1175622045993805
1.0,3.857607126235962,0.493844211101532,0.1444815844297409
1.0,3.8657259941101074,0.493844211101532,0.1444815844297409
1.0,3.8738412857055664,0.9056385159492493,0.1508355289697647
1.0,3.8819942474365234,0.9056385159492493,0.1508355289697647
1.0,3.890108346939087,0.9056385159492493,0.13654544949531555
1.0,3.8982350826263428,1.0,0.13654544949531555
1.0,3.906359910964966,1.0,0.10437964648008347
1.0,3.9144554138183594,1.0,0.10437964648008347
1.0,3.922574281692505,1.0,0.05940021574497223
1.0,3.9306800365448,1.0,0.05940021574497223
1.0,3.9387993812561035,0.9085565209388733,0.008137790486216545
1.0,3.946908712387085,0.9085565209388733,0.008137790486216545
1.0,3.9550251960754395,0.4652440547943115,-0.042370956391096115
1.0,3.9631636142730713,0.4652440547943115,-0.042370956391096115
1.0,3.9712836742401123,0.4652440547943115,-0.08554346859455109
1.0,3.9793946743011475,0.01242593303322792,-0.08554346859455109
1.0,3.9874861240386963,0.01242593303322792,-0.1160820871591568
1.0,3.995596408843994,-0.6612613797187805,-0.1160820871591568
1.0,4.003729343414307,-0.6612613797187805,-0.13057851791381836
1.0,4.011839389801025,-1.0,-0.13057851791381836
1.0,4.019964933395386,-1.0,-0.12783180177211761
1.0,4.028078317642212,-1.0,-0.12783180177211761
1.0,4.036177635192871,-1.0,-0.1088641881942749
1.0,4.044293165206909,-1.0,-0.1088641881942749
1.0,4.0524375438690186,-0.8824138641357422,-0.076656773686409
1.0,4.060620546340942,-0.8824138641357422,-0.076656773686409
1.0,4.068724870681763,-0.8824138641357422,-0.035662051290273666
1.0,4.076827526092529,-0.4937780201435089,-0.035662051290273666
1.0,4.084936618804932,-0.4937780201435089,0.008828354068100452
1.0,4.093200445175171,-0.11739233881235123,0.008828354068100452
1.0,4.10140323638916,-0.11739233881235123,0.051371630281209946
1.0,4.10953426361084,-0.11739233881235123,0.051371630281209946
1.0,4.1176676750183105,0.4885381758213043,0.0870300829410553
1.0,4.125802040100098,0.4885381758213043,0.0870300829410553
1.0,4.133945465087891,0.8390856385231018,0.1119202971458435
1.0,4.142092943191528,0.8390856385231018,0.1119202971458435
1.0,4.150244474411011,0.8390856385231018,0.12359905987977982
1.0,4.1583592891693115,1.0,0.12359905987977982
1.0,4.16647744178772,1.0,0.12125523388385773
1.0,4.17457914352417,0.8455802798271179,0.12125523388385773
1.0,4.182683944702148,0.8455802798271179,0.10570121556520462
1.0,4.190800428390503,0.8455802798271179,0.10570121556520462
1.0,4.198915004730225,0.40643611550331116,0.07918195426464081
1.0,4.207053184509277,0.40643611550331116,0.07918195426464081
1.0,4.215189695358276,-0.25997692346572876,0.04503785818815231
1.0,4.223365545272827,-0.25997692346572876,0.04503785818815231
1.0,4.231508016586304,-0.25997692346572876,0.007271468173712492
1.0,4.239650249481201,-0.8976519107818604,0.007271468173712492
1.0,4.24776816368103,-0.8976519107818604,-0.029926830902695656
1.0,4.255887269973755,-1.0,-0.029926830902695656
1.0,4.264021635055542,-1.0,-0.06263890862464905
1.0,4.272165775299072,-1.0,-0.06263890862464905
1.0,4.280335426330566,-1.0,-0.08761657774448395
1.0,4.2884814739227295,-1.0,-0.08761657774448395
1.0,4.29660964012146,-1.0,-0.10258001834154129
1.0,4.304743766784668,-1.0,-0.10258001834154129
1.0,4.312880516052246,-1.0,-0.1063937395811081
1.0,4.32106351852417,-1.0,-0.1063937395811081
1.0,4.329233169555664,-1.0,-0.0991121232509613
1.0,4.337401866912842,-0.8395893573760986,-0.0991121232509613
1.0,4.345502614974976,-0.8395893573760986,-0.08190064877271652
1.0,4.35364031791687,-0.39355528354644775,-0.08190064877271652
1.0,4.36176609992981,-0.39355528354644775,-0.05685095489025116
1.0,4.370506763458252,-0.39355528354644775,-0.05685095489025116
1.0,4.3786914348602295,0.2277124524116516,-0.026717640459537506
1.0,4.386812925338745,0.2277124524116516,0.005391297396272421
1.0,4.394911766052246,0.6697850823402405,0.005391297396272421
1.0,4.403015851974487,0.6697850823402405,0.03633580729365349
1.0,4.411249399185181,0.6697850823402405,0.03633580729365349
1.0,4.419528484344482,1.0,0.06324488669633865
1.0,4.427753925323486,1.0,0.06324488669633865
1.0,4.435944080352783,1.0,0.08377037942409515
1.0,4.444056272506714,1.0,0.08377037942409515
1.0,4.452161550521851,1.0,0.09627318382263184
1.0,4.460304498672485,0.9784587025642395,0.09627318382263184
1.0,4.468484878540039,0.9784587025642395,0.09993056952953339
1.0,4.476596117019653,0.4466482698917389,0.09993056952953339
1.0,4.484703540802002,0.4466482698917389,0.09476052224636078
1.0,4.492831230163574,0.4466482698917389,0.09476052224636078
1.0,4.5009589195251465,0.08530446141958237,0.08156833797693253
1.0,4.50907301902771,0.08530446141958237,0.08156833797693253
1.0,4.517193078994751,-0.27671921253204346,0.06182648241519928
1.0,4.525305986404419,-0.27671921253204346,0.06182648241519928
1.0,4.533538579940796,-0.27671921253204346,0.037504345178604126
1.0,4.5416858196258545,-0.8114928603172302,0.037504345178604126
1.0,4.549814462661743,-0.8114928603172302,0.01086646132171154
1.0,4.557963609695435,-1.0,0.01086646132171154
1.0,4.566101312637329,-1.0,-0.015739912167191505
1.0,4.57423210144043,-1.0,-0.015739912167191505
1.0,4.582401990890503,-1.0,-0.04008888453245163
1.0,4.590540885925293,-1.0,-0.04008888453245163
1.0,4.5986528396606445,-1.0,-0.06025516241788864
1.0,4.60676908493042,-1.0,-0.06025516241788864
1.0,4.6148810386657715,-0.7462741732597351,-0.07475491613149643
1.0,4.6229822635650635,-0.7462741732597351,-0.07475491613149643
1.0,4.631082534790039,-0.7462741732597351,-0.08264010399580002
1.0,4.639157295227051,-0.3255856931209564,-0.08264010399580002
1.0,4.647365093231201,-0.3255856931209564,-0.08354230970144272
1.0,4.655622959136963,0.2588880956172943,-0.08354230970144272
1.0,4.663743734359741,0.2588880956172943,-0.07766636461019516
1.0,4.671872138977051,0.2588880956172943,-0.07766636461019516
1.0,4.679989814758301,0.8347166180610657,-0.06573886424303055
1.0,4.688117742538452,0.8347166180610657,-0.06573886424303055
1.0,4.6962502002716064,1.0,-0.04891906678676605
1.0,4.704394102096558,1.0,-0.04891906678676605
1.0,4.71250581741333,1.0,-0.028682764619588852
1.0,4.720648288726807,1.0,-0.028682764619588852
1.0,4.728798151016235,1.0,-0.006689978763461113
1.0,4.7369349002838135,1.0,-0.006689978763461113
1.0,4.745070457458496,1.0,0.015351741574704647
1.0,4.753209114074707,1.0,0.015351741574704647
1.0,4.761381387710571,1.0,0.03581768274307251
1.0,4.769509553909302,1.0,0.03581768274307251
1.0,4.777662992477417,1.0,0.053280722349882126
1.0,4.785820245742798,1.0,0.053280722349882126
1.0,4.7939417362213135,0.8951209187507629,0.06660319864749908
1.0,4.8020617961883545,0.8951209187507629,0.06660319864749908
1.0,4.8101887702941895,0.8951209187507629,0.07500103861093521
1.0,4.818310022354126,0.3531160354614258,0.07807785272598267
1.0,4.826441764831543,0.3531160354614258,0.07807785272598267
1.0,4.834660053253174,-0.022403152659535408,0.07807785272598267
1.0,4.842774391174316,-0.022403152659535408,0.07582897692918777
1.0,4.850924253463745,-0.022403152659535408,0.07582897692918777
1.0,4.859147310256958,-0.5808303356170654,0.0686175599694252
1.0,4.867283344268799,-0.5808303356170654,0.0686175599694252
1.0,4.875412940979004,-0.9442757368087769,0.05712695047259331
1.0,4.883499383926392,-0.9442757368087769,0.05712695047259331
1.0,4.89164137840271,-0.9442757368087769,0.04229430481791496
1.0,4.89980149269104,-1.0,0.02523219585418701
1.0,4.907911539077759,-1.0,0.02523219585418701
1.0,4.916015386581421,-1.0,0.007143625523895025
1.0,4.924121379852295,-1.0,0.007143625523895025
1.0,4.932246685028076,-1.0,-0.01076244842261076
1.0,4.940387964248657,-0.970865786075592,-0.01076244842261076
1.0,4.948505878448486,-0.970865786075592,-0.02735007554292679
1.0,4.956628322601318,-0.5270583629608154,-0.02735007554292679
1.0,4.964741945266724,-0.5270583629608154,-0.04162466898560524
1.0,4.972846746444702,-0.5270583629608154,-0.04162466898560524
1.0,4.980975389480591,-0.2186388075351715,-0.05278746411204338
1.0,4.989099979400635,-0.2186388075351715,-0.05278746411204338
1.0,4.997209072113037,0.2573769688606262,-0.06027349457144737
1.0,5.00531268119812,0.2573769688606262,-0.06027349457144737
1.0,5.013439655303955,0.2573769688606262,-0.06377218663692474
1.0,5.0215981006622314,0.5715552568435669,-0.06377218663692474
1.0,5.029721021652222,0.5715552568435669,-0.0632307156920433
1.0,5.0378406047821045,0.8788188099861145,-0.0632307156920433
1.0,5.0459442138671875,0.8788188099861145,-0.058841295540332794
1.0,5.054238319396973,0.8788188099861145,-0.058841295540332794
1.0,5.062416076660156,1.0,-0.05101461336016655
1.0,5.070559978485107,1.0,-0.05101461336016655
1.0,5.078680038452148,1.0,-0.05101461336016655
1.0,5.0868144035339355,1.0,-0.04034196957945824
1.0,5.0949437618255615,1.0,-0.04034196957945824
1.0,5.103108644485474,1.0,-0.0275496207177639
1.0,5.111239910125732,1.0,-0.0275496207177639
1.0,5.119349479675293,1.0,-0.013448336161673069
1.0,5.127482175827026,1.0,-0.013448336161673069
1.0,5.1356048583984375,1.0,0.0011181143345311284
1.0,5.1437108516693115,0.550003170967102,0.0011181143345311284
1.0,5.15181827545166,0.550003170967102,0.01532268151640892
1.0,5.160017967224121,0.18901094794273376,0.01532268151640892
1.0,5.169195175170898,0.18901094794273376,0.028400233015418053
1.0,5.177417278289795,0.18901094794273376,0.03968600928783417
1.0,5.185588836669922,-0.31992217898368835,0.03968600928783417
1.0,5.193726062774658,-0.31992217898368835,0.04864569753408432
1.0,5.20186448097229,-0.7062109112739563,0.04864569753408432
1.0,5.210052728652954,-0.7062109112739563,0.05489622801542282
1.0,5.218296051025391,-0.7062109112739563,0.05489622801542282
1.0,5.226447105407715,-1.0,0.05821693316102028
1.0,5.234607934951782,-1.0,0.05821693316102028
1.0,5.242768049240112,-1.0,0.05855116248130798
1.0,5.250911235809326,-1.0,0.05855116248130798
1.0,5.259052991867065,-1.0,0.05599907040596008
1.0,5.267210245132446,-1.0,0.05599907040596008
1.0,5.275338411331177,-1.0,0.05080277845263481
1.0,5.283503770828247,-1.0,0.05080277845263481
1.0,5.291639089584351,-1.0,0.043325357139110565
1.0,5.29978346824646,-1.0,0.043325357139110565
1.0,5.307913780212402,-1.0,0.03402504324913025
1.0,5.31604528427124,-1.0,0.03402504324913025
1.0,5.324172735214233,-1.0,0.023426521569490433
1.0,5.332309007644653,-1.0,0.023426521569490433
1.0,5.340477466583252,-1.0,0.01209107507020235
1.0,5.348609447479248,-0.9346334934234619,0.01209107507020235
1.0,5.356727600097656,-0.9346334934234619,0.0005869382293894887
1.0,5.364837884902954,-0.605975866317749,0.0005869382293894887
1.0,5.37298846244812,-0.605975866317749,-0.010538420639932156
1.0,5.381155729293823,-0.605975866317749,-0.010538420639932156
1.0,5.38929009437561,-0.11262193322181702,-0.02078304812312126
1.0,5.397423028945923,-0.11262193322181702,-0.02078304812312126
1.0,5.405498743057251,0.3530409336090088,-0.02971133403480053
1.0,5.4136247634887695,0.3530409336090088,-0.02971133403480053
1.0,5.421741485595703,0.6936057806015015,-0.036970146000385284
1.0,5.429858684539795,0.6936057806015015,-0.036970146000385284
1.0,5.437967777252197,0.6936057806015015,-0.04229990765452385
1.0,5.446094274520874,1.0,-0.04229990765452385
1.0,5.454211711883545,1.0,-0.045540738850831985
1.0,5.462338209152222,1.0,-0.045540738850831985
1.0,5.470482587814331,1.0,-0.04663340374827385
1.0,5.47863507270813,1.0,-0.04663340374827385
1.0,5.4867777824401855,1.0,-0.04561576247215271
1.0,5.494924068450928,1.0,-0.04561576247215271
1.0,5.5030529499053955,1.0,-0.0426151379942894
1.0,5.511178493499756,1.0,-0.0426151379942894
1.0,5.519290924072266,1.0,-0.037837184965610504
1.0,5.527413845062256,1.0,-0.037837184965610504
1.0,5.5354931354522705,1.0,-0.031552426517009735
1.0,5.543623447418213,0.7783711552619934,-0.031552426517009735
1.0,5.551764726638794,0.7783711552619934,-0.024080578237771988
1.0,5.559906244277954,0.7783711552619934,-0.024080578237771988
1.0,5.568038463592529,0.39699479937553406,-0.01577426679432392
1.0,5.576162338256836,0.39699479937553406,-0.007002351339906454
1.0,5.584278583526611,0.15864089131355286,-0.007002351339906454
1.0,5.592404365539551,0.15864089131355286,-0.007002351339906454
1.0,5.600496768951416,0.15864089131355286,0.0018662268994376063
1.0,5.6086297035217285,-0.2051454335451126,0.0018662268994376063
1.0,5.616756916046143,-0.2051454335451126,0.010477360337972641
1.0,5.624871253967285,-0.42040109634399414,0.018505042418837547
1.0,5.63298773765564,-0.42040109634399414,0.018505042418837547
1.0,5.641117811203003,-0.42040109634399414,0.018505042418837547
1.0,5.649261713027954,-0.6329435110092163,0.025662532076239586
1.0,5.657397985458374,-0.6329435110092163,0.031711190938949585
1.0,5.665485858917236,-0.9583410024642944,0.031711190938949585
1.0,5.6735851764678955,-0.9583410024642944,0.03646668791770935
1.0,5.681699275970459,-0.9583410024642944,0.03646668791770935
1.0,5.689838886260986,-1.0,0.03980281576514244
1.0,5.6989405155181885,-1.0,0.03980281576514244
1.0,5.7071146965026855,-1.0,0.04165254160761833
1.0,5.715236186981201,-1.0,0.04165254160761833
1.0,5.723339557647705,-1.0,0.0420069545507431
1.0,5.731440782546997,-1.0,0.0420069545507431
1.0,5.739566087722778,-1.0,0.04091203212738037
1.0,5.747680902481079,-0.7722403407096863,0.04091203212738037
1.0,5.7557899951934814,-0.7722403407096863,0.0384635291993618
1.0,5.763896942138672,-0.4092244505882263,0.0384635291993618
1.0,5.772004127502441,-0.4092244505882263,0.034800440073013306
1.0,5.78021240234375,-0.4092244505882263,0.034800440073013306
1.0,5.7883360385894775,-0.17487826943397522,0.03009745664894581
1.0,5.796471834182739,-0.17487826943397522,0.03009745664894581
1.0,5.804585695266724,0.15912887454032898,0.02455650083720684
1.0,5.812712907791138,0.15912887454032898,0.02455650083720684
1.0,5.820856332778931,0.15912887454032898,0.01839805394411087
1.0,5.8289794921875,0.37273019552230835,0.01839805394411087
1.0,5.8371031284332275,0.37273019552230835,0.011852382682263851
1.0,5.84523606300354,0.6655047535896301,0.011852382682263851
1.0,5.853368520736694,0.6655047535896301,0.0051510995253920555
1.0,5.861495018005371,0.6655047535896301,0.0051510995253920555
1.0,5.869615316390991,0.8493169546127319,-0.001480760402046144
1.0,5.877756834030151,0.8493169546127319,-0.001480760402046144
1.0,5.885884523391724,1.0,-0.007831832394003868
1.0,5.894024848937988,1.0,-0.007831832394003868
1.0,5.90216064453125,1.0,-0.013710561208426952
1.0,5.910282373428345,1.0,-0.013710561208426952
1.0,5.91840386390686,1.0,-0.018950235098600388
1.0,5.926543712615967,1.0,-0.018950235098600388
1.0,5.934735298156738,1.0,-0.023412806913256645
1.0,5.942860126495361,1.0,-0.023412806913256645
1.0,5.950998544692993,1.0,-0.026991548016667366
1.0,5.9591147899627686,1.0,-0.026991548016667366
1.0,5.967240810394287,1.0,-0.029612507671117783
1.0,5.975356578826904,1.0,-0.029612507671117783
1.0,5.9834558963775635,1.0,-0.031234748661518097
1.0,5.991579294204712,1.0,-0.031234748661518097
1.0,5.999680757522583,1.0,-0.031849656254053116
1.5,2.86102294921875e-06,1.0,-0.031849656254053116
1.5,0.00811147689819336,1.0,-0.031479138880968094
1.5,0.01624894142150879,1.0,-0.031479138880968094
1.5,0.024359941482543945,0.7301830053329468,-0.030173128470778465
1.5,0.03245282173156738,0.7301830053329468,-0.030173128470778465
1.5,0.0405573844909668,0.41404208540916443,-0.028006337583065033
1.5,0.048696041107177734,0.41404208540916443,-0.028006337583065033
1.5,0.05682826042175293,0.1883973330259323,-0.02507457695901394
1.5,0.06494402885437012,0.1883973330259323,-0.02507457695901394
1.5,0.07304739952087402,0.1883973330259323,-0.02149064652621746
1.5,0.08114385604858398,-0.15648621320724487,-0.02149064652621746
1.5,0.089263916015625,-0.15648621320724487,-0.01738004758954048
1.5,0.09740066528320312,-0.4414752423763275,-0.01738004758954048
1.5,0.10546588897705078,-0.4414752423763275,-0.012876590713858604
1.5,0.11355471611022949,-0.4414752423763275,-0.012876590713858604
1.5,0.12166047096252441,-0.7313718199729919,-0.008118174970149994
1.5,0.12980294227600098,-0.7313718199729919,-0.008118174970149994
1.5,0.13791346549987793,-1.0,-0.003242664970457554
1.5,0.14603042602539062,-1.0,-0.003242664970457554
1.5,0.15414214134216309,-1.0,0.0016159005463123322
1.5,0.16225266456604004,-1.0,0.0016159005463123322
1.5,0.17037630081176758,-1.0,0.006330721080303192
1.5,0.17848682403564453,-1.0,0.006330721080303192
1.5,0.1866164207458496,-1.0,0.010785196907818317
1.5,0.19469642639160156,-1.0,0.014875422231853008
1.5,0.2039964199066162,-1.0,0.014875422231853008
1.5,0.21219086647033691,-1.0,0.018512122333049774
1.5,0.22031092643737793,-1.0,0.018512122333049774
1.5,0.22843170166015625,-1.0,0.021622104570269585
1.5,0.2366023063659668,-1.0,0.021622104570269585
1.5,0.24473333358764648,-1.0,0.024149121716618538
1.5,0.25285768508911133,-1.0,0.024149121716618538
1.5,0.2609679698944092,-1.0,0.026054268702864647
1.5,0.2690761089324951,-1.0,0.026054268702864647
1.5,0.277179479598999,-0.9828152656555176,0.027315931394696236
1.5,0.2853050231933594,-0.9828152656555176,0.027315931394696236
1.5,0.2934715747833252,-0.9828152656555176,0.027929240837693214
1.5,0.30159831047058105,-0.7139534950256348,0.027929240837693214
1.5,0.3096909523010254,-0.7139534950256348,0.027905115857720375
1.5,0.3177945613861084,-0.3971642255783081,0.027905115857720375
1.5,0.3259098529815674,-0.3971642255783081,0.02726912684738636
1.5,0.334031343460083,-0.3971642255783081,0.02726912684738636
1.5,0.34214162826538086,-0.1919403225183487,0.02605990506708622
1.5,0.3502664566040039,-0.1919403225183487,0.02605990506708622
1.5,0.3583865165710449,0.09895828366279602,0.02432745136320591
1.5,0.3665022850036621,0.09895828366279602,0.02432745136320591
1.5,0.3746185302734375,0.09895828366279602,0.022131260484457016
1.5,0.3826918601989746,0.2889306843280792,0.022131260484457016
1.5,0.39078187942504883,0.2889306843280792,0.019538328051567078
1.5,0.3988924026489258,0.5984244346618652,0.019538328051567078
1.5,0.40702056884765625,0.5984244346618652,0.01662120409309864
1.5,0.4151265621185303,0.5984244346618652,0.01662120409309864
1.5,0.4232456684112549,0.8308454155921936,0.013455944135785103
1.5,0.43135738372802734,0.8308454155921936,0.013455944135785103
1.5,0.4396514892578125,1.0,0.010120199993252754
1.5,0.4478607177734375,1.0,0.010120199993252754
1.5,0.45598268508911133,1.0,0.006691409274935722
1.5,0.46408820152282715,1.0,0.006691409274935722
1.5,0.47219109535217285,1.0,0.0032450747676193714
1.5,0.48030924797058105,1.0,0.0032450747676193714
1.5,0.4884335994720459,1.0,-0.00014673182158730924
1.5,0.4965381622314453,1.0,-0.00014673182158730924
1.5,0.5046584606170654,1.0,-0.0034167298581451178
1.5,0.5127995014190674,1.0,-0.0034167298581451178
1.5,0.5209240913391113,1.0,-0.006503565702587366
1.5,0.5290765762329102,1.0,-0.006503565702587366
1.5,0.5372066497802734,1.0,-0.00935273990035057
1.5,0.5454020500183105,1.0,-0.00935273990035057
1.5,0.553520679473877,1.0,-0.011917322874069214
1.5,0.5617399215698242,1.0,-0.011917322874069214
1.5,0.5699284076690674,1.0,-0.01415845938026905
1.5,0.5780713558197021,1.0,-0.01415845938026905
1.5,0.5861973762512207,1.0,-0.01604565978050232
1.5,0.5943825244903564,1.0,-0.01604565978050232
1.5,0.6025476455688477,0.852587103843689,-0.017556915059685707
1.5,0.6107068061828613,0.852587103843689,-0.017556915059685707
1.5,0.6188459396362305,0.6218427419662476,-0.018678607419133186
1.5,0.6269924640655518,0.6218427419662476,-0.018678607419133186
1.5,0.6351470947265625,0.6218427419662476,-0.01940525881946087
1.5,0.6432774066925049,0.3820609748363495,-0.01940525881946087
1.5,0.6514120101928711,0.3820609748363495,-0.01973915658891201
1.5,0.659536600112915,0.10287538915872574,-0.019689828157424927
1.5,0.6677608489990234,0.10287538915872574,-0.019689828157424927
1.5,0.6758818626403809,0.10287538915872574,-0.019689828157424927
1.5,0.6839940547943115,-0.1647004783153534,-0.019273409619927406
1.5,0.6921186447143555,-0.1647004783153534,-0.018511904403567314
1.5,0.7002286911010742,-0.3338935673236847,-0.018511904403567314
1.5,0.7083423137664795,-0.3338935673236847,-0.01743250899016857
1.5,0.7164921760559082,-0.3338935673236847,-0.01743250899016857
1.5,0.7246482372283936,-0.6036563515663147,-0.01743250899016857
1.5,0.7327485084533691,-0.6036563515663147,-0.016066687181591988
1.5,0.7408759593963623,-0.8747743368148804,-0.014449414797127247
1.5,0.7490048408508301,-0.8747743368148804,-0.014449414797127247
1.5,0.7571287155151367,-0.8747743368148804,-0.012618280947208405
1.5,0.7652795314788818,-1.0,-0.012618280947208405
1.5,0.7734873294830322,-1.0,-0.010612675920128822
1.5,0.781646728515625,-1.0,-0.010612675920128822
1.5,0.7897868156433105,-1.0,-0.00847299862653017
1.5,0.7978894710540771,-1.0,-0.00847299862653017
1.5,0.8060116767883301,-1.0,-0.006239855196326971
1.5,0.8141446113586426,-1.0,-0.006239855196326971
1.5,0.8222458362579346,-1.0,-0.00395338237285614
1.5,0.830345630645752,-1.0,-0.00395338237285614
1.5,0.8384554386138916,-1.0,-0.0016525662504136562
1.5,0.8465735912322998,-1.0,-0.0016525662504136562
1.5,0.8546872138977051,-1.0,0.0006253424799069762
1.5,0.8627896308898926,-1.0,0.0006253424799069762
1.5,0.8708963394165039,-1.0,0.0028453427366912365
1.5,0.8790023326873779,-1.0,0.0028453427366912365
1.5,0.8871233463287354,-1.0,0.004975124727934599
1.5,0.8952662944793701,-1.0,0.004975124727934599
1.5,0.9033806324005127,-1.0,0.0069854347966611385
1.5,0.9114868640899658,-1.0,0.0069854347966611385
1.5,0.9195992946624756,-1.0,0.008850369602441788
1.5,0.9277064800262451,-1.0,0.008850369602441788
1.5,0.9358155727386475,-1.0,0.010547574609518051
1.5,0.9439284801483154,-0.9022051095962524,0.010547574609518051
1.5,0.9520533084869385,-0.9022051095962524,0.012058385647833347
1.5,0.9601714611053467,-0.6282890439033508,0.012058385647833347
1.5,0.9682719707489014,-0.6282890439033508,0.013367912732064724
1.5,0.9763925075531006,-0.6282890439033508,0.013367912732064724
1.5,0.9845497608184814,-0.4211074113845825,0.014465002343058586
1.5,0.9926443099975586,-0.4211074113845825,0.014465002343058586
1.5,1.000800371170044,-0.18522174656391144,0.015342234633862972
1.5,1.0090107917785645,-0.18522174656391144,0.015342234633862972
1.5,1.0171098709106445,-0.18522174656391144,0.01599576510488987
1.5,1.0252048969268799,0.04026786983013153,0.01599576510488987
1.5,1.0333125591278076,0.04026786983013153,0.016425171867012978
1.5,1.041426658630371,0.193277508020401,0.016425171867012978
1.5,1.0495615005493164,0.193277508020401,0.016633272171020508
1.5,1.0576958656311035,0.193277508020401,0.016633272171020508
1.5,1.0658209323883057,0.3639310598373413,0.01662585511803627
1.5,1.0739586353302002,0.3639310598373413,0.01662585511803627
1.5,1.0820751190185547,0.618975043296814,0.016411462798714638
1.5,1.0901727676391602,0.618975043296814,0.016411462798714638
1.5,1.098283052444458,0.618975043296814,0.01600104197859764
1.5,1.1064023971557617,0.8625008463859558,0.01600104197859764
1.5,1.114591121673584,0.8625008463859558,0.015407678671181202
1.5,1.1227145195007324,1.0,0.015407678671181202
1.5,1.130845546722412,1.0,0.014646275900304317
1.5,1.1389718055725098,1.0,0.014646275900304317
1.5,1.1470987796783447,1.0,0.013733240775763988
1.5,1.1552071571350098,1.0,0.013733240775763988
1.5,1.1633145809173584,1.0,0.012686149217188358
1.5,1.1714317798614502,1.0,0.012686149217188358
1.5,1.1795616149902344,1.0,0.01152345072478056
1.5,1.1876990795135498,1.0,0.01152345072478056
1.5,1.1958088874816895,1.0,0.010264168493449688
1.5,1.204904556274414,1.0,0.010264168493449688
1.5,1.2130804061889648,1.0,0.008927606046199799
1.5,1.2212138175964355,1.0,0.008927606046199799
1.5,1.2293682098388672,1.0,0.007533058989793062
1.5,1.2374968528747559,1.0,0.006099598482251167
1.5,1.2456200122833252,1.0,0.006099598482251167
1.5,1.253828763961792,1.0,0.004645803943276405
1.5,1.261960744857788,1.0,0.004645803943276405
1.5,1.27012300491333,1.0,0.003189574461430311
1.5,1.2782740592956543,1.0,0.003189574461430311
1.5,1.2864289283752441,1.0,0.001747938571497798
1.5,1.2945587635040283,1.0,0.001747938571497798
1.5,1.3026962280273438,1.0,0.0003368939505890012
1.5,1.3108298778533936,1.0,0.0003368939505890012
1.5,1.3189401626586914,1.0,-0.0010287290206179023
1.5,1.3271183967590332,0.8490458726882935,-0.0010287290206179023
1.5,1.3353068828582764,0.8490458726882935,-0.0023353779688477516
1.5,1.3434457778930664,0.6551151871681213,-0.0023353779688477516
1.5,1.351562738418579,0.6551151871681213,-0.0035708642099052668
1.5,1.359694242477417,0.5332216024398804,-0.0035708642099052668
1.5,1.3678288459777832,0.5332216024398804,-0.004724427592009306
1.5,1.3759713172912598,0.5332216024398804,-0.004724427592009306
1.5,1.3841173648834229,0.3285842537879944,-0.005786777473986149
1.5,1.3922827243804932,0.3285842537879944,-0.005786777473986149
1.5,1.4004542827606201,0.17731843888759613,-0.00675011845305562
1.5,1.4085967540740967,0.17731843888759613,-0.00675011845305562
1.5,1.4167797565460205,0.17731843888759613,-0.0076081352308392525
1.5,1.4249043464660645,0.00039904797449707985,-0.0076081352308392525
1.5,1.433039665222168,0.00039904797449707985,-0.00835599098354578
1.5,1.441194772720337,-0.2915026843547821,-0.00835599098354578
1.5,1.4493138790130615,-0.2915026843547821,-0.008990291506052017
1.5,1.4574275016784668,-0.2915026843547821,-0.008990291506052017
1.5,1.4655413627624512,-0.49620991945266724,-0.009509019553661346
1.5,1.4736802577972412,-0.49620991945266724,-0.009509019553661346
1.5,1.4818000793457031,-0.7890793085098267,-0.009911499917507172
1.5,1.4899086952209473,-0.7890793085098267,-0.009911499917507172
1.5,1.4980170726776123,-0.9673712253570557,-0.010198305360972881
1.5,1.506164312362671,-0.9673712253570557,-0.010198305360972881
1.5,1.5142972469329834,-0.9673712253570557,-0.010371189564466476
1.5,1.5228838920593262,-1.0,-0.010371189564466476
1.5,1.531055212020874,-1.0,-0.010432977229356766
1.5,1.5391552448272705,-1.0,-0.010432977229356766
1.5,1.547250509262085,-1.0,-0.010387497954070568
1.5,1.5553650856018066,-1.0,-0.010387497954070568
1.5,1.563514232635498,-1.0,-0.010239441879093647
1.5,1.5716958045959473,-1.0,-0.010239441879093647
1.5,1.5798070430755615,-1.0,-0.009994304738938808
1.5,1.5879125595092773,-1.0,-0.009994304738938808
1.5,1.5960078239440918,-1.0,-0.0096582667902112
1.5,1.604128360748291,-1.0,-0.0096582667902112
1.5,1.6122441291809082,-1.0,-0.009238076396286488
1.5,1.620354175567627,-1.0,-0.009238076396286488
1.5,1.6284558773040771,-1.0,-0.008740941062569618
1.5,1.6365892887115479,-1.0,-0.008740941062569618
1.5,1.6446921825408936,-1.0,-0.008174463175237179
1.5,1.6527900695800781,-1.0,-0.007546501699835062
1.5,1.6609127521514893,-1.0,-0.007546501699835062
1.5,1.6690466403961182,-1.0,-0.006865099538117647
1.5,1.6771607398986816,-1.0,-0.006865099538117647
1.5,1.6852853298187256,-1.0,-0.006865099538117647
1.5,1.693434715270996,-1.0,-0.006138392724096775
1.5,1.7015621662139893,-1.0,-0.005374522414058447
1.5,1.709665060043335,-1.0,-0.005374522414058447
1.5,1.7177748680114746,-1.0,-0.004581552930176258
1.5,1.725883960723877,-1.0,-0.004581552930176258
1.5,1.7340140342712402,-1.0,-0.003767409361898899
1.5,1.7421228885650635,-1.0,-0.003767409361898899
1.5,1.750218391418457,-1.0,-0.002939809113740921
1.5,1.7583181858062744,-1.0,-0.002939809113740921
1.5,1.7664210796356201,-0.9183594584465027,-0.0021061948500573635
1.5,1.7745282649993896,-0.9183594584465027,-0.0021061948500573635
1.5,1.7826452255249023,-0.7638764977455139,-0.0012736923526972532
1.5,1.79075288772583,-0.7638764977455139,-0.0012736923526972532
1.5,1.7988519668579102,-0.7638764977455139,-0.0004490599094424397
1.5,1.806952953338623,-0.49402540922164917,-0.0004490599094424397
1.5,1.815061330795288,-0.49402540922164917,0.00036134771653451025
1.5,1.8231680393218994,-0.3114334046840668,0.00036134771653451025
1.5,1.8312795162200928,-0.3114334046840668,0.0011516138911247253
1.5,1.839388132095337,-0.06322970986366272,0.0011516138911247253
1.5,1.847505807876587,-0.06322970986366272,0.0019162858370691538
1.5,1.8556408882141113,-0.06322970986366272,0.0019162858370691538
1.5,1.8637778759002686,0.08205870538949966,0.0026503917761147022
1.5,1.8718910217285156,0.08205870538949966,0.0026503917761147022
1.5,1.880033016204834,0.08205870538949966,0.003349458100274205
1.5,1.8881607055664062,0.2048138976097107,0.003349458100274205
1.5,1.8962693214416504,0.2048138976097107,0.004009515978395939
1.5,1.9043781757354736,0.3034134805202484,0.004009515978395939
1.5,1.9125120639801025,0.3034134805202484,0.004627107176929712
1.5,1.9206883907318115,0.3034134805202484,0.004627107176929712
1.5,1.9288110733032227,0.2942219078540802,0.005199273582547903
1.5,1.9369175434112549,0.2942219078540802,0.005199273582547903
1.5,1.945042371749878,0.40158265829086304,0.005723570007830858
1.5,1.9531710147857666,0.40158265829086304,0.005723570007830858
1.5,1.9612822532653809,0.40158265829086304,0.0061980318278074265
1.5,1.9694056510925293,0.4583818018436432,0.0061980318278074265
1.5,1.9775254726409912,0.4583818018436432,0.006621178239583969
1.5,1.9857177734375,0.46797895431518555,0.006621178239583969
1.5,1.9938435554504395,0.46797895431518555,0.006991987582296133
1.5,2.0025124549865723,0.46797895431518555,0.006991987582296133
1.5,2.0106794834136963,0.6251914501190186,0.0073098791763186455
1.5,2.0188021659851074,0.6251914501190186,0.0073098791763186455
1.5,2.026899576187134,0.7206850051879883,0.007574696559458971
1.5,2.034989356994629,0.7206850051879883,0.007574696559458971
1.5,2.0430965423583984,0.8775176405906677,0.007786671631038189
1.5,2.052513599395752,0.8775176405906677,0.007786671631038189
1.5,2.0607967376708984,1.0,0.00794641487300396
1.5,2.068930149078369,1.0,0.00794641487300396
1.5,2.0770375728607178,1.0,0.008054875768721104
1.5,2.085240364074707,1.0,0.008054875768721104
1.5,2.0933492183685303,1.0,0.008113321848213673
1.5,2.1014351844787598,1.0,0.008113321848213673
1.5,2.109508991241455,1.0,0.008123308420181274
1.5,2.117591381072998,1.0,0.008123308420181274
1.5,2.1257164478302,1.0,0.008086641319096088
1.5,2.1338798999786377,1.0,0.008086641319096088
1.5,2.1419923305511475,1.0,0.008005376905202866
1.5,2.150092601776123,1.0,0.008005376905202866
1.5,2.158194065093994,1.0,0.007881755009293556
1.5,2.1662936210632324,1.0,0.007881755009293556
1.5,2.174398183822632,1.0,0.007718198001384735
1.5,2.1826577186584473,1.0,0.007718198001384735
1.5,2.190793752670288,1.0,0.007517264690250158
1.5,2.1989142894744873,1.0,0.007281641010195017
1.5,2.2070417404174805,1.0,0.007281641010195017
1.5,2.2151858806610107,1.0,0.007281641010195017
1.5,2.223370313644409,1.0,0.007014101836830378
1.5,2.231489896774292,1.0,0.006717492360621691
1.5,2.239595651626587,1.0,0.006717492360621691
1.5,2.2477073669433594,1.0,0.006394701078534126
1.5,2.2558276653289795,1.0,0.006394701078534126
1.5,2.26393985748291,1.0,0.006048634648323059
1.5,2.272052764892578,1.0,0.006048634648323059
1.5,2.280183792114258,1.0,0.005682212766259909
1.5,2.2883007526397705,1.0,0.005682212766259909
1.5,2.29640793800354,1.0,0.005298329051584005
1.5,2.3044934272766113,1.0,0.005298329051584005
1.5,2.3125717639923096,1.0,0.004899835679680109
1.5,2.3211941719055176,1.0,0.004899835679680109
1.5,2.329345941543579,0.9393697381019592,0.004489541053771973
1.5,2.3374545574188232,0.9393697381019592,0.004489541053771973
1.5,2.3455610275268555,0.8399184942245483,0.004070177674293518
1.5,2.3536641597747803,0.8399184942245483,0.004070177674293518
1.5,2.361847162246704,0.8399184942245483,0.003644402837380767
1.5,2.370022773742676,0.7607616782188416,0.003644402837380767
1.5,2.3781192302703857,0.7607616782188416,0.0032147765159606934
1.5,2.3862221240997314,0.6817091107368469,0.0032147765159606934
1.5,2.3943331241607666,0.6817091107368469,0.0027837560046464205
1.5,2.4024477005004883,0.568523108959198,0.0027837560046464205
1.5,2.410548448562622,0.568523108959198,0.002353684278205037
1.5,2.418659210205078,0.568523108959198,0.002353684278205037
1.5,2.426788330078125,0.5165800452232361,0.001926784054376185
1.5,2.434893846511841,0.5165800452232361,0.001926784054376185
1.5,2.4430088996887207,0.5165800452232361,0.0015051460359245539
1.5,2.45113205909729,0.47226282954216003,0.0015051460359245539
1.5,2.4592366218566895,0.47226282954216003,0.0010907344985753298
1.5,2.46734619140625,0.42430874705314636,0.0010907344985753298
1.5,2.475461721420288,0.42430874705314636,0.0006853720406070352
1.5,2.483593225479126,0.42430874705314636,0.0006853720406070352
1.5,2.491762638092041,0.4490742087364197,0.00029074324993416667
1.5,2.500056028366089,0.4490742087364197,0.00029074324993416667
1.5,2.508195400238037,0.44934481382369995,-9.160934860119596e-05
1.5,2.5163261890411377,0.44934481382369995,-9.160934860119596e-05
1.5,2.524445056915283,0.44934481382369995,-0.0004602851113304496
1.5,2.5325632095336914,0.32486268877983093,-0.0004602851113304496
1.5,2.5406887531280518,0.32486268877983093,-0.0008140249992720783
1.5,2.5487918853759766,0.24152757227420807,-0.0008140249992720783
1.5,2.55690598487854,0.24152757227420807,-0.0011517110979184508
1.5,2.5650179386138916,0.24152757227420807,-0.0011517110979184508
1.5,2.573140859603882,0.06261761486530304,-0.0014723630156368017
1.5,2.581254005432129,0.06261761486530304,-0.0014723630156368017
1.5,2.589350938796997,-0.08851993083953857,-0.0017751401755958796
1.5,2.5974581241607666,-0.08851993083953857,-0.0017751401755958796
1.5,2.605613946914673,-0.3277494013309479,-0.0020593316294252872
1.5,2.6138482093811035,-0.3277494013309479,-0.0020593316294252872
1.5,2.6219496726989746,-0.3277494013309479,-0.0023243555333465338
1.5,2.630049228668213,-0.48397552967071533,-0.0023243555333465338
1.5,2.6381447315216064,-0.48397552967071533,-0.002569756004959345
1.5,2.6462690830230713,-0.6245360970497131,-0.002569756004959345
1.5,2.6543829441070557,-0.6245360970497131,-0.002795196371152997
1.5,2.6624927520751953,-0.6245360970497131,-0.002795196371152997
1.5,2.670685291290283,-0.801240086555481,-0.0030004545114934444
1.5,2.678837537765503,-0.801240086555481,-0.0031854184344410896
1.5,2.6869711875915527,-0.9007148742675781,-0.0031854184344410896
1.5,2.6951091289520264,-0.9007148742675781,-0.0033500781282782555
1.5,2.7032628059387207,-0.9007148742675781,-0.0033500781282782555
1.5,2.7113609313964844,-1.0,-0.0033500781282782555
1.5,2.7194645404815674,-1.0,-0.003494521137326956
1.5,2.7275915145874023,-1.0,-0.0036189265083521605
1.5,2.7357101440429688,-1.0,-0.0036189265083521605
1.5,2.7438251972198486,-1.0,-0.0037235578056424856
1.5,2.7519285678863525,-1.0,-0.0037235578056424856
1.5,2.760031223297119,-1.0,-0.003808759618550539
1.5,2.76816725730896,-1.0,-0.003808759618550539
1.5,2.77629017829895,-1.0,-0.0038749417290091515
1.5,2.7843880653381348,-1.0,-0.0038749417290091515
1.5,2.792491912841797,-1.0,-0.003922587726265192
1.5,2.801820993423462,-1.0,-0.003922587726265192
1.5,2.81000018119812,-1.0,-0.003952236380428076
1.5,2.818141460418701,-1.0,-0.003952236380428076
1.5,2.8262922763824463,-1.0,-0.003964483737945557
1.5,2.8344204425811768,-1.0,-0.003964483737945557
1.5,2.842541217803955,-1.0,-0.003959971014410257
1.5,2.850717544555664,-1.0,-0.003959971014410257
1.5,2.8588476181030273,-1.0,-0.003939380403608084
1.5,2.8669519424438477,-1.0,-0.003939380403608084
1.5,2.875067949295044,-1.0,-0.003903438802808523
1.5,2.8831803798675537,-1.0,-0.003903438802808523
1.5,2.8913047313690186,-1.0,-0.003852881258353591
1.5,2.8994240760803223,-1.0,-0.003852881258353591
1.5,2.9075605869293213,-1.0,-0.003788490779697895
1.5,2.9157121181488037,-1.0,-0.003788490779697895
1.5,2.923833131790161,-1.0,-0.003711062716320157
1.5,2.9319369792938232,-1.0,-0.003711062716320157
1.5,2.9400346279144287,-1.0,-0.0036214059218764305
1.5,2.948136568069458,-1.0,-0.0036214059218764305
1.5,2.956252098083496,-1.0,-0.003520343918353319
1.5,2.964370012283325,-1.0,-0.003520343918353319
1.5,2.9724926948547363,-1.0,-0.0034087051171809435
1.5,2.980595588684082,-1.0,-0.0034087051171809435
1.5,2.988689661026001,-1.0,-0.003287317929789424
1.5,2.99678111076355,-1.0,-0.003287317929789424
1.5,3.004979133605957,-1.0,-0.0031570110004395247
1.5,3.0131139755249023,-0.9991890788078308,-0.0031570110004395247
1.5,3.0212326049804688,-0.9991890788078308,-0.0030186085496097803
1.5,3.0293617248535156,-0.8942992091178894,-0.0030186085496097803
1.5,3.037476062774658,-0.8942992091178894,-0.002872923854738474
1.5,3.045583963394165,-0.8942992091178894,-0.002872923854738474
1.5,3.053697109222412,-0.8367787599563599,-0.002720761811360717
1.5,3.061805009841919,-0.8367787599563599,-0.002720761811360717
1.5,3.069898843765259,-0.7301904559135437,-0.002562911482527852
1.5,3.0780091285705566,-0.7301904559135437,-0.002400145400315523
1.5,3.0861105918884277,-0.6286161541938782,-0.002400145400315523
1.5,3.0942118167877197,-0.6286161541938782,-0.002400145400315523
1.5,3.102320909500122,-0.6286161541938782,-0.0022332167718559504
1.5,3.110431671142578,-0.4815686047077179,-0.0022332167718559504
1.5,3.118563413619995,-0.4815686047077179,-0.0020628594793379307
1.5,3.1267149448394775,-0.4815686047077179,-0.0020628594793379307
1.5,3.1348373889923096,-0.3134186565876007,-0.0018897823756560683
1.5,3.142940044403076,-0.3134186565876007,-0.0018897823756560683
1.5,3.151034116744995,-0.1370677649974823,-0.0017146695172414184
1.5,3.159128427505493,-0.1370677649974823,-0.0015381801640614867
1.5,3.1672651767730713,-0.1370677649974823,-0.0015381801640614867
1.5,3.1754212379455566,0.11515643447637558,-0.0015381801640614867
1.5,3.1835546493530273,0.11515643447637558,-0.0013609461020678282
1.5,3.1917009353637695,0.1730530858039856,-0.0011835723416879773
1.5,3.1998589038848877,0.1730530858039856,-0.0011835723416879773
1.5,3.2080209255218506,0.25079622864723206,-0.0010066312970593572
1.5,3.2161474227905273,0.25079622864723206,-0.0010066312970593572
1.5,3.224292755126953,0.25079622864723206,-0.0008306702366098762
1.5,3.232403039932251,0.3209764361381531,-0.0008306702366098762
1.5,3.2405104637145996,0.3209764361381531,-0.0006562036578543484
1.5,3.2486226558685303,0.25019440054893494,-0.0006562036578543484
1.5,3.2567567825317383,0.25019440054893494,-0.0004837174201384187
1.5,3.2648777961730957,0.25019440054893494,-0.0004837174201384187
1.5,3.2730116844177246,0.3271960914134979,-0.0003136662708129734
1.5,3.281139850616455,0.3271960914134979,-0.0003136662708129734
1.5,3.289323568344116,0.2516131103038788,-0.0001464748929720372
1.5,3.2974984645843506,0.2516131103038788,-0.0001464748929720372
1.5,3.305708169937134,0.3177429735660553,1.7462716641603038e-05
1.5,3.3138527870178223,0.3177429735660553,1.7462716641603038e-05
1.5,3.3219852447509766,0.3177429735660553,0.00017778194160200655
1.5,3.330165147781372,0.344760537147522,0.00017778194160200655
1.5,3.3382816314697266,0.344760537147522,0.0003341481788083911
1.5,3.3463926315307617,0.4132158160209656,0.0003341481788083911
1.5,3.3545093536376953,0.4132158160209656,0.0004862556525040418
1.5,3.3626394271850586,0.4132158160209656,0.0004862556525040418
1.5,3.3707973957061768,0.5064691305160522,0.0006338267121464014
1.5,3.37892746925354,0.5064691305160522,0.0006338267121464014
1.5,3.3870463371276855,0.5559753179550171,0.0007766133639961481
1.5,3.3951826095581055,0.5559753179550171,0.0007766133639961481
1.5,3.403407096862793,0.5559753179550171,0.0009143933421000838
1.5,3.4116435050964355,0.6164514422416687,0.0009143933421000838
1.5,3.419785499572754,0.6164514422416687,0.0010469715343788266
1.5,3.427898645401001,0.6602727174758911,0.0010469715343788266
1.5,3.4360311031341553,0.6602727174758911,0.0011741783237084746
1.5,3.4441545009613037,0.6602727174758911,0.0011741783237084746
1.5,3.4522976875305176,0.6659345626831055,0.0012958695879206061
1.5,3.460441827774048,0.6659345626831055,0.0012958695879206061
1.5,3.468550682067871,0.6420396566390991,0.001411921693943441
1.5,3.4766852855682373,0.6420396566390991,0.001411921693943441
1.5,3.4848506450653076,0.6420396566390991,0.001522241160273552
1.5,3.4930078983306885,0.633857786655426,0.001522241160273552
1.5,3.501136064529419,0.633857786655426,0.0016267506871372461
1.5,3.5092453956604004,0.6387113332748413,0.0016267506871372461
1.5,3.5173492431640625,0.6387113332748413,0.0017253953265026212
1.5,3.5254669189453125,0.6387113332748413,0.0017253953265026212
1.5,3.5335805416107178,0.6968913078308105,0.0018181406194344163
1.5,3.54170298576355,0.6968913078308105,0.0018181406194344163
1.5,3.549830198287964,0.773454487323761,0.001904970733448863
1.5,3.557950258255005,0.773454487323761,0.001904970733448863
1.5,3.566092014312744,0.773454487323761,0.0019858882296830416
1.5,3.574314594268799,0.8692348003387451,0.0019858882296830416
1.5,3.582456350326538,0.8692348003387451,0.0020609123166650534
1.5,3.59057354927063,1.0,0.0020609123166650534
1.5,3.5987141132354736,1.0,0.00213007815182209
1.5,3.606837749481201,1.0,0.002193436725065112
1.5,3.6149404048919678,1.0,0.002193436725065112
1.5,3.6230404376983643,1.0,0.0022510492708534002
1.5,3.631143808364868,1.0,0.0022510492708534002
1.5,3.639253854751587,1.0,0.0022510492708534002
1.5,3.647414207458496,1.0,0.002302998211234808
1.5,3.655539035797119,1.0,0.002302998211234808
1.5,3.663640260696411,1.0,0.0023493692278862
1.5,3.6717636585235596,1.0,0.0023902638349682093
1.5,3.6798830032348633,1.0,0.0023902638349682093
1.5,3.688002347946167,1.0,0.002425791695713997
1.5,3.6961190700531006,1.0,0.002425791695713997
1.5,3.7042179107666016,1.0,0.0024560720194131136
1.5,3.71231746673584,1.0,0.0024560720194131136
1.5,3.7204301357269287,1.0,0.0024812330957502127
1.5,3.728550672531128,1.0,0.0024812330957502127
1.5,3.7366771697998047,1.0,0.0025014099664986134
1.5,3.744823455810547,1.0,0.0025014099664986134
1.5,3.7529287338256836,1.0,0.002516744425520301
1.5,3.7610156536102295,1.0,0.002516744425520301
1.5,3.769108772277832,1.0,0.0025273843202739954
1.5,3.7772152423858643,1.0,0.0025273843202739954
1.5,3.7853341102600098,1.0,0.0025334833189845085
1.5,3.793447256088257,1.0,0.0025334833189845085
1.5,3.8015668392181396,1.0,0.0025351978838443756
1.5,3.809696912765503,1.0,0.0025351978838443756
1.5,3.8178136348724365,1.0,0.0025326889008283615
1.5,3.825921058654785,1.0,0.0025326889008283615
1.5,3.834038496017456,1.0,0.002526120515540242
1.5,3.842160940170288,1.0,0.002526120515540242
1.5,3.850342035293579,1.0,0.0025156571064144373
1.5,3.858463764190674,1.0,0.0025156571064144373
1.5,3.866595983505249,1.0,0.0025014709681272507
1.5,3.874720335006714,1.0,0.0025014709681272507
1.5,3.883047103881836,1.0,0.002483729040250182
1.5,3.891294240951538,1.0,0.002483729040250182
1.5,3.899418354034424,1.0,0.002462601289153099
1.5,3.9075911045074463,1.0,0.002462601289153099
1.5,3.91569447517395,1.0,0.0024382569827139378
1.5,3.9238040447235107,1.0,0.0024382569827139378
1.5,3.93192195892334,1.0,0.0024108667857944965
1.5,3.9400265216827393,1.0,0.0024108667857944965
1.5,3.9481606483459473,1.0,0.0023805988021194935
1.5,3.956280469894409,1.0,0.0023805988021194935
1.5,3.964395761489868,1.0,0.0023476211354136467
1.5,3.97251033782959,1.0,0.0023476211354136467
1.5,3.980633020401001,1.0,0.0023121002595871687
1.5,3.9887516498565674,1.0,0.0023121002595871687
1.5,3.9968526363372803,1.0,0.002274199388921261
1.5,4.00497031211853,1.0,0.002274199388921261
1.5,4.013103485107422,0.9032739400863647,0.002234080573543906
1.5,4.021229028701782,0.9032739400863647,0.002234080573543906
1.5,4.029343366622925,0.9032739400863647,0.0021919028367847204
1.5,4.037451982498169,0.8644132614135742,0.0021919028367847204
1.5,4.045561075210571,0.8644132614135742,0.002147823106497526
1.5,4.053837776184082,0.7949991226196289,0.002147823106497526
1.5,4.061947584152222,0.7949991226196289,0.0021019955165684223
1.5,4.070096254348755,0.7417342662811279,0.0021019955165684223
1.5,4.078216314315796,0.7417342662811279,0.0020545690786093473
1.5,4.08631706237793,0.7417342662811279,0.0020545690786093473
1.5,4.094417572021484,0.6203063130378723,0.002005690708756447
1.5,4.102545499801636,0.6203063130378723,0.002005690708756447
1.5,4.110660791397095,0.5244386196136475,0.0019555052276700735
1.5,4.118873357772827,0.5244386196136475,0.0019555052276700735
1.5,4.127085447311401,0.5244386196136475,0.0019041484920307994
1.5,4.135216236114502,0.34797123074531555,0.0018517562421038747
1.5,4.143343687057495,0.34797123074531555,0.0018517562421038747
1.5,4.151458263397217,0.2187550663948059,0.001798460609279573
1.5,4.1596221923828125,0.2187550663948059,0.001798460609279573
1.5,4.167715787887573,0.2187550663948059,0.001798460609279573
1.5,4.175835847854614,0.1172633171081543,0.001744387554936111
1.5,4.183955669403076,0.1172633171081543,0.0016896596644073725
1.5,4.192087650299072,-0.01042770966887474,0.0016896596644073725
1.5,4.200210809707642,-0.01042770966887474,0.0016343955649062991
1.5,4.208472967147827,-0.07342744618654251,0.0016343955649062991
1.5,4.216660976409912,-0.07342744618654251,0.0015787084121257067
1.5,4.224806785583496,-0.07342744618654251,0.0015787084121257067
1.5,4.232903718948364,-0.06704338639974594,0.0015227076364681125
1.5,4.241005182266235,-0.06704338639974594,0.0015227076364681125
1.5,4.249125719070435,-0.049235958606004715,0.0014664980117231607
1.5,4.257257699966431,-0.049235958606004715,0.0014664980117231607
1.5,4.265373945236206,-0.049235958606004715,0.0014101797714829445
1.5,4.27349066734314,-0.024142060428857803,0.0014101797714829445
1.5,4.281595706939697,-0.024142060428857803,0.001353848841972649
1.5,4.2897047996521,0.029448019340634346,0.001353848841972649
1.5,4.297828912734985,0.029448019340634346,0.0012975982390344143
1.5,4.3059515953063965,0.029448019340634346,0.0012975982390344143
1.5,4.3141396045684814,0.04249196872115135,0.0012415139935910702
1.5,4.322326421737671,0.04249196872115135,0.0012415139935910702
1.5,4.330542087554932,0.006088430993258953,0.0011856789933517575
1.5,4.338783264160156,0.006088430993258953,0.0011856789933517575
1.5,4.3469038009643555,0.006088430993258953,0.0011301718186587095
1.5,4.355032444000244,-0.02928200364112854,0.0011301718186587095
1.5,4.363168954849243,-0.02928200364112854,0.0010750663932412863
1.5,4.371323347091675,-0.08693795651197433,0.0010750663932412863
1.5,4.379438638687134,-0.08693795651197433,0.001020433148369193
1.5,4.387555837631226,-0.08693795651197433,0.001020433148369193
1.5,4.3956639766693115,-0.12901993095874786,0.0009663380915299058
1.5,4.403777837753296,-0.12901993095874786,0.0009663380915299058
1.5,4.411904573440552,-0.1644580215215683,0.0009128428064286709
1.5,4.420023441314697,-0.1644580215215683,0.0009128428064286709
1.5,4.428138971328735,-0.1644580215215683,0.00086000538431108
1.5,4.436257600784302,-0.13832047581672668,0.00086000538431108
1.5,4.444375991821289,-0.13832047581672668,0.0008078799583017826
1.5,4.452498435974121,-0.11460394412279129,0.0008078799583017826
1.5,4.460605144500732,-0.11460394412279129,0.000756516819819808
1.5,4.468695640563965,-0.11460394412279129,0.000756516819819808
1.5,4.476801156997681,-0.06758040189743042,0.0007059623021632433
1.5,4.484921216964722,-0.06758040189743042,0.0007059623021632433
1.5,4.4930384159088135,-0.054008420556783676,0.0006562597118318081
1.5,4.501155614852905,-0.054008420556783676,0.0006562597118318081
1.5,4.509249925613403,-0.031795985996723175,0.0006074483972042799
1.5,4.517353057861328,-0.031795985996723175,0.0006074483972042799
1.5,4.525463104248047,-0.031795985996723175,0.0005595635739155114
1.5,4.5335693359375,-0.0739021748304367,0.0005595635739155114
1.5,4.541703462600708,-0.0739021748304367,0.0005126402829773724
1.5,4.549822807312012,-0.0739021748304367,0.0005126402829773724
1.5,4.557939767837524,-0.15301261842250824,0.00046670687152072787
1.5,4.566063404083252,-0.15301261842250824,0.00046670687152072787
1.5,4.5741777420043945,-0.26682090759277344,0.00042179026058875024
1.5,4.582311630249023,-0.26682090759277344,0.00042179026058875024
1.5,4.590428113937378,-0.38099294900894165,0.000377913995180279
1.5,4.5985472202301025,-0.38099294900894165,0.000377913995180279
1.5,4.6066577434539795,-0.38099294900894165,0.00033509897184558213
1.5,4.6147682666778564,-0.5440860390663147,0.00033509897184558213
1.5,4.622889757156372,-0.5440860390663147,0.0002933631185442209
1.5,4.631019592285156,-0.6673828363418579,0.0002933631185442209
1.5,4.639143943786621,-0.6673828363418579,0.0002527220349293202
1.5,4.647273063659668,-0.6673828363418579,0.0002527220349293202
1.5,4.655383586883545,-0.7994086742401123,0.00021318852668628097
1.5,4.663495779037476,-0.7994086742401123,0.00021318852668628097
1.5,4.6716086864471436,-0.8622462153434753,0.00017477326036896557
1.5,4.679707765579224,-0.8622462153434753,0.00013748435594607145
1.5,4.687878847122192,-0.9316640496253967,0.00013748435594607145
1.5,4.696017265319824,-0.9316640496253967,0.00013748435594607145
1.5,4.704131364822388,-0.9316640496253967,0.0001013278670143336
1.5,4.712235450744629,-0.993560254573822,0.0001013278670143336
1.5,4.720358610153198,-0.993560254573822,6.630771531490609e-05
1.5,4.728483438491821,-1.0,3.2425796234747395e-05
1.5,4.736589431762695,-1.0,3.2425796234747395e-05
1.5,4.744694709777832,-1.0,-3.1785086207491986e-07
1.5,4.752812147140503,-1.0,-3.1785086207491986e-07
1.5,4.760924577713013,-1.0,-3.1785086207491986e-07
1.5,4.769028186798096,-1.0,-3.192498843418434e-05
1.5,4.777122497558594,-1.0,-6.23990417807363e-05
1.5,4.785224199295044,-1.0,-6.23990417807363e-05
1.5,4.793335676193237,-1.0,-9.174512524623424e-05
1.5,4.801466464996338,-1.0,-9.174512524623424e-05
1.5,4.809603452682495,-1.0,-0.0001199697726406157
1.5,4.817690372467041,-1.0,-0.0001199697726406157
1.5,4.825809001922607,-1.0,-0.00014708100934512913
1.5,4.833948373794556,-1.0,-0.00014708100934512913
1.5,4.842114448547363,-1.0,-0.000173088104929775
1.5,4.850396633148193,-1.0,-0.000173088104929775
1.5,4.858544826507568,-1.0,-0.00019800166774075478
1.5,4.866703987121582,-1.0,-0.00019800166774075478
1.5,4.874827146530151,-1.0,-0.00022183331020642072
1.5,4.882935523986816,-1.0,-0.00022183331020642072
1.5,4.89108681678772,-1.0,-0.00024459598353132606
1.5,4.899205207824707,-1.0,-0.00024459598353132606
1.5,4.907336950302124,-1.0,-0.00026630342472344637
1.5,4.915465593338013,-1.0,-0.00026630342472344637
1.5,4.923625707626343,-1.0,-0.0002869702875614166
1.5,4.931770086288452,-1.0,-0.0002869702875614166
1.5,4.939879894256592,-1.0,-0.0003066122008021921
1.5,4.947972297668457,-1.0,-0.0003066122008021921
1.5,4.956101894378662,-1.0,-0.0003252455499023199
1.5,4.964217185974121,-1.0,-0.0003252455499023199
1.5,4.972331523895264,-1.0,-0.00034288736060261726
1.5,4.98045802116394,-1.0,-0.00034288736060261726
1.5,4.98856782913208,-1.0,-0.00035955518251284957
1.5,4.996683120727539,-1.0,-0.00035955518251284957
1.5,5.004806280136108,-1.0,-0.00037526735104620457
1.5,5.01293420791626,-1.0,-0.00037526735104620457
1.5,5.021063327789307,-1.0,-0.0003900430165231228
1.5,5.029188632965088,-1.0,-0.0003900430165231228
1.5,5.037322521209717,-1.0,-0.00040390121284872293
1.5,5.045442581176758,-1.0,-0.00040390121284872293
1.5,5.053574085235596,-1.0,-0.00041686170152388513
1.5,5.061705827713013,-1.0,-0.00041686170152388513
1.5,5.069863796234131,-1.0,-0.0004289445059839636
1.5,5.078029632568359,-1.0,-0.0004289445059839636
1.5,5.08622145652771,-1.0,-0.0004401698533911258
1.5,5.094342470169067,-1.0,-0.0004401698533911258
1.5,5.102491855621338,-1.0,-0.0004505583783611655
1.5,5.110641956329346,-1.0,-0.0004505583783611655
1.5,5.118813753128052,-1.0,-0.00046013094834052026
1.5,5.1270434856414795,-1.0,-0.00046013094834052026
1.5,5.135150909423828,-1.0,-0.00046890845987945795
1.5,5.143270492553711,-1.0,-0.00046890845987945795
1.5,5.151399374008179,-1.0,-0.0004769119550473988
1.5,5.159640073776245,-1.0,-0.0004769119550473988
1.5,5.1677844524383545,-1.0,-0.0004841627669520676
1.5,5.175899267196655,-0.9636781215667725,-0.0004841627669520676
1.5,5.184033632278442,-0.9636781215667725,-0.0004906818503513932
1.5,5.192173719406128,-0.913404643535614,-0.0004906818503513932
1.5,5.2003114223480225,-0.913404643535614,-0.0004964908584952354
1.5,5.20849347114563,-0.913404643535614,-0.0004964908584952354
1.5,5.216623544692993,-0.9042073488235474,-0.0005016106879338622
1.5,5.224697113037109,-0.9042073488235474,-0.0005060624098405242
1.5,5.232828855514526,-0.9632588028907776,-0.0005060624098405242
1.5,5.240970849990845,-0.9632588028907776,-0.0005098674446344376
1.5,5.249115228652954,-1.0,-0.0005098674446344376
1.5,5.257244348526001,-1.0,-0.0005098674446344376
1.5,5.265377521514893,-1.0,-0.0005130463396199048
1.5,5.273507833480835,-1.0,-0.0005156200495548546
1.5,5.281656980514526,-1.0,-0.0005156200495548546
1.5,5.289965391159058,-1.0,-0.0005176092381589115
1.5,5.298086881637573,-1.0,-0.0005176092381589115
1.5,5.306199789047241,-1.0,-0.000519034278113395
1.5,5.314319849014282,-1.0,-0.000519034278113395
1.5,5.322449207305908,-1.0,-0.0005199153674766421
1.5,5.330563545227051,-1.0,-0.0005199153674766421
1.5,5.338700771331787,-1.0,-0.0005202727625146508
1.5,5.34682035446167,-1.0,-0.0005202727625146508
1.5,5.354921102523804,-1.0,-0.000520126021001488
1.5,5.363012075424194,-1.0,-0.000520126021001488
1.5,5.371116876602173,-1.0,-0.0005194944678805768
1.5,5.379220724105835,-1.0,-0.0005194944678805768
1.5,5.387320280075073,-1.0,-0.000518397951964289
1.5,5.395448446273804,-1.0,-0.000518397951964289
1.5,5.4037744998931885,-1.0,-0.0005168550414964557
1.5,5.411950588226318,-1.0,-0.0005168550414964557
1.5,5.4200663566589355,-1.0,-0.000514884595759213
1.5,5.428187370300293,-1.0,-0.000514884595759213
1.5,5.436309576034546,-1.0,-0.0005125046009197831
1.5,5.444422483444214,-1.0,-0.0005125046009197831
1.5,5.452546119689941,-1.0,-0.0005097333923913538
1.5,5.460679054260254,-1.0,-0.0005097333923913538
1.5,5.468786716461182,-1.0,-0.000506588548887521
1.5,5.4768967628479,-1.0,-0.000506588548887521
1.5,5.484998464584351,-1.0,-0.000503087299875915
1.5,5.493138551712036,-1.0,-0.000503087299875915
1.5,5.501298189163208,-1.0,-0.0004992466419935226
1.5,5.5094122886657715,-1.0,-0.0004992466419935226
1.5,5.517516136169434,-1.0,-0.0004950835136696696
1.5,5.525618314743042,-1.0,-0.0004950835136696696
1.5,5.533712387084961,-1.0,-0.0004906136891804636
1.5,5.541842460632324,-1.0,-0.0004906136891804636
1.5,5.54995322227478,-1.0,-0.00048585329204797745
1.5,5.558065176010132,-1.0,-0.00048585329204797745
1.5,5.5661725997924805,-1.0,-0.0004808179219253361
1.5,5.574294328689575,-1.0,-0.0004808179219253361
1.5,5.582420110702515,-1.0,-0.00047552265459671617
1.5,5.590543031692505,-1.0,-0.00047552265459671617
1.5,5.598681926727295,-0.9492642283439636,-0.00046998218749649823
1.5,5.606916904449463,-0.9492642283439636,-0.00046998218749649823
1.5,5.6151018142700195,-0.809050977230072,-0.00046421121805906296
1.5,5.623211622238159,-0.809050977230072,-0.00046421121805906296
1.5,5.6313111782073975,-0.7313507199287415,-0.0004582237161230296
1.5,5.639397144317627,-0.7313507199287415,-0.0004582237161230296
1.5,5.647526025772095,-0.7313507199287415,-0.0004520332149695605
1.5,5.655702590942383,-0.6430308818817139,-0.0004520332149695605
1.5,5.663822650909424,-0.6430308818817139,-0.00044565307325683534
1.5,5.671924114227295,-0.6123057007789612,-0.00044565307325683534
1.5,5.680025339126587,-0.6123057007789612,-0.00043909630039706826
1.5,5.6881303787231445,-0.6123057007789612,-0.00043909630039706826
1.5,5.696251392364502,-0.5755879878997803,-0.0004323754401411861
1.5,5.704366683959961,-0.5755879878997803,-0.0004323754401411861
1.5,5.7124528884887695,-0.550559401512146,-0.0004255024541635066
1.5,5.720558404922485,-0.550559401512146,-0.0004255024541635066
1.5,5.7286460399627686,-0.550559401512146,-0.0004184893914498389
1.5,5.736760854721069,-0.5014156103134155,-0.0004113475151825696
1.5,5.744878053665161,-0.5014156103134155,-0.0004113475151825696
1.5,5.753015518188477,-0.42059481143951416,-0.000404088175855577
1.5,5.761147737503052,-0.42059481143951416,-0.000404088175855577
1.5,5.769249677658081,-0.42059481143951416,-0.000404088175855577
1.5,5.777359485626221,-0.33290088176727295,-0.0003967219381593168
1.5,5.785485506057739,-0.33290088176727295,-0.0003967219381593168
1.5,5.793612241744995,-0.1954856961965561,-0.0003892592794727534
1.5,5.801696538925171,-0.1954856961965561,-0.0003817100659944117
1.5,5.80984354019165,-0.1954856961965561,-0.0003817100659944117
1.5,5.817999839782715,-0.08066463470458984,-0.00037408419302664697
1.5,5.826112270355225,-0.08066463470458984,-0.00037408419302664697
1.5,5.834229230880737,0.02837849035859108,-0.00036639091558754444
1.5,5.8423357009887695,0.02837849035859108,-0.00036639091558754444
1.5,5.850454807281494,0.02837849035859108,-0.0003586391976568848
1.5,5.858590841293335,0.09697329998016357,-0.0003586391976568848
1.5,5.866704225540161,0.09697329998016357,-0.0003508378576952964
1.5,5.874833822250366,0.11023057997226715,-0.0003508378576952964
1.5,5.882934808731079,0.11023057997226715,-0.00034299519029445946
1.5,5.891067266464233,0.09633243083953857,-0.00034299519029445946
1.5,5.899188280105591,0.09633243083953857,-0.00033511928631924093
1.5,5.907297849655151,0.09633243083953857,-0.00033511928631924093
1.5,5.9153852462768555,0.025686917826533318,-0.0003272178873885423
1.5,5.92347264289856,0.025686917826533318,-0.0003272178873885423
1.5,5.931570291519165,0.025686917826533318,-0.0003192984440829605
1.5,5.939693450927734,-0.015660598874092102,-0.0003192984440829605
1.5,5.947822332382202,-0.015660598874092102,-0.00031136799952946603
1.5,5.955939054489136,-0.100470170378685,-0.00031136799952946603
1.5,5.964033842086792,-0.100470170378685,-0.00030343313119374216
1.5,5.972094774246216,-0.11015288531780243,-0.00030343313119374216
1.5,5.980204820632935,-0.11015288531780243,-0.00029550085309892893
1.5,5.988303184509277,-0.11015288531780243,-0.00029550085309892893
1.5,5.996390342712402,-0.12672604620456696,-0.0002875775971915573
2.0,4.5299530029296875e-06,-0.12672604620456696,-0.0002875775971915573
2.0,0.008111953735351562,-0.1043996661901474,-0.00027966892230324447
2.0,0.01621246337890625,-0.1043996661901474,-0.00027966892230324447
2.0,0.024329662322998047,-0.1043996661901474,-0.000271780852926895
2.0,0.032427072525024414,-0.07761078327894211,-0.000271780852926895
2.0,0.0405421257019043,-0.07761078327894211,-0.00026391862775199115
2.0,0.04867291450500488,-0.05448821559548378,-0.00026391862775199115
2.0,0.056780338287353516,-0.05448821559548378,-0.00025608751457184553
2.0,0.06488537788391113,-0.05448821559548378,-0.00025608751457184553
2.0,0.07298016548156738,-0.10290801525115967,-0.00024829263566061854
2.0,0.08109784126281738,-0.10290801525115967,-0.00024829263566061854
2.0,0.0892038345336914,-0.15521003305912018,-0.0002405385166639462
2.0,0.09732222557067871,-0.15521003305912018,-0.0002405385166639462
2.0,0.10543680191040039,-0.15521003305912018,-0.00023282968322746456
2.0,0.11353492736816406,-0.2854093611240387,-0.00023282968322746456
2.0,0.1218101978302002,-0.2854093611240387,-0.00022517041361425072
2.0,0.1300220489501953,-0.3303057849407196,-0.00022517041361425072
2.0,0.13816356658935547,-0.3303057849407196,-0.0002175647096009925
2.0,0.14641237258911133,-0.3488636910915375,-0.0002175647096009925
2.0,0.15453290939331055,-0.3488636910915375,-0.0002100164128933102
2.0,0.1626896858215332,-0.3488636910915375,-0.0002100164128933102
2.0,0.17083096504211426,-0.2761369049549103,-0.00020252908871043473
2.0,0.17897415161132812,-0.2761369049549103,-0.00020252908871043473
2.0,0.18709921836853027,-0.15931662917137146,-0.00019510614220052958
2.0,0.19520187377929688,-0.15931662917137146,-0.00019510614220052958
2.0,0.20332026481628418,-0.15931662917137146,-0.00018775078933686018
2.0,0.21144509315490723,0.0075498525984585285,-0.00018775078933686018
2.0,0.21956443786621094,0.0075498525984585285,-0.0001804659841582179
2.0,0.22767210006713867,0.1258208006620407,-0.0001804659841582179
2.0,0.23577523231506348,0.1258208006620407,-0.00017325457883998752
2.0,0.24388504028320312,0.1258208006620407,-0.00017325457883998752
2.0,0.2519972324371338,0.2133272886276245,-0.00016611917817499489
2.0,0.26010751724243164,0.2133272886276245,-0.00015906219778116792
2.0,0.26820898056030273,0.24666200578212738,-0.00015906219778116792
2.0,0.2763221263885498,0.24666200578212738,-0.00015906219778116792
2.0,0.2844369411468506,0.24666200578212738,-0.00015208600962068886
2.0,0.2925527095794678,0.2864672541618347,-0.00015208600962068886
2.0,0.30068349838256836,0.2864672541618347,-0.00014519270916935056
2.0,0.308849573135376,0.34356021881103516,-0.00013838423183187842
2.0,0.3169853687286377,0.34356021881103516,-0.00013838423183187842
2.0,0.32511425018310547,0.34356021881103516,-0.00013166236749384552
2.0,0.33324527740478516,0.4757138192653656,-0.00013166236749384552
2.0,0.3413691520690918,0.4757138192653656,-0.00013166236749384552
2.0,0.3494846820831299,0.5960236191749573,-0.0001250288332812488
2.0,0.3576047420501709,0.5960236191749573,-0.00011848509893752635
2.0,0.3657407760620117,0.7742971181869507,-0.00011848509893752635
2.0,0.3738594055175781,0.7742971181869507,-0.00011203253961866722
2.0,0.3819906711578369,0.7742971181869507,-0.00011203253961866722
2.0,0.39011693000793457,0.8490464687347412,-0.00010567241406533867
2.0,0.3982737064361572,0.8490464687347412,-0.00010567241406533867
2.0,0.4064066410064697,0.8490464687347412,-9.940581367118284e-05
2.0,0.41452789306640625,0.8805943131446838,-9.940581367118284e-05
2.0,0.42264580726623535,0.8805943131446838,-9.32337497943081e-05
2.0,0.4307820796966553,0.834833025932312,-9.32337497943081e-05
2.0,0.43891358375549316,0.834833025932312,-8.715711010154337e-05
2.0,0.44704484939575195,0.7253332138061523,-8.715711010154337e-05
2.0,0.4552001953125,0.7253332138061523,-8.11766367405653e-05
2.0,0.4633448123931885,0.7253332138061523,-8.11766367405653e-05
2.0,0.4715142250061035,0.6533824801445007,-7.529297727160156e-05
2.0,0.47964930534362793,0.6533824801445007,-7.529297727160156e-05
2.0,0.48777103424072266,0.6059998869895935,-6.950668466743082e-05
2.0,0.4958949089050293,0.6059998869895935,-6.950668466743082e-05
2.0,0.5039985179901123,0.6059998869895935,-6.381821003742516e-05
2.0,0.5121200084686279,0.622692883014679,-6.381821003742516e-05
2.0,0.5202784538269043,0.622692883014679,-5.822789898957126e-05
2.0,0.5284006595611572,0.6439836025238037,-5.822789898957126e-05
2.0,0.5365288257598877,0.6439836025238037,-5.2735998906427994e-05
2.0,0.5446581840515137,0.6439836025238037,-5.2735998906427994e-05
2.0,0.5527868270874023,0.6604519486427307,-4.734268441097811e-05
2.0,0.5609796047210693,0.6604519486427307,-4.734268441097811e-05
2.0,0.5691065788269043,0.6008069515228271,-4.204804281471297e-05
2.0,0.5772054195404053,0.6008069515228271,-4.204804281471297e-05
2.0,0.5853276252746582,0.6008069515228271,-3.6852085031569004e-05
2.0,0.5934734344482422,0.5328266620635986,-3.6852085031569004e-05
2.0,0.6016128063201904,0.5328266620635986,-3.1754712836118415e-05
2.0,0.609734058380127,0.45601722598075867,-3.1754712836118415e-05
2.0,0.6179108619689941,0.45601722598075867,-2.675580617506057e-05
2.0,0.626046895980835,0.45601722598075867,-2.675580617506057e-05
2.0,0.6341888904571533,0.36034640669822693,-2.1855137674720027e-05
2.0,0.6423182487487793,0.36034640669822693,-2.1855137674720027e-05
2.0,0.6504383087158203,0.3746225833892822,-1.7052425391739234e-05
2.0,0.6585614681243896,0.3746225833892822,-1.7052425391739234e-05
2.0,0.6666836738586426,0.45740488171577454,-1.2347327356110327e-05
2.0,0.6747968196868896,0.45740488171577454,-1.2347327356110327e-05
2.0,0.6829032897949219,0.45740488171577454,-7.739428838249296e-06
2.0,0.6910247802734375,0.5778234004974365,-7.739428838249296e-06
2.0,0.6991391181945801,0.5778234004974365,-3.2282734991895268e-06
2.0,0.7072832584381104,0.7475388646125793,-3.2282734991895268e-06
2.0,0.7154514789581299,0.7475388646125793,1.1866544582517236e-06
2.0,0.7235846519470215,0.7475388646125793,1.1866544582517236e-06
2.0,0.7317395210266113,0.8544837236404419,5.505924036697252e-06
2.0,0.739922285079956,0.8544837236404419,5.505924036697252e-06
2.0,0.7480697631835938,0.9319272041320801,9.730149031383917e-06
2.0,0.7562360763549805,0.9319272041320801,9.730149031383917e-06
2.0,0.7644000053405762,0.9319272041320801,1.3859991668141447e-05
2.0,0.772576093673706,0.9687730669975281,1.789615816960577e-05
2.0,0.7807450294494629,0.9687730669975281,1.789615816960577e-05
2.0,0.788872480392456,1.0,2.1839383407495916e-05
2.0,0.7969882488250732,1.0,2.1839383407495916e-05
2.0,0.8051066398620605,1.0,2.1839383407495916e-05
2.0,0.8132202625274658,1.0,2.5690455004223622e-05
2.0,0.8216907978057861,1.0,2.945019514299929e-05
2.0,0.8298208713531494,1.0,2.945019514299929e-05
2.0,0.8388166427612305,1.0,3.3119431464001536e-05
2.0,0.8470396995544434,1.0,3.3119431464001536e-05
2.0,0.8551864624023438,1.0,3.669904617709108e-05
2.0,0.8633134365081787,1.0,3.669904617709108e-05
2.0,0.8714306354522705,1.0,4.0189988794736564e-05
2.0,0.8795459270477295,1.0,4.0189988794736564e-05
2.0,0.8876545429229736,1.0,4.359317244961858e-05
2.0,0.8957643508911133,1.0,4.359317244961858e-05
2.0,0.9038827419281006,1.0,4.6909550292184576e-05
2.0,0.9119939804077148,1.0,4.6909550292184576e-05
2.0,0.920166015625,1.0,5.014011185267009e-05
2.0,0.928356409072876,1.0,5.014011185267009e-05
2.0,0.9364645481109619,1.0,5.328586121322587e-05
2.0,0.944570779800415,1.0,5.328586121322587e-05
2.0,0.9527080059051514,1.0,5.6347824283875525e-05
2.0,0.9608051776885986,1.0,5.6347824283875525e-05
2.0,0.968926191329956,1.0,5.9327030612621456e-05
2.0,0.9770467281341553,1.0,5.9327030612621456e-05
2.0,0.9851374626159668,1.0,6.222454976523295e-05
2.0,0.9931960105895996,1.0,6.222454976523295e-05
2.0,1.0014312267303467,1.0,6.504143675556406e-05
2.0,1.0096287727355957,1.0,6.504143675556406e-05
2.0,1.017789363861084,1.0,6.777877570129931e-05
2.0,1.0258898735046387,1.0,6.777877570129931e-05
2.0,1.033984899520874,1.0,7.04377016518265e-05
2.0,1.0420801639556885,1.0,7.04377016518265e-05
2.0,1.0501973628997803,1.0,7.301929144887254e-05
2.0,1.0583086013793945,1.0,7.301929144887254e-05
2.0,1.0664119720458984,1.0,7.552465103799477e-05
2.0,1.0745220184326172,1.0,7.552465103799477e-05
2.0,1.082646369934082,1.0,7.795489364070818e-05
2.0,1.0907516479492188,1.0,7.795489364070818e-05
2.0,1.0988788604736328,1.0,8.031117613427341e-05
2.0,1.1069929599761963,1.0,8.031117613427341e-05
2.0,1.1160635948181152,1.0,8.259461174020544e-05
2.0,1.1242778301239014,1.0,8.259461174020544e-05
2.0,1.1323857307434082,0.9905170202255249,8.480633550789207e-05
2.0,1.140503168106079,0.9905170202255249,8.480633550789207e-05
2.0,1.1486144065856934,0.9141049385070801,8.694748976267874e-05
2.0,1.1569945812225342,0.9141049385070801,8.901921682991087e-05
2.0,1.1652061939239502,0.9141049385070801,8.901921682991087e-05
2.0,1.1733286380767822,0.936485230922699,8.901921682991087e-05
2.0,1.1814343929290771,0.936485230922699,9.102263720706105e-05
2.0,1.1895437240600586,1.0,9.295892232330516e-05
2.0,1.1976475715637207,1.0,9.295892232330516e-05
2.0,1.205749750137329,1.0,9.482920722803101e-05
2.0,1.2138521671295166,1.0,9.482920722803101e-05
2.0,1.2219688892364502,1.0,9.663461241871119e-05
2.0,1.2300901412963867,1.0,9.663461241871119e-05
2.0,1.2382111549377441,1.0,9.837626566877589e-05
2.0,1.2463483810424805,1.0,9.837626566877589e-05
2.0,1.2544841766357422,1.0,0.00010005530202761292
2.0,1.2626118659973145,1.0,0.00010005530202761292
2.0,1.270728588104248,1.0,0.00010167287837248296
2.0,1.2788472175598145,1.0,0.00010167287837248296
2.0,1.2869634628295898,1.0,0.00010323004971724004
2.0,1.2950685024261475,1.0,0.00010323004971724004
2.0,1.3031630516052246,1.0,0.00010472799476701766
2.0,1.3112614154815674,1.0,0.00010472799476701766
2.0,1.3193628787994385,1.0,0.00010616781219141558
2.0,1.3275644779205322,1.0,0.00010616781219141558
2.0,1.335700511932373,1.0,0.00010755060793599114
2.0,1.3438379764556885,1.0,0.00010755060793599114
2.0,1.3519611358642578,1.0,0.00010887747339438647
2.0,1.3600730895996094,1.0,0.00010887747339438647
2.0,1.3681912422180176,1.0,0.00011014948540832847
2.0,1.3763232231140137,1.0,0.00011014948540832847
2.0,1.384453535079956,1.0,0.00011136773537145928
2.0,1.3925869464874268,1.0,0.00011136773537145928
2.0,1.4007046222686768,1.0,0.000112533314677421
2.0,1.4088165760040283,1.0,0.000112533314677421
2.0,1.4169549942016602,1.0,0.00011364726378815249
2.0,1.4250922203063965,1.0,0.00011364726378815249
2.0,1.433194637298584,1.0,0.00011471063044155017
2.0,1.4412925243377686,1.0,0.00011471063044155017
2.0,1.4494104385375977,1.0,0.00011572447692742571
2.0,1.4575221538543701,1.0,0.00011572447692742571
2.0,1.4656307697296143,1.0,0.00011668980005197227
2.0,1.473747730255127,1.0,0.00011668980005197227
2.0,1.481882095336914,1.0,0.00011760767665691674
2.0,1.490027904510498,1.0,0.00011760767665691674
2.0,1.4981558322906494,1.0,0.00011847909627249464
2.0,1.5063064098358154,1.0,0.00011847909627249464
2.0,1.5144069194793701,1.0,0.00011930506298085675
2.0,1.5225014686584473,1.0,0.00011930506298085675
2.0,1.5306060314178467,1.0,0.00012008657358819619
2.0,1.5387253761291504,1.0,0.00012008657358819619
2.0,1.5468344688415527,1.0,0.00012082460307283327
2.0,1.554929256439209,1.0,0.00012082460307283327
2.0,1.5630419254302979,1.0,0.00012152011186117306
2.0,1.5711886882781982,1.0,0.00012152011186117306
2.0,1.5793063640594482,1.0,0.00012217406765557826
2.0,1.5875627994537354,1.0,0.00012217406765557826
2.0,1.5956807136535645,1.0,0.00012278738722670823
2.0,1.6038315296173096,1.0,0.00012278738722670823
2.0,1.6119756698608398,1.0,0.00012336102372501045
2.0,1.6201114654541016,1.0,0.00012336102372501045
2.0,1.6282100677490234,1.0,0.0001238958939211443
2.0,1.6365959644317627,1.0,0.0001238958939211443
2.0,1.6447653770446777,1.0,0.0001243929291376844
2.0,1.6529309749603271,1.0,0.00012485301704145968
2.0,1.6610610485076904,1.0,0.00012485301704145968
2.0,1.6691880226135254,1.0,0.00012485301704145968
2.0,1.6773185729980469,1.0,0.0001252770161954686
2.0,1.6854510307312012,1.0,0.00012566582881845534
2.0,1.6935515403747559,1.0,0.00012566582881845534
2.0,1.7016682624816895,1.0,0.00012602022616192698
2.0,1.7097795009613037,1.0,0.00012602022616192698
2.0,1.717890739440918,1.0,0.00012634116865228862
2.0,1.726003646850586,1.0,0.00012634116865228862
2.0,1.7341220378875732,1.0,0.0001266294129891321
2.0,1.7422404289245605,1.0,0.0001266294129891321
2.0,1.7503695487976074,1.0,0.00012688583228737116
2.0,1.7584965229034424,1.0,0.00012688583228737116
2.0,1.7666244506835938,1.0,0.00012711122690234333
2.0,1.774751901626587,1.0,0.00012711122690234333
2.0,1.7828598022460938,1.0,0.00012730633898172528
2.0,1.7909846305847168,1.0,0.00012730633898172528
2.0,1.7991034984588623,1.0,0.00012747198343276978
2.0,1.8072128295898438,1.0,0.00012747198343276978
2.0,1.8153345584869385,1.0,0.0001276089169550687
2.0,1.8234622478485107,1.0,0.0001276089169550687
2.0,1.8316445350646973,1.0,0.00012771791080012918
2.0,1.8397719860076904,1.0,0.00012771791080012918
2.0,1.8480122089385986,1.0,0.00012779970711562783
2.0,1.8561429977416992,1.0,0.00012779970711562783
2.0,1.8643043041229248,1.0,0.00012785501894541085
2.0,1.8724274635314941,1.0,0.00012785501894541085
2.0,1.8805558681488037,1.0,0.0001278845884371549
2.0,1.8886759281158447,1.0,0.0001278845884371549
2.0,1.8967876434326172,1.0,0.00012788912863470614
2.0,1.9048972129821777,1.0,0.00012788912863470614
2.0,1.913090467453003,1.0,0.00012786926527041942
2.0,1.9212822914123535,1.0,0.00012786926527041942
2.0,1.9293968677520752,1.0,0.00012782578414771706
2.0,1.9375150203704834,1.0,0.00012782578414771706
2.0,1.9456162452697754,1.0,0.0001277592673432082
2.0,1.9537088871002197,1.0,0.0001277592673432082
2.0,1.9618024826049805,1.0,0.00012767041334882379
2.0,1.9699180126190186,1.0,0.00012767041334882379
2.0,1.9780299663543701,1.0,0.00012755983334500343
2.0,1.986144781112671,1.0,0.00012755983334500343
2.0,1.9942104816436768,1.0,0.00012742819671984762
2.0,2.0023202896118164,1.0,0.00012742819671984762
2.0,2.0104281902313232,1.0,0.00012727611465379596
2.0,2.018531084060669,1.0,0.00012727611465379596
2.0,2.0266194343566895,1.0,0.00012710421287920326
2.0,2.0347113609313965,1.0,0.00012710421287920326
2.0,2.0428075790405273,1.0,0.00012691300071310252
2.0,2.050912618637085,1.0,0.00012691300071310252
2.0,2.059105634689331,1.0,0.0001267031766474247
2.0,2.067197322845459,1.0,0.0001267031766474247
2.0,2.0754613876342773,1.0,0.00012647519179154187
2.0,2.083627462387085,1.0,0.00012647519179154187
2.0,2.091742992401123,1.0,0.00012622973008546978
2.0,2.0998618602752686,1.0,0.00012622973008546978
2.0,2.107987880706787,1.0,0.00012596730084624141
2.0,2.116135358810425,1.0,0.00012596730084624141
2.0,2.1242880821228027,1.0,0.00012568841339088976
2.0,2.132416009902954,1.0,0.00012568841339088976
2.0,2.1405293941497803,1.0,0.00012539363524410874
2.0,2.148641347885132,1.0,0.00012539363524410874
2.0,2.156766653060913,1.0,0.00012508344661910087
2.0,2.1648993492126465,1.0,0.00012508344661910087
2.0,2.173027992248535,1.0,0.0001247583859367296
2.0,2.1811866760253906,1.0,0.0001247583859367296
2.0,2.1893229484558105,1.0,0.00012441890430636704
2.0,2.1975882053375244,1.0,0.00012441890430636704
2.0,2.205817937850952,1.0,0.00012406556925270706
2.0,2.213939666748047,1.0,0.00012406556925270706
2.0,2.2220499515533447,1.0,0.00012369881733320653
2.0,2.230165481567383,1.0,0.0001233190851053223
2.0,2.2383005619049072,1.0,0.0001233190851053223
2.0,2.2464051246643066,1.0,0.0001229268527822569
2.0,2.2544989585876465,1.0,0.0001229268527822569
2.0,2.262587547302246,1.0,0.0001229268527822569
2.0,2.2706897258758545,1.0,0.00012252258602529764
2.0,2.2788450717926025,1.0,0.00012210670683998615
2.0,2.286998987197876,1.0,0.00012210670683998615
2.0,2.295091390609741,1.0,0.00012167962995590642
2.0,2.303199291229248,1.0,0.00012167962995590642
2.0,2.311307191848755,1.0,0.00012124177010264248
2.0,2.319420576095581,1.0,0.00012124177010264248
2.0,2.327521800994873,1.0,0.00012079354928573593
2.0,2.3356242179870605,1.0,0.00012079354928573593
2.0,2.3437397480010986,1.0,0.00012033536040689796
2.0,2.3518567085266113,1.0,0.00012033536040689796
2.0,2.3599658012390137,1.0,0.00011986759636783972
2.0,2.368100643157959,1.0,0.00011986759636783972
2.0,2.3761978149414062,1.0,0.00011939062824239954
2.0,2.384300947189331,1.0,0.00011939062824239954
2.0,2.3924710750579834,1.0,0.00011890484893228859
2.0,2.400618314743042,1.0,0.00011890484893228859
2.0,2.4087138175964355,1.0,0.00011841059313155711
2.0,2.416802406311035,1.0,0.00011841059313155711
2.0,2.4249014854431152,1.0,0.00011790824646595865
2.0,2.433006763458252,1.0,0.00011790824646595865
2.0,2.441117286682129,1.0,0.00011739812907762825
2.0,2.4492642879486084,1.0,0.00011739812907762825
2.0,2.45735502243042,1.0,0.000116880597488489
2.0,2.465447425842285,1.0,0.000116880597488489
2.0,2.473541736602783,1.0,0.0001163559645647183
2.0,2.481637954711914,1.0,0.0001163559645647183
2.0,2.4897396564483643,1.0,0.0001158245577244088
2.0,2.4978444576263428,1.0,0.0001158245577244088
2.0,2.505958318710327,1.0,0.00011528669710969552
2.0,2.514075517654419,1.0,0.00011528669710969552
2.0,2.522179365158081,1.0,0.00011474268831079826
2.0,2.5302894115448,1.0,0.00011474268831079826
2.0,2.5383946895599365,1.0,0.00011419284419389442
2.0,2.546489715576172,1.0,0.00011419284419389442
2.0,2.554584264755249,1.0,0.00011363742669345811
2.0,2.5627026557922363,1.0,0.00011363742669345811
2.0,2.5708091259002686,1.0,0.00011307673412375152
2.0,2.578904151916504,1.0,0.00011307673412375152
2.0,2.5870044231414795,1.0,0.0001125110502471216
2.0,2.5951087474823,1.0,0.0001125110502471216
2.0,2.6032025814056396,1.0,0.00011194062972208485
2.0,2.611311197280884,0.9941089749336243,0.00011194062972208485
2.0,2.619407892227173,0.9941089749336243,0.00011136577086290345
2.0,2.627502918243408,0.9941089749336243,0.00011136577086290345
2.0,2.635666847229004,0.8615466356277466,0.00011078665556851774
2.0,2.6438536643981934,0.8615466356277466,0.00011078665556851774
2.0,2.6519882678985596,0.8101872205734253,0.00011020361125702038
2.0,2.6600818634033203,0.8101872205734253,0.00011020361125702038
2.0,2.668179750442505,0.8101872205734253,0.00010961684893118218
2.0,2.676292657852173,0.83738774061203,0.00010961684893118218
2.0,2.684464931488037,0.83738774061203,0.00010902663052547723
2.0,2.693052053451538,0.9132483005523682,0.00010902663052547723
2.0,2.701204776763916,0.9132483005523682,0.00010843311611097306
2.0,2.7093489170074463,0.9132483005523682,0.00010843311611097306
2.0,2.7174599170684814,1.0,0.00010783660400193185
2.0,2.725572109222412,1.0,0.00010783660400193185
2.0,2.7336924076080322,1.0,0.00010723729064920917
2.0,2.741804361343384,1.0,0.0001066354161594063
2.0,2.7499046325683594,1.0,0.0001066354161594063
2.0,2.758009910583496,1.0,0.0001066354161594063
2.0,2.766116142272949,1.0,0.00010603110422380269
2.0,2.774195432662964,1.0,0.00010603110422380269
2.0,2.7823033332824707,1.0,0.0001054246531566605
2.0,2.790405035018921,1.0,0.0001048161939252168
2.0,2.798510789871216,1.0,0.0001048161939252168
2.0,2.8066489696502686,1.0,0.00010420592298032716
2.0,2.814753293991089,1.0,0.00010420592298032716
2.0,2.8228492736816406,1.0,0.00010420592298032716
2.0,2.8310136795043945,1.0,0.00010359405860072002
2.0,2.8393306732177734,1.0,0.00010359405860072002
2.0,2.84749698638916,1.0,0.00010298076085746288
2.0,2.85563325881958,1.0,0.00010236627713311464
2.0,2.8637707233428955,1.0,0.00010236627713311464
2.0,2.8719139099121094,1.0,0.00010175061470363289
2.0,2.8800415992736816,1.0,0.00010175061470363289
2.0,2.8881571292877197,1.0,0.00010113407915923744
2.0,2.8962721824645996,1.0,0.00010113407915923744
2.0,2.904367446899414,1.0,0.00010051663412014022
2.0,2.912473440170288,1.0,0.00010051663412014022
2.0,2.9206087589263916,1.0,9.989866521209478e-05
2.0,2.9287431240081787,1.0,9.989866521209478e-05
2.0,2.9368679523468018,1.0,9.92802670225501e-05
2.0,2.9449996948242188,1.0,9.92802670225501e-05
2.0,2.9531381130218506,1.0,9.866186883300543e-05
2.0,2.961292266845703,1.0,9.866186883300543e-05
2.0,2.969435691833496,1.0,9.804272121982649e-05
2.0,2.977576732635498,1.0,9.804272121982649e-05
2.0,2.9857354164123535,1.0,9.804272121982649e-05
2.0,2.9938597679138184,1.0,9.74233917077072e-05
2.0,3.0019900798797607,1.0,9.74233917077072e-05
2.0,3.0101158618927,1.0,9.680475341156125e-05
2.0,3.0182085037231445,1.0,9.680475341156125e-05
2.0,3.0263638496398926,1.0,9.618635522201657e-05
2.0,3.0345001220703125,1.0,9.618635522201657e-05
2.0,3.042642116546631,1.0,9.55679570324719e-05
2.0,3.050795793533325,1.0,9.55679570324719e-05
2.0,3.058917760848999,1.0,9.495030826656148e-05
2.0,3.067013740539551,1.0,9.495030826656148e-05
2.0,3.0751116275787354,1.0,9.433304512640461e-05
2.0,3.0831995010375977,1.0,9.433304512640461e-05
2.0,3.0913164615631104,1.0,9.371650958200917e-05
2.0,3.0994205474853516,0.8776187300682068,9.310088353231549e-05
2.0,3.107513666152954,0.8776187300682068,9.310088353231549e-05
2.0,3.116680860519409,0.8776187300682068,9.310088353231549e-05
2.0,3.1248857975006104,0.7641184329986572,9.248613059753552e-05
2.0,3.133016347885132,0.7641184329986572,9.18724326766096e-05
2.0,3.141132354736328,0.6413748264312744,9.18724326766096e-05
2.0,3.1492667198181152,0.6413748264312744,9.18724326766096e-05
2.0,3.157423973083496,0.6413748264312744,9.125988435698673e-05
2.0,3.1655995845794678,0.6083780527114868,9.064849291462451e-05
2.0,3.173734188079834,0.6083780527114868,9.064849291462451e-05
2.0,3.181866407394409,0.6604063510894775,9.003840386867523e-05
2.0,3.1899948120117188,0.6604063510894775,9.003840386867523e-05
2.0,3.19809889793396,0.6604063510894775,8.942974818637595e-05
2.0,3.206195592880249,0.7450555562973022,8.942974818637595e-05
2.0,3.214308023452759,0.7450555562973022,8.882256952347234e-05
2.0,3.2224233150482178,0.8906323313713074,8.882256952347234e-05
2.0,3.230520009994507,0.8906323313713074,8.82169115357101e-05
2.0,3.2386152744293213,0.8906323313713074,8.82169115357101e-05
2.0,3.24672532081604,0.9678012728691101,8.761294157011434e-05
2.0,3.2548391819000244,0.9678012728691101,8.761294157011434e-05
2.0,3.2629706859588623,1.0,8.7010717834346e-05
2.0,3.271097421646118,1.0,8.7010717834346e-05
2.0,3.279201030731201,1.0,8.641028398415074e-05
2.0,3.287316083908081,1.0,8.641028398415074e-05
2.0,3.29541277885437,1.0,8.581171277910471e-05
2.0,3.303529739379883,1.0,8.581171277910471e-05
2.0,3.3116440773010254,1.0,8.521506242686883e-05
2.0,3.319824695587158,1.0,8.521506242686883e-05
2.0,3.3280181884765625,1.0,8.462046389468014e-05
2.0,3.33613920211792,1.0,8.462046389468014e-05
2.0,3.344194173812866,1.0,8.402794628636912e-05
2.0,3.352287530899048,1.0,8.402794628636912e-05
2.0,3.3603909015655518,1.0,8.343752415385097e-05
2.0,3.368507146835327,1.0,8.343752415385097e-05
2.0,3.37660551071167,1.0,8.28492920845747e-05
2.0,3.384690761566162,1.0,8.28492920845747e-05
2.0,3.3927805423736572,1.0,8.22633519419469e-05
2.0,3.400871992111206,1.0,8.22633519419469e-05
2.0,3.4089674949645996,1.0,8.167965279426426e-05
2.0,3.4170737266540527,1.0,8.167965279426426e-05
2.0,3.425196886062622,1.0,8.109837654046714e-05
2.0,3.433335304260254,1.0,8.109837654046714e-05
2.0,3.441464424133301,1.0,8.051946497289464e-05
2.0,3.4496054649353027,1.0,8.051946497289464e-05
2.0,3.457730293273926,1.0,7.994300540303811e-05
2.0,3.465839147567749,1.0,7.994300540303811e-05
2.0,3.473935127258301,1.0,7.936907786643133e-05
2.0,3.4820404052734375,1.0,7.936907786643133e-05
2.0,3.490139961242676,1.0,7.879767508711666e-05
2.0,3.4982120990753174,1.0,7.879767508711666e-05
2.0,3.5063211917877197,0.9649792909622192,7.822883344488218e-05
2.0,3.5144293308258057,0.9649792909622192,7.822883344488218e-05
2.0,3.522534132003784,0.9313436150550842,7.766262569930404e-05
2.0,3.5306484699249268,0.9313436150550842,7.766262569930404e-05
2.0,3.5387566089630127,0.9313436150550842,7.709911005804315e-05
2.0,3.5468504428863525,0.9294346570968628,7.709911005804315e-05
2.0,3.5549533367156982,0.9294346570968628,7.653827196918428e-05
2.0,3.5630648136138916,0.9001902937889099,7.653827196918428e-05
2.0,3.5712013244628906,0.9001902937889099,7.598016964038834e-05
2.0,3.579317331314087,0.9001902937889099,7.598016964038834e-05
2.0,3.587432384490967,0.8435899615287781,7.542483217548579e-05
2.0,3.5955400466918945,0.8435899615287781,7.542483217548579e-05
2.0,3.6036643981933594,0.7010327577590942,7.487228140234947e-05
2.0,3.611762046813965,0.7010327577590942,7.487228140234947e-05
2.0,3.6198670864105225,0.7010327577590942,7.432255370076746e-05
2.0,3.627955198287964,0.5940219759941101,7.432255370076746e-05
2.0,3.6369829177856445,0.5940219759941101,7.37756781745702e-05
2.0,3.645158529281616,0.47641080617904663,7.37756781745702e-05
2.0,3.6532998085021973,0.47641080617904663,7.323167665163055e-05
2.0,3.661428928375244,0.45095163583755493,7.323167665163055e-05
2.0,3.6695468425750732,0.45095163583755493,7.269059278769419e-05
2.0,3.677652597427368,0.45095163583755493,7.269059278769419e-05
2.0,3.685763359069824,0.48299911618232727,7.215244841063395e-05
2.0,3.693875789642334,0.48299911618232727,7.161724352044985e-05
2.0,3.701976776123047,0.6018168330192566,7.161724352044985e-05
2.0,3.7100939750671387,0.6018168330192566,7.161724352044985e-05
2.0,3.7182676792144775,0.6018168330192566,7.10849926690571e-05
2.0,3.726433277130127,0.6938216090202332,7.10849926690571e-05
2.0,3.7345550060272217,0.6938216090202332,7.055571768432856e-05
2.0,3.7427873611450195,0.8073298931121826,7.002944767009467e-05
2.0,3.750905752182007,0.8073298931121826,7.002944767009467e-05
2.0,3.759028673171997,0.8073298931121826,6.950624083401635e-05
2.0,3.767158031463623,0.8398897051811218,6.950624083401635e-05
2.0,3.775329828262329,0.8398897051811218,6.898605352034792e-05
2.0,3.783461809158325,0.8398897051811218,6.898605352034792e-05
2.0,3.791576385498047,0.8421608209609985,6.846890028100461e-05
2.0,3.7996723651885986,0.8421608209609985,6.846890028100461e-05
2.0,3.8077735900878906,0.8403939008712769,6.795482477173209e-05
2.0,3.8158745765686035,0.8403939008712769,6.795482477173209e-05
2.0,3.8239786624908447,0.8403939008712769,6.744383426848799e-05
2.0,3.832197904586792,0.8859091401100159,6.744383426848799e-05
2.0,3.8403191566467285,0.8859091401100159,6.693589966744184e-05
2.0,3.848435878753662,0.9527077078819275,6.693589966744184e-05
2.0,3.8565518856048584,0.9527077078819275,6.643106462433934e-05
2.0,3.864678382873535,1.0,6.643106462433934e-05
2.0,3.8727803230285645,1.0,6.592935824301094e-05
2.0,3.880885601043701,1.0,6.592935824301094e-05
2.0,3.8889942169189453,1.0,6.543072959175333e-05
2.0,3.897106885910034,1.0,6.543072959175333e-05
2.0,3.9051992893218994,1.0,6.493522960226983e-05
2.0,3.9133059978485107,1.0,6.493522960226983e-05
2.0,3.9214184284210205,1.0,6.444287282647565e-05
2.0,3.9295687675476074,1.0,6.444287282647565e-05
2.0,3.937680959701538,1.0,6.395361560862511e-05
2.0,3.945782423019409,1.0,6.395361560862511e-05
2.0,3.953881025314331,1.0,6.34675016044639e-05
2.0,3.9620120525360107,1.0,6.34675016044639e-05
2.0,3.970996141433716,0.9873528480529785,6.298452353803441e-05
2.0,3.9792356491088867,0.9873528480529785,6.298452353803441e-05
2.0,3.987384080886841,0.7916300892829895,6.250464502954856e-05
2.0,3.995511531829834,0.7916300892829895,6.250464502954856e-05
2.0,4.00364089012146,0.7916300892829895,6.202795339049771e-05
2.0,4.011756896972656,0.7893208861351013,6.202795339049771e-05
2.0,4.019877910614014,0.7893208861351013,6.155437586130574e-05
2.0,4.0279929637908936,0.7598443031311035,6.155437586130574e-05
2.0,4.03608512878418,0.7598443031311035,6.108392699388787e-05
2.0,4.0441975593566895,0.7598443031311035,6.108392699388787e-05
2.0,4.052315711975098,0.7355897426605225,6.0616661357926205e-05
2.0,4.06043553352356,0.7355897426605225,6.0616661357926205e-05
2.0,4.068528175354004,0.7312176823616028,6.0152502555865794e-05
2.0,4.076618671417236,0.7312176823616028,6.0152502555865794e-05
2.0,4.08473014831543,0.7312176823616028,5.969148696749471e-05
2.0,4.092853307723999,0.6444703936576843,5.969148696749471e-05
2.0,4.100969314575195,0.6444703936576843,5.923360004089773e-05
2.0,4.109071969985962,0.5417277216911316,5.923360004089773e-05
2.0,4.117199420928955,0.5417277216911316,5.877883086213842e-05
2.0,4.125327110290527,0.5417277216911316,5.877883086213842e-05
2.0,4.133447885513306,0.39419400691986084,5.8327186707174405e-05
2.0,4.1415629386901855,0.39419400691986084,5.8327186707174405e-05
2.0,4.149713039398193,0.2986227571964264,5.787867121398449e-05
2.0,4.1578452587127686,0.2986227571964264,5.743325891671702e-05
2.0,4.165956497192383,0.2986227571964264,5.743325891671702e-05
2.0,4.174087285995483,0.28998199105262756,5.743325891671702e-05
2.0,4.182208776473999,0.28998199105262756,5.69909461773932e-05
2.0,4.190310001373291,0.3370673954486847,5.69909461773932e-05
2.0,4.198437690734863,0.3370673954486847,5.655175118590705e-05
2.0,4.20661997795105,0.3370673954486847,5.611564120044932e-05
2.0,4.214745998382568,0.47199803590774536,5.611564120044932e-05
2.0,4.222850561141968,0.47199803590774536,5.568261258304119e-05
2.0,4.230976581573486,0.6630834937095642,5.568261258304119e-05
2.0,4.239168643951416,0.6630834937095642,5.5252672609640285e-05
2.0,4.247362852096558,0.6590972542762756,5.5252672609640285e-05
2.0,4.255480527877808,0.6590972542762756,5.4825792176416144e-05
2.0,4.263583421707153,0.6590972542762756,5.4825792176416144e-05
2.0,4.2716827392578125,0.6821966767311096,5.4401985835283995e-05
2.0,4.279797792434692,0.6821966767311096,5.4401985835283995e-05
2.0,4.287930965423584,0.6776236891746521,5.3981220844434574e-05
2.0,4.296064376831055,0.6776236891746521,5.3981220844434574e-05
2.0,4.304209232330322,0.6776236891746521,5.356350084184669e-05
2.0,4.312321662902832,0.6805698275566101,5.356350084184669e-05
2.0,4.3204121589660645,0.6805698275566101,5.314881127560511e-05
2.0,4.328502893447876,0.7401313185691833,5.314881127560511e-05
2.0,4.336612224578857,0.7401313185691833,5.273714486975223e-05
2.0,4.3447184562683105,0.7401313185691833,5.273714486975223e-05
2.0,4.352809190750122,0.8193106651306152,5.232848707237281e-05
2.0,4.3609161376953125,0.8193106651306152,5.232848707237281e-05
2.0,4.3690314292907715,0.9655562043190002,5.192283060750924e-05
2.0,4.377132892608643,0.9655562043190002,5.192283060750924e-05
2.0,4.385203123092651,0.9655562043190002,5.15201645612251e-05
2.0,4.393301248550415,1.0,5.15201645612251e-05
2.0,4.401445150375366,1.0,5.112048165756278e-05
2.0,4.409656763076782,1.0,5.112048165756278e-05
2.0,4.417766571044922,1.0,5.072375643067062e-05
2.0,4.42592191696167,1.0,5.072375643067062e-05
2.0,4.434024333953857,1.0,5.0329977966612205e-05
2.0,4.442128658294678,1.0,5.0329977966612205e-05
2.0,4.4502599239349365,0.9656646251678467,4.993915354134515e-05
2.0,4.458364725112915,0.9656646251678467,4.993915354134515e-05
2.0,4.466462135314941,0.9656646251678467,4.955125041306019e-05
2.0,4.4745495319366455,0.8052049279212952,4.955125041306019e-05
2.0,4.482652187347412,0.8052049279212952,4.91662576678209e-05
2.0,4.490779399871826,0.712313175201416,4.91662576678209e-05
2.0,4.4988768100738525,0.712313175201416,4.878416075371206e-05
2.0,4.506970405578613,0.712313175201416,4.878416075371206e-05
2.0,4.515079021453857,0.6303001642227173,4.840495967073366e-05
2.0,4.5232086181640625,0.6303001642227173,4.840495967073366e-05
2.0,4.5313379764556885,0.6143921613693237,4.8028632591012865e-05
2.0,4.539517641067505,0.6143921613693237,4.8028632591012865e-05
2.0,4.547626733779907,0.6058545708656311,4.765516132465564e-05
2.0,4.555725574493408,0.6058545708656311,4.765516132465564e-05
2.0,4.563833951950073,0.6058545708656311,4.728452768176794e-05
2.0,4.571957111358643,0.5821780562400818,4.728452768176794e-05
2.0,4.580083131790161,0.5821780562400818,4.6916731662349775e-05
2.0,4.58820366859436,0.47807344794273376,4.6916731662349775e-05
2.0,4.596304178237915,0.47807344794273376,4.655174780054949e-05
2.0,4.604429244995117,0.47807344794273376,4.655174780054949e-05
2.0,4.6126275062561035,0.38101017475128174,4.618956882040948e-05
2.0,4.620784044265747,0.38101017475128174,4.618956882040948e-05
2.0,4.628883361816406,0.38101017475128174,4.5830176532035694e-05
2.0,4.636979818344116,0.22973422706127167,4.5830176532035694e-05
2.0,4.645052909851074,0.22973422706127167,4.5473556383512914e-05
2.0,4.653165102005005,0.16244195401668549,4.5473556383512914e-05
2.0,4.661295413970947,0.16244195401668549,4.51196901849471e-05
2.0,4.669389963150024,0.16244195401668549,4.51196901849471e-05
2.0,4.677499294281006,0.2184741199016571,4.476856338442303e-05
2.0,4.685614824295044,0.2184741199016571,4.476856338442303e-05
2.0,4.693760633468628,0.35222384333610535,4.442016143002547e-05
2.0,4.701879978179932,0.35222384333610535,4.442016143002547e-05
2.0,4.709981441497803,0.35222384333610535,4.407446613186039e-05
2.0,4.718097686767578,0.35794201493263245,4.407446613186039e-05
2.0,4.7262609004974365,0.35794201493263245,4.3731473851948977e-05
2.0,4.734371900558472,0.44681599736213684,4.3731473851948977e-05
2.0,4.742464303970337,0.44681599736213684,4.339115912443958e-05
2.0,4.750554323196411,0.44681599736213684,4.339115912443958e-05
2.0,4.758641958236694,0.5330804586410522,4.3053500121459365e-05
2.0,4.7667460441589355,0.5330804586410522,4.3053500121459365e-05
2.0,4.7748589515686035,0.5429282188415527,4.27184859290719e-05
2.0,4.7829670906066895,0.5429282188415527,4.27184859290719e-05
2.0,4.79107141494751,0.5429282188415527,4.238611290929839e-05
2.0,4.799204349517822,0.5478116273880005,4.238611290929839e-05
2.0,4.80731201171875,0.5478116273880005,4.205634104437195e-05
2.0,4.815416574478149,0.5567433834075928,4.205634104437195e-05
2.0,4.823519945144653,0.5567433834075928,4.172917761025019e-05
2.0,4.8316264152526855,0.6248641610145569,4.172917761025019e-05
2.0,4.8397440910339355,0.6248641610145569,4.1404586227145046e-05
2.0,4.8478922843933105,0.6248641610145569,4.1404586227145046e-05
2.0,4.856019973754883,0.7070167660713196,4.108256325707771e-05
2.0,4.864132881164551,0.7070167660713196,4.108256325707771e-05
2.0,4.8722615242004395,0.8604596257209778,4.0763086872175336e-05
2.0,4.880381107330322,0.8604596257209778,4.0763086872175336e-05
2.0,4.888533115386963,0.8604596257209778,4.044614979648031e-05
2.0,4.896642684936523,0.9302705526351929,4.044614979648031e-05
2.0,4.904836177825928,0.9302705526351929,4.013171565020457e-05
2.0,4.9129462242126465,0.9589045643806458,3.9819795347284526e-05
2.0,4.9212377071380615,0.9589045643806458,3.9819795347284526e-05
2.0,4.929432392120361,0.9589045643806458,3.9819795347284526e-05
2.0,4.937566041946411,0.9092708230018616,3.9510348869953305e-05
2.0,4.9456787109375,0.9092708230018616,3.9203365304274485e-05
2.0,4.953805446624756,0.7675991058349609,3.9203365304274485e-05
2.0,4.961920976638794,0.7675991058349609,3.889884101226926e-05
2.0,4.97002649307251,0.7675991058349609,3.889884101226926e-05
2.0,4.978145122528076,0.6678709387779236,3.889884101226926e-05
2.0,4.986269235610962,0.6678709387779236,3.859675052808598e-05
2.0,4.994373798370361,0.5455605983734131,3.82970720238518e-05
2.0,5.002483367919922,0.5455605983734131,3.82970720238518e-05
2.0,5.0105836391448975,0.5455605983734131,3.79997945856303e-05
2.0,5.018672466278076,0.505653440952301,3.79997945856303e-05
2.0,5.026770830154419,0.505653440952301,3.7704900023527443e-05
2.0,5.034893035888672,0.49454760551452637,3.7704900023527443e-05
2.0,5.043019771575928,0.49454760551452637,3.74123701476492e-05
2.0,5.0511345863342285,0.48435550928115845,3.74123701476492e-05
2.0,5.059204816818237,0.48435550928115845,3.7122190406080335e-05
2.0,5.06731915473938,0.48435550928115845,3.7122190406080335e-05
2.0,5.075430393218994,0.45618534088134766,3.6834346246905625e-05
2.0,5.083558082580566,0.45618534088134766,3.6834346246905625e-05
2.0,5.091669082641602,0.3456040918827057,3.654881948023103e-05
2.0,5.099785327911377,0.3456040918827057,3.654881948023103e-05
2.0,5.107900619506836,0.3456040918827057,3.626559191616252e-05
2.0,5.116020679473877,0.2395269274711609,3.626559191616252e-05
2.0,5.124127149581909,0.2395269274711609,3.598465264076367e-05
2.0,5.1321985721588135,0.09547069668769836,3.598465264076367e-05
2.0,5.140298128128052,0.09547069668769836,3.570597982616164e-05
2.0,5.1484010219573975,0.09547069668769836,3.570597982616164e-05
2.0,5.1565022468566895,0.034629806876182556,3.542955528246239e-05
2.0,5.164626598358154,0.034629806876182556,3.542955528246239e-05
2.0,5.172731161117554,0.04641502723097801,3.5155360819771886e-05
2.0,5.180856466293335,0.04641502723097801,3.5155360819771886e-05
2.0,5.188986539840698,0.04641502723097801,3.4883392800111324e-05
2.0,5.197085857391357,0.1137397289276123,3.4883392800111324e-05
2.0,5.205235004425049,0.1137397289276123,3.4613633033586666e-05
2.0,5.213379144668579,0.26210150122642517,3.4613633033586666e-05
2.0,5.221482276916504,0.26210150122642517,3.434604877838865e-05
2.0,5.2295756340026855,0.26210150122642517,3.434604877838865e-05
2.0,5.237673044204712,0.34131741523742676,3.4080636396538466e-05
2.0,5.245790243148804,0.34131741523742676,3.4080636396538466e-05
2.0,5.253942251205444,0.42685890197753906,3.3817384974099696e-05
2.0,5.262057304382324,0.42685890197753906,3.3817384974099696e-05
2.0,5.270157098770142,0.42685890197753906,3.355625449330546e-05
2.0,5.278270721435547,0.4405325651168823,3.355625449330546e-05
2.0,5.2863733768463135,0.4405325651168823,3.32972667820286e-05
2.0,5.294469118118286,0.43921762704849243,3.32972667820286e-05
2.0,5.302612543106079,0.43921762704849243,3.3040363632608205e-05
2.0,5.310725212097168,0.43921762704849243,3.3040363632608205e-05
2.0,5.318838596343994,0.45574069023132324,3.278557051089592e-05
2.0,5.326948165893555,0.45574069023132324,3.278557051089592e-05
2.0,5.3350419998168945,0.5324833393096924,3.253282557125203e-05
2.0,5.34314227104187,0.5324833393096924,3.253282557125203e-05
2.0,5.35119891166687,0.5324833393096924,3.228215791750699e-05
2.0,5.359327554702759,0.6176506280899048,3.228215791750699e-05
2.0,5.367501497268677,0.6176506280899048,3.203352389391512e-05
2.0,5.3756208419799805,0.7665192484855652,3.203352389391512e-05
2.0,5.383722543716431,0.7665192484855652,3.1786912586539984e-05
2.0,5.391817808151245,0.7665192484855652,3.1786912586539984e-05
2.0,5.399935483932495,0.8353385925292969,3.1542323995381594e-05
2.0,5.4080798625946045,0.8353385925292969,3.1542323995381594e-05
2.0,5.416191577911377,0.8483332395553589,3.129972537863068e-05
2.0,5.424289703369141,0.8483332395553589,3.129972537863068e-05
2.0,5.432389736175537,0.7903823256492615,3.105909490841441e-05
2.0,5.440505266189575,0.7903823256492615,3.105909490841441e-05
2.0,5.448614597320557,0.7903823256492615,3.082043258473277e-05
2.0,5.456712484359741,0.6449729204177856,3.082043258473277e-05
2.0,5.464827060699463,0.6449729204177856,3.058372749364935e-05
2.0,5.472966909408569,0.5408768653869629,3.058372749364935e-05
2.0,5.481096029281616,0.5408768653869629,3.0348954169312492e-05
2.0,5.489223480224609,0.5408768653869629,3.0348954169312492e-05
2.0,5.497348785400391,0.4285990297794342,3.0116094421828166e-05
2.0,5.5054686069488525,0.4285990297794342,2.9885137337259948e-05
2.0,5.51359224319458,0.40251219272613525,2.9885137337259948e-05
2.0,5.521694183349609,0.40251219272613525,2.9656066544703208e-05
2.0,5.529812812805176,0.40251219272613525,2.9656066544703208e-05
2.0,5.537915229797363,0.39199599623680115,2.9656066544703208e-05
2.0,5.546029090881348,0.39199599623680115,2.9428867492242716e-05
2.0,5.554144620895386,0.38329076766967773,2.920352744695265e-05
2.0,5.562274694442749,0.38329076766967773,2.920352744695265e-05
2.0,5.570409536361694,0.38329076766967773,2.898002821893897e-05
2.0,5.578542232513428,0.34242257475852966,2.898002821893897e-05
2.0,5.586673259735107,0.34242257475852966,2.8758357075275853e-05
2.0,5.594774007797241,0.22846275568008423,2.8758357075275853e-05
2.0,5.602869510650635,0.22846275568008423,2.8538499464048073e-05
2.0,5.610974073410034,0.22846275568008423,2.8538499464048073e-05
2.0,5.619090557098389,0.12266458570957184,2.83204408333404e-05
2.0,5.627199172973633,0.12266458570957184,2.83204408333404e-05
2.0,5.635294198989868,-0.014678414911031723,2.8104166631237604e-05
2.0,5.643413782119751,-0.014678414911031723,2.8104166631237604e-05
2.0,5.651519775390625,-0.014678414911031723,2.7889656848856248e-05
2.0,5.659619092941284,-0.06818128377199173,2.7889656848856248e-05
2.0,5.667723178863525,-0.06818128377199173,2.767691148619633e-05
2.0,5.675820589065552,-0.04229394719004631,2.767691148619633e-05
2.0,5.683932542800903,-0.04229394719004631,2.746589780144859e-05
2.0,5.6920599937438965,-0.04229394719004631,2.746589780144859e-05
2.0,5.700165033340454,0.029270736500620842,2.725661761360243e-05
2.0,5.708303213119507,0.029270736500620842,2.725661761360243e-05
2.0,5.716431140899658,0.17280887067317963,2.7049045456806198e-05
2.0,5.724569082260132,0.17280887067317963,2.7049045456806198e-05
2.0,5.732707262039185,0.17280887067317963,2.6843170417123474e-05
2.0,5.7408318519592285,0.2617727816104889,2.6843170417123474e-05
2.0,5.748941659927368,0.2617727816104889,2.6638981580617838e-05
2.0,5.757081508636475,0.32963430881500244,2.6638981580617838e-05
2.0,5.765193462371826,0.32963430881500244,2.6436466214363463e-05
2.0,5.773289918899536,0.3399760127067566,2.6436466214363463e-05
2.0,5.781414270401001,0.3399760127067566,2.6235606128466316e-05
2.0,5.78953742980957,0.3399760127067566,2.6235606128466316e-05
2.0,5.79765510559082,0.33888697624206543,2.603638859000057e-05
2.0,5.805792570114136,0.33888697624206543,2.603638859000057e-05
2.0,5.813929080963135,0.36533722281455994,2.58388008660404e-05
2.0,5.822059869766235,0.36533722281455994,2.58388008660404e-05
2.0,5.830183744430542,0.36533722281455994,2.5642826585681178e-05
2.0,5.838300943374634,0.4588985741138458,2.5642826585681178e-05
2.0,5.846445560455322,0.4588985741138458,2.544845665397588e-05
2.0,5.854569911956787,0.5522465705871582,2.544845665397588e-05
2.0,5.862691402435303,0.5522465705871582,2.5255676519009285e-05
2.0,5.870818853378296,0.5522465705871582,2.5255676519009285e-05
2.0,5.878933906555176,0.6935267448425293,2.5064469809876755e-05
2.0,5.8871588706970215,0.6935267448425293,2.5064469809876755e-05
2.0,5.895426034927368,0.7548081278800964,2.4874827431631275e-05
2.0,5.903561592102051,0.7548081278800964,2.4874827431631275e-05
2.0,5.9116785526275635,0.7548081278800964,2.468673301336821e-05
2.0,5.919902563095093,0.7530441880226135,2.468673301336821e-05
2.0,5.928022146224976,0.7530441880226135,2.4500181098119356e-05
2.0,5.936199188232422,0.6839197278022766,2.4500181098119356e-05
2.0,5.944328308105469,0.6839197278022766,2.4315146220033057e-05
2.0,5.952422380447388,0.6839197278022766,2.4315146220033057e-05
2.0,5.960559368133545,0.5872058868408203,2.413163019809872e-05
2.0,5.968684911727905,0.5872058868408203,2.413163019809872e-05
2.0,5.976791858673096,0.43543511629104614,2.3949609385454096e-05
2.0,5.984907865524292,0.43543511629104614,2.3949609385454096e-05
2.0,5.993067264556885,0.43543511629104614,2.3769076506141573e-05
2.5,3.337860107421875e-06,0.36253809928894043,2.3769076506141573e-05
2.5,0.0081024169921875,0.36253809928894043,2.3590017008245923e-05
2.5,0.016297578811645508,0.313569039106369,2.3590017008245923e-05
2.5,0.024420738220214844,0.313569039106369,2.3412416339851916e-05
2.5,0.03253507614135742,0.3082198202610016,2.3412416339851916e-05
2.5,0.040647029876708984,0.3082198202610016,2.323626358702313e-05
2.5,0.04876899719238281,0.3082198202610016,2.323626358702313e-05
2.5,0.056899070739746094,0.2778196334838867,2.3061551473801956e-05
2.5,0.06504535675048828,0.2778196334838867,2.3061551473801956e-05
2.5,0.07319164276123047,0.20948392152786255,2.288826544827316e-05
2.5,0.08131861686706543,0.20948392152786255,2.271638913953211e-05
2.5,0.08941817283630371,0.20948392152786255,2.271638913953211e-05
2.5,0.09752774238586426,0.028960322961211205,2.271638913953211e-05
2.5,0.10565686225891113,0.028960322961211205,2.254591163364239e-05
2.5,0.11380219459533691,-0.09034129232168198,2.254591163364239e-05
2.5,0.12191486358642578,-0.09034129232168198,2.2376822016667575e-05
2.5,0.1300044059753418,-0.09034129232168198,2.2209109374671243e-05
2.5,0.1381213665008545,-0.1448908895254135,2.2209109374671243e-05
2.5,0.14625072479248047,-0.1448908895254135,2.204276097472757e-05
2.5,0.1543750762939453,-0.08215297758579254,2.204276097472757e-05
2.5,0.16252613067626953,-0.08215297758579254,2.204276097472757e-05
2.5,0.17065763473510742,-0.08215297758579254,2.1877771359868348e-05
2.5,0.1788036823272705,0.09236140549182892,2.1714122340199538e-05
2.5,0.18696904182434082,0.09236140549182892,2.1714122340199538e-05
2.5,0.1951284408569336,0.20424754917621613,2.1551801182795316e-05
2.5,0.2032761573791504,0.20424754917621613,2.1551801182795316e-05
2.5,0.21140694618225098,0.20424754917621613,2.1390802430687472e-05
2.5,0.21953129768371582,0.2689107358455658,2.1390802430687472e-05
2.5,0.2276754379272461,0.2689107358455658,2.1231111531960778e-05
2.5,0.2358260154724121,0.270673543214798,2.1231111531960778e-05
2.5,0.24402093887329102,0.270673543214798,2.10727121157106e-05
2.5,0.25216102600097656,0.270673543214798,2.10727121157106e-05
2.5,0.2602965831756592,0.30139416456222534,2.091560781991575e-05
2.5,0.26843881607055664,0.30139416456222534,2.091560781991575e-05
2.5,0.27657485008239746,0.3818278908729553,2.0759769540745765e-05
2.5,0.28472900390625,0.3818278908729553,2.0759769540745765e-05
2.5,0.2928764820098877,0.3818278908729553,2.0605200916179456e-05
2.5,0.3010108470916748,0.5018032789230347,2.0605200916179456e-05
2.5,0.30913496017456055,0.5018032789230347,2.0451881937333383e-05
2.5,0.3172590732574463,0.6715661287307739,2.0451881937333383e-05
2.5,0.3254523277282715,0.6715661287307739,2.029979987128172e-05
2.5,0.3335690498352051,0.6715661287307739,2.029979987128172e-05
2.5,0.3416748046875,0.7034708857536316,2.014896017499268e-05
2.5,0.34977078437805176,0.7034708857536316,2.014896017499268e-05
2.5,0.3578948974609375,0.6071193218231201,1.999934102059342e-05
2.5,0.3660719394683838,0.6071193218231201,1.999934102059342e-05
2.5,0.37419557571411133,0.6071193218231201,1.985092785616871e-05
2.5,0.38234567642211914,0.4779464900493622,1.985092785616871e-05
2.5,0.39045238494873047,0.4779464900493622,1.9703717043739744e-05
2.5,0.3985617160797119,0.31515371799468994,1.9703717043739744e-05
2.5,0.4066779613494873,0.31515371799468994,1.9557695850380696e-05
2.5,0.41481614112854004,0.2639477550983429,1.9557695850380696e-05
2.5,0.42295312881469727,0.2639477550983429,1.941285518114455e-05
2.5,0.4311189651489258,0.2639477550983429,1.941285518114455e-05
2.5,0.4392223358154297,0.2471335083246231,1.9269184122094885e-05
2.5,0.44735097885131836,0.2471335083246231,1.9269184122094885e-05
2.5,0.4554712772369385,0.22891895473003387,1.912667357828468e-05
2.5,0.46360349655151367,0.22891895473003387,1.912667357828468e-05
2.5,0.4717295169830322,0.22891895473003387,1.8985310816788115e-05
2.5,0.4798314571380615,0.1090986505150795,1.8985310816788115e-05
2.5,0.4879436492919922,0.1090986505150795,1.8845090380636975e-05
2.5,0.49607086181640625,-0.022816190496087074,1.8845090380636975e-05
2.5,0.5041842460632324,-0.022816190496087074,1.8705999536905438e-05
2.5,0.5122964382171631,-0.022816190496087074,1.8705999536905438e-05
2.5,0.5204617977142334,-0.17615871131420135,1.856802737165708e-05
2.5,0.528653621673584,-0.17615871131420135,1.856802737165708e-05
2.5,0.536968469619751,-0.20293781161308289,1.843116660893429e-05
2.5,0.5451490879058838,-0.20293781161308289,1.843116660893429e-05
2.5,0.5532941818237305,-0.20293781161308289,1.8295409972779453e-05
2.5,0.5614025592803955,-0.0945991799235344,1.8295409972779453e-05
2.5,0.5695245265960693,-0.0945991799235344,1.8160744730266742e-05
2.5,0.5776572227478027,0.031444333493709564,1.8160744730266742e-05
2.5,0.5857868194580078,0.031444333493709564,1.802715632948093e-05
2.5,0.5939397811889648,0.031444333493709564,1.802715632948093e-05
2.5,0.6021072864532471,0.17497235536575317,1.7894646589411423e-05
2.5,0.6102449893951416,0.17497235536575317,1.7763195501174778e-05
2.5,0.6183667182922363,0.21071650087833405,1.7763195501174778e-05
2.5,0.6265232563018799,0.21071650087833405,1.7632803064770997e-05
2.5,0.6346971988677979,0.21071650087833405,1.7632803064770997e-05
2.5,0.642894983291626,0.21096602082252502,1.7503452909295447e-05
2.5,0.6510000228881836,0.21096602082252502,1.7503452909295447e-05
2.5,0.6591014862060547,0.2408859133720398,1.737514503474813e-05
2.5,0.667222261428833,0.2408859133720398,1.737514503474813e-05
2.5,0.6753983497619629,0.2408859133720398,1.72478576132562e-05
2.5,0.6836221218109131,0.3162911832332611,1.72478576132562e-05
2.5,0.6917526721954346,0.3162911832332611,1.7121597920777276e-05
2.5,0.6999003887176514,0.5012525916099548,1.7121597920777276e-05
2.5,0.7080581188201904,0.5012525916099548,1.6996344129438512e-05
2.5,0.7162365913391113,0.5012525916099548,1.6996344129438512e-05
2.5,0.7243533134460449,0.6089522838592529,1.6872085325303487e-05
2.5,0.732475757598877,0.6089522838592529,1.6872085325303487e-05
2.5,0.7406260967254639,0.6353221535682678,1.6748828784329817e-05
2.5,0.7487576007843018,0.6353221535682678,1.6748828784329817e-05
2.5,0.756887674331665,0.5636789202690125,1.662655449763406e-05
2.5,0.7650113105773926,0.5636789202690125,1.662655449763406e-05
2.5,0.7731328010559082,0.5636789202690125,1.6505255189258605e-05
2.5,0.7812700271606445,0.3747117519378662,1.6505255189258605e-05
2.5,0.789417028427124,0.3747117519378662,1.6384921764256433e-05
2.5,0.7975499629974365,0.27510300278663635,1.6384921764256433e-05
2.5,0.805675745010376,0.27510300278663635,1.626554694666993e-05
2.5,0.8137896060943604,0.27510300278663635,1.626554694666993e-05
2.5,0.8218977451324463,0.20695075392723083,1.614712346054148e-05
2.5,0.8300042152404785,0.20695075392723083,1.614712346054148e-05
2.5,0.8381450176239014,0.20208482444286346,1.6029642210924067e-05
2.5,0.8463249206542969,0.20208482444286346,1.6029642210924067e-05
2.5,0.8544583320617676,0.20208482444286346,1.5913095921860076e-05
2.5,0.862623929977417,0.15971912443637848,1.5913095921860076e-05
2.5,0.8707704544067383,0.15971912443637848,1.5797477317391895e-05
2.5,0.8788895606994629,0.06856709718704224,1.5797477317391895e-05
2.5,0.8870048522949219,0.06856709718704224,1.5682779121561907e-05
2.5,0.8951210975646973,0.06856709718704224,1.5682779121561907e-05
2.5,0.9032235145568848,-0.1199466735124588,1.5568990420433693e-05
2.5,0.911327600479126,-0.1199466735124588,1.5568990420433693e-05
2.5,0.9194703102111816,-0.2211644947528839,1.5456103938049637e-05
2.5,0.9276001453399658,-0.2211644947528839,1.5456103938049637e-05
2.5,0.9357399940490723,-0.2211644947528839,1.5344112398452125e-05
2.5,0.9438943862915039,-0.23804564774036407,1.5344112398452125e-05
2.5,0.9520022869110107,-0.23804564774036407,1.523300579719944e-05
2.5,0.9601280689239502,-0.15538477897644043,1.523300579719944e-05
2.5,0.968268632888794,-0.15538477897644043,1.5122778677323367e-05
2.5,0.97637939453125,-0.15538477897644043,1.5122778677323367e-05
2.5,0.9844906330108643,0.03143744170665741,1.5013423762866296e-05
2.5,0.9925990104675293,0.03143744170665741,1.5013423762866296e-05
2.5,1.0007038116455078,0.12215791642665863,1.4904935596860014e-05
2.5,1.00882887840271,0.12215791642665863,1.4904935596860014e-05
2.5,1.0169477462768555,0.12215791642665863,1.4797304174862802e-05
2.5,1.0250754356384277,0.1608898788690567,1.4797304174862802e-05
2.5,1.0331921577453613,0.1608898788690567,1.4690521311422344e-05
2.5,1.0413124561309814,0.1653294861316681,1.4690521311422344e-05
2.5,1.0494322776794434,0.1653294861316681,1.458458154957043e-05
2.5,1.0575363636016846,0.18805132806301117,1.4479478522844147e-05
2.5,1.0656473636627197,0.18805132806301117,1.4479478522844147e-05
2.5,1.0737757682800293,0.18805132806301117,1.4479478522844147e-05
2.5,1.081897258758545,0.3133806586265564,1.4375203136296477e-05
2.5,1.0899980068206787,0.3133806586265564,1.4375203136296477e-05
2.5,1.0981075763702393,0.4389936029911041,1.4271748113969807e-05
2.5,1.106210708618164,0.4389936029911041,1.4169106179906521e-05
2.5,1.114342212677002,0.4389936029911041,1.4169106179906521e-05
2.5,1.1224956512451172,0.5861005187034607,1.4169106179906521e-05
2.5,1.1305949687957764,0.5861005187034607,1.406727187713841e-05
2.5,1.1386935710906982,0.5926372408866882,1.3966237020213157e-05
2.5,1.1467885971069336,0.5926372408866882,1.3966237020213157e-05
2.5,1.1549274921417236,0.5926372408866882,1.3865997061657254e-05
2.5,1.163137435913086,0.4715779721736908,1.3865997061657254e-05
2.5,1.1712687015533447,0.4715779721736908,1.3766545635007787e-05
2.5,1.1794023513793945,0.34313657879829407,1.3766545635007787e-05
2.5,1.187535047531128,0.34313657879829407,1.3667870007338934e-05
2.5,1.19563627243042,0.34313657879829407,1.3667870007338934e-05
2.5,1.2037358283996582,0.195100337266922,1.3569968359661289e-05
2.5,1.2118544578552246,0.195100337266922,1.3569968359661289e-05
2.5,1.2199664115905762,0.16408714652061462,1.347283432551194e-05
2.5,1.2280902862548828,0.16408714652061462,1.347283432551194e-05
2.5,1.236217737197876,0.16408714652061462,1.3376457900449168e-05
2.5,1.2443373203277588,0.15518786013126373,1.3376457900449168e-05
2.5,1.2524590492248535,0.15518786013126373,1.3280838174978271e-05
2.5,1.2605628967285156,0.11720996350049973,1.3280838174978271e-05
2.5,1.2686631679534912,0.11720996350049973,1.318596514465753e-05
2.5,1.276778221130371,0.11720996350049973,1.318596514465753e-05
2.5,1.2848997116088867,-0.020166419446468353,1.3091828805045225e-05
2.5,1.2929942607879639,-0.020166419446468353,1.3091828805045225e-05
2.5,1.301131010055542,-0.15438534319400787,1.299843097513076e-05
2.5,1.3092355728149414,-0.15438534319400787,1.299843097513076e-05
2.5,1.3173463344573975,-0.28688114881515503,1.2905758921988308e-05
2.5,1.3254687786102295,-0.28688114881515503,1.2905758921988308e-05
2.5,1.333568811416626,-0.28688114881515503,1.2813808098144364e-05
2.5,1.3418455123901367,-0.2839348018169403,1.2813808098144364e-05
2.5,1.3499855995178223,-0.2839348018169403,1.2722573956125416e-05
2.5,1.358121633529663,-0.14903199672698975,1.2722573956125416e-05
2.5,1.3662340641021729,-0.14903199672698975,1.2632049219973851e-05
2.5,1.3743367195129395,-0.14903199672698975,1.2632049219973851e-05
2.5,1.3824424743652344,-0.02653169259428978,1.2542228432721458e-05
2.5,1.3905870914459229,-0.02653169259428978,1.2542228432721458e-05
2.5,1.3987205028533936,0.09800663590431213,1.2453106137400027e-05
2.5,1.4068896770477295,0.09800663590431213,1.2453106137400027e-05
2.5,1.4149978160858154,0.09800663590431213,1.2364675058051944e-05
2.5,1.4231059551239014,0.12054359167814255,1.2364675058051944e-05
2.5,1.4312262535095215,0.12054359167814255,1.2276929737708997e-05
2.5,1.439349889755249,0.12013236433267593,1.2276929737708997e-05
2.5,1.4474618434906006,0.12013236433267593,1.2189861990918871e-05
2.5,1.4555606842041016,0.12013236433267593,1.2189861990918871e-05
2.5,1.4636576175689697,0.16425049304962158,1.210346908919746e-05
2.5,1.4717559814453125,0.16425049304962158,1.210346908919746e-05
2.5,1.4798614978790283,0.3090802729129791,1.2017743756587151e-05
2.5,1.4879858493804932,0.3090802729129791,1.2017743756587151e-05
2.5,1.4960947036743164,0.3090802729129791,1.1932685083593242e-05
2.5,1.5042366981506348,0.43907034397125244,1.1932685083593242e-05
2.5,1.512366771697998,0.43907034397125244,1.1848281246784609e-05
2.5,1.5207056999206543,0.5558483600616455,1.1848281246784609e-05
2.5,1.5288701057434082,0.5558483600616455,1.1764529517677147e-05
2.5,1.5370147228240967,0.5345484018325806,1.1764529517677147e-05
2.5,1.545152187347412,0.5345484018325806,1.1681425348797347e-05
2.5,1.5533356666564941,0.5345484018325806,1.1681425348797347e-05
2.5,1.5614445209503174,0.43842336535453796,1.159895873570349e-05
2.5,1.5695586204528809,0.43842336535453796,1.159895873570349e-05
2.5,1.577674388885498,0.25102195143699646,1.1517129678395577e-05
2.5,1.5857853889465332,0.25102195143699646,1.1517129678395577e-05
2.5,1.593886137008667,0.25102195143699646,1.1435929081926588e-05
2.5,1.6020026206970215,0.16131742298603058,1.1435929081926588e-05
2.5,1.6101179122924805,0.16131742298603058,1.1355352398823015e-05
2.5,1.6182477474212646,0.11033666878938675,1.1355352398823015e-05
2.5,1.626361608505249,0.11033666878938675,1.1275397810095455e-05
2.5,1.634521722793579,0.11033666878938675,1.1196055311302189e-05
2.5,1.642690658569336,0.11146681755781174,1.1196055311302189e-05
2.5,1.6508231163024902,0.11146681755781174,1.1117320354969706e-05
2.5,1.658942461013794,0.052101798355579376,1.1117320354969706e-05
2.5,1.667006254196167,0.052101798355579376,1.10391883936245e-05
2.5,1.6751289367675781,0.052101798355579376,1.10391883936245e-05
2.5,1.6832342147827148,-0.05112845450639725,1.0961658517771866e-05
2.5,1.6913387775421143,-0.05112845450639725,1.0961658517771866e-05
2.5,1.699483871459961,-0.2490333914756775,1.0884720722970087e-05
2.5,1.7076358795166016,-0.2490333914756775,1.0884720722970087e-05
2.5,1.7157597541809082,-0.2490333914756775,1.0808370461745653e-05
2.5,1.7238855361938477,-0.32645782828330994,1.0808370461745653e-05
2.5,1.7319984436035156,-0.32645782828330994,1.0732604096119758e-05
2.5,1.7400975227355957,-0.30355530977249146,1.0732604096119758e-05
2.5,1.7481980323791504,-0.30355530977249146,1.0657417078618892e-05
2.5,1.7563138008117676,-0.30355530977249146,1.0657417078618892e-05
2.5,1.7644333839416504,-0.209231898188591,1.0582803042780142e-05
2.5,1.7725417613983154,-0.209231898188591,1.0582803042780142e-05
2.5,1.7806470394134521,-0.028141560032963753,1.0508759260119405e-05
2.5,1.788776159286499,-0.028141560032963753,1.0508759260119405e-05
2.5,1.7969081401824951,0.0481649748980999,1.0435280273668468e-05
2.5,1.8050036430358887,0.0481649748980999,1.0435280273668468e-05
2.5,1.813112497329712,0.0481649748980999,1.0362360626459122e-05
2.5,1.8212146759033203,0.07686395198106766,1.0362360626459122e-05
2.5,1.829331874847412,0.07686395198106766,1.0289994861523155e-05
2.5,1.8374855518341064,0.07505609840154648,1.0289994861523155e-05
2.5,1.845646858215332,0.07505609840154648,1.0218177521892358e-05
2.5,1.8537747859954834,0.07505609840154648,1.0218177521892358e-05
2.5,1.8618738651275635,0.14759059250354767,1.0146909517061431e-05
2.5,1.870018482208252,0.14759059250354767,1.0146909517061431e-05
2.5,1.8788959980010986,0.2552153170108795,1.0076179933093954e-05
2.5,1.8870806694030762,0.2552153170108795,1.0076179933093954e-05
2.5,1.8952298164367676,0.2552153170108795,1.0005986041505821e-05
2.5,1.9033825397491455,0.37663865089416504,1.0005986041505821e-05
2.5,1.911512851715088,0.37663865089416504,9.93632693280233e-06
2.5,1.919647455215454,0.5093657970428467,9.93632693280233e-06
2.5,1.9277830123901367,0.5093657970428467,9.867192602541763e-06
2.5,1.9359071254730225,0.4933812916278839,9.867192602541763e-06
2.5,1.9440104961395264,0.4933812916278839,9.798584869713522e-06
2.5,1.952132225036621,0.4933812916278839,9.798584869713522e-06
2.5,1.9602479934692383,0.33550119400024414,9.730492820381187e-06
2.5,1.9683616161346436,0.33550119400024414,9.730492820381187e-06
2.5,1.976487159729004,0.33550119400024414,9.730492820381187e-06
2.5,1.9846150875091553,0.21618954837322235,9.662917364039458e-06
2.5,1.9927570819854736,0.21618954837322235,9.595852134225424e-06
2.5,2.0008866786956787,0.21618954837322235,9.595852134225424e-06
2.5,2.0090172290802,0.09168019145727158,9.595852134225424e-06
2.5,2.01713490486145,0.09168019145727158,9.529289854981471e-06
2.5,2.025251865386963,0.0698317363858223,9.463232345297001e-06
2.5,2.0333898067474365,0.0698317363858223,9.463232345297001e-06
2.5,2.041538953781128,0.0698317363858223,9.397672329214402e-06
2.5,2.049666166305542,0.05874088779091835,9.397672329214402e-06
2.5,2.0577845573425293,0.05874088779091835,9.332605259260163e-06
2.5,2.065904378890991,0.009340405464172363,9.332605259260163e-06
2.5,2.074021339416504,0.009340405464172363,9.268025678466074e-06
2.5,2.0821356773376465,0.009340405464172363,9.268025678466074e-06
2.5,2.0902628898620605,-0.15365396440029144,9.203932677337434e-06
2.5,2.0984325408935547,-0.15365396440029144,9.203932677337434e-06
2.5,2.1065614223480225,-0.2814028859138489,9.140323527390137e-06
2.5,2.114687204360962,-0.2814028859138489,9.140323527390137e-06
2.5,2.1228177547454834,-0.2814028859138489,9.077190043171868e-06
2.5,2.1309447288513184,-0.3827289342880249,9.077190043171868e-06
2.5,2.139078378677368,-0.3827289342880249,9.014530405693222e-06
2.5,2.1471846103668213,-0.3598448932170868,9.014530405693222e-06
2.5,2.1553332805633545,-0.3598448932170868,8.952339157985989e-06
2.5,2.163545846939087,-0.3598448932170868,8.952339157985989e-06
2.5,2.1716718673706055,-0.2029624730348587,8.890613571566064e-06
2.5,2.1798031330108643,-0.2029624730348587,8.890613571566064e-06
2.5,2.187915563583374,-0.08149843662977219,8.82935000845464e-06
2.5,2.1960105895996094,-0.08149843662977219,8.82935000845464e-06
2.5,2.20414662361145,0.015285210683941841,8.768543921178207e-06
2.5,2.2122745513916016,0.015285210683941841,8.768543921178207e-06
2.5,2.220397472381592,0.015285210683941841,8.708191671757959e-06
2.5,2.2285261154174805,0.029905779287219048,8.708191671757959e-06
2.5,2.23665189743042,0.029905779287219048,8.648292350699194e-06
2.5,2.2447738647460938,0.042599890381097794,8.648292350699194e-06
2.5,2.252897024154663,0.042599890381097794,8.588840501033701e-06
2.5,2.2609968185424805,0.042599890381097794,8.588840501033701e-06
2.5,2.269103527069092,0.0987812802195549,8.52983066579327e-06
2.5,2.2772114276885986,0.0987812802195549,8.52983066579327e-06
2.5,2.285416841506958,0.2660186290740967,8.471259206999093e-06
2.5,2.2935922145843506,0.2660186290740967,8.471259206999093e-06
2.5,2.3017220497131348,0.2660186290740967,8.413121577177662e-06
2.5,2.3098390102386475,0.3801282048225403,8.413121577177662e-06
2.5,2.3179521560668945,0.3801282048225403,8.355421414307784e-06
2.5,2.3260862827301025,0.45426496863365173,8.355421414307784e-06
2.5,2.334219455718994,0.45426496863365173,8.298146894958336e-06
2.5,2.342360019683838,0.45426496863365173,8.298146894958336e-06
2.5,2.3504786491394043,0.41525334119796753,8.24129438115051e-06
2.5,2.358602523803711,0.41525334119796753,8.24129438115051e-06
2.5,2.366725444793701,0.30594775080680847,8.184871148841921e-06
2.5,2.3748512268066406,0.30594775080680847,8.184871148841921e-06
2.5,2.3829996585845947,0.30594775080680847,8.128860827127937e-06
2.5,2.3911125659942627,0.12420282512903214,8.128860827127937e-06
2.5,2.3993117809295654,0.12420282512903214,8.073267053987365e-06
2.5,2.4074692726135254,0.053135283291339874,8.073267053987365e-06
2.5,2.4155988693237305,0.053135283291339874,8.018084372451995e-06
2.5,2.4237427711486816,0.053135283291339874,7.96331005403772e-06
2.5,2.431877374649048,0.019398754462599754,7.96331005403772e-06
2.5,2.4404478073120117,0.019398754462599754,7.908939551271033e-06
2.5,2.4486327171325684,0.009478665888309479,7.908939551271033e-06
2.5,2.4567716121673584,0.009478665888309479,7.908939551271033e-06
2.5,2.4649181365966797,-0.07368548214435577,7.854972864151932e-06
2.5,2.4730305671691895,-0.07368548214435577,7.8013999882387e-06
2.5,2.4811720848083496,-0.07368548214435577,7.8013999882387e-06
2.5,2.4893083572387695,-0.19192685186862946,7.74822910898365e-06
2.5,2.497404098510742,-0.19192685186862946,7.74822910898365e-06
2.5,2.505499839782715,-0.37008827924728394,7.695445674471557e-06
2.5,2.5136165618896484,-0.37008827924728394,7.695445674471557e-06
2.5,2.5217480659484863,-0.37008827924728394,7.64305059419712e-06
2.5,2.529876470565796,-0.4261307716369629,7.64305059419712e-06
2.5,2.5380146503448486,-0.4261307716369629,7.5910415944235865e-06
2.5,2.546142101287842,-0.36715272068977356,7.5910415944235865e-06
2.5,2.554295063018799,-0.36715272068977356,7.539415491919499e-06
2.5,2.5624184608459473,-0.36715272068977356,7.539415491919499e-06
2.5,2.570549249649048,-0.2618616819381714,7.488169558200752e-06
2.5,2.5787346363067627,-0.2618616819381714,7.488169558200752e-06
2.5,2.5868892669677734,-0.09085666388273239,7.437298791046487e-06
2.5,2.595109701156616,-0.09085666388273239,7.437298791046487e-06
2.5,2.6032514572143555,-0.09085666388273239,7.386800461972598e-06
2.5,2.611393928527832,-0.028928441926836967,7.386800461972598e-06
2.5,2.6195333003997803,-0.028928441926836967,7.336674570979085e-06
2.5,2.627668857574463,-0.0176647137850523,7.336674570979085e-06
2.5,2.635775327682495,-0.0176647137850523,7.286914751603035e-06
2.5,2.6438770294189453,-0.0176647137850523,7.286914751603035e-06
2.5,2.652005672454834,-0.006526226177811623,7.237518275360344e-06
2.5,2.660141706466675,-0.006526226177811623,7.237518275360344e-06
2.5,2.6682615280151367,0.04017789661884308,7.188485596998362e-06
2.5,2.6763668060302734,0.04017789661884308,7.188485596998362e-06
2.5,2.684473752975464,0.04017789661884308,7.139810804801527e-06
2.5,2.6926119327545166,0.207635760307312,7.139810804801527e-06
2.5,2.7007219791412354,0.207635760307312,7.091491625033086e-06
2.5,2.708839178085327,0.33440855145454407,7.091491625033086e-06
2.5,2.7169697284698486,0.33440855145454407,7.04352396496688e-06
2.5,2.725123167037964,0.33440855145454407,7.04352396496688e-06
2.5,2.733229637145996,0.4173280596733093,6.995906460360857e-06
2.5,2.741332530975342,0.4173280596733093,6.995906460360857e-06
2.5,2.7494325637817383,0.37507376074790955,6.9486363827309106e-06
2.5,2.7575490474700928,0.37507376074790955,6.9486363827309106e-06
2.5,2.7656967639923096,0.37507376074790955,6.9017100940982345e-06
2.5,2.7738497257232666,0.20175762474536896,6.9017100940982345e-06
2.5,2.781982183456421,0.20175762474536896,6.855124865978723e-06
2.5,2.7901036739349365,0.08273912221193314,6.855124865978723e-06
2.5,2.798227071762085,0.08273912221193314,6.8088788793829735e-06
2.5,2.8063573837280273,0.08273912221193314,6.8088788793829735e-06
2.5,2.814492702484131,-0.01622096821665764,6.7629703153215814e-06
2.5,2.822624444961548,-0.01622096821665764,6.7629703153215814e-06
2.5,2.830761432647705,-0.024959970265626907,6.7173937168263365e-06
2.5,2.8389017581939697,-0.024959970265626907,6.7173937168263365e-06
2.5,2.8469953536987305,-0.024959970265626907,6.672146810160484e-06
2.5,2.8551125526428223,-0.050584811717271805,6.672146810160484e-06
2.5,2.863248348236084,-0.050584811717271805,6.627230504818726e-06
2.5,2.871370553970337,-0.11332128942012787,6.627230504818726e-06
2.5,2.879520893096924,-0.11332128942012787,6.5826388890855014e-06
2.5,2.8876702785491943,-0.2913333475589752,6.5826388890855014e-06
2.5,2.8958003520965576,-0.2913333475589752,6.538369689224055e-06
2.5,2.903918504714966,-0.2913333475589752,6.538369689224055e-06
2.5,2.912012815475464,-0.40962493419647217,6.494421086244984e-06
2.5,2.920145273208618,-0.40962493419647217,6.494421086244984e-06
2.5,2.9283883571624756,-0.4796777665615082,6.450790351664182e-06
2.5,2.936574697494507,-0.4796777665615082,6.4074738475028425e-06
2.5,2.9447145462036133,-0.4796777665615082,6.4074738475028425e-06
2.5,2.952845811843872,-0.4207459092140198,6.4074738475028425e-06
2.5,2.9609673023223877,-0.4207459092140198,6.364471573760966e-06
2.5,2.9691243171691895,-0.24827547371387482,6.321778528217692e-06
2.5,2.9772348403930664,-0.24827547371387482,6.321778528217692e-06
2.5,2.985344886779785,-0.24827547371387482,6.279392891883617e-06
2.5,2.9934678077697754,-0.14055927097797394,6.279392891883617e-06
2.5,3.001641273498535,-0.14055927097797394,6.237314210011391e-06
2.5,3.009838819503784,-0.06664180755615234,6.237314210011391e-06
2.5,3.0179603099823,-0.06664180755615234,6.195537935127504e-06
2.5,3.026092529296875,-0.06664180755615234,6.195537935127504e-06
2.5,3.0342283248901367,-0.06480581313371658,6.154062702989904e-06
2.5,3.042388439178467,-0.06480581313371658,6.154062702989904e-06
2.5,3.0505564212799072,-0.06465347111225128,6.112885330367135e-06
2.5,3.0586843490600586,-0.06465347111225128,6.112885330367135e-06
2.5,3.066784143447876,-0.06465347111225128,6.072003088775091e-06
2.5,3.074876546859741,0.034906551241874695,6.072003088775091e-06
2.5,3.0829851627349854,0.034906551241874695,6.03141506871907e-06
2.5,3.0910909175872803,0.15558692812919617,6.03141506871907e-06
2.5,3.099198341369629,0.15558692812919617,5.991118086967617e-06
2.5,3.1073169708251953,0.3296305537223816,5.991118086967617e-06
2.5,3.115413188934326,0.3296305537223816,5.951109415036626e-06
2.5,3.1235129833221436,0.3296305537223816,5.951109415036626e-06
2.5,3.131608724594116,0.37072867155075073,5.9113872339366935e-06
2.5,3.139711618423462,0.37072867155075073,5.9113872339366935e-06
2.5,3.147810459136963,0.28510138392448425,5.871950179425767e-06
2.5,3.1559150218963623,0.28510138392448425,5.871950179425767e-06
2.5,3.164024829864502,0.28510138392448425,5.832794613525039e-06
2.5,3.172157049179077,0.16856792569160461,5.832794613525039e-06
2.5,3.1802868843078613,0.16856792569160461,5.793918717245106e-06
2.5,3.188413619995117,0.16856792569160461,5.793918717245106e-06
2.5,3.196558952331543,-0.007316457107663155,5.755322490585968e-06
2.5,3.2047927379608154,-0.007316457107663155,5.755322490585968e-06
2.5,3.212923526763916,-0.05823371931910515,5.7170013860741165e-06
2.5,3.221064567565918,-0.05823371931910515,5.7170013860741165e-06
2.5,3.2292051315307617,-0.07363402843475342,5.678952675225446e-06
2.5,3.237325668334961,-0.07363402843475342,5.678952675225446e-06
2.5,3.245441198348999,-0.07363402843475342,5.641175903292606e-06
2.5,3.25356125831604,-0.08984288573265076,5.641175903292606e-06
2.5,3.261712074279785,-0.08984288573265076,5.603668796538841e-06
2.5,3.269855260848999,-0.2004317194223404,5.603668796538841e-06
2.5,3.2780039310455322,-0.2004317194223404,5.566426807490643e-06
2.5,3.2861380577087402,-0.2004317194223404,5.566426807490643e-06
2.5,3.294267177581787,-0.3270873725414276,5.529452664632117e-06
2.5,3.302401542663574,-0.3270873725414276,5.529452664632117e-06
2.5,3.310507297515869,-0.4916537404060364,5.492738637258299e-06
2.5,3.3186070919036865,-0.4916537404060364,5.492738637258299e-06
2.5,3.3267269134521484,-0.4916537404060364,5.456288363347994e-06
2.5,3.334871768951416,-0.5281891822814941,5.456288363347994e-06
2.5,3.343010663986206,-0.5281891822814941,5.42009456694359e-06
2.5,3.3511393070220947,-0.432600200176239,5.42009456694359e-06
2.5,3.3593125343322754,-0.432600200176239,5.3841595217818394e-06
2.5,3.3674914836883545,-0.432600200176239,5.3841595217818394e-06
2.5,3.375631093978882,-0.31140613555908203,5.348478225641884e-06
2.5,3.3837716579437256,-0.31140613555908203,5.348478225641884e-06
2.5,3.3918979167938232,-0.16222640872001648,5.313047950039618e-06
2.5,3.400028705596924,-0.16222640872001648,5.313047950039618e-06
2.5,3.408175230026245,-0.11528347432613373,5.277871878206497e-06
2.5,3.4162862300872803,-0.11528347432613373,5.277871878206497e-06
2.5,3.424403667449951,-0.11528347432613373,5.2429436436796095e-06
2.5,3.4325296878814697,-0.11255515366792679,5.2429436436796095e-06
2.5,3.4406514167785645,-0.11255515366792679,5.2082614274695516e-06
2.5,3.44877552986145,-0.08995802700519562,5.2082614274695516e-06
2.5,3.456895351409912,-0.08995802700519562,5.173824320081621e-06
2.5,3.465008020401001,-0.08995802700519562,5.173824320081621e-06
2.5,3.4731216430664062,-0.023692557588219643,5.139631412021117e-06
2.5,3.48132061958313,-0.023692557588219643,5.105680884298636e-06
2.5,3.489508628845215,0.1545371562242508,5.105680884298636e-06
2.5,3.49764347076416,0.1545371562242508,5.105680884298636e-06
2.5,3.5057811737060547,0.1545371562242508,5.0719686441880185e-06
2.5,3.5139248371124268,0.2695702314376831,5.0719686441880185e-06
2.5,3.522002935409546,0.2695702314376831,5.038493782194564e-06
2.5,3.530133008956909,0.3170088231563568,5.00525493407622e-06
2.5,3.538259506225586,0.3170088231563568,5.00525493407622e-06
2.5,3.5463738441467285,0.3170088231563568,4.97224937134888e-06
2.5,3.554506301879883,0.2518007159233093,4.97224937134888e-06
2.5,3.562689781188965,0.2518007159233093,4.9394766392651945e-06
2.5,3.570868492126465,0.06667602807283401,4.9394766392651945e-06
2.5,3.5790064334869385,0.06667602807283401,4.906934464088408e-06
2.5,3.587123155593872,0.06667602807283401,4.906934464088408e-06
2.5,3.595224618911743,-0.04307255148887634,4.874620572081767e-06
2.5,3.603335380554199,-0.04307255148887634,4.874620572081767e-06
2.5,3.611453056335449,-0.11522921919822693,4.842533599003218e-06
2.5,3.6195826530456543,-0.11522921919822693,4.842533599003218e-06
2.5,3.627723455429077,-0.11522921919822693,4.810671271116007e-06
2.5,3.6358578205108643,-0.12100882828235626,4.810671271116007e-06
2.5,3.6440088748931885,-0.12100882828235626,4.779033588420134e-06
2.5,3.652125597000122,-0.15655604004859924,4.779033588420134e-06
2.5,3.6602442264556885,-0.15655604004859924,4.7476182771788444e-06
2.5,3.6683835983276367,-0.15655604004859924,4.7476182771788444e-06
2.5,3.676640748977661,-0.2386285960674286,4.716422608908033e-06
2.5,3.6848349571228027,-0.2386285960674286,4.716422608908033e-06
2.5,3.692944288253784,-0.4260309040546417,4.685443855123594e-06
2.5,3.7010974884033203,-0.4260309040546417,4.685443855123594e-06
2.5,3.709216356277466,-0.4260309040546417,4.654682015825529e-06
2.5,3.7173941135406494,-0.5358943343162537,4.654682015825529e-06
2.5,3.7255876064300537,-0.5358943343162537,4.624137091013836e-06
2.5,3.7337234020233154,-0.5628004670143127,4.624137091013836e-06
2.5,3.741882085800171,-0.5628004670143127,4.593804078467656e-06
2.5,3.749993324279785,-0.48807385563850403,4.593804078467656e-06
2.5,3.7580974102020264,-0.48807385563850403,4.563682978186989e-06
2.5,3.7662134170532227,-0.48807385563850403,4.563682978186989e-06
2.5,3.7743284702301025,-0.36748552322387695,4.533772880677134e-06
2.5,3.782449960708618,-0.36748552322387695,4.533772880677134e-06
2.5,3.7905848026275635,-0.21194401383399963,4.50406878371723e-06
2.5,3.798722743988037,-0.21194401383399963,4.50406878371723e-06
2.5,3.806861400604248,-0.21194401383399963,4.4745756895281374e-06
2.5,3.815001964569092,-0.16636042296886444,4.4745756895281374e-06
2.5,3.8231163024902344,-0.16636042296886444,4.4452845031628385e-06
2.5,3.831238031387329,-0.16099360585212708,4.4452845031628385e-06
2.5,3.8393657207489014,-0.16099360585212708,4.416200226842193e-06
2.5,3.84749436378479,-0.16099360585212708,4.416200226842193e-06
2.5,3.8556368350982666,-0.1431845873594284,4.387314675113885e-06
2.5,3.8637750148773193,-0.1431845873594284,4.387314675113885e-06
2.5,3.8719210624694824,-0.028393037617206573,4.3586337596934754e-06
2.5,3.880030870437622,-0.028393037617206573,4.3586337596934754e-06
2.5,3.888188600540161,-0.028393037617206573,4.330148840381298e-06
2.5,3.896322727203369,0.09610535949468613,4.330148840381298e-06
2.5,3.904456377029419,0.09610535949468613,4.30186355515616e-06
2.5,3.912585735321045,0.25083163380622864,4.30186355515616e-06
2.5,3.9206926822662354,0.25083163380622864,4.273774266039254e-06
2.5,3.9288041591644287,0.25083163380622864,4.273774266039254e-06
2.5,3.936922073364258,0.27349427342414856,4.245877789799124e-06
2.5,3.9449973106384277,0.27349427342414856,4.245877789799124e-06
2.5,3.9531400203704834,0.15465886890888214,4.218177764414577e-06
2.5,3.9612929821014404,0.15465886890888214,4.218177764414577e-06
2.5,3.969437837600708,0.15465886890888214,4.190669187664753e-06
2.5,3.977569580078125,0.03052523359656334,4.163349331065547e-06
2.5,3.985724449157715,0.03052523359656334,4.163349331065547e-06
2.5,3.9938621520996094,-0.12249399721622467,4.1362181946169585e-06
2.5,4.001997470855713,-0.12249399721622467,4.1362181946169585e-06
2.5,4.01012659072876,-0.12249399721622467,4.10927668781369e-06
2.5,4.018233776092529,-0.16705526411533356,4.10927668781369e-06
2.5,4.026342391967773,-0.16705526411533356,4.10927668781369e-06
2.5,4.034460783004761,-0.1721154749393463,4.082520717929583e-06
2.5,4.042572259902954,-0.1721154749393463,4.055949375469936e-06
2.5,4.050702095031738,-0.1721154749393463,4.055949375469936e-06
2.5,4.0588297843933105,-0.20151636004447937,4.0295603866979945e-06
2.5,4.066922664642334,-0.20151636004447937,4.0295603866979945e-06
2.5,4.075006484985352,-0.3348569869995117,4.0033537516137585e-06
2.5,4.083137512207031,-0.3348569869995117,4.0033537516137585e-06
2.5,4.091268539428711,-0.4663625955581665,3.9773271964804735e-06
2.5,4.09937310218811,-0.4663625955581665,3.9773271964804735e-06
2.5,4.107476472854614,-0.4663625955581665,3.951480266550789e-06
2.5,4.115576267242432,-0.6106123328208923,3.951480266550789e-06
2.5,4.123678684234619,-0.6106123328208923,3.925812507077353e-06
2.5,4.1317830085754395,-0.6239824295043945,3.925812507077353e-06
2.5,4.1398866176605225,-0.6239824295043945,3.9003207348287106e-06
2.5,4.147992849349976,-0.6239824295043945,3.9003207348287106e-06
2.5,4.15612530708313,-0.4972347915172577,3.87500449505751e-06
2.5,4.164309740066528,-0.4972347915172577,3.87500449505751e-06
2.5,4.172419309616089,-0.3710003197193146,3.8498619687743485e-06
2.5,4.180510759353638,-0.3710003197193146,3.8498619687743485e-06
2.5,4.188601493835449,-0.3710003197193146,3.824891791737173e-06
2.5,4.196912050247192,-0.2772388160228729,3.824891791737173e-06
2.5,4.20511531829834,-0.2772388160228729,3.80009510081436e-06
2.5,4.213272571563721,-0.21157489717006683,3.80009510081436e-06
2.5,4.221381187438965,-0.21157489717006683,3.7754664390377e-06
2.5,4.229492425918579,-0.21157489717006683,3.7754664390377e-06
2.5,4.237632751464844,-0.21116867661476135,3.75100694327557e-06
2.5,4.245857000350952,-0.21116867661476135,3.75100694327557e-06
2.5,4.25398325920105,-0.17382556200027466,3.7267154766595922e-06
2.5,4.262084245681763,-0.17382556200027466,3.7267154766595922e-06
2.5,4.270211458206177,-0.17382556200027466,3.7025902202003635e-06
2.5,4.2783520221710205,-0.08986318111419678,3.7025902202003635e-06
2.5,4.286484956741333,-0.08986318111419678,3.6786293549084803e-06
2.5,4.294607877731323,0.09614189714193344,3.6786293549084803e-06
2.5,4.302701473236084,0.09614189714193344,3.6548333355312934e-06
2.5,4.310804605484009,0.09614189714193344,3.6548333355312934e-06
2.5,4.318938493728638,0.19581027328968048,3.6311989788373467e-06
2.5,4.3271164894104,0.19581027328968048,3.6311989788373467e-06
2.5,4.335235118865967,0.2017054706811905,3.607726739573991e-06
2.5,4.343347072601318,0.2017054706811905,3.607726739573991e-06
2.5,4.351465225219727,0.2017054706811905,3.584415026125498e-06
2.5,4.359588384628296,0.11941566318273544,3.584415026125498e-06
2.5,4.367713451385498,0.11941566318273544,3.56126224687614e-06
2.5,4.37582540512085,-0.07230208069086075,3.56126224687614e-06
2.5,4.383946418762207,-0.07230208069086075,3.5382672649575397e-06
2.5,4.392094373703003,-0.07230208069086075,3.5382672649575397e-06
2.5,4.400202989578247,-0.16533006727695465,3.515429625622346e-06
2.5,4.408301591873169,-0.16533006727695465,3.515429625622346e-06
2.5,4.416398048400879,-0.22201213240623474,3.492746600386454e-06
2.5,4.424508571624756,-0.22201213240623474,3.492746600386454e-06
2.5,4.432631492614746,-0.22201213240623474,3.4702184166235384e-06
2.5,4.4407758712768555,-0.22064308822155,3.4702184166235384e-06
2.5,4.448923110961914,-0.22064308822155,3.4478443922125734e-06
2.5,4.457067012786865,-0.2746499180793762,3.4478443922125734e-06
2.5,4.465210914611816,-0.2746499180793762,3.4256222534168046e-06
2.5,4.473334789276123,-0.2746499180793762,3.4256222534168046e-06
2.5,4.481438875198364,-0.3726375102996826,3.4035508633678546e-06
2.5,4.489549875259399,-0.3726375102996826,3.3816290851973463e-06
2.5,4.497649192810059,-0.5672620534896851,3.3816290851973463e-06
2.5,4.505746841430664,-0.5672620534896851,3.3816290851973463e-06
2.5,4.513843297958374,-0.5672620534896851,3.3598562367842533e-06
2.5,4.521950960159302,-0.6524893045425415,3.3598562367842533e-06
2.5,4.530094861984253,-0.6524893045425415,3.3382316360075492e-06
2.5,4.538229942321777,-0.6454037427902222,3.316753691251506e-06
2.5,4.546335697174072,-0.6454037427902222,3.316753691251506e-06
2.5,4.554455995559692,-0.5598264336585999,3.295421493021422e-06
2.5,4.562605619430542,-0.5598264336585999,3.295421493021422e-06
2.5,4.5707316398620605,-0.5598264336585999,3.295421493021422e-06
2.5,4.578920841217041,-0.43233609199523926,3.27423390444892e-06
2.5,4.587069272994995,-0.43233609199523926,3.2531897886656225e-06
2.5,4.59518575668335,-0.2970985472202301,3.2531897886656225e-06
2.5,4.60331654548645,-0.2970985472202301,3.2322884635505034e-06
2.5,4.611451148986816,-0.2970985472202301,3.2322884635505034e-06
2.5,4.619583368301392,-0.26201537251472473,3.2115283374878345e-06
2.5,4.627704620361328,-0.26201537251472473,3.2115283374878345e-06
2.5,4.636753082275391,-0.25836339592933655,3.190908500982914e-06
2.5,4.644913673400879,-0.25836339592933655,3.190908500982914e-06
2.5,4.653016090393066,-0.25836339592933655,3.170427817167365e-06
2.5,4.661118507385254,-0.2299429476261139,3.170427817167365e-06
2.5,4.669225692749023,-0.2299429476261139,3.150085603920161e-06
2.5,4.677360534667969,-0.09290695190429688,3.150085603920161e-06
2.5,4.685515880584717,-0.09290695190429688,3.1298814064939506e-06
2.5,4.693627595901489,-0.09290695190429688,3.1298814064939506e-06
2.5,4.701736211776733,0.03976313769817352,3.10981295115198e-06
2.5,4.709840536117554,0.03976313769817352,3.10981295115198e-06
2.5,4.717962026596069,0.16394352912902832,3.089879555773223e-06
2.5,4.726102828979492,0.16394352912902832,3.089879555773223e-06
2.5,4.734240531921387,0.16394352912902832,3.0700814477313543e-06
2.5,4.7423717975616455,0.1615726202726364,3.0700814477313543e-06
2.5,4.750475168228149,0.1615726202726364,3.050415898542269e-06
2.5,4.758622169494629,0.018173187971115112,3.050415898542269e-06
2.5,4.76675271987915,0.018173187971115112,3.0308835903269937e-06
2.5,4.7748682498931885,0.018173187971115112,3.0308835903269937e-06
2.5,4.782991409301758,-0.11189714819192886,3.011482021975098e-06
2.5,4.791118144989014,-0.11189714819192886,3.011482021975098e-06
2.5,4.799250602722168,-0.24072834849357605,2.9922116482339334e-06
2.5,4.807378530502319,-0.24072834849357605,2.9922116482339334e-06
2.5,4.815503358840942,-0.26734215021133423,2.973069740619394e-06
2.5,4.823633432388306,-0.26734215021133423,2.973069740619394e-06
2.5,4.831751108169556,-0.26734215021133423,2.9540581181208836e-06
2.5,4.839948415756226,-0.27984023094177246,2.9540581181208836e-06
2.5,4.848233461380005,-0.27984023094177246,2.9351729153859196e-06
2.5,4.856395244598389,-0.32463720440864563,2.9351729153859196e-06
2.5,4.864519119262695,-0.32463720440864563,2.916414587161853e-06
2.5,4.87263560295105,-0.32463720440864563,2.916414587161853e-06
2.5,4.8807384967803955,-0.4788433015346527,2.8977829060750082e-06
2.5,4.888857364654541,-0.4788433015346527,2.8977829060750082e-06
2.5,4.896958351135254,-0.6081112027168274,2.879275598388631e-06
2.5,4.905066013336182,-0.6081112027168274,2.879275598388631e-06
2.5,4.913173198699951,-0.6081112027168274,2.8608919819816947e-06
2.5,4.921269178390503,-0.7244492173194885,2.8608919819816947e-06
2.5,4.92936897277832,-0.7244492173194885,2.842632284227875e-06
2.5,4.937476396560669,-0.7054057121276855,2.842632284227875e-06
2.5,4.945585250854492,-0.7054057121276855,2.824494913511444e-06
2.5,4.953714609146118,-0.7054057121276855,2.824494913511444e-06
2.5,4.961878538131714,-0.5474935173988342,2.806478732964024e-06
2.5,4.970005035400391,-0.5474935173988342,2.806478732964024e-06
2.5,4.978114366531372,-0.429328978061676,2.788583060464589e-06
2.5,4.986326456069946,-0.429328978061676,2.788583060464589e-06
2.5,4.994487285614014,-0.429328978061676,2.7708067591447616e-06
2.5,5.002631902694702,-0.351283997297287,2.7708067591447616e-06
2.5,5.010745048522949,-0.351283997297287,2.753149374257191e-06
2.5,5.018866539001465,-0.30854514241218567,2.753149374257191e-06
2.5,5.026998996734619,-0.30854514241218567,2.7356099963071756e-06
2.5,5.0351221561431885,-0.30854514241218567,2.7356099963071756e-06
2.5,5.043243408203125,-0.30820029973983765,2.7181877158000134e-06
2.5,5.0513527393341064,-0.30820029973983765,2.7181877158000134e-06
2.5,5.059459447860718,-0.249695286154747,2.700881850614678e-06
2.5,5.067560434341431,-0.249695286154747,2.700881850614678e-06
2.5,5.075681209564209,-0.249695286154747,2.683691491256468e-06
2.5,5.083821773529053,-0.15759070217609406,2.683691491256468e-06
2.5,5.0919413566589355,-0.15759070217609406,2.6666157282306813e-06
2.5,5.100095748901367,0.03224111348390579,2.6666157282306813e-06
2.5,5.108225345611572,0.03224111348390579,2.6496538794162916e-06
2.5,5.116352319717407,0.11129508167505264,2.6496538794162916e-06
2.5,5.12448787689209,0.11129508167505264,2.6328050353185972e-06
2.5,5.132640361785889,0.11129508167505264,2.6328050353185972e-06
2.5,5.140780448913574,0.0803583413362503,2.6160682864428964e-06
2.5,5.148906946182251,0.0803583413362503,2.6160682864428964e-06
2.5,5.157157897949219,0.0803583413362503,2.5994424959208118e-06
2.5,5.1653218269348145,-0.02137032523751259,2.582927436378668e-06
2.5,5.173446178436279,-0.02137032523751259,2.582927436378668e-06
2.5,5.181546688079834,-0.20689433813095093,2.582927436378668e-06
2.5,5.189666986465454,-0.20689433813095093,2.5665228804427898e-06
2.5,5.197796106338501,-0.28631728887557983,2.5502270091237733e-06
2.5,5.205899000167847,-0.28631728887557983,2.5502270091237733e-06
2.5,5.214000940322876,-0.28631728887557983,2.534038912926917e-06
2.5,5.222108364105225,-0.3207854628562927,2.534038912926917e-06
2.5,5.230193614959717,-0.3207854628562927,2.5179585918522207e-06
2.5,5.238295793533325,-0.32346275448799133,2.5179585918522207e-06
2.5,5.246415376663208,-0.32346275448799133,2.5019855911523337e-06
2.5,5.254530906677246,-0.32346275448799133,2.5019855911523337e-06
2.5,5.262624740600586,-0.4013350009918213,2.486117409716826e-06
2.5,5.270718097686768,-0.4013350009918213,2.486117409716826e-06
2.5,5.278835773468018,-0.5119373798370361,2.47035541178775e-06
2.5,5.286997556686401,-0.5119373798370361,2.47035541178775e-06
2.5,5.295123338699341,-0.5119373798370361,2.454697323628352e-06
2.5,5.303219318389893,-0.6987002491950989,2.454697323628352e-06
2.5,5.311319828033447,-0.6987002491950989,2.4391426904912805e-06
2.5,5.319456577301025,-0.7744337916374207,2.4391426904912805e-06
2.5,5.3275885581970215,-0.7744337916374207,2.423691739750211e-06
2.5,5.335708141326904,-0.7744337916374207,2.423691739750211e-06
2.5,5.343824863433838,-0.7219745516777039,2.408342425042065e-06
2.5,5.351934909820557,-0.7219745516777039,2.408342425042065e-06
2.5,5.360011577606201,-0.6130203604698181,2.3930952011141926e-06
2.5,5.368140459060669,-0.6130203604698181,2.3930952011141926e-06
2.5,5.3762524127960205,-0.6130203604698181,2.3779480216035154e-06
2.5,5.384358167648315,-0.44405344128608704,2.3779480216035154e-06
2.5,5.392458438873291,-0.44405344128608704,2.3629015686310595e-06
2.5,5.400571346282959,-0.37686431407928467,2.3629015686310595e-06
2.5,5.408690929412842,-0.37686431407928467,2.3479547053284477e-06
2.5,5.4168078899383545,-0.37686431407928467,2.3479547053284477e-06
2.5,5.424922227859497,-0.35768041014671326,2.333105385332601e-06
2.5,5.433015584945679,-0.35768041014671326,2.333105385332601e-06
2.5,5.441147327423096,-0.35496005415916443,2.3183561097539496e-06
2.5,5.449265003204346,-0.35496005415916443,2.3183561097539496e-06
2.5,5.45745062828064,-0.30821165442466736,2.303702785866335e-06
2.5,5.465590476989746,-0.30821165442466736,2.303702785866335e-06
2.5,5.473752737045288,-0.30821165442466736,2.2891454136697575e-06
2.5,5.482866048812866,-0.15044088661670685,2.2891454136697575e-06
2.5,5.491113185882568,-0.15044088661670685,2.2746858121536206e-06
2.5,5.499279022216797,-0.15044088661670685,2.2746858121536206e-06
2.5,5.507424354553223,0.031092239543795586,2.260320798086468e-06
2.5,5.515549898147583,0.031092239543795586,2.260320798086468e-06
2.5,5.523700714111328,0.07005660980939865,2.2460496893472737e-06
2.5,5.531833648681641,0.07005660980939865,2.2460496893472737e-06
2.5,5.539961576461792,0.07005660980939865,2.231872258562362e-06
2.5,5.54813814163208,-0.006577837746590376,2.231872258562362e-06
2.5,5.5562639236450195,-0.006577837746590376,2.21778964260011e-06
2.5,5.564378499984741,-0.13478320837020874,2.21778964260011e-06
2.5,5.5724968910217285,-0.13478320837020874,2.2037991129764123e-06
2.5,5.580611944198608,-0.13478320837020874,2.2037991129764123e-06
2.5,5.588742971420288,-0.29989364743232727,2.189900442317594e-06
2.5,5.596889972686768,-0.29989364743232727,2.189900442317594e-06
2.5,5.605004072189331,-0.3474496901035309,2.1760927211289527e-06
2.5,5.613114833831787,-0.3474496901035309,2.1760927211289527e-06
2.5,5.621227025985718,-0.3670980632305145,2.1623757220368134e-06
2.5,5.629338264465332,-0.3670980632305145,2.1623757220368134e-06
2.5,5.6374735832214355,-0.3670980632305145,2.148748535546474e-06
2.5,5.645578384399414,-0.38402602076530457,2.148748535546474e-06
2.5,5.653685569763184,-0.38402602076530457,2.1352109342842596e-06
2.5,5.661794185638428,-0.45269596576690674,2.1352109342842596e-06
2.5,5.669885635375977,-0.45269596576690674,2.121762008755468e-06
2.5,5.678020238876343,-0.45269596576690674,2.121762008755468e-06
2.5,5.686136722564697,-0.6246728301048279,2.1084015315864235e-06
2.5,5.694241762161255,-0.6246728301048279,2.1084015315864235e-06
2.5,5.702336549758911,-0.7436307072639465,2.0951288206561003e-06
2.5,5.710436820983887,-0.7436307072639465,2.0951288206561003e-06
2.5,5.718539237976074,-0.7436307072639465,2.081943193843472e-06
2.5,5.72667121887207,-0.8182883858680725,2.081943193843472e-06
2.5,5.734776496887207,-0.8182883858680725,2.0688439690275118e-06
2.5,5.742899417877197,-0.7755251526832581,2.0688439690275118e-06
2.5,5.7510130405426025,-0.7755251526832581,2.055830464087194e-06
2.5,5.759156227111816,-0.7755251526832581,2.055830464087194e-06
2.5,5.7672929763793945,-0.6039133667945862,2.0429019969014917e-06
2.5,5.775387287139893,-0.6039133667945862,2.0429019969014917e-06
2.5,5.783502817153931,-0.49339836835861206,2.0300581127230544e-06
2.5,5.791628122329712,-0.49339836835861206,2.0300581127230544e-06
2.5,5.799773693084717,-0.49339836835861206,2.017298356804531e-06
2.5,5.807945966720581,-0.411323606967926,2.017298356804531e-06
2.5,5.8161022663116455,-0.411323606967926,2.0046215922775446e-06
2.5,5.824229955673218,-0.40944719314575195,2.0046215922775446e-06
2.5,5.832358121871948,-0.40944719314575195,1.992027364394744e-06
2.5,5.840484857559204,-0.40944719314575195,1.992027364394744e-06
2.5,5.848606109619141,-0.39380326867103577,1.9795152184087783e-06
2.5,5.8567211627960205,-0.39380326867103577,1.9795152184087783e-06
2.5,5.864835500717163,-0.3186604082584381,1.9670860638143495e-06
2.5,5.8729472160339355,-0.3186604082584381,1.9670860638143495e-06
2.5,5.881072521209717,-0.3186604082584381,1.954737626874703e-06
2.5,5.889198064804077,-0.14019307494163513,1.954737626874703e-06
2.5,5.897311449050903,-0.14019307494163513,1.942469452842488e-06
2.5,5.905425548553467,-0.028733329847455025,1.942469452842488e-06
2.5,5.914042234420776,-0.028733329847455025,1.9302806322230026e-06
2.5,5.922246694564819,-0.028733329847455025,1.9302806322230026e-06
2.5,5.930375576019287,0.020876890048384666,1.918172301884624e-06
2.5,5.93850040435791,0.020876890048384666,1.9061429838984623e-06
2.5,5.946672439575195,-0.04726110026240349,1.9061429838984623e-06
2.5,5.954797029495239,-0.04726110026240349,1.8941913140224642e-06
2.5,5.962955713272095,-0.2348317950963974,1.8941913140224642e-06
2.5,5.971127033233643,-0.2348317950963974,1.8823176333171432e-06
2.5,5.979252338409424,-0.2348317950963974,1.8823176333171432e-06
2.5,5.987370252609253,-0.3393695056438446,1.8705213733483106e-06
2.5,5.995481252670288,-0.3393695056438446,1.8705213733483106e-06
3.0,4.291534423828125e-06,-0.41472864151000977,1.858801510934427e-06
3.0,0.008152961730957031,-0.41472864151000977,1.858801510934427e-06
3.0,0.01628279685974121,-0.41472864151000977,1.847157705014979e-06
3.0,0.024441003799438477,-0.41691482067108154,1.847157705014979e-06
3.0,0.032572269439697266,-0.41691482067108154,1.8355900692768046e-06
3.0,0.04073023796081543,-0.43149492144584656,1.8355900692768046e-06
3.0,0.04888319969177246,-0.43149492144584656,1.8240974668515264e-06
3.0,0.057048797607421875,-0.43149492144584656,1.8240974668515264e-06
3.0,0.06518363952636719,-0.568927526473999,1.8126795566786313e-06
3.0,0.07332563400268555,-0.568927526473999,1.8126795566786313e-06
3.0,0.08151674270629883,-0.7205292582511902,1.801335656637093e-06
3.0,0.0896613597869873,-0.7205292582511902,1.801335656637093e-06
3.0,0.09780287742614746,-0.7205292582511902,1.7900654256663984e-06
3.0,0.1059567928314209,-0.8643896579742432,1.7900654256663984e-06
3.0,0.11415815353393555,-0.8643896579742432,1.7788682953323587e-06
3.0,0.1223001480102539,-0.8244923949241638,1.7788682953323587e-06
3.0,0.13042521476745605,-0.8244923949241638,1.7677436972007854e-06
3.0,0.13855767250061035,-0.620363712310791,1.7677436972007854e-06
3.0,0.1466677188873291,-0.620363712310791,1.7566912902111653e-06
3.0,0.15476274490356445,-0.620363712310791,1.7566912902111653e-06
3.0,0.1628715991973877,-0.4985577464103699,1.7457105059293099e-06
3.0,0.17096161842346191,-0.4985577464103699,1.7457105059293099e-06
3.0,0.1790926456451416,-0.4495999217033386,1.7348007759210304e-06
3.0,0.18723273277282715,-0.4495999217033386,1.7348007759210304e-06
3.0,0.19534969329833984,-0.4495999217033386,1.7239616454389761e-06
3.0,0.20351076126098633,-0.45171746611595154,1.7239616454389761e-06
3.0,0.21163249015808105,-0.45171746611595154,1.7131928871094715e-06
3.0,0.21974825859069824,-0.3380964696407318,1.7131928871094715e-06
3.0,0.22814536094665527,-0.3380964696407318,1.7024938188114902e-06
3.0,0.23634099960327148,-0.3380964696407318,1.7024938188114902e-06
3.0,0.2444932460784912,-0.19244597852230072,1.6918636447371682e-06
3.0,0.2525951862335205,-0.19244597852230072,1.6918636447371682e-06
3.0,0.26070213317871094,-0.021523648872971535,1.68130213751283e-06
3.0,0.2687876224517822,-0.021523648872971535,1.68130213751283e-06
3.0,0.27687764167785645,-0.021523648872971535,1.6708092971384758e-06
3.0,0.28497910499572754,-0.04245635122060776,1.6708092971384758e-06
3.0,0.29306530952453613,-0.04245635122060776,1.660384100432566e-06
3.0,0.3011505603790283,-0.2354813516139984,1.660384100432566e-06
3.0,0.3092484474182129,-0.2354813516139984,1.650025865274074e-06
3.0,0.31737327575683594,-0.2354813516139984,1.650025865274074e-06
3.0,0.3255138397216797,-0.2325136959552765,1.6397353874708642e-06
3.0,0.3336002826690674,-0.2325136959552765,1.6397353874708642e-06
3.0,0.34169673919677734,-0.3740006983280182,1.6295106206598575e-06
3.0,0.34981465339660645,-0.3740006983280182,1.6295106206598575e-06
3.0,0.3579418659210205,-0.3740006983280182,1.6193522469620802e-06
3.0,0.36609768867492676,-0.4610576629638672,1.6092589021354797e-06
3.0,0.37419986724853516,-0.4610576629638672,1.6092589021354797e-06
3.0,0.38228940963745117,-0.46354562044143677,1.6092589021354797e-06
3.0,0.3904125690460205,-0.46354562044143677,1.5992310409274069e-06
3.0,0.39853882789611816,-0.46354562044143677,1.5992310409274069e-06
3.0,0.4066505432128906,-0.5023292899131775,1.5892674127826467e-06
3.0,0.41473913192749023,-0.5023292899131775,1.5793685861353879e-06
3.0,0.4228203296661377,-0.6860051155090332,1.5793685861353879e-06
3.0,0.43091440200805664,-0.6860051155090332,1.5793685861353879e-06
3.0,0.43903207778930664,-0.6860051155090332,1.5695329693699023e-06
3.0,0.4471402168273926,-0.8949261903762817,1.5695329693699023e-06
3.0,0.4552278518676758,-0.8949261903762817,1.5597606761730276e-06
3.0,0.4633140563964844,-0.7983818650245667,1.5500517065447639e-06
3.0,0.4714691638946533,-0.7983818650245667,1.5500517065447639e-06
3.0,0.4796159267425537,-0.7983818650245667,1.5404046962430584e-06
3.0,0.48771190643310547,-0.580785870552063,1.5404046962430584e-06
3.0,0.49581074714660645,-0.580785870552063,1.5308195315810735e-06
3.0,0.5039334297180176,-0.4876336455345154,1.5308195315810735e-06
3.0,0.5120606422424316,-0.4876336455345154,1.52129666730616e-06
3.0,0.5202126502990723,-0.4605821967124939,1.52129666730616e-06
3.0,0.5283105373382568,-0.4605821967124939,1.5118348528631032e-06
3.0,0.5364248752593994,-0.4605821967124939,1.5118348528631032e-06
3.0,0.5445456504821777,-0.44218939542770386,1.5024337471913896e-06
3.0,0.5526833534240723,-0.44218939542770386,1.5024337471913896e-06
3.0,0.5608305931091309,-0.28345927596092224,1.4930930092305061e-06
3.0,0.5691277980804443,-0.28345927596092224,1.4930930092305061e-06
3.0,0.5772573947906494,-0.28345927596092224,1.483812184233102e-06
3.0,0.5854065418243408,-0.2833026349544525,1.483812184233102e-06
3.0,0.5935556888580322,-0.2833026349544525,1.4745908174518263e-06
3.0,0.6017258167266846,-0.031165163964033127,1.4745908174518263e-06
3.0,0.609889030456543,-0.031165163964033127,1.4654287951998413e-06
3.0,0.6180500984191895,-0.031165163964033127,1.4654287951998413e-06
3.0,0.6261734962463379,-0.10400594025850296,1.4563254353561206e-06
3.0,0.6342980861663818,-0.10400594025850296,1.4563254353561206e-06
3.0,0.6424288749694824,-0.3180335760116577,1.4472805105469888e-06
3.0,0.6505475044250488,-0.3180335760116577,1.4472805105469888e-06
3.0,0.65865159034729,-0.3192625045776367,1.4382936797119328e-06
3.0,0.6667647361755371,-0.3192625045776367,1.4382936797119328e-06
3.0,0.6749064922332764,-0.3192625045776367,1.4293644881036016e-06
3.0,0.6830823421478271,-0.4335791766643524,1.4293644881036016e-06
3.0,0.6912295818328857,-0.4335791766643524,1.4204923672878067e-06
3.0,0.6993594169616699,-0.4335791766643524,1.4204923672878067e-06
3.0,0.707517147064209,-0.46692338585853577,1.4116770898908726e-06
3.0,0.7156143188476562,-0.46692338585853577,1.4116770898908726e-06
3.0,0.7237198352813721,-0.6137537956237793,1.4029182011654484e-06
3.0,0.731827974319458,-0.6137537956237793,1.4029182011654484e-06
3.0,0.7399320602416992,-0.6137537956237793,1.3942152463641833e-06
3.0,0.7480387687683105,-0.7626989483833313,1.3942152463641833e-06
3.0,0.7561588287353516,-0.7626989483833313,1.385567884426564e-06
3.0,0.7642908096313477,-0.7663974761962891,1.385567884426564e-06
3.0,0.7724130153656006,-0.7663974761962891,1.3769757742920774e-06
3.0,0.7805397510528564,-0.9017800688743591,1.3769757742920774e-06
3.0,0.7886905670166016,-0.9017800688743591,1.3684392570212367e-06
3.0,0.7968521118164062,-0.9017800688743591,1.3684392570212367e-06
3.0,0.8050119876861572,-0.7257648706436157,1.3599569683719892e-06
3.0,0.813136100769043,-0.7257648706436157,1.3599569683719892e-06
3.0,0.8212511539459229,-0.7260144948959351,1.351528453596984e-06
3.0,0.8293564319610596,-0.7260144948959351,1.351528453596984e-06
3.0,0.8374874591827393,-0.7260144948959351,1.3431540537567344e-06
3.0,0.8456010818481445,-0.474285364151001,1.3431540537567344e-06
3.0,0.8537170886993408,-0.474285364151001,1.3348333141038893e-06
3.0,0.8618693351745605,-0.47376710176467896,1.3348333141038893e-06
3.0,0.8699846267700195,-0.47376710176467896,1.326565325143747e-06
3.0,0.8780994415283203,-0.47376710176467896,1.326565325143747e-06
3.0,0.886232852935791,-0.4104316830635071,1.318350314249983e-06
3.0,0.8943536281585693,-0.4104316830635071,1.318350314249983e-06
3.0,0.9024717807769775,-0.214571014046669,1.3101878266752465e-06
3.0,0.9105608463287354,-0.214571014046669,1.3101878266752465e-06
3.0,0.918637752532959,-0.214571014046669,1.3020768392379978e-06
3.0,0.92677903175354,-0.07562314718961716,1.3020768392379978e-06
3.0,0.9349021911621094,-0.07562314718961716,1.2940182614329387e-06
3.0,0.9430174827575684,-0.048928797245025635,1.2940182614329387e-06
3.0,0.9511334896087646,-0.048928797245025635,1.2860102742706658e-06
3.0,0.9592874050140381,-0.048928797245025635,1.2780542419932317e-06
3.0,0.9674038887023926,-0.05064757913351059,1.2780542419932317e-06
3.0,0.9755001068115234,-0.05064757913351059,1.2701480045507196e-06
3.0,0.983612060546875,-0.1738366037607193,1.2701480045507196e-06
3.0,0.9917550086975098,-0.1738366037607193,1.2701480045507196e-06
3.0,0.9999971389770508,-0.1738366037607193,1.2622929261851823e-06
3.0,1.0081799030303955,-0.4615756869316101,1.2544871879072161e-06
3.0,1.0162897109985352,-0.4615756869316101,1.2544871879072161e-06
3.0,1.024430513381958,-0.4731752872467041,1.2467313581510098e-06
3.0,1.032583236694336,-0.4731752872467041,1.2467313581510098e-06
3.0,1.0407159328460693,-0.5141931772232056,1.23902509585605e-06
3.0,1.0489623546600342,-0.5141931772232056,1.23902509585605e-06
3.0,1.057084560394287,-0.5141931772232056,1.2313672641539597e-06
3.0,1.065199613571167,-0.6874840259552002,1.2313672641539597e-06
3.0,1.0733354091644287,-0.6874840259552002,1.2237587725394405e-06
3.0,1.0814785957336426,-0.8397652506828308,1.2237587725394405e-06
3.0,1.0896122455596924,-0.8397652506828308,1.2161983704572776e-06
3.0,1.0977370738983154,-0.8397652506828308,1.2161983704572776e-06
3.0,1.1058456897735596,-0.8969478607177734,1.2086857168469578e-06
3.0,1.1139369010925293,-0.8969478607177734,1.2086857168469578e-06
3.0,1.122032880783081,-0.9047106504440308,1.2012211527689942e-06
3.0,1.130147933959961,-0.9047106504440308,1.2012211527689942e-06
3.0,1.138265609741211,-0.9047106504440308,1.1938041097891983e-06
3.0,1.1463737487792969,-0.7961972951889038,1.1938041097891983e-06
3.0,1.1544814109802246,-0.7961972951889038,1.1864339057865436e-06
3.0,1.1626064777374268,-0.6525847911834717,1.1864339057865436e-06
3.0,1.1707274913787842,-0.6525847911834717,1.1791101997005171e-06
3.0,1.1788392066955566,-0.6525847911834717,1.1791101997005171e-06
3.0,1.1869416236877441,-0.5031788945198059,1.171832877844281e-06
3.0,1.1950364112854004,-0.5031788945198059,1.171832877844281e-06
3.0,1.2031397819519043,-0.45114055275917053,1.1646022812783485e-06
3.0,1.21126127243042,-0.45114055275917053,1.1646022812783485e-06
3.0,1.219414234161377,-0.45114055275917053,1.1574175005080178e-06
3.0,1.2275364398956299,-0.4496854543685913,1.1574175005080178e-06
3.0,1.2356855869293213,-0.4496854543685913,1.150278080785938e-06
3.0,1.2438673973083496,-0.36001235246658325,1.150278080785938e-06
3.0,1.2519898414611816,-0.36001235246658325,1.1431839084252715e-06
3.0,1.2601118087768555,-0.36001235246658325,1.1431839084252715e-06
3.0,1.2682263851165771,-0.139489084482193,1.136134642365505e-06
3.0,1.2763359546661377,-0.139489084482193,1.136134642365505e-06
3.0,1.2844069004058838,-0.045953068882226944,1.1291299415461253e-06
3.0,1.292510986328125,-0.045953068882226944,1.1291299415461253e-06
3.0,1.3006014823913574,-0.10455872863531113,1.1221695785934571e-06
3.0,1.3087003231048584,-0.10455872863531113,1.1221695785934571e-06
3.0,1.3167994022369385,-0.10455872863531113,1.1152534398206626e-06
3.0,1.3249096870422363,-0.24887247383594513,1.1152534398206626e-06
3.0,1.3330414295196533,-0.24887247383594513,1.108381070480391e-06
3.0,1.341142177581787,-0.24887247383594513,1.108381070480391e-06
3.0,1.3492469787597656,-0.4348914921283722,1.1015520158252912e-06
3.0,1.3573579788208008,-0.4348914921283722,1.1015520158252912e-06
3.0,1.3655009269714355,-0.4719539284706116,1.0947662758553633e-06
3.0,1.3735997676849365,-0.4719539284706116,1.0947662758553633e-06
3.0,1.3816943168640137,-0.4863132834434509,1.0880233958232566e-06
3.0,1.3897993564605713,-0.4863132834434509,1.0880233958232566e-06
3.0,1.3979134559631348,-0.4863132834434509,1.0813232620421331e-06
3.0,1.4060266017913818,-0.5549256205558777,1.0813232620421331e-06
3.0,1.4141411781311035,-0.5549256205558777,1.0746654197646421e-06
3.0,1.4222545623779297,-0.7726304531097412,1.0746654197646421e-06
3.0,1.4303526878356934,-0.7726304531097412,1.0680495279302704e-06
3.0,1.438474416732788,-0.7726304531097412,1.0680495279302704e-06
3.0,1.446629285812378,-0.8888329267501831,1.0614752454785048e-06
3.0,1.4547321796417236,-0.8888329267501831,1.0614752454785048e-06
3.0,1.4628074169158936,-0.8717291355133057,1.0549424587225076e-06
3.0,1.4709086418151855,-0.8717291355133057,1.0549424587225076e-06
3.0,1.478973388671875,-0.8717291355133057,1.048451508722792e-06
3.0,1.4870796203613281,-0.7384482026100159,1.048451508722792e-06
3.0,1.4951906204223633,-0.7384482026100159,1.0420013722978183e-06
3.0,1.5032999515533447,-0.5378804802894592,1.0355918220739113e-06
3.0,1.5114023685455322,-0.5378804802894592,1.0355918220739113e-06
3.0,1.5195021629333496,-0.5378804802894592,1.0355918220739113e-06
3.0,1.527632236480713,-0.48291584849357605,1.02922240330372e-06
3.0,1.5357203483581543,-0.48291584849357605,1.02922240330372e-06
3.0,1.5438363552093506,-0.47189730405807495,1.0228931159872445e-06
3.0,1.5519428253173828,-0.47189730405807495,1.0166045285586733e-06
3.0,1.5600879192352295,-0.47189730405807495,1.0166045285586733e-06
3.0,1.5682933330535889,-0.4213659167289734,1.0166045285586733e-06
3.0,1.5764045715332031,-0.4213659167289734,1.010355163089116e-06
3.0,1.5845153331756592,-0.2325303852558136,1.004144564831222e-06
3.0,1.5926423072814941,-0.2325303852558136,1.004144564831222e-06
3.0,1.6007447242736816,-0.08449593931436539,9.97973870653368e-07
3.0,1.610701560974121,-0.08449593931436539,9.97973870653368e-07
3.0,1.6189830303192139,-0.08449593931436539,9.918419436871773e-07
3.0,1.627220869064331,-0.041073158383369446,9.918419436871773e-07
3.0,1.635420560836792,-0.041073158383369446,9.857479881247855e-07
3.0,1.6435649394989014,-0.041073158383369446,9.857479881247855e-07
3.0,1.651721715927124,-0.18667274713516235,9.7969314083457e-07
3.0,1.659891128540039,-0.18667274713516235,9.7969314083457e-07
3.0,1.6680407524108887,-0.46569985151290894,9.736761512613157e-07
3.0,1.6795918941497803,-0.46569985151290894,9.736761512613157e-07
3.0,1.687809944152832,-0.46569985151290894,9.676965646576718e-07
3.0,1.6960060596466064,-0.4720931947231293,9.676965646576718e-07
3.0,1.7041995525360107,-0.4720931947231293,9.61755404205178e-07
3.0,1.7124278545379639,-0.5031473636627197,9.61755404205178e-07
3.0,1.7206947803497314,-0.5031473636627197,9.558505098539172e-07
3.0,1.7288880348205566,-0.5031473636627197,9.558505098539172e-07
3.0,1.7371470928192139,-0.6679695248603821,9.499833026893612e-07
3.0,1.745331048965454,-0.6679695248603821,9.499833026893612e-07
3.0,1.753521203994751,-0.6679695248603821,9.441530437470647e-07
3.0,1.7617361545562744,-0.8288074135780334,9.441530437470647e-07
3.0,1.7699065208435059,-0.8288074135780334,9.383593919665145e-07
3.0,1.7780494689941406,-0.9123293161392212,9.383593919665145e-07
3.0,1.7862434387207031,-0.9123293161392212,9.326021768174542e-07
3.0,1.796435832977295,-0.9123293161392212,9.326021768174542e-07
3.0,1.8046231269836426,-0.9123293161392212,9.326021768174542e-07
3.0,1.8128256797790527,-0.5972350835800171,9.268811140827893e-07
3.0,1.8210327625274658,-0.5972350835800171,9.211960900756822e-07
3.0,1.8292107582092285,-0.6059516072273254,9.211960900756822e-07
3.0,1.83778715133667,-0.6059516072273254,9.211960900756822e-07
3.0,1.8459973335266113,-0.6059516072273254,9.15546593205363e-07
3.0,1.854240894317627,-0.5060137510299683,9.15546593205363e-07
3.0,1.8634445667266846,-0.5060137510299683,9.09932566628413e-07
3.0,1.8716273307800293,-0.5060137510299683,9.043537261277379e-07
3.0,1.8804066181182861,-0.5060137510299683,9.043537261277379e-07
3.0,1.8897480964660645,-0.4539501368999481,9.043537261277379e-07
3.0,1.897930383682251,-0.4539501368999481,8.988098443296622e-07
3.0,1.9061217308044434,-0.2788415551185608,8.988098443296622e-07
3.0,1.914294958114624,-0.2788415551185608,8.933009212341858e-07
3.0,1.92244553565979,-0.2788415551185608,8.933009212341858e-07
3.0,1.9306104183197021,-0.11424250155687332,8.87826502093958e-07
3.0,1.9394404888153076,-0.11424250155687332,8.87826502093958e-07
3.0,1.9476051330566406,-0.11424250155687332,8.823862458484655e-07
3.0,1.955773115158081,-0.04418210685253143,8.823862458484655e-07
3.0,1.963902235031128,-0.04418210685253143,8.769802093411272e-07
3.0,1.9720420837402344,-0.14679038524627686,8.769802093411272e-07
3.0,1.9801771640777588,-0.14679038524627686,8.716081083548488e-07
3.0,1.988309383392334,-0.29881465435028076,8.716081083548488e-07
3.0,1.998720645904541,-0.29881465435028076,8.662694312988606e-07
3.0,2.006955623626709,-0.29881465435028076,8.662694312988606e-07
3.0,2.01509952545166,-0.29881465435028076,8.609643487034191e-07
3.0,2.0232489109039307,-0.4581717252731323,8.609643487034191e-07
3.0,2.0314226150512695,-0.4581717252731323,8.556923489777546e-07
3.0,2.0398147106170654,-0.47660255432128906,8.556923489777546e-07
3.0,2.0480523109436035,-0.47660255432128906,8.504534889652859e-07
3.0,2.056220769882202,-0.6181374192237854,8.504534889652859e-07
3.0,2.064349412918091,-0.6181374192237854,8.452473139186623e-07
3.0,2.072523593902588,-0.6181374192237854,8.452473139186623e-07
3.0,2.0806562900543213,-0.8400317430496216,8.400738238378835e-07
3.0,2.088775634765625,-0.8400317430496216,8.400738238378835e-07
3.0,2.0968894958496094,-0.843351423740387,8.3493250713218e-07
3.0,2.1050171852111816,-0.843351423740387,8.3493250713218e-07
3.0,2.1131322383880615,-0.843351423740387,8.298235343318083e-07
3.0,2.1212351322174072,-0.8839552402496338,8.298235343318083e-07
3.0,2.1293575763702393,-0.8839552402496338,8.24746280159161e-07
3.0,2.1375036239624023,-0.8824113011360168,8.24746280159161e-07
3.0,2.1456356048583984,-0.8824113011360168,8.197009719879134e-07
3.0,2.153858184814453,-0.8824113011360168,8.197009719879134e-07
3.0,2.1619668006896973,-0.5420506000518799,8.146872119141335e-07
3.0,2.170083999633789,-0.5420506000518799,8.146872119141335e-07
3.0,2.178217649459839,-0.5422272086143494,8.097045451904705e-07
3.0,2.1863574981689453,-0.5422272086143494,8.097045451904705e-07
3.0,2.1945278644561768,-0.5422272086143494,8.047531991905998e-07
3.0,2.2037241458892822,-0.4864821135997772,7.998328328540083e-07
3.0,2.211902618408203,-0.4864821135997772,7.998328328540083e-07
3.0,2.2200238704681396,-0.4864821135997772,7.949431051201827e-07
3.0,2.228153944015503,-0.3642457127571106,7.949431051201827e-07
3.0,2.2362701892852783,-0.3642457127571106,7.900838454588666e-07
3.0,2.2444026470184326,-0.21565406024456024,7.900838454588666e-07
3.0,2.2525439262390137,-0.21565406024456024,7.852548264963843e-07
3.0,2.2606630325317383,-0.05335501208901405,7.852548264963843e-07
3.0,2.2687742710113525,-0.05335501208901405,7.804560482327361e-07
3.0,2.2768795490264893,-0.05335501208901405,7.804560482327361e-07
3.0,2.284991979598999,-0.0689108595252037,7.756872832942463e-07
3.0,2.293142795562744,-0.0689108595252037,7.756872832942463e-07
3.0,2.3013031482696533,-0.2663652002811432,7.709482474638207e-07
3.0,2.3094615936279297,-0.2663652002811432,7.709482474638207e-07
3.0,2.3175904750823975,-0.2663652002811432,7.662387133677839e-07
3.0,2.325721025466919,-0.3992610573768616,7.662387133677839e-07
3.0,2.3338303565979004,-0.3992610573768616,7.615585104758793e-07
3.0,2.3419415950775146,-0.4809742271900177,7.615585104758793e-07
3.0,2.3500351905822754,-0.4809742271900177,7.569075251012691e-07
3.0,2.3581321239471436,-0.4809742271900177,7.569075251012691e-07
3.0,2.3662383556365967,-0.4841926693916321,7.522854730268591e-07
3.0,2.3743467330932617,-0.4841926693916321,7.522854730268591e-07
3.0,2.3824052810668945,-0.5674417614936829,7.476921837223927e-07
3.0,2.3905344009399414,-0.5674417614936829,7.476921837223927e-07
3.0,2.3986451625823975,-0.5674417614936829,7.431274866576132e-07
3.0,2.406752347946167,-0.7028306722640991,7.431274866576132e-07
3.0,2.414921998977661,-0.7028306722640991,7.385912113022641e-07
3.0,2.4230167865753174,-0.9023995995521545,7.385912113022641e-07
3.0,2.4311089515686035,-0.9023995995521545,7.340834144997643e-07
3.0,2.4392144680023193,-0.9023995995521545,7.340834144997643e-07
3.0,2.447333335876465,-0.9082183241844177,7.29603584659344e-07
3.0,2.4554882049560547,-0.9082183241844177,7.29603584659344e-07
3.0,2.463601589202881,-0.9075375199317932,7.251516080941656e-07
3.0,2.471755027770996,-0.9075375199317932,7.251516080941656e-07
3.0,2.4799273014068604,-0.9075375199317932,7.207272574305534e-07
3.0,2.488091468811035,-0.7437299489974976,7.207272574305534e-07
3.0,2.496206760406494,-0.7437299489974976,7.163303052948322e-07
3.0,2.5043022632598877,-0.500057578086853,7.163303052948322e-07
3.0,2.512463092803955,-0.500057578086853,7.119609222172585e-07
3.0,2.5206096172332764,-0.4840218722820282,7.119609222172585e-07
3.0,2.5287153720855713,-0.4840218722820282,7.076187102939002e-07
3.0,2.536837100982666,-0.4840218722820282,7.076187102939002e-07
3.0,2.5449509620666504,-0.4593772888183594,7.033033853076631e-07
3.0,2.5530402660369873,-0.4593772888183594,7.033033853076631e-07
3.0,2.5611376762390137,-0.3056781589984894,6.990147767282906e-07
3.0,2.5692501068115234,-0.3056781589984894,6.990147767282906e-07
3.0,2.5773518085479736,-0.3056781589984894,6.947532256162958e-07
3.0,2.5854740142822266,-0.1471829116344452,6.947532256162958e-07
3.0,2.5935819149017334,-0.1471829116344452,6.90517822476977e-07
3.0,2.6016950607299805,-0.045544132590293884,6.90517822476977e-07
3.0,2.6098012924194336,-0.045544132590293884,6.863087946840096e-07
3.0,2.617924213409424,-0.045544132590293884,6.863087946840096e-07
3.0,2.6260457038879395,-0.04404555261135101,6.821259717071371e-07
3.0,2.6341874599456787,-0.04404555261135101,6.821259717071371e-07
3.0,2.6423470973968506,-0.3360816240310669,6.779687851121707e-07
3.0,2.6504905223846436,-0.3360816240310669,6.779687851121707e-07
3.0,2.658600091934204,-0.3360816240310669,6.738378601767181e-07
3.0,2.666790723800659,-0.4443499743938446,6.697321737192397e-07
3.0,2.6749227046966553,-0.4443499743938446,6.697321737192397e-07
3.0,2.6830577850341797,-0.4787561595439911,6.697321737192397e-07
3.0,2.691171407699585,-0.4787561595439911,6.656524647041806e-07
3.0,2.6992833614349365,-0.4968920648097992,6.615975962631637e-07
3.0,2.7074129581451416,-0.4968920648097992,6.615975962631637e-07
3.0,2.7155373096466064,-0.4968920648097992,6.575683073606342e-07
3.0,2.7236504554748535,-0.5023527145385742,6.575683073606342e-07
3.0,2.731757879257202,-0.5023527145385742,6.535636885018903e-07
3.0,2.7399001121520996,-0.5023527145385742,6.535636885018903e-07
3.0,2.7480392456054688,-0.7847377061843872,6.495840807474451e-07
3.0,2.7561964988708496,-0.7847377061843872,6.495840807474451e-07
3.0,2.7643654346466064,-0.919256865978241,6.456290861933667e-07
3.0,2.772550106048584,-0.919256865978241,6.456290861933667e-07
3.0,2.7806622982025146,-0.9187597036361694,6.416983069357229e-07
3.0,2.7887706756591797,-0.9187597036361694,6.416983069357229e-07
3.0,2.796877145767212,-0.9187597036361694,6.377923682521214e-07
3.0,2.8050034046173096,-0.8765286207199097,6.377923682521214e-07
3.0,2.813114643096924,-0.8765286207199097,6.339104174912791e-07
3.0,2.821230173110962,-0.6649459600448608,6.339104174912791e-07
3.0,2.829354763031006,-0.6649459600448608,6.300523978097772e-07
3.0,2.837639331817627,-0.6649459600448608,6.300523978097772e-07
3.0,2.8458645343780518,-0.4911494255065918,6.262185365812911e-07
3.0,2.8540008068084717,-0.4911494255065918,6.262185365812911e-07
3.0,2.8621370792388916,-0.49412351846694946,6.2240837905847e-07
3.0,2.8702826499938965,-0.49412351846694946,6.2240837905847e-07
3.0,2.878427028656006,-0.49412351846694946,6.186216978676384e-07
3.0,2.88655424118042,-0.483492374420166,6.186216978676384e-07
3.0,2.8946783542633057,-0.483492374420166,6.148583224785398e-07
3.0,2.9027650356292725,-0.4312276840209961,6.148583224785398e-07
3.0,2.9108619689941406,-0.4312276840209961,6.111184234214306e-07
3.0,2.918980360031128,-0.4312276840209961,6.111184234214306e-07
3.0,2.927112579345703,-0.22297407686710358,6.074017733226356e-07
3.0,2.9352357387542725,-0.22297407686710358,6.074017733226356e-07
3.0,2.943347215652466,-0.08989725261926651,6.037080311216414e-07
3.0,2.9515609741210938,-0.08989725261926651,6.037080311216414e-07
3.0,2.9597413539886475,-0.08989725261926651,6.000371399750293e-07
3.0,2.9678471088409424,-0.07207202166318893,6.000371399750293e-07
3.0,2.975954532623291,-0.07207202166318893,5.963889293525426e-07
3.0,2.984086751937866,-0.1936172991991043,5.963889293525426e-07
3.0,2.9922218322753906,-0.1936172991991043,5.927632287239248e-07
3.0,3.0003750324249268,-0.1936172991991043,5.927632287239248e-07
3.0,3.008497476577759,-0.4051046073436737,5.891599244023382e-07
3.0,3.016603469848633,-0.4051046073436737,5.891599244023382e-07
3.0,3.024729013442993,-0.47571343183517456,5.85578902700945e-07
3.0,3.032841920852661,-0.47571343183517456,5.85578902700945e-07
3.0,3.0409414768218994,-0.47571343183517456,5.820200499329076e-07
3.0,3.049051284790039,-0.49281278252601624,5.820200499329076e-07
3.0,3.05717134475708,-0.49281278252601624,5.784831387245504e-07
3.0,3.065305471420288,-0.5255146026611328,5.784831387245504e-07
3.0,3.073415756225586,-0.5255146026611328,5.749681122324546e-07
3.0,3.0815482139587402,-0.7124988436698914,5.749681122324546e-07
3.0,3.089667558670044,-0.7124988436698914,5.714749136132014e-07
3.0,3.0977680683135986,-0.7124988436698914,5.714749136132014e-07
3.0,3.1058690547943115,-0.8505100607872009,5.680032018062775e-07
3.0,3.114004135131836,-0.8505100607872009,5.680032018062775e-07
3.0,3.122152090072632,-0.9118765592575073,5.645529199682642e-07
3.0,3.1302928924560547,-0.9118765592575073,5.645529199682642e-07
3.0,3.1384096145629883,-0.9118765592575073,5.611240112557425e-07
3.0,3.14652156829834,-0.8215119242668152,5.577162482950371e-07
3.0,3.154665946960449,-0.8215119242668152,5.577162482950371e-07
3.0,3.1628215312957764,-0.600629448890686,5.543295173993101e-07
3.0,3.1709463596343994,-0.600629448890686,5.543295173993101e-07
3.0,3.1790454387664795,-0.600629448890686,5.543295173993101e-07
3.0,3.1871566772460938,-0.5172408819198608,5.509635911948862e-07
3.0,3.1952691078186035,-0.5172408819198608,5.476184128383466e-07
3.0,3.2033753395080566,-0.4925323724746704,5.476184128383466e-07
3.0,3.211473226547241,-0.4925323724746704,5.442937549560156e-07
3.0,3.2195770740509033,-0.4925323724746704,5.442937549560156e-07
3.0,3.227679967880249,-0.4638284742832184,5.409899586084066e-07
3.0,3.2357959747314453,-0.4638284742832184,5.409899586084066e-07
3.0,3.2438933849334717,-0.3031288683414459,5.377064553613309e-07
3.0,3.252007484436035,-0.3031288683414459,5.377064553613309e-07
3.0,3.2601311206817627,-0.3031288683414459,5.344430746845319e-07
3.0,3.268263578414917,-0.15495051443576813,5.344430746845319e-07
3.0,3.2764179706573486,-0.15495051443576813,5.311997028911719e-07
3.0,3.284576892852783,-0.11891890317201614,5.311997028911719e-07
3.0,3.29270076751709,-0.11891890317201614,5.279764536680887e-07
3.0,3.3008463382720947,-0.11891890317201614,5.279764536680887e-07
3.0,3.3089630603790283,-0.1193120926618576,5.247732701718633e-07
3.0,3.3170900344848633,-0.1193120926618576,5.247732701718633e-07
3.0,3.325241804122925,-0.270805686712265,5.215895839683071e-07
3.0,3.333364486694336,-0.270805686712265,5.215895839683071e-07
3.0,3.3415133953094482,-0.270805686712265,5.184252813705825e-07
3.0,3.3496763706207275,-0.4493798017501831,5.184252813705825e-07
3.0,3.3578078746795654,-0.4493798017501831,5.152809876562969e-07
3.0,3.36594295501709,-0.48728686571121216,5.152809876562969e-07
3.0,3.3740696907043457,-0.48728686571121216,5.121557933307486e-07
3.0,3.382179021835327,-0.48728686571121216,5.121557933307486e-07
3.0,3.3903021812438965,-0.4994157552719116,5.090496415505186e-07
3.0,3.3984057903289795,-0.4994157552719116,5.090496415505186e-07
3.0,3.4065144062042236,-0.7873088717460632,5.059630439063767e-07
3.0,3.4146323204040527,-0.7873088717460632,5.059630439063767e-07
3.0,3.4227294921875,-0.7838484644889832,5.028950340602023e-07
3.0,3.4308271408081055,-0.7838484644889832,5.028950340602023e-07
3.0,3.4390528202056885,-0.7838484644889832,4.99846180446184e-07
3.0,3.447181224822998,-0.9007226824760437,4.99846180446184e-07
3.0,3.4553208351135254,-0.9007226824760437,4.968160851603898e-07
3.0,3.463409662246704,-0.8849387764930725,4.968160851603898e-07
3.0,3.471541166305542,-0.8849387764930725,4.938044071423064e-07
3.0,3.479837656021118,-0.8849387764930725,4.938044071423064e-07
3.0,3.488023519515991,-0.7455160021781921,4.908116011392849e-07
3.0,3.496140480041504,-0.7455160021781921,4.908116011392849e-07
3.0,3.504244327545166,-0.5481060743331909,4.878367576566234e-07
3.0,3.512354612350464,-0.5481060743331909,4.878367576566234e-07
3.0,3.5204904079437256,-0.5481060743331909,4.848807861890236e-07
3.0,3.528613328933716,-0.4930519163608551,4.848807861890236e-07
3.0,3.536745548248291,-0.4930519163608551,4.819423793378519e-07
3.0,3.5448737144470215,-0.48415422439575195,4.819423793378519e-07
3.0,3.553004026412964,-0.48415422439575195,4.790225602846476e-07
3.0,3.561126708984375,-0.48415422439575195,4.790225602846476e-07
3.0,3.5692405700683594,-0.4290817379951477,4.7612041953470907e-07
3.0,3.5774145126342773,-0.4290817379951477,4.7612041953470907e-07
3.0,3.5855746269226074,-0.2261495143175125,4.732361276182928e-07
3.0,3.5937156677246094,-0.2261495143175125,4.732361276182928e-07
3.0,3.6018455028533936,-0.2261495143175125,4.703695424268517e-07
3.0,3.609954357147217,-0.09361796826124191,4.703695424268517e-07
3.0,3.6180713176727295,-0.09361796826124191,4.675206355386763e-07
3.0,3.6262009143829346,-0.049954596906900406,4.6468923642351e-07
3.0,3.6343235969543457,-0.049954596906900406,4.6468923642351e-07
3.0,3.64241623878479,-0.049954596906900406,4.6468923642351e-07
3.0,3.6505520343780518,-0.18930301070213318,4.618752029728057e-07
3.0,3.6586880683898926,-0.18930301070213318,4.618752029728057e-07
3.0,3.6668009757995605,-0.3433409035205841,4.5907842149972566e-07
3.0,3.674924373626709,-0.3433409035205841,4.56298835160851e-07
3.0,3.6830496788024902,-0.477424293756485,4.56298835160851e-07
3.0,3.691168785095215,-0.477424293756485,4.5353635869105347e-07
3.0,3.6992921829223633,-0.477424293756485,4.5353635869105347e-07
3.0,3.707402467727661,-0.48958685994148254,4.5353635869105347e-07
3.0,3.715522289276123,-0.48958685994148254,4.5079073629494815e-07
3.0,3.72367262840271,-0.5335105061531067,4.4806205323766335e-07
3.0,3.7318267822265625,-0.5335105061531067,4.4806205323766335e-07
3.0,3.739973306655884,-0.5335105061531067,4.4535008214552363e-07
3.0,3.7481091022491455,-0.6357383728027344,4.4535008214552363e-07
3.0,3.756230354309082,-0.6357383728027344,4.4265468090998183e-07
3.0,3.7643494606018066,-0.8575009703636169,4.4265468090998183e-07
3.0,3.772524356842041,-0.8575009703636169,4.3997593479616626e-07
3.0,3.7806546688079834,-0.8575009703636169,4.3997593479616626e-07
3.0,3.7887585163116455,-0.9290190935134888,4.3731350274356373e-07
3.0,3.7968733310699463,-0.9290190935134888,4.3731350274356373e-07
3.0,3.8050105571746826,-0.8211485743522644,4.346675268607214e-07
3.0,3.8131511211395264,-0.8211485743522644,4.346675268607214e-07
3.0,3.821284294128418,-0.8211485743522644,4.3203766608712613e-07
3.0,3.8294243812561035,-0.6732076406478882,4.3203766608712613e-07
3.0,3.837538480758667,-0.6732076406478882,4.294240341096156e-07
3.0,3.845658779144287,-0.5135917663574219,4.294240341096156e-07
3.0,3.8537824153900146,-0.5135917663574219,4.2682637513280497e-07
3.0,3.861933708190918,-0.5135917663574219,4.2682637513280497e-07
3.0,3.8700404167175293,-0.49562758207321167,4.2424454704814707e-07
3.0,3.878143310546875,-0.49562758207321167,4.2424454704814707e-07
3.0,3.8862643241882324,-0.4741215109825134,4.2167869196418906e-07
3.0,3.8943912982940674,-0.4741215109825134,4.2167869196418906e-07
3.0,3.902482271194458,-0.4741215109825134,4.191284972421272e-07
3.0,3.9105982780456543,-0.37639403343200684,4.191284972421272e-07
3.0,3.9187607765197754,-0.37639403343200684,4.1659384919512377e-07
3.0,3.9268758296966553,-0.16210921108722687,4.1659384919512377e-07
3.0,3.9349939823150635,-0.16210921108722687,4.1407483308830706e-07
3.0,3.943094491958618,-0.16210921108722687,4.1407483308830706e-07
3.0,3.951207160949707,-0.055226609110832214,4.1157124996971106e-07
3.0,3.9593355655670166,-0.055226609110832214,4.1157124996971106e-07
3.0,3.9674246311187744,-0.12480680644512177,4.090829577307886e-07
3.0,3.975543260574341,-0.12480680644512177,4.090829577307886e-07
3.0,3.98364520072937,-0.12480680644512177,4.066098995281209e-07
3.0,3.9917542934417725,-0.26758432388305664,4.066098995281209e-07
3.0,3.9998645782470703,-0.26758432388305664,4.041519332531607e-07
3.0,4.0079851150512695,-0.4525509476661682,4.041519332531607e-07
3.0,4.016191482543945,-0.4525509476661682,4.017090304841986e-07
3.0,4.024313926696777,-0.4525509476661682,4.017090304841986e-07
3.0,4.032430648803711,-0.4882826507091522,3.992811627995252e-07
3.0,4.040585517883301,-0.4882826507091522,3.992811627995252e-07
3.0,4.048731803894043,-0.49298331141471863,3.968681596688839e-07
3.0,4.05687141418457,-0.49298331141471863,3.968681596688839e-07
3.0,4.064996957778931,-0.5738133192062378,3.9446987898372754e-07
3.0,4.073135614395142,-0.5738133192062378,3.9446987898372754e-07
3.0,4.081271409988403,-0.5738133192062378,3.920862923223467e-07
3.0,4.08940052986145,-0.7096009850502014,3.920862923223467e-07
3.0,4.097496747970581,-0.7096009850502014,3.8971728599790367e-07
3.0,4.105609893798828,-0.9091492891311646,3.8971728599790367e-07
3.0,4.114226341247559,-0.9091492891311646,3.873627463235607e-07
3.0,4.122404098510742,-0.9091492891311646,3.873627463235607e-07
3.0,4.130500793457031,-0.9244516491889954,3.8502261645589897e-07
3.0,4.138597011566162,-0.9244516491889954,3.8502261645589897e-07
3.0,4.146688461303711,-0.7441688776016235,3.826967827080807e-07
3.0,4.154785394668579,-0.7441688776016235,3.8038513139326824e-07
3.0,4.162893533706665,-0.7441688776016235,3.8038513139326824e-07
3.0,4.171004772186279,-0.6006200909614563,3.8038513139326824e-07
3.0,4.179113149642944,-0.6006200909614563,3.7808766251146153e-07
3.0,4.1872358322143555,-0.49665746092796326,3.7808766251146153e-07
3.0,4.195336580276489,-0.49665746092796326,3.758042907975323e-07
3.0,4.203410625457764,-0.49665746092796326,3.735348741429334e-07
3.0,4.2115232944488525,-0.4912843704223633,3.735348741429334e-07
3.0,4.219648361206055,-0.4912843704223633,3.712792704391177e-07
3.0,4.227854013442993,-0.44102561473846436,3.712792704391177e-07
3.0,4.236042737960815,-0.44102561473846436,3.712792704391177e-07
3.0,4.244181156158447,-0.3076786696910858,3.690374228426663e-07
3.0,4.252272605895996,-0.3076786696910858,3.668092745101603e-07
3.0,4.260397672653198,-0.3076786696910858,3.668092745101603e-07
3.0,4.268537759780884,-0.09589975327253342,3.6459485386330925e-07
3.0,4.2766735553741455,-0.09589975327253342,3.6459485386330925e-07
3.0,4.284811019897461,-0.05177348479628563,3.6239387668501877e-07
3.0,4.29291296005249,-0.05177348479628563,3.6239387668501877e-07
3.0,4.301035404205322,-0.05177348479628563,3.6020625771016057e-07
3.0,4.309136152267456,-0.19563566148281097,3.6020625771016057e-07
3.0,4.317232608795166,-0.19563566148281097,3.580321390472818e-07
3.0,4.325330495834351,-0.34556153416633606,3.580321390472818e-07
3.0,4.333417654037476,-0.34556153416633606,3.558712364792882e-07
3.0,4.341530084609985,-0.34556153416633606,3.558712364792882e-07
3.0,4.349636793136597,-0.4804786741733551,3.5372346474105143e-07
3.0,4.357761859893799,-0.4804786741733551,3.5372346474105143e-07
3.0,4.365875720977783,-0.4972301125526428,3.5158896594111866e-07
3.0,4.373966693878174,-0.4972301125526428,3.5158896594111866e-07
3.0,4.382085800170898,-0.4972301125526428,3.4946734217555786e-07
3.0,4.390192270278931,-0.5307620167732239,3.4946734217555786e-07
3.0,4.398286581039429,-0.5307620167732239,3.4735879239633505e-07
3.0,4.4064013957977295,-0.6403064727783203,3.4735879239633505e-07
3.0,4.414511680603027,-0.6403064727783203,3.452630323863559e-07
3.0,4.422624111175537,-0.6403064727783203,3.452630323863559e-07
3.0,4.4307332038879395,-0.7868568897247314,3.431800905673299e-07
3.0,4.438833475112915,-0.7868568897247314,3.431800905673299e-07
3.0,4.446936130523682,-0.9268283843994141,3.411097964090004e-07
3.0,4.455038547515869,-0.9268283843994141,3.411097964090004e-07
3.0,4.463160037994385,-0.9268283843994141,3.3905226359820517e-07
3.0,4.471328496932983,-0.8825045228004456,3.3905226359820517e-07
3.0,4.479530334472656,-0.8825045228004456,3.3700709423101216e-07
3.0,4.48762845993042,-0.6789737343788147,3.3700709423101216e-07
3.0,4.4957275390625,-0.6789737343788147,3.349745725245157e-07
3.0,4.5038323402404785,-0.6789737343788147,3.349745725245157e-07
3.0,4.511969327926636,-0.5560520887374878,3.329543005747837e-07
3.0,4.520120143890381,-0.5560520887374878,3.329543005747837e-07
3.0,4.5282204151153564,-0.4930289089679718,3.3094647733378224e-07
3.0,4.53632664680481,-0.4930289089679718,3.3094647733378224e-07
3.0,4.544403076171875,-0.4918912649154663,3.2895087542783585e-07
3.0,4.552496910095215,-0.4918912649154663,3.2895087542783585e-07
3.0,4.560595273971558,-0.4918912649154663,3.2696729590497853e-07
3.0,4.568694829940796,-0.38914889097213745,3.2696729590497853e-07
3.0,4.57680869102478,-0.38914889097213745,3.2499599456059514e-07
3.0,4.584929943084717,-0.23679833114147186,3.2499599456059514e-07
3.0,4.593040704727173,-0.23679833114147186,3.2303665875588194e-07
3.0,4.601172924041748,-0.23679833114147186,3.2303665875588194e-07
3.0,4.609316349029541,-0.06205743923783302,3.2108917480400123e-07
3.0,4.617482662200928,-0.06205743923783302,3.2108917480400123e-07
3.0,4.625596761703491,-0.07157333940267563,3.1915357112666243e-07
3.0,4.633731842041016,-0.07157333940267563,3.1915357112666243e-07
3.0,4.641877889633179,-0.07157333940267563,3.1722987614557496e-07
3.0,4.650010824203491,-0.2664627134799957,3.1722987614557496e-07
3.0,4.65815544128418,-0.2664627134799957,3.153178624870634e-07
3.0,4.666306972503662,-0.40981221199035645,3.153178624870634e-07
3.0,4.674433708190918,-0.40981221199035645,3.1341744488599943e-07
3.0,4.68371319770813,-0.40981221199035645,3.1341744488599943e-07
3.0,4.691910982131958,-0.49528181552886963,3.115285380772548e-07
3.0,4.7000508308410645,-0.49528181552886963,3.0965117048253887e-07
3.0,4.708178997039795,-0.49483731389045715,3.0965117048253887e-07
3.0,4.7162926197052,-0.49483731389045715,3.077853421018517e-07
3.0,4.72441029548645,-0.5868484973907471,3.077853421018517e-07
3.0,4.732557773590088,-0.5868484973907471,3.059308539832273e-07
3.0,4.740683317184448,-0.5868484973907471,3.059308539832273e-07
3.0,4.7488179206848145,-0.7195867896080017,3.040876208615373e-07
3.0,4.7569580078125,-0.7195867896080017,3.040876208615373e-07
3.0,4.765070915222168,-0.8650270104408264,3.022555858933629e-07
3.0,4.773190975189209,-0.8650270104408264,3.022555858933629e-07
3.0,4.7813074588775635,-0.8650270104408264,3.004346922352852e-07
3.0,4.789417743682861,-0.9230863451957703,3.004346922352852e-07
3.0,4.797556638717651,-0.9230863451957703,2.9862488304388535e-07
3.0,4.805680513381958,-0.9230863451957703,2.9862488304388535e-07
3.0,4.813799619674683,-0.8202268481254578,2.968261014757445e-07
3.0,4.821916103363037,-0.8202268481254578,2.968261014757445e-07
3.0,4.8300323486328125,-0.5997582077980042,2.950382622657344e-07
3.0,4.838183641433716,-0.5997582077980042,2.950382622657344e-07
3.0,4.846333742141724,-0.5125303864479065,2.9326128014872666e-07
3.0,4.854413270950317,-0.5125303864479065,2.9326128014872666e-07
3.0,4.862538576126099,-0.5125303864479065,2.914951267030119e-07
3.0,4.870671987533569,-0.49376580119132996,2.914951267030119e-07
3.0,4.878808498382568,-0.49376580119132996,2.8973968824175245e-07
3.0,4.886924743652344,-0.4710155427455902,2.8973968824175245e-07
3.0,4.895035743713379,-0.4710155427455902,2.879949363432388e-07
3.0,4.903151988983154,-0.4710155427455902,2.879949363432388e-07
3.0,4.911261320114136,-0.3085622191429138,2.862607573206333e-07
3.0,4.9193761348724365,-0.3085622191429138,2.862607573206333e-07
3.0,4.927495956420898,-0.1526063084602356,2.845371227522264e-07
3.0,4.935594081878662,-0.1526063084602356,2.845371227522264e-07
3.0,4.943703651428223,-0.1526063084602356,2.8282394737288996e-07
3.0,4.951832294464111,-0.05360512435436249,2.8282394737288996e-07
3.0,4.9599573612213135,-0.05360512435436249,2.8112128802604275e-07
3.0,4.968056917190552,-0.1272687017917633,2.8112128802604275e-07
3.0,4.976161241531372,-0.1272687017917633,2.7942900260313763e-07
3.0,4.984286308288574,-0.1272687017917633,2.7942900260313763e-07
3.0,4.992481470108032,-0.3553193509578705,2.777469774173369e-07
3.0,5.000651121139526,-0.3553193509578705,2.777469774173369e-07
3.0,5.008767127990723,-0.45988360047340393,2.7607512720351224e-07
3.0,5.016892910003662,-0.45988360047340393,2.7607512720351224e-07
3.0,5.024993419647217,-0.45988360047340393,2.744133666965354e-07
3.0,5.033090829849243,-0.4937368631362915,2.744133666965354e-07
3.0,5.041193723678589,-0.4937368631362915,2.727617811615346e-07
3.0,5.049299001693726,-0.5069004893302917,2.727617811615346e-07
3.0,5.05741810798645,-0.5069004893302917,2.7112031375509105e-07
3.0,5.065527439117432,-0.5069004893302917,2.7112031375509105e-07
3.0,5.073641777038574,-0.6444503664970398,2.694887655252387e-07
3.0,5.081747055053711,-0.6444503664970398,2.694887655252387e-07
3.0,5.089848279953003,-0.7927735447883606,2.6786702278513985e-07
3.0,5.097954511642456,-0.7927735447883606,2.6786702278513985e-07
3.0,5.106053590774536,-0.7927735447883606,2.6625525606505107e-07
3.0,5.114180088043213,-0.9271620512008667,2.6625525606505107e-07
3.0,5.122337341308594,-0.9271620512008667,2.646532948347158e-07
3.0,5.130411148071289,-0.8810955286026001,2.646532948347158e-07
3.0,5.138518333435059,-0.8810955286026001,2.6306091172045853e-07
3.0,5.14661717414856,-0.6705870628356934,2.6306091172045853e-07
3.0,5.154717445373535,-0.6705870628356934,2.6147830567424535e-07
3.0,5.162829160690308,-0.6705870628356934,2.6147830567424535e-07
3.0,5.1709349155426025,-0.554409384727478,2.5990533458752907e-07
3.0,5.1790618896484375,-0.554409384727478,2.5990533458752907e-07
3.0,5.187202453613281,-0.497043639421463,2.583417142432154e-07
3.0,5.195319414138794,-0.497043639421463,2.583417142432154e-07
3.0,5.203408718109131,-0.497043639421463,2.567878709669458e-07
3.0,5.211522817611694,-0.4883573055267334,2.567878709669458e-07
3.0,5.219633340835571,-0.4883573055267334,2.5524326474624104e-07
3.0,5.227725028991699,-0.4369913339614868,2.5524326474624104e-07
3.0,5.235842227935791,-0.4369913339614868,2.537080945330672e-07
3.0,5.243993282318115,-0.4369913339614868,2.521823034840054e-07
3.0,5.252095699310303,-0.23214074969291687,2.521823034840054e-07
3.0,5.260190725326538,-0.23214074969291687,2.506656073819613e-07
3.0,5.268288612365723,-0.10357911139726639,2.506656073819613e-07
3.0,5.276417970657349,-0.10357911139726639,2.506656073819613e-07
3.0,5.284534215927124,-0.10357911139726639,2.491583188657387e-07
3.0,5.292647361755371,-0.0760667696595192,2.476599547662772e-07
3.0,5.300751686096191,-0.0760667696595192,2.476599547662772e-07
3.0,5.308869361877441,-0.19450367987155914,2.4617091298750893e-07
3.0,5.316980361938477,-0.19450367987155914,2.4617091298750893e-07
3.0,5.325090646743774,-0.19450367987155914,2.4469068193866406e-07
3.0,5.333236217498779,-0.4080829918384552,2.4469068193866406e-07
3.0,5.34133768081665,-0.4080829918384552,2.432196311019652e-07
3.0,5.349416971206665,-0.4820559024810791,2.432196311019652e-07
3.0,5.3575215339660645,-0.4820559024810791,2.4175736257348035e-07
3.0,5.365616798400879,-0.4820559024810791,2.4175736257348035e-07
3.0,5.373716831207275,-0.49962788820266724,2.403039900400472e-07
3.0,5.38182520866394,-0.49962788820266724,2.403039900400472e-07
3.0,5.389933824539185,-0.5364022254943848,2.3885945665824693e-07
3.0,5.398034572601318,-0.5364022254943848,2.3885945665824693e-07
3.0,5.4061279296875,-0.7104681730270386,2.374236629520965e-07
3.0,5.414228200912476,-0.7104681730270386,2.374236629520965e-07
3.0,5.42233419418335,-0.7104681730270386,2.3599656628903176e-07
3.0,5.430402517318726,-0.8550066351890564,2.3599656628903176e-07
3.0,5.43852686882019,-0.8550066351890564,2.3457809561477916e-07
3.0,5.4466845989227295,-0.9240443706512451,2.3457809561477916e-07
3.0,5.454784154891968,-0.9240443706512451,2.3316827935104811e-07
3.0,5.462873935699463,-0.9240443706512451,2.3316827935104811e-07
3.0,5.470975399017334,-0.8284550309181213,2.317669896001462e-07
3.0,5.479102611541748,-0.8284550309181213,2.317669896001462e-07
3.0,5.487231969833374,-0.6105238199234009,2.303741410969451e-07
3.0,5.4953343868255615,-0.6105238199234009,2.303741410969451e-07
3.0,5.503426790237427,-0.6105238199234009,2.289897906848637e-07
3.0,5.511589765548706,-0.5248141884803772,2.289897906848637e-07
3.0,5.519691467285156,-0.5248141884803772,2.2761381046620954e-07
3.0,5.5277979373931885,-0.5006623864173889,2.2761381046620954e-07
3.0,5.53590202331543,-0.5006623864173889,2.262461578084185e-07
3.0,5.544009447097778,-0.5006623864173889,2.262461578084185e-07
3.0,5.5521016120910645,-0.474918007850647,2.2488681850063585e-07
3.0,5.560204744338989,-0.474918007850647,2.2488681850063585e-07
3.0,5.568332195281982,-0.3176707625389099,2.2353563622345973e-07
3.0,5.576472520828247,-0.3176707625389099,2.2353563622345973e-07
3.0,5.584587097167969,-0.3176707625389099,2.2219272466372786e-07
3.0,5.592698574066162,-0.16842950880527496,2.2219272466372786e-07
3.0,5.600841522216797,-0.16842950880527496,2.2085788486947422e-07
3.0,5.609025001525879,-0.06151635944843292,2.2085788486947422e-07
3.0,5.6171715259552,-0.06151635944843292,2.195311878949724e-07
3.0,5.625304698944092,-0.06151635944843292,2.195311878949724e-07
3.0,5.633425712585449,-0.12155164778232574,2.1821250584252994e-07
3.0,5.641571521759033,-0.12155164778232574,2.1821250584252994e-07
3.0,5.649712562561035,-0.3410082459449768,2.1690176765787328e-07
3.0,5.657825469970703,-0.3410082459449768,2.1690176765787328e-07
3.0,5.665923833847046,-0.3410082459449768,2.1559903018442128e-07
3.0,5.674054861068726,-0.4532199203968048,2.1559903018442128e-07
3.0,5.682173252105713,-0.4532199203968048,2.1430412289191736e-07
3.0,5.690288305282593,-0.5008427500724792,2.1430412289191736e-07
3.0,5.69840145111084,-0.5008427500724792,2.1301704578036151e-07
3.0,5.706497669219971,-0.5008427500724792,2.1301704578036151e-07
3.0,5.7145960330963135,-0.5059332847595215,2.117378414823179e-07
3.0,5.722703218460083,-0.5059332847595215,2.117378414823179e-07
3.0,5.730815649032593,-0.5723245739936829,2.1046631104582048e-07
3.0,5.738958358764648,-0.5723245739936829,2.1046631104582048e-07
3.0,5.747110605239868,-0.5723245739936829,2.0920246868172399e-07
3.0,5.7552809715271,-0.7832659482955933,2.0920246868172399e-07
3.0,5.763423919677734,-0.7832659482955933,2.0794625754660956e-07
3.0,5.771561145782471,-0.908360481262207,2.0794625754660956e-07
3.0,5.779675483703613,-0.908360481262207,2.0669770606218663e-07
3.0,5.787787675857544,-0.8991816639900208,2.0669770606218663e-07
3.0,5.795892715454102,-0.8991816639900208,2.0545670054161747e-07
3.0,5.8039939403533936,-0.8991816639900208,2.0422318414148322e-07
3.0,5.812101125717163,-0.7613064050674438,2.0422318414148322e-07
3.0,5.8202221393585205,-0.7613064050674438,2.0422318414148322e-07
3.0,5.8283398151397705,-0.5639667510986328,2.0299712844007445e-07
3.0,5.836407899856567,-0.5639667510986328,2.0299712844007445e-07
3.0,5.844511032104492,-0.5639667510986328,2.0177849080482702e-07
3.0,5.85262131690979,-0.5060306191444397,2.0056722860317677e-07
3.0,5.860748529434204,-0.5060306191444397,2.0056722860317677e-07
3.0,5.868869066238403,-0.5060306191444397,2.0056722860317677e-07
3.0,5.876986742019653,-0.49196791648864746,1.9936328499170486e-07
3.0,5.8851158618927,-0.49196791648864746,1.9936328499170486e-07
3.0,5.893221378326416,-0.4417485296726227,1.9816661733784713e-07
3.0,5.901315212249756,-0.4417485296726227,1.9816661733784713e-07
3.0,5.909426927566528,-0.4417485296726227,1.9697719721989415e-07
3.0,5.917543172836304,-0.25045400857925415,1.9697719721989415e-07
3.0,5.925664186477661,-0.25045400857925415,1.9579496779442707e-07
3.0,5.933779001235962,-0.10793761909008026,1.9579496779442707e-07
3.0,5.941866874694824,-0.10793761909008026,1.9461988642888173e-07
3.0,5.94995641708374,-0.10793761909008026,1.9461988642888173e-07
3.0,5.958073616027832,-0.07803960144519806,1.9345189627983927e-07
3.0,5.96624493598938,-0.07803960144519806,1.9345189627983927e-07
3.0,5.974401950836182,-0.18816307187080383,1.9229095471473556e-07
3.0,5.982565402984619,-0.18816307187080383,1.9229095471473556e-07
3.0,5.9906697273254395,-0.18816307187080383,1.9113701910100644e-07
3.0,5.9987945556640625,-0.4013626277446747,1.9113701910100644e-07
4.0,3.814697265625e-06,-0.4013626277446747,1.8999008943865192e-07
4.0,0.008138418197631836,-0.4818001687526703,1.8999008943865192e-07
4.0,0.01623821258544922,-0.4818001687526703,1.8885012309510785e-07
4.0,0.024353981018066406,-0.4818001687526703,1.8885012309510785e-07
4.0,0.032454729080200195,-0.49986961483955383,1.877170063835365e-07
4.0,0.04056715965270996,-0.49986961483955383,1.877170063835365e-07
4.0,0.048670291900634766,-0.5237342715263367,1.8659071088222845e-07
4.0,0.05677437782287598,-0.5237342715263367,1.8659071088222845e-07
4.0,0.0648801326751709,-0.5237342715263367,1.8547122238032898e-07
4.0,0.07300662994384766,-0.7643136978149414,1.8547122238032898e-07
4.0,0.08113694190979004,-0.7643136978149414,1.8435856929954753e-07
4.0,0.08925271034240723,-0.9159066081047058,1.8435856929954753e-07
4.0,0.09735226631164551,-0.9159066081047058,1.8325259532048221e-07
4.0,0.10545182228088379,-0.9159066081047058,1.8325259532048221e-07
4.0,0.11355781555175781,-0.8058816194534302,1.821532578105689e-07
4.0,0.12166357040405273,-0.8058816194534302,1.821532578105689e-07
4.0,0.12977385520935059,-0.6166462898254395,1.810606562457906e-07
4.0,0.1378772258758545,-0.6166462898254395,1.810606562457906e-07
4.0,0.14599013328552246,-0.6166462898254395,1.7997459167418128e-07
4.0,0.15410828590393066,-0.49648889899253845,1.7997459167418128e-07
4.0,0.16222929954528809,-0.49648889899253845,1.788950925174504e-07
4.0,0.1703476905822754,-0.4820018708705902,1.788950925174504e-07
4.0,0.17846918106079102,-0.4820018708705902,1.778221445647432e-07
4.0,0.18665337562561035,-0.4820018708705902,1.778221445647432e-07
4.0,0.19481229782104492,-0.26658958196640015,1.7675560570751259e-07
4.0,0.20293235778808594,-0.26658958196640015,1.7675560570751259e-07
4.0,0.21104717254638672,-0.08840619772672653,1.7569560384345095e-07
4.0,0.21915769577026367,-0.08840619772672653,1.7569560384345095e-07
4.0,0.2273237705230713,-0.0783846452832222,1.7464188317717344e-07
4.0,0.23560428619384766,-0.0783846452832222,1.7464188317717344e-07
4.0,0.2437267303466797,-0.0783846452832222,1.7359465687150077e-07
4.0,0.25182509422302246,-0.3447283208370209,1.7255362649848394e-07
4.0,0.259918212890625,-0.3447283208370209,1.7255362649848394e-07
4.0,0.268021821975708,-0.48285430669784546,1.7255362649848394e-07
4.0,0.2761392593383789,-0.48285430669784546,1.7151899101008894e-07
4.0,0.2842581272125244,-0.48285430669784546,1.7049052303264034e-07
4.0,0.29236483573913574,-0.5037087202072144,1.7049052303264034e-07
4.0,0.30045008659362793,-0.5037087202072144,1.6946829362041171e-07
4.0,0.30855846405029297,-0.5961896777153015,1.6946829362041171e-07
4.0,0.3166654109954834,-0.5961896777153015,1.684522459299842e-07
4.0,0.3247661590576172,-0.5961896777153015,1.684522459299842e-07
4.0,0.33286046981811523,-0.8803617358207703,1.6744226627452008e-07
4.0,0.3409452438354492,-0.8803617358207703,1.6744226627452008e-07
4.0,0.34903717041015625,-0.9321298599243164,1.6643846834085707e-07
4.0,0.3571503162384033,-0.9321298599243164,1.6643846834085707e-07
4.0,0.36527252197265625,-0.9321298599243164,1.654406958095933e-07
4.0,0.3733847141265869,-0.6849029660224915,1.654406958095933e-07
4.0,0.38146042823791504,-0.6849029660224915,1.6444889183730993e-07
4.0,0.38974809646606445,-0.532249391078949,1.6444889183730993e-07
4.0,0.3979952335357666,-0.532249391078949,1.6346314168913523e-07
4.0,0.4061448574066162,-0.532249391078949,1.6346314168913523e-07
4.0,0.4142630100250244,-0.4941970109939575,1.6248333167823148e-07
4.0,0.42238903045654297,-0.4941970109939575,1.6248333167823148e-07
4.0,0.4304838180541992,-0.4259032905101776,1.6150940496117983e-07
4.0,0.43863821029663086,-0.4259032905101776,1.6150940496117983e-07
4.0,0.44673776626586914,-0.4259032905101776,1.605413046945614e-07
4.0,0.4548614025115967,-0.15021908283233643,1.605413046945614e-07
4.0,0.46297693252563477,-0.15021908283233643,1.595791161435045e-07
4.0,0.47109198570251465,-0.0578598827123642,1.595791161435045e-07
4.0,0.47919607162475586,-0.0578598827123642,1.5862273983202613e-07
4.0,0.48729753494262695,-0.2680458426475525,1.5862273983202613e-07
4.0,0.4953892230987549,-0.2680458426475525,1.576721189167074e-07
4.0,0.5034501552581787,-0.2680458426475525,1.576721189167074e-07
4.0,0.5115773677825928,-0.44291189312934875,1.5672719655412948e-07
4.0,0.5196993350982666,-0.44291189312934875,1.5672719655412948e-07
4.0,0.527817964553833,-0.44291189312934875,1.5578798695514706e-07
4.0,0.5359230041503906,-0.4941956102848053,1.5578798695514706e-07
4.0,0.5440306663513184,-0.4941956102848053,1.5485441906548658e-07
4.0,0.55214524269104,-0.5482565760612488,1.5485441906548658e-07
4.0,0.5603132247924805,-0.5482565760612488,1.5392647867429332e-07
4.0,0.5684587955474854,-0.5482565760612488,1.5392647867429332e-07
4.0,0.576585054397583,-0.8090470433235168,1.5300413735985785e-07
4.0,0.5847005844116211,-0.8090470433235168,1.5300413735985785e-07
4.0,0.5928492546081543,-0.9305530190467834,1.5208736670047074e-07
4.0,0.6010336875915527,-0.9305530190467834,1.5208736670047074e-07
4.0,0.6092157363891602,-0.9305530190467834,1.5117613827442256e-07
4.0,0.6173522472381592,-0.7626350522041321,1.5117613827442256e-07
4.0,0.6254549026489258,-0.7626350522041321,1.5027039523829444e-07
4.0,0.6335761547088623,-0.5745930075645447,1.5027039523829444e-07
4.0,0.6417019367218018,-0.5745930075645447,1.4937009495952225e-07
4.0,0.6498332023620605,-0.5745930075645447,1.4937009495952225e-07
4.0,0.6579515933990479,-0.5001220703125,1.4847520901639655e-07
4.0,0.6661124229431152,-0.5001220703125,1.4847520901639655e-07
4.0,0.6742165088653564,-0.4670317769050598,1.4758573740891734e-07
4.0,0.6823434829711914,-0.4670317769050598,1.4758573740891734e-07
4.0,0.690471887588501,-0.4670317769050598,1.4670163750452048e-07
4.0,0.6985993385314941,-0.32028332352638245,1.4670163750452048e-07
4.0,0.7072501182556152,-0.32028332352638245,1.4582288088149653e-07
4.0,0.7156479358673096,-0.0673341155052185,1.4582288088149653e-07
4.0,0.7237637042999268,-0.0673341155052185,1.4494941069642664e-07
4.0,0.731865644454956,-0.0673341155052185,1.4494941069642664e-07
4.0,0.7399747371673584,-0.10790042579174042,1.4408119852760137e-07
4.0,0.748133659362793,-0.10790042579174042,1.4408119852760137e-07
4.0,0.7562887668609619,-0.394275426864624,1.4321820174245659e-07
4.0,0.7644128799438477,-0.394275426864624,1.4321820174245659e-07
4.0,0.7725317478179932,-0.4950083792209625,1.4236037770842813e-07
4.0,0.7806360721588135,-0.4950083792209625,1.4236037770842813e-07
4.0,0.788748025894165,-0.4950083792209625,1.415077122146613e-07
4.0,0.7968735694885254,-0.5172072052955627,1.415077122146613e-07
4.0,0.8049943447113037,-0.5172072052955627,1.4066017683944665e-07
4.0,0.8131265640258789,-0.6480510234832764,1.4066017683944665e-07
4.0,0.8212876319885254,-0.6480510234832764,1.3981784263705777e-07
4.0,0.8294205665588379,-0.6480510234832764,1.3898053907723806e-07
4.0,0.8375871181488037,-0.9094941020011902,1.3898053907723806e-07
4.0,0.8457438945770264,-0.9094941020011902,1.3814825194913283e-07
4.0,0.8538808822631836,-0.9019298553466797,1.3814825194913283e-07
4.0,0.8619916439056396,-0.9019298553466797,1.373209386201779e-07
4.0,0.8701076507568359,-0.9019298553466797,1.373209386201779e-07
4.0,0.8782203197479248,-0.6291341781616211,1.364986843555016e-07
4.0,0.886366605758667,-0.6291341781616211,1.364986843555016e-07
4.0,0.894463062286377,-0.5114417672157288,1.356813896791209e-07
4.0,0.9025771617889404,-0.5114417672157288,1.356813896791209e-07
4.0,0.9106919765472412,-0.5114417672157288,1.348689409041981e-07
4.0,0.9188518524169922,-0.49309104681015015,1.348689409041981e-07
4.0,0.9269990921020508,-0.49309104681015015,1.3406139487415203e-07
4.0,0.9351506233215332,-0.38325780630111694,1.3406139487415203e-07
4.0,0.9433059692382812,-0.38325780630111694,1.3325878001069213e-07
4.0,0.9514427185058594,-0.1850854754447937,1.3325878001069213e-07
4.0,0.9595739841461182,-0.1850854754447937,1.3246092578356183e-07
4.0,0.9677233695983887,-0.1850854754447937,1.3246092578356183e-07
4.0,0.9758780002593994,-0.07183154672384262,1.3166788903617999e-07
4.0,0.9840197563171387,-0.07183154672384262,1.3166788903617999e-07
4.0,0.9921727180480957,-0.22889119386672974,1.308796839794013e-07
4.0,1.0002868175506592,-0.22889119386672974,1.308796839794013e-07
4.0,1.0083982944488525,-0.22889119386672974,1.3009609745040507e-07
4.0,1.0165369510650635,-0.47520869970321655,1.3009609745040507e-07
4.0,1.0246903896331787,-0.47520869970321655,1.2931737103372143e-07
4.0,1.0328242778778076,-0.4962727427482605,1.2931737103372143e-07
4.0,1.0409648418426514,-0.4962727427482605,1.2854324893396551e-07
4.0,1.0491151809692383,-0.4962727427482605,1.2854324893396551e-07
4.0,1.0572364330291748,-0.5831623077392578,1.2777381641626562e-07
4.0,1.0653631687164307,-0.5831623077392578,1.2777381641626562e-07
4.0,1.07346773147583,-0.7719231247901917,1.2700900242634816e-07
4.0,1.0816783905029297,-0.7719231247901917,1.2700900242634816e-07
4.0,1.089777946472168,-0.7719231247901917,1.26248764331649e-07
4.0,1.0978899002075195,-0.9308683276176453,1.26248764331649e-07
4.0,1.1060094833374023,-0.9308683276176453,1.2549314476473228e-07
4.0,1.114128589630127,-0.7991092205047607,1.2549314476473228e-07
4.0,1.1222541332244873,-0.7991092205047607,1.2474201582790556e-07
4.0,1.1303744316101074,-0.7991092205047607,1.2474201582790556e-07
4.0,1.138448715209961,-0.5389592051506042,1.2399546278629714e-07
4.0,1.1465697288513184,-0.5389592051506042,1.2399546278629714e-07
4.0,1.1547000408172607,-0.4984426498413086,1.232533719530693e-07
4.0,1.1628680229187012,-0.4984426498413086,1.232533719530693e-07
4.0,1.1710050106048584,-0.4984426498413086,1.2251574332822202e-07
4.0,1.179124355316162,-0.43790721893310547,1.2251574332822202e-07
4.0,1.1873478889465332,-0.43790721893310547,1.2178257691175531e-07
4.0,1.1954598426818848,-0.25827130675315857,1.2178257691175531e-07
4.0,1.2035672664642334,-0.25827130675315857,1.2105373059512203e-07
4.0,1.211665153503418,-0.062443677335977554,1.2105373059512203e-07
4.0,1.219775915145874,-0.062443677335977554,1.203294175411429e-07
4.0,1.22818922996521,-0.062443677335977554,1.203294175411429e-07
4.0,1.2363080978393555,-0.1553412675857544,1.196093393218689e-07
4.0,1.2444188594818115,-0.1553412675857544,1.196093393218689e-07
4.0,1.2525386810302734,-0.4340249300003052,1.1889362383499247e-07
4.0,1.260634422302246,-0.4340249300003052,1.1889362383499247e-07
4.0,1.2687456607818604,-0.4340249300003052,1.1818222844794946e-07
4.0,1.277026653289795,-0.5017550587654114,1.1818222844794946e-07
4.0,1.2851941585540771,-0.5017550587654114,1.1747510342274836e-07
4.0,1.293372392654419,-0.5382976531982422,1.1747510342274836e-07
4.0,1.3014476299285889,-0.5382976531982422,1.1677220612682504e-07
4.0,1.3095462322235107,-0.5382976531982422,1.1677220612682504e-07
4.0,1.3176522254943848,-0.6997632384300232,1.1607357919274364e-07
4.0,1.3257861137390137,-0.6997632384300232,1.153791302499485e-07
4.0,1.3339037895202637,-0.8906566500663757,1.153791302499485e-07
4.0,1.342012643814087,-0.8906566500663757,1.1468885219301228e-07
4.0,1.3501322269439697,-0.8906566500663757,1.1468885219301228e-07
4.0,1.358274221420288,-0.8722389936447144,1.1468885219301228e-07
4.0,1.3663949966430664,-0.8722389936447144,1.1400273791650761e-07
4.0,1.3745102882385254,-0.6719538569450378,1.1332072347158828e-07
4.0,1.3826158046722412,-0.6719538569450378,1.1332072347158828e-07
4.0,1.390718936920166,-0.6719538569450378,1.1264283727996371e-07
4.0,1.3988516330718994,-0.5026949644088745,1.1264283727996371e-07
4.0,1.4070141315460205,-0.5026949644088745,1.1196899407650562e-07
4.0,1.4151580333709717,-0.49456295371055603,1.1196899407650562e-07
4.0,1.4233019351959229,-0.49456295371055603,1.1129922228292344e-07
4.0,1.431577444076538,-0.3321857154369354,1.1129922228292344e-07
4.0,1.439704179763794,-0.3321857154369354,1.1063345795037094e-07
4.0,1.4478392601013184,-0.3321857154369354,1.1063345795037094e-07
4.0,1.4559850692749023,-0.14117379486560822,1.0997169397342077e-07
4.0,1.4641332626342773,-0.14117379486560822,1.0997169397342077e-07
4.0,1.4722812175750732,-0.10086002945899963,1.0931393745750029e-07
4.0,1.4804141521453857,-0.10086002945899963,1.0931393745750029e-07
4.0,1.4885542392730713,-0.10086002945899963,1.0866011024290856e-07
4.0,1.4966728687286377,-0.28387293219566345,1.0866011024290856e-07
4.0,1.504835844039917,-0.28387293219566345,1.0801020522421823e-07
4.0,1.5138485431671143,-0.28387293219566345,1.0801020522421823e-07
4.0,1.5221328735351562,-0.4929881691932678,1.0801020522421823e-07
4.0,1.5303065776824951,-0.4929881691932678,1.07364236612284e-07
4.0,1.5384232997894287,-0.49896106123924255,1.0672213335283232e-07
4.0,1.546616554260254,-0.49896106123924255,1.0672213335283232e-07
4.0,1.554776906967163,-0.49896106123924255,1.0608387412958109e-07
4.0,1.5629191398620605,-0.6463528871536255,1.0608387412958109e-07
4.0,1.5710771083831787,-0.6463528871536255,1.0544945183710297e-07
4.0,1.5792253017425537,-0.8386467099189758,1.0544945183710297e-07
4.0,1.5873973369598389,-0.8386467099189758,1.048188593699706e-07
4.0,1.5955488681793213,-0.8386467099189758,1.048188593699706e-07
4.0,1.6036570072174072,-0.9063102006912231,1.0419205409561982e-07
4.0,1.6117608547210693,-0.9063102006912231,1.0419205409561982e-07
4.0,1.619875192642212,-0.7357733249664307,1.0356900759234122e-07
4.0,1.6284046173095703,-0.7357733249664307,1.0356900759234122e-07
4.0,1.6366307735443115,-0.7357733249664307,1.0294969854385272e-07
4.0,1.6447622776031494,-0.513058602809906,1.0294969854385272e-07
4.0,1.6528804302215576,-0.513058602809906,1.023341127392996e-07
4.0,1.661015510559082,-0.4977438449859619,1.023341127392996e-07
4.0,1.669154405593872,-0.4977438449859619,1.0172221465154507e-07
4.0,1.677278757095337,-0.45393726229667664,1.0172221465154507e-07
4.0,1.6854453086853027,-0.45393726229667664,1.0111399717516178e-07
4.0,1.6935851573944092,-0.45393726229667664,1.0111399717516178e-07
4.0,1.701700210571289,-0.18221722543239594,1.0050943899386766e-07
4.0,1.7098140716552734,-0.18221722543239594,1.0050943899386766e-07
4.0,1.7179303169250488,-0.05960000306367874,9.990850458052591e-08
4.0,1.7260444164276123,-0.05960000306367874,9.990850458052591e-08
4.0,1.7341578006744385,-0.05960000306367874,9.931117972428183e-08
4.0,1.742342233657837,-0.233527272939682,9.931117972428183e-08
4.0,1.7505218982696533,-0.233527272939682,9.871744310885333e-08
4.0,1.7586512565612793,-0.4274684488773346,9.871744310885333e-08
4.0,1.7667899131774902,-0.4274684488773346,9.812727341795835e-08
4.0,1.774919033050537,-0.4274684488773346,9.812727341795835e-08
4.0,1.7831950187683105,-0.49475032091140747,9.75406351244601e-08
4.0,1.7914602756500244,-0.49475032091140747,9.75406351244601e-08
4.0,1.7995915412902832,-0.5333669781684875,9.695752112293121e-08
4.0,1.8077104091644287,-0.5333669781684875,9.695752112293121e-08
4.0,1.8158352375030518,-0.5333669781684875,9.637789588623491e-08
4.0,1.8239672183990479,-0.7805318236351013,9.637789588623491e-08
4.0,1.8321688175201416,-0.7805318236351013,9.580175941437119e-08
4.0,1.8402905464172363,-0.9273176789283752,9.580175941437119e-08
4.0,1.8484139442443848,-0.9273176789283752,9.52291046019127e-08
4.0,1.85654878616333,-0.7964967489242554,9.52291046019127e-08
4.0,1.8646559715270996,-0.7964967489242554,9.465987460544056e-08
4.0,1.8727643489837646,-0.7964967489242554,9.465987460544056e-08
4.0,1.880868673324585,-0.6007125973701477,9.409404810867272e-08
4.0,1.888981580734253,-0.6007125973701477,9.409404810867272e-08
4.0,1.8970844745635986,-0.5031973123550415,9.35316037953271e-08
4.0,1.905198097229004,-0.5031973123550415,9.35316037953271e-08
4.0,1.9133200645446777,-0.5031973123550415,9.297257719254048e-08
4.0,1.9214417934417725,-0.48065847158432007,9.297257719254048e-08
4.0,1.9295578002929688,-0.48065847158432007,9.241689014061194e-08
4.0,1.9376587867736816,-0.25866445899009705,9.186450000697732e-08
4.0,1.9457778930664062,-0.25866445899009705,9.186450000697732e-08
4.0,1.9539504051208496,-0.25866445899009705,9.131548495133757e-08
4.0,1.9620633125305176,-0.08064599335193634,9.131548495133757e-08
4.0,1.9701576232910156,-0.08064599335193634,9.131548495133757e-08
4.0,1.9782648086547852,-0.08710081875324249,9.076973128685495e-08
4.0,1.986414909362793,-0.08710081875324249,9.076973128685495e-08
4.0,1.994605302810669,-0.08710081875324249,9.022725322438419e-08
4.0,2.002729892730713,-0.36122217774391174,8.968805076392528e-08
4.0,2.0108675956726074,-0.36122217774391174,8.968805076392528e-08
4.0,2.0189783573150635,-0.48174020648002625,8.915204574577729e-08
4.0,2.0270891189575195,-0.48174020648002625,8.915204574577729e-08
4.0,2.035215377807617,-0.48174020648002625,8.861930211878644e-08
4.0,2.043341636657715,-0.5128687620162964,8.861930211878644e-08
4.0,2.051460027694702,-0.5128687620162964,8.808969909068765e-08
4.0,2.059558153152466,-0.61191725730896,8.808969909068765e-08
4.0,2.0676662921905518,-0.61191725730896,8.756333613746392e-08
4.0,2.0757875442504883,-0.61191725730896,8.756333613746392e-08
4.0,2.0839810371398926,-0.8861682415008545,8.704007115056811e-08
4.0,2.09212327003479,-0.8861682415008545,8.704007115056811e-08
4.0,2.1002297401428223,-0.9234383702278137,8.651999650055586e-08
4.0,2.108341932296753,-0.9234383702278137,8.651999650055586e-08
4.0,2.116455554962158,-0.6745655536651611,8.600300560601681e-08
4.0,2.1245760917663574,-0.6745655536651611,8.600300560601681e-08
4.0,2.1326775550842285,-0.6745655536651611,8.54891268886604e-08
4.0,2.1407973766326904,-0.5272342562675476,8.54891268886604e-08
4.0,2.1489341259002686,-0.5272342562675476,8.497833903220453e-08
4.0,2.157116413116455,-0.5272342562675476,8.497833903220453e-08
4.0,2.165269374847412,-0.4957575500011444,8.4470578087803e-08
4.0,2.1734066009521484,-0.4957575500011444,8.4470578087803e-08
4.0,2.1815288066864014,-0.4231940805912018,8.396590800430204e-08
4.0,2.189626932144165,-0.4231940805912018,8.396590800430204e-08
4.0,2.197740316390991,-0.4231940805912018,8.346425062200069e-08
4.0,2.205857276916504,-0.13851988315582275,8.346425062200069e-08
4.0,2.213956594467163,-0.13851988315582275,8.29655846246169e-08
4.0,2.222052574157715,-0.059071894735097885,8.29655846246169e-08
4.0,2.2301530838012695,-0.059071894735097885,8.246992422300536e-08
4.0,2.238241672515869,-0.059071894735097885,8.246992422300536e-08
4.0,2.2463431358337402,-0.2814551889896393,8.197725520631138e-08
4.0,2.254467248916626,-0.2814551889896393,8.197725520631138e-08
4.0,2.2645676136016846,-0.4494565427303314,8.148752073111609e-08
4.0,2.2727367877960205,-0.4494565427303314,8.148752073111609e-08
4.0,2.2808451652526855,-0.4494565427303314,8.100070658656477e-08
4.0,2.288966178894043,-0.49829307198524475,8.100070658656477e-08
4.0,2.2971153259277344,-0.49829307198524475,8.051682698351215e-08
4.0,2.305262327194214,-0.5717688798904419,8.051682698351215e-08
4.0,2.313420057296753,-0.5717688798904419,8.003586771110349e-08
4.0,2.32153582572937,-0.5717688798904419,8.003586771110349e-08
4.0,2.3296525478363037,-0.7484413981437683,7.955778613677467e-08
4.0,2.3377654552459717,-0.7484413981437683,7.955778613677467e-08
4.0,2.3459043502807617,-0.9314557313919067,7.908255383881624e-08
4.0,2.3540546894073486,-0.9314557313919067,7.908255383881624e-08
4.0,2.3621737957000732,-0.8249711990356445,7.861017792265557e-08
4.0,2.370288133621216,-0.8249711990356445,7.861017792265557e-08
4.0,2.3784008026123047,-0.8249711990356445,7.814062286115586e-08
4.0,2.3865416049957275,-0.5525858998298645,7.814062286115586e-08
4.0,2.394657611846924,-0.5525858998298645,7.767388154888977e-08
4.0,2.4027953147888184,-0.4981909692287445,7.767388154888977e-08
4.0,2.4109253883361816,-0.4981909692287445,7.720993977500257e-08
4.0,2.4190707206726074,-0.4981909692287445,7.720993977500257e-08
4.0,2.4271926879882812,-0.4516257345676422,7.674877622321219e-08
4.0,2.4353036880493164,-0.4516257345676422,7.674877622321219e-08
4.0,2.443453788757324,-0.2850589454174042,7.629038378809128e-08
4.0,2.4515743255615234,-0.2850589454174042,7.629038378809128e-08
4.0,2.459676504135132,-0.2850589454174042,7.583474115335775e-08
4.0,2.4678151607513428,-0.06445206701755524,7.583474115335775e-08
4.0,2.475977897644043,-0.06445206701755524,7.53818198973022e-08
4.0,2.4841108322143555,-0.13398109376430511,7.53818198973022e-08
4.0,2.492236614227295,-0.13398109376430511,7.493162712535195e-08
4.0,2.5003397464752197,-0.13398109376430511,7.493162712535195e-08
4.0,2.508450746536255,-0.417165607213974,7.448412731037024e-08
4.0,2.5165672302246094,-0.417165607213974,7.448412731037024e-08
4.0,2.524679183959961,-0.49570518732070923,7.403932045235706e-08
4.0,2.5327939987182617,-0.49570518732070923,7.403932045235706e-08
4.0,2.540905714035034,-0.49570518732070923,7.359717102417562e-08
4.0,2.5490329265594482,-0.5319899320602417,7.359717102417562e-08
4.0,2.557152032852173,-0.5319899320602417,7.315766481497121e-08
4.0,2.5652735233306885,-0.6747050881385803,7.315766481497121e-08
4.0,2.57346510887146,-0.6747050881385803,7.272080182474383e-08
4.0,2.581601858139038,-0.6747050881385803,7.272080182474383e-08
4.0,2.5897650718688965,-0.9233758449554443,7.228655363178405e-08
4.0,2.597883462905884,-0.9233758449554443,7.228655363178405e-08
4.0,2.605980157852173,-0.886296808719635,7.185489181438243e-08
4.0,2.614086866378784,-0.886296808719635,7.185489181438243e-08
4.0,2.6221988201141357,-0.886296808719635,7.142580926711162e-08
4.0,2.630316734313965,-0.7062544226646423,7.142580926711162e-08
4.0,2.638457775115967,-0.7062544226646423,7.099929888454426e-08
4.0,2.6465752124786377,-0.5073584318161011,7.099929888454426e-08
4.0,2.654690980911255,-0.5073584318161011,7.057538198296243e-08
4.0,2.6628096103668213,-0.5073584318161011,7.057538198296243e-08
4.0,2.670924663543701,-0.4970678687095642,7.015400171894726e-08
4.0,2.67905855178833,-0.4970678687095642,6.97351154599346e-08
4.0,2.6871819496154785,-0.3614029288291931,6.97351154599346e-08
4.0,2.695279359817505,-0.3614029288291931,6.97351154599346e-08
4.0,2.7033956050872803,-0.3614029288291931,6.931872320592447e-08
4.0,2.711529016494751,-0.16167548298835754,6.931872320592447e-08
4.0,2.7196428775787354,-0.16167548298835754,6.8904867589481e-08
4.0,2.7277793884277344,-0.08151307702064514,6.849349176718533e-08
4.0,2.735917806625366,-0.08151307702064514,6.849349176718533e-08
4.0,2.7440431118011475,-0.08151307702064514,6.849349176718533e-08
4.0,2.7521727085113525,-0.2527247369289398,6.808455310647332e-08
4.0,2.760272979736328,-0.2527247369289398,6.767805160734497e-08
4.0,2.7683956623077393,-0.4808219075202942,6.767805160734497e-08
4.0,2.7765629291534424,-0.4808219075202942,6.727403700779178e-08
4.0,2.7846970558166504,-0.4992506802082062,6.727403700779178e-08
4.0,2.7928566932678223,-0.4992506802082062,6.687240272640338e-08
4.0,2.8010575771331787,-0.4992506802082062,6.687240272640338e-08
4.0,2.8091893196105957,-0.6052182912826538,6.647317007946185e-08
4.0,2.817335367202759,-0.6052182912826538,6.647317007946185e-08
4.0,2.825469970703125,-0.7979918718338013,6.607636748867662e-08
4.0,2.833603620529175,-0.7979918718338013,6.607636748867662e-08
4.0,2.8417911529541016,-0.7979918718338013,6.568188837263733e-08
4.0,2.8499021530151367,-0.931252658367157,6.568188837263733e-08
4.0,2.858011484146118,-0.931252658367157,6.528981799647227e-08
4.0,2.866122245788574,-0.7808429598808289,6.528981799647227e-08
4.0,2.8742406368255615,-0.7808429598808289,6.490007109505314e-08
4.0,2.8823487758636475,-0.7808429598808289,6.490007109505314e-08
4.0,2.890467405319214,-0.5299551486968994,6.45126547738073e-08
4.0,2.898582696914673,-0.5299551486968994,6.45126547738073e-08
4.0,2.906700611114502,-0.4983040392398834,6.412757613816211e-08
4.0,2.914841651916504,-0.4983040392398834,6.412757613816211e-08
4.0,2.922968864440918,-0.4983040392398834,6.374477123927136e-08
4.0,2.931072473526001,-0.422232985496521,6.374477123927136e-08
4.0,2.939174175262451,-0.422232985496521,6.33642969205539e-08
4.0,2.9472758769989014,-0.2432243376970291,6.33642969205539e-08
4.0,2.9553935527801514,-0.2432243376970291,6.298605370602672e-08
4.0,2.9635062217712402,-0.2432243376970291,6.298605370602672e-08
4.0,2.971611976623535,-0.060541778802871704,6.261012686081813e-08
4.0,2.979722023010254,-0.060541778802871704,6.261012686081813e-08
4.0,2.9878182411193848,-0.17521637678146362,6.223640980351774e-08
4.0,2.9959380626678467,-0.17521637678146362,6.223640980351774e-08
4.0,3.0040395259857178,-0.17521637678146362,6.186495937754444e-08
4.0,3.0121498107910156,-0.3754191994667053,6.186495937754444e-08
4.0,3.020280361175537,-0.3754191994667053,6.149571873947934e-08
4.0,3.028444766998291,-0.4988941252231598,6.149571873947934e-08
4.0,3.036571502685547,-0.4988941252231598,6.112867367846775e-08
4.0,3.0446853637695312,-0.5115309953689575,6.112867367846775e-08
4.0,3.0528016090393066,-0.5115309953689575,6.076385972164644e-08
4.0,3.0609540939331055,-0.5115309953689575,6.076385972164644e-08
4.0,3.0691139698028564,-0.7218252420425415,6.040117028760505e-08
4.0,3.0772294998168945,-0.7218252420425415,6.040117028760505e-08
4.0,3.085333824157715,-0.8989242911338806,6.004072616860867e-08
4.0,3.093472719192505,-0.8989242911338806,6.004072616860867e-08
4.0,3.1015939712524414,-0.8989242911338806,5.968239946696485e-08
4.0,3.109708070755005,-0.8513871431350708,5.968239946696485e-08
4.0,3.1178390979766846,-0.8513871431350708,5.932622215709671e-08
4.0,3.125953197479248,-0.6593989133834839,5.932622215709671e-08
4.0,3.1340794563293457,-0.6593989133834839,5.8972176475435845e-08
4.0,3.1422276496887207,-0.6593989133834839,5.8972176475435845e-08
4.0,3.1503896713256836,-0.5016078352928162,5.862024465841387e-08
4.0,3.1585464477539062,-0.5016078352928162,5.862024465841387e-08
4.0,3.1666672229766846,-0.49315470457077026,5.827043381145813e-08
4.0,3.1747875213623047,-0.49315470457077026,5.827043381145813e-08
4.0,3.1829233169555664,-0.49315470457077026,5.79227013020045e-08
4.0,3.191044807434082,-0.3150426149368286,5.79227013020045e-08
4.0,3.199158191680908,-0.3150426149368286,5.7577061340907676e-08
4.0,3.2072808742523193,-0.12739406526088715,5.7577061340907676e-08
4.0,3.215386152267456,-0.12739406526088715,5.723347840103088e-08
4.0,3.2234463691711426,-0.12739406526088715,5.689195603508779e-08
4.0,3.2315659523010254,-0.11927493661642075,5.689195603508779e-08
4.0,3.239719867706299,-0.11927493661642075,5.689195603508779e-08
4.0,3.247858762741089,-0.3012143671512604,5.6552472926796327e-08
4.0,3.2559940814971924,-0.3012143671512604,5.62150290761565e-08
4.0,3.264127731323242,-0.3012143671512604,5.62150290761565e-08
4.0,3.2722556591033936,-0.4971672594547272,5.587959606145887e-08
4.0,3.2803730964660645,-0.4971672594547272,5.587959606145887e-08
4.0,3.2885148525238037,-0.5064690709114075,5.554618454084448e-08
4.0,3.296637773513794,-0.5064690709114075,5.554618454084448e-08
4.0,3.3047800064086914,-0.5064690709114075,5.52147483290355e-08
4.0,3.3129589557647705,-0.642657458782196,5.52147483290355e-08
4.0,3.321091413497925,-0.642657458782196,5.488530518960033e-08
4.0,3.3292429447174072,-0.8408511281013489,5.488530518960033e-08
4.0,3.3373639583587646,-0.8408511281013489,5.4557837358970573e-08
4.0,3.345628023147583,-0.8408511281013489,5.4557837358970573e-08
4.0,3.3538637161254883,-0.9116293787956238,5.42323164154368e-08
4.0,3.3620574474334717,-0.9116293787956238,5.42323164154368e-08
4.0,3.370229959487915,-0.7306301593780518,5.3908745911712685e-08
4.0,3.378396987915039,-0.7306301593780518,5.3908745911712685e-08
4.0,3.3865807056427,-0.5603660941123962,5.3587122295084555e-08
4.0,3.394721508026123,-0.5603660941123962,5.3587122295084555e-08
4.0,3.40283465385437,-0.5603660941123962,5.32674135911293e-08
4.0,3.410949468612671,-0.4990227520465851,5.32674135911293e-08
4.0,3.419050455093384,-0.4990227520465851,5.2949616247133235e-08
4.0,3.4273860454559326,-0.4990227520465851,5.2949616247133235e-08
4.0,3.4356679916381836,-0.45909103751182556,5.2633712499527974e-08
4.0,3.4439029693603516,-0.45909103751182556,5.2633712499527974e-08
4.0,3.45200777053833,-0.18310102820396423,5.231970945374087e-08
4.0,3.4601147174835205,-0.18310102820396423,5.231970945374087e-08
4.0,3.4682304859161377,-0.06900416314601898,5.200758934620353e-08
4.0,3.476341485977173,-0.06900416314601898,5.200758934620353e-08
4.0,3.4844465255737305,-0.06900416314601898,5.169733086063388e-08
4.0,3.4925384521484375,-0.24620544910430908,5.169733086063388e-08
4.0,3.500629425048828,-0.24620544910430908,5.138892689160457e-08
4.0,3.5087227821350098,-0.421016126871109,5.138892689160457e-08
4.0,3.5168261528015137,-0.421016126871109,5.108236678097455e-08
4.0,3.5249321460723877,-0.421016126871109,5.108236678097455e-08
4.0,3.5330305099487305,-0.5027303695678711,5.0777643423316476e-08
4.0,3.541126012802124,-0.5027303695678711,5.0777643423316476e-08
4.0,3.5492568016052246,-0.5350155830383301,5.0474739055061946e-08
4.0,3.55745005607605,-0.5350155830383301,5.0474739055061946e-08
4.0,3.5656168460845947,-0.5350155830383301,5.01736465707836e-08
4.0,3.5737876892089844,-0.7741906046867371,5.01736465707836e-08
4.0,3.5822501182556152,-0.7741906046867371,4.9874351759626734e-08
4.0,3.590437173843384,-0.92411208152771,4.9874351759626734e-08
4.0,3.5985758304595947,-0.92411208152771,4.957684751616398e-08
4.0,3.606713056564331,-0.7948580980300903,4.957684751616398e-08
4.0,3.6148321628570557,-0.7948580980300903,4.9281123182254305e-08
4.0,3.6229820251464844,-0.7948580980300903,4.9281123182254305e-08
4.0,3.631222724914551,-0.600972056388855,4.8987164547042994e-08
4.0,3.6393775939941406,-0.600972056388855,4.8987164547042994e-08
4.0,3.6475167274475098,-0.600972056388855,4.869497161053005e-08
4.0,3.6556336879730225,-0.5046572089195251,4.869497161053005e-08
4.0,3.663766622543335,-0.5046572089195251,4.840453016186075e-08
4.0,3.6719045639038086,-0.4853462278842926,4.840453016186075e-08
4.0,3.6800215244293213,-0.4853462278842926,4.8115818884753025e-08
4.0,3.6881425380706787,-0.249923437833786,4.8115818884753025e-08
4.0,3.696288824081421,-0.249923437833786,4.782883067377952e-08
4.0,3.704421043395996,-0.249923437833786,4.782883067377952e-08
4.0,3.712571620941162,-0.08241690695285797,4.754354776537184e-08
4.0,3.7207140922546387,-0.08241690695285797,4.754354776537184e-08
4.0,3.7288739681243896,-0.17263121902942657,4.725998792309838e-08
4.0,3.7370076179504395,-0.17263121902942657,4.725998792309838e-08
4.0,3.745227813720703,-0.17263121902942657,4.6978122725249705e-08
4.0,3.7533555030822754,-0.3650220036506653,4.6978122725249705e-08
4.0,3.761507511138916,-0.3650220036506653,4.6697930855543746e-08
4.0,3.7696239948272705,-0.49890267848968506,4.6697930855543746e-08
4.0,3.777780771255493,-0.49890267848968506,4.641941941940786e-08
4.0,3.78602933883667,-0.49890267848968506,4.6142584864128366e-08
4.0,3.794172763824463,-0.5097113847732544,4.6142584864128366e-08
4.0,3.8023157119750977,-0.5097113847732544,4.6142584864128366e-08
4.0,3.810472249984741,-0.6151372194290161,4.58673881098548e-08
4.0,3.818624258041382,-0.6151372194290161,4.559384336744188e-08
4.0,3.8272202014923096,-0.6151372194290161,4.559384336744188e-08
4.0,3.8353350162506104,-0.9010334014892578,4.532193642603488e-08
4.0,3.843451976776123,-0.9010334014892578,4.532193642603488e-08
4.0,3.8516016006469727,-0.9239591956138611,4.505164241663806e-08
4.0,3.859724283218384,-0.9239591956138611,4.505164241663806e-08
4.0,3.8685483932495117,-0.9239591956138611,4.4782986208247166e-08
4.0,3.8767194747924805,-0.6571803092956543,4.4782986208247166e-08
4.0,3.884819984436035,-0.6571803092956543,4.451590740472966e-08
4.0,3.892937421798706,-0.5273087024688721,4.451590740472966e-08
4.0,3.901090621948242,-0.5273087024688721,4.4250455744077044e-08
4.0,3.909219264984131,-0.5273087024688721,4.4250455744077044e-08
4.0,3.9173669815063477,-0.499118447303772,4.398656017201574e-08
4.0,3.925441026687622,-0.499118447303772,4.398656017201574e-08
4.0,3.9335267543792725,-0.40053027868270874,4.37242633211099e-08
4.0,3.9416162967681885,-0.40053027868270874,4.37242633211099e-08
4.0,3.949716091156006,-0.11710871756076813,4.34635190060817e-08
4.0,3.957836627960205,-0.11710871756076813,4.34635190060817e-08
4.0,3.9659440517425537,-0.11710871756076813,4.320434499049952e-08
4.0,3.974058151245117,-0.06464749574661255,4.320434499049952e-08
4.0,3.9821865558624268,-0.06464749574661255,4.2946716405367624e-08
4.0,3.990291118621826,-0.31592825055122375,4.2946716405367624e-08
4.0,3.9983882904052734,-0.31592825055122375,4.2690608381690254e-08
4.0,4.006449222564697,-0.31592825055122375,4.2690608381690254e-08
4.0,4.014559507369995,-0.4697256088256836,4.2436059999317877e-08
4.0,4.022676229476929,-0.4697256088256836,4.2436059999317877e-08
4.0,4.030785322189331,-0.5020418763160706,4.218301796754531e-08
4.0,4.038907766342163,-0.5020418763160706,4.218301796754531e-08
4.0,4.04703164100647,-0.5020418763160706,4.193148228637256e-08
4.0,4.055133581161499,-0.568003237247467,4.193148228637256e-08
4.0,4.063226222991943,-0.568003237247467,4.168147071936801e-08
4.0,4.071331262588501,-0.8460862040519714,4.168147071936801e-08
4.0,4.079469919204712,-0.8460862040519714,4.143294063396752e-08
4.0,4.0875937938690186,-0.8460862040519714,4.143294063396752e-08
4.0,4.095705509185791,-0.9337877035140991,4.118588847745741e-08
4.0,4.103830099105835,-0.9337877035140991,4.118588847745741e-08
4.0,4.11195707321167,-0.7307162880897522,4.094031780255136e-08
4.0,4.120108366012573,-0.7307162880897522,4.094031780255136e-08
4.0,4.12821102142334,-0.7307162880897522,4.0696228609249374e-08
4.0,4.136305570602417,-0.5579384565353394,4.0696228609249374e-08
4.0,4.144408941268921,-0.5579384565353394,4.0453588923128336e-08
4.0,4.15256142616272,-0.5013706088066101,4.0453588923128336e-08
4.0,4.160675525665283,-0.5013706088066101,4.021239519147457e-08
4.0,4.168785333633423,-0.5013706088066101,4.021239519147457e-08
4.0,4.176893711090088,-0.45646050572395325,3.997263675614704e-08
4.0,4.184996604919434,-0.45646050572395325,3.997263675614704e-08
4.0,4.1930882930755615,-0.29026395082473755,3.9734310064432066e-08
4.0,4.201191663742065,-0.29026395082473755,3.9734310064432066e-08
4.0,4.209282636642456,-0.29026395082473755,3.9497422221757006e-08
4.0,4.217384576797485,-0.0662510097026825,3.9497422221757006e-08
4.0,4.225452899932861,-0.0662510097026825,3.926194835912611e-08
4.0,4.233566761016846,-0.13132144510746002,3.926194835912611e-08
4.0,4.241688013076782,-0.13132144510746002,3.902787781839834e-08
4.0,4.249830961227417,-0.13132144510746002,3.8795203494146335e-08
4.0,4.257981538772583,-0.4194042682647705,3.8795203494146335e-08
4.0,4.266116380691528,-0.4194042682647705,3.8795203494146335e-08
4.0,4.274240493774414,-0.5013344287872314,3.856392183365642e-08
4.0,4.282464265823364,-0.5013344287872314,3.856392183365642e-08
4.0,4.290614604949951,-0.5013344287872314,3.8334018626073885e-08
4.0,4.298776626586914,-0.530582845211029,3.810549031868504e-08
4.0,4.306900262832642,-0.530582845211029,3.810549031868504e-08
4.0,4.315041780471802,-0.6684309840202332,3.787832270063518e-08
4.0,4.323173761367798,-0.6684309840202332,3.787832270063518e-08
4.0,4.331296443939209,-0.6684309840202332,3.765251932463798e-08
4.0,4.339416027069092,-0.9254897236824036,3.765251932463798e-08
4.0,4.347542762756348,-0.9254897236824036,3.742805887441136e-08
4.0,4.355712890625,-0.8926746249198914,3.742805887441136e-08
4.0,4.363851070404053,-0.8926746249198914,3.7204937797241655e-08
4.0,4.371994972229004,-0.6128388047218323,3.7204937797241655e-08
4.0,4.380127668380737,-0.6128388047218323,3.6983152540415176e-08
4.0,4.388365268707275,-0.6128388047218323,3.6983152540415176e-08
4.0,4.3965840339660645,-0.5155752301216125,3.676268889307721e-08
4.0,4.404706954956055,-0.5155752301216125,3.676268889307721e-08
4.0,4.412822246551514,-0.4881475567817688,3.6543536197086723e-08
4.0,4.420928478240967,-0.4881475567817688,3.6543536197086723e-08
4.0,4.429053544998169,-0.4881475567817688,3.632570511058475e-08
4.0,4.437221050262451,-0.36387139558792114,3.632570511058475e-08
4.0,4.445324659347534,-0.36387139558792114,3.6109177870002895e-08
4.0,4.453420162200928,-0.08759018033742905,3.6109177870002895e-08
4.0,4.4615278244018555,-0.08759018033742905,3.5893940264486446e-08
4.0,4.469636678695679,-0.08759018033742905,3.5893940264486446e-08
4.0,4.477756977081299,-0.09068955481052399,3.567998518860804e-08
4.0,4.485848903656006,-0.09068955481052399,3.567998518860804e-08
4.0,4.493941068649292,-0.35800182819366455,3.546730198422665e-08
4.0,4.5020411014556885,-0.35800182819366455,3.546730198422665e-08
4.0,4.5101635456085205,-0.35800182819366455,3.5255879993201233e-08
4.0,4.518290042877197,-0.481307715177536,3.5255879993201233e-08
4.0,4.52640175819397,-0.481307715177536,3.50457511899549e-08
4.0,4.53450345993042,-0.5070623159408569,3.50457511899549e-08
4.0,4.54260778427124,-0.5070623159408569,3.4836865836496145e-08
4.0,4.550726413726807,-0.5070623159408569,3.4836865836496145e-08
4.0,4.558841705322266,-0.601260244846344,3.462922038011129e-08
4.0,4.56696343421936,-0.601260244846344,3.462922038011129e-08
4.0,4.5750744342803955,-0.7967236042022705,3.4422804162659304e-08
4.0,4.583176612854004,-0.7967236042022705,3.4422804162659304e-08
4.0,4.5912885665893555,-0.7967236042022705,3.421764915856329e-08
4.0,4.599398374557495,-0.9331557154655457,3.421764915856329e-08
4.0,4.60750412940979,-0.9331557154655457,3.401370562983175e-08
4.0,4.615644216537476,-0.7860170602798462,3.401370562983175e-08
4.0,4.6237592697143555,-0.7860170602798462,3.381095581289628e-08
4.0,4.6318652629852295,-0.5392758250236511,3.381095581289628e-08
4.0,4.63995885848999,-0.5392758250236511,3.3609452998462075e-08
4.0,4.648073196411133,-0.5392758250236511,3.3609452998462075e-08
4.0,4.6561970710754395,-0.5074263215065002,3.3409140343110266e-08
4.0,4.664315700531006,-0.5074263215065002,3.3409140343110266e-08
4.0,4.672410249710083,-0.4280170798301697,3.321000718869982e-08
4.0,4.680525064468384,-0.4280170798301697,3.321000718869982e-08
4.0,4.6886208057403564,-0.4280170798301697,3.30120926150812e-08
4.0,4.696720838546753,-0.245384082198143,3.30120926150812e-08
4.0,4.704806089401245,-0.245384082198143,3.281533267340819e-08
4.0,4.712908744812012,-0.0629049763083458,3.281533267340819e-08
4.0,4.721028566360474,-0.0629049763083458,3.261976644353126e-08
4.0,4.729140758514404,-0.0629049763083458,3.261976644353126e-08
4.0,4.737258672714233,-0.1755957007408142,3.24253619510273e-08
4.0,4.7453882694244385,-0.1755957007408142,3.24253619510273e-08
4.0,4.753546714782715,-0.1755957007408142,3.2232112090468945e-08
4.0,4.761702537536621,-0.4481133222579956,3.2232112090468945e-08
4.0,4.769837379455566,-0.4481133222579956,3.204002751999724e-08
4.0,4.777951002120972,-0.5002524256706238,3.204002751999724e-08
4.0,4.786051273345947,-0.5002524256706238,3.184907271247539e-08
4.0,4.794152736663818,-0.5002524256706238,3.184907271247539e-08
4.0,4.802252531051636,-0.5491766333580017,3.165927964232651e-08
4.0,4.810392141342163,-0.5491766333580017,3.165927964232651e-08
4.0,4.818551063537598,-0.7143891453742981,3.1470598571559094e-08
4.0,4.826665163040161,-0.7143891453742981,3.128306147459625e-08
4.0,4.83476448059082,-0.7143891453742981,3.128306147459625e-08
4.0,4.842866659164429,-0.9407315850257874,3.128306147459625e-08
4.0,4.850980520248413,-0.9407315850257874,3.109662927158752e-08
4.0,4.859086990356445,-0.8617402911186218,3.109662927158752e-08
4.0,4.867218732833862,-0.8617402911186218,3.0911316173387604e-08
4.0,4.8753981590271,-0.8617402911186218,3.0911316173387604e-08
4.0,4.883549928665161,-0.5855163931846619,3.0727115074569156e-08
4.0,4.891695737838745,-0.5855163931846619,3.054399400070906e-08
4.0,4.899799823760986,-0.5110775232315063,3.054399400070906e-08
4.0,4.907939195632935,-0.5110775232315063,3.036199913708515e-08
4.0,4.91606068611145,-0.5110775232315063,3.036199913708515e-08
4.0,4.924176931381226,-0.47498783469200134,3.018105942942384e-08
4.0,4.932284355163574,-0.47498783469200134,3.018105942942384e-08
4.0,4.9404137134552,-0.3256557583808899,3.00012139575756e-08
4.0,4.948599338531494,-0.3256557583808899,3.00012139575756e-08
4.0,4.95672607421875,-0.07103446871042252,2.982244851068572e-08
4.0,4.964856863021851,-0.07103446871042252,2.982244851068572e-08
4.0,4.9729955196380615,-0.07103446871042252,2.964473466704476e-08
4.0,4.98113226890564,-0.1071435809135437,2.964473466704476e-08
4.0,4.9892542362213135,-0.1071435809135437,2.94680848611506e-08
4.0,4.997362852096558,-0.30140864849090576,2.94680848611506e-08
4.0,5.0054543018341064,-0.30140864849090576,2.9292497316646404e-08
4.0,5.013570547103882,-0.30140864849090576,2.9292497316646404e-08
4.0,5.021661281585693,-0.4921295940876007,2.9117950717250096e-08
4.0,5.029771327972412,-0.4921295940876007,2.9117950717250096e-08
4.0,5.037904739379883,-0.5063977837562561,2.8944450392032195e-08
4.0,5.046029567718506,-0.5063977837562561,2.8944450392032195e-08
4.0,5.054141283035278,-0.5063977837562561,2.8771983906494825e-08
4.0,5.062251806259155,-0.6430477499961853,2.8771983906494825e-08
4.0,5.070364475250244,-0.6430477499961853,2.8600545931567467e-08
4.0,5.078446865081787,-0.8355263471603394,2.8600545931567467e-08
4.0,5.086566209793091,-0.8355263471603394,2.8430131138179604e-08
4.0,5.094671964645386,-0.8355263471603394,2.8430131138179604e-08
4.0,5.102769136428833,-0.916938841342926,2.8260734197260717e-08
4.0,5.110905647277832,-0.916938841342926,2.8260734197260717e-08
4.0,5.119095802307129,-0.7419817447662354,2.809234622702661e-08
4.0,5.127232551574707,-0.7419817447662354,2.809234622702661e-08
4.0,5.135361671447754,-0.7419817447662354,2.7924967227477282e-08
4.0,5.143448114395142,-0.5188397169113159,2.7924967227477282e-08
4.0,5.15156364440918,-0.5188397169113159,2.775857943504434e-08
4.0,5.159680128097534,-0.5007513761520386,2.775857943504434e-08
4.0,5.167774677276611,-0.5007513761520386,2.759319350786882e-08
4.0,5.175880193710327,-0.39612656831741333,2.759319350786882e-08
4.0,5.184006690979004,-0.39612656831741333,2.7428791682382325e-08
4.0,5.192137241363525,-0.39612656831741333,2.7428791682382325e-08
4.0,5.200273513793945,-0.20731717348098755,2.7265365076800663e-08
4.0,5.208390951156616,-0.20731717348098755,2.7265365076800663e-08
4.0,5.21644401550293,-0.07192713767290115,2.710292079655119e-08
4.0,5.224542856216431,-0.07192713767290115,2.710292079655119e-08
4.0,5.232864141464233,-0.07192713767290115,2.6941444630779188e-08
4.0,5.241030693054199,-0.22043606638908386,2.6941444630779188e-08
4.0,5.24911642074585,-0.22043606638908386,2.6780929474057302e-08
4.0,5.2572081089019775,-0.467659056186676,2.6780929474057302e-08
4.0,5.265298366546631,-0.467659056186676,2.6621369997315014e-08
4.0,5.273388147354126,-0.467659056186676,2.6621369997315014e-08
4.0,5.281468629837036,-0.5010331869125366,2.6462764424195484e-08
4.0,5.289607286453247,-0.5010331869125366,2.6462764424195484e-08
4.0,5.2977516651153564,-0.5792664289474487,2.6305109201985033e-08
4.0,5.3058507442474365,-0.5792664289474487,2.6305109201985033e-08
4.0,5.313959121704102,-0.5792664289474487,2.6148395448899464e-08
4.0,5.322068214416504,-0.758283793926239,2.6148395448899464e-08
4.0,5.330187082290649,-0.758283793926239,2.599261250679774e-08
4.0,5.3383119106292725,-0.9346660375595093,2.599261250679774e-08
4.0,5.34648323059082,-0.9346660375595093,2.5837760375679864e-08
4.0,5.354631423950195,-0.9346660375595093,2.5837760375679864e-08
4.0,5.362760782241821,-0.8212884664535522,2.5683831950118474e-08
4.0,5.370859622955322,-0.8212884664535522,2.5683831950118474e-08
4.0,5.378964424133301,-0.5570253133773804,2.5530821901043055e-08
4.0,5.387132167816162,-0.5570253133773804,2.5530821901043055e-08
4.0,5.395291566848755,-0.5069723725318909,2.5378723123026248e-08
4.0,5.403390884399414,-0.5069723725318909,2.5378723123026248e-08
4.0,5.411446571350098,-0.5069723725318909,2.5227533839711214e-08
4.0,5.419543504714966,-0.45250341296195984,2.5077245169313755e-08
4.0,5.427675724029541,-0.45250341296195984,2.5077245169313755e-08
4.0,5.435862064361572,-0.28222420811653137,2.5077245169313755e-08
4.0,5.443964958190918,-0.28222420811653137,2.4927853559120194e-08
4.0,5.45207667350769,-0.28222420811653137,2.4779351903703173e-08
4.0,5.460195064544678,-0.1014067754149437,2.4779351903703173e-08
4.0,5.468313217163086,-0.1014067754149437,2.4631733097635333e-08
4.0,5.476458549499512,-0.1408737450838089,2.4631733097635333e-08
4.0,5.484583377838135,-0.1408737450838089,2.4484995364559836e-08
4.0,5.4926581382751465,-0.1408737450838089,2.4484995364559836e-08
4.0,5.500748157501221,-0.3385518491268158,2.4339136928119842e-08
4.0,5.508856773376465,-0.3385518491268158,2.4339136928119842e-08
4.0,5.516967296600342,-0.5018212795257568,2.4194150682887994e-08
4.0,5.525069952011108,-0.5018212795257568,2.4194150682887994e-08
4.0,5.533189296722412,-0.5018212795257568,2.4050029523436933e-08
4.0,5.541317462921143,-0.5132399797439575,2.4050029523436933e-08
4.0,5.549453258514404,-0.5132399797439575,2.3906762791625624e-08
4.0,5.557563066482544,-0.6744359135627747,2.3906762791625624e-08
4.0,5.565683126449585,-0.6744359135627747,2.3764348711097227e-08
4.0,5.573794364929199,-0.6744359135627747,2.3764348711097227e-08
4.0,5.581897020339966,-0.8726802468299866,2.362279261092226e-08
4.0,5.590024471282959,-0.8726802468299866,2.362279261092226e-08
4.0,5.598169565200806,-0.8895535469055176,2.348207850388917e-08
4.0,5.606283664703369,-0.8895535469055176,2.348207850388917e-08
4.0,5.614389896392822,-0.8895535469055176,2.3342197508213758e-08
4.0,5.622516393661499,-0.7008498311042786,2.3342197508213758e-08
4.0,5.630628347396851,-0.7008498311042786,2.320315850568022e-08
4.0,5.638772249221802,-0.5128116607666016,2.320315850568022e-08
4.0,5.646868944168091,-0.5128116607666016,2.3064947285433846e-08
4.0,5.654964923858643,-0.5128116607666016,2.3064947285433846e-08
4.0,5.663060903549194,-0.5003734230995178,2.2927553189333594e-08
4.0,5.671161413192749,-0.5003734230995178,2.2927553189333594e-08
4.0,5.679257869720459,-0.35521775484085083,2.279099042823418e-08
4.0,5.687358856201172,-0.35521775484085083,2.279099042823418e-08
4.0,5.695451736450195,-0.35521775484085083,2.2655234133139857e-08
4.0,5.703562021255493,-0.16457848250865936,2.2655234133139857e-08
4.0,5.711695671081543,-0.16457848250865936,2.2520287856764298e-08
4.0,5.71983003616333,-0.08392694592475891,2.2520287856764298e-08
4.0,5.727944612503052,-0.08392694592475891,2.2386149822750667e-08
4.0,5.736041784286499,-0.2577648460865021,2.2386149822750667e-08
4.0,5.744150400161743,-0.2577648460865021,2.2252807596601087e-08
4.0,5.752270460128784,-0.2577648460865021,2.2252807596601087e-08
4.0,5.760382652282715,-0.4834466874599457,2.2120264731029238e-08
4.0,5.7685160636901855,-0.4834466874599457,2.2120264731029238e-08
4.0,5.776654243469238,-0.5012900829315186,2.1988510567894082e-08
4.0,5.784794807434082,-0.5012900829315186,2.1988510567894082e-08
4.0,5.792927265167236,-0.5012900829315186,2.185754155448194e-08
4.0,5.8010618686676025,-0.6058473587036133,2.185754155448194e-08
4.0,5.80920672416687,-0.6058473587036133,2.1727355914435975e-08
4.0,5.817465305328369,-0.7999593019485474,2.1727355914435975e-08
4.0,5.8256049156188965,-0.7999593019485474,2.159793943690147e-08
4.0,5.83376669883728,-0.7999593019485474,2.159793943690147e-08
4.0,5.841886281967163,-0.9331256747245789,2.146930633273314e-08
4.0,5.850050210952759,-0.9331256747245789,2.146930633273314e-08
4.0,5.85820460319519,-0.7797051668167114,2.1341429956578395e-08
4.0,5.866337299346924,-0.7797051668167114,2.1341429956578395e-08
4.0,5.874454736709595,-0.7797051668167114,2.121431919022143e-08
4.0,5.882574081420898,-0.5306620001792908,2.121431919022143e-08
4.0,5.890718221664429,-0.5306620001792908,2.108797225730541e-08
4.0,5.898840665817261,-0.501070499420166,2.108797225730541e-08
4.0,5.906958818435669,-0.501070499420166,2.0962371394261936e-08
4.0,5.915072441101074,-0.47624820470809937,2.0962371394261936e-08
4.0,5.923185110092163,-0.47624820470809937,2.083751837744785e-08
4.0,5.9312825202941895,-0.47624820470809937,2.071342031229051e-08
4.0,5.939378499984741,-0.23474366962909698,2.071342031229051e-08
4.0,5.947450399398804,-0.23474366962909698,2.071342031229051e-08
4.0,5.955551624298096,-0.23474366962909698,2.059005765886468e-08
4.0,5.963686943054199,-0.0801464319229126,2.059005765886468e-08
4.0,5.9717888832092285,-0.0801464319229126,2.0467426864456684e-08
4.0,5.979885816574097,-0.17750884592533112,2.034552437635284e-08
4.0,5.9880051612854,-0.17750884592533112,2.034552437635284e-08
4.0,5.996131896972656,-0.38355401158332825,2.034552437635284e-08
