t,u,omega_radps,thro,m0_omega
4.76837158203125e-06,-0.7916509509086609,0.26141348481178284,0.5,894.96826171875
0.010152101516723633,-0.7916509509086609,0.26141348481178284,0.5,894.96826171875
0.020303964614868164,0.7193470001220703,-0.2866564095020294,0.5,1089.021240234375
0.0304410457611084,0.7193470001220703,0.1818545162677765,0.5,909.717041015625
0.04056143760681152,-0.033090099692344666,0.1818545162677765,0.5,909.717041015625
0.05069398880004883,-0.033090099692344666,-0.10149112343788147,0.5,1100.15380859375
0.060778141021728516,-0.5075310468673706,-0.10149112343788147,0.5,1100.15380859375
0.07089614868164062,-0.5075310468673706,-0.10629630088806152,0.5,912.462158203125
0.08101463317871094,0.6931153535842896,0.13219517469406128,0.5,1105.169189453125
0.09114313125610352,0.6931153535842896,0.13219517469406128,0.5,1105.169189453125
0.10127568244934082,-0.13789772987365723,-0.29000985622406006,0.5,929.577880859375
0.11139512062072754,-0.13789772987365723,0.2568754255771637,0.5,1118.3660888671875
0.12156343460083008,-0.34630483388900757,0.2568754255771637,0.5,1118.3660888671875
0.1317005157470703,-0.34630483388900757,-0.24371697008609772,0.5,900.5120239257812
0.1418008804321289,0.6107159852981567,0.22784782946109772,0.5,1111.61572265625
0.15194392204284668,0.6107159852981567,0.22784782946109772,0.5,1111.61572265625
0.16206979751586914,-0.6324118375778198,-0.3348948359489441,0.5,909.2080078125
0.17220473289489746,-0.6324118375778198,0.20517608523368835,0.5,1111.8397216796875
0.18231797218322754,0.08928725123405457,0.20517608523368835,0.5,1111.8397216796875
0.1924436092376709,0.08928725123405457,-0.44006237387657166,0.5,920.8861083984375
0.20256757736206055,0.34981340169906616,-0.44006237387657166,0.5,920.8861083984375
0.21277427673339844,0.34981340169906616,0.11694391071796417,0.5,1115.8975830078125
0.22291016578674316,-0.7345523834228516,-0.3973864018917084,0.5,887.7958984375
0.23302054405212402,-0.7345523834228516,-0.3973864018917084,0.5,887.7958984375
0.24313807487487793,0.7856273651123047,-0.19089478254318237,0.5,1106.8525390625
0.2532651424407959,0.7856273651123047,-0.08555202186107635,0.5,889.3429565429688
0.2633814811706543,-0.6570941209793091,-0.08555202186107635,0.5,889.3429565429688
0.27349185943603516,-0.6570941209793091,-0.5185834169387817,0.5,1084.6888427734375
0.28360724449157715,0.03680604696273804,-0.5185834169387817,0.5,1084.6888427734375
0.2937204837799072,0.03680604696273804,0.10962976515293121,0.5,910.8785400390625
0.30379676818847656,0.24416406452655792,-0.8108479976654053,0.5,1071.2928466796875
0.3139183521270752,0.24416406452655792,-0.8108479976654053,0.5,1071.2928466796875
0.32402896881103516,-0.6918132305145264,0.26223689317703247,0.5,946.4868774414062
0.3341329097747803,-0.6918132305145264,-1.1778600215911865,0.5,1026.2877197265625
0.34422898292541504,0.8836860656738281,-1.1778600215911865,0.5,1026.2877197265625
0.35437774658203125,0.8836860656738281,0.5228366851806641,0.5,1007.4202880859375
0.36449670791625977,-0.8591878414154053,0.5228366851806641,0.5,1007.4202880859375
0.3745996952056885,-0.8591878414154053,-1.15707528591156,0.5,992.4996337890625
0.3847169876098633,0.5424046516418457,0.5145633816719055,0.5,1038.880126953125
0.3948545455932617,0.5424046516418457,0.5145633816719055,0.5,1038.880126953125
0.4049537181854248,0.10364814102649689,-1.046746850013733,0.5,970.2222290039062
0.4150674343109131,0.10364814102649689,0.44743937253952026,0.5,1071.4334716796875
0.4252173900604248,-0.48786044120788574,0.44743937253952026,0.5,1071.4334716796875
0.4353663921356201,-0.48786044120788574,-1.0148048400878906,0.5,949.76220703125
0.44547224044799805,0.7119128704071045,0.5081248879432678,0.5,1092.20458984375
0.4555678367614746,0.7119128704071045,0.5081248879432678,0.5,1092.20458984375
0.46584486961364746,-0.856738805770874,-0.7014278173446655,0.5,914.6744995117188
0.4759979248046875,-0.856738805770874,-0.7014278173446655,0.5,914.6744995117188
0.486102819442749,0.5073830485343933,0.40494585037231445,0.5,1104.0595703125
0.4962148666381836,0.5073830485343933,-0.549517810344696,0.5,893.1238403320312
0.5063443183898926,0.08554849028587341,-0.549517810344696,0.5,893.1238403320312
0.5164651870727539,0.08554849028587341,0.22658589482307434,0.5,1108.0382080078125
0.5265674591064453,-0.37305620312690735,-0.30625462532043457,0.5,871.74609375
0.5366775989532471,-0.37305620312690735,-0.30625462532043457,0.5,871.74609375
0.5467808246612549,0.7569561004638672,-0.04516535624861717,0.5,1097.52880859375
0.5568826198577881,0.7569561004638672,0.1907002031803131,0.5,890.9577026367188
0.5669972896575928,-0.8436941504478455,0.1907002031803131,0.5,890.9577026367188
0.5771162509918213,0.9378125667572021,-0.5765339732170105,0.5,1056.2269287109375
0.5872354507446289,0.9378125667572021,-0.5765339732170105,0.5,1056.2269287109375
0.5973515510559082,0.9378125667572021,0.8220450282096863,0.5,948.268310546875
0.607466459274292,-0.7834256887435913,-0.7364057302474976,0.5,1020.0869140625
0.617577075958252,0.13393519818782806,-0.7364057302474976,0.5,1020.0869140625
0.6278340816497803,0.13393519818782806,0.6294106841087341,0.5,984.7528076171875
0.6379992961883545,0.46831148862838745,0.6294106841087341,0.5,984.7528076171875
0.6481282711029053,0.46831148862838745,-0.6119289994239807,0.5,1039.113037109375
0.6582417488098145,-0.6671848893165588,0.5394067764282227,0.5,979.585205078125
0.6683731079101562,-0.6671848893165588,0.5394067764282227,0.5,979.585205078125
0.6785061359405518,0.5785364508628845,-0.7016507387161255,0.5,1036.502685546875
0.6886258125305176,0.5785364508628845,0.7278205752372742,0.5,990.6835327148438
0.6987974643707275,0.03466913104057312,0.7278205752372742,0.5,990.6835327148438
0.7089297771453857,0.03466913104057312,-0.826214611530304,0.5,1009.59765625
0.7190907001495361,-0.23154860734939575,0.8946700692176819,0.5,1024.751708984375
0.7292141914367676,-0.23154860734939575,0.8946700692176819,0.5,1024.751708984375
0.7393436431884766,0.5620764493942261,-0.9202786684036255,0.5,956.4532470703125
0.7495169639587402,0.5620764493942261,0.9552289843559265,0.5,1083.54296875
0.759666919708252,-0.8763726353645325,0.9552289843559265,0.5,1083.54296875
0.7697994709014893,-0.8763726353645325,-0.5760160088539124,0.5,889.6506958007812
0.7799487113952637,0.8284679055213928,-0.5760160088539124,0.5,889.6506958007812
0.7900896072387695,0.8284679055213928,0.6339758634567261,0.5,1102.7374267578125
0.8002197742462158,-0.6642168760299683,-0.2219095081090927,0.5,865.0476684570312
0.8103291988372803,-0.6642168760299683,-0.2219095081090927,0.5,865.0476684570312
0.820446252822876,-0.04259568452835083,0.44780924916267395,0.5,1099.163330078125
0.830585241317749,-0.04259568452835083,-0.04485946148633957,0.5,861.6852416992188
0.8407080173492432,0.39445650577545166,-0.04485946148633957,0.5,861.6852416992188
0.850792407989502,0.39445650577545166,0.10190798342227936,0.5,1085.443115234375
0.860926628112793,-0.6208114624023438,0.10190798342227936,0.5,1085.443115234375
0.8710618019104004,-0.6208114624023438,0.6116887927055359,0.5,902.7242431640625
0.8811886310577393,0.8001742959022522,-0.4763493537902832,0.5,1027.1107177734375
0.8913426399230957,0.8001742959022522,-0.4763493537902832,0.5,1027.1107177734375
0.901477575302124,-0.9585770964622498,1.3106615543365479,0.5,980.8085327148438
0.9115996360778809,-0.9585770964622498,-0.8047273755073547,0.5,946.2833251953125
0.9217729568481445,1.0,-0.8047273755073547,0.5,946.2833251953125
0.9318959712982178,1.0,1.210564136505127,0.5,1062.0521240234375
0.9420299530029297,-0.830089807510376,-0.4943695366382599,0.5,880.7147216796875
0.9521510601043701,-0.830089807510376,-0.4943695366382599,0.5,880.7147216796875
0.9622740745544434,0.43224501609802246,0.9116697907447815,0.5,1107.423583984375
0.9723985195159912,0.43224501609802246,0.095365971326828,0.5,839.7434692382812
0.9824979305267334,-0.15047864615917206,0.095365971326828,0.5,839.7434692382812
0.9926149845123291,-0.15047864615917206,0.33838969469070435,0.5,1076.44189453125
1.0027449131011963,-0.23724864423274994,0.33838969469070435,0.5,1076.44189453125
1.0128698348999023,-0.23724864423274994,0.6417511701583862,0.5,888.7647094726562
1.022979497909546,0.4960029423236847,-0.38928768038749695,0.5,1030.966796875
1.0330963134765625,0.4960029423236847,-0.38928768038749695,0.5,1030.966796875
1.0432169437408447,-0.6732950210571289,1.095612645149231,0.5,961.5262451171875
1.053349256515503,-0.6732950210571289,1.095612645149231,0.5,961.5262451171875
1.0635204315185547,0.8023434281349182,-0.6497843861579895,0.5,991.85498046875
1.0736548900604248,0.8023434281349182,1.0991085767745972,0.5,1013.1023559570312
1.0837664604187012,-0.8435116410255432,1.0991085767745972,0.5,1013.1023559570312
1.093864917755127,-0.8435116410255432,-0.6658170223236084,0.5,976.2485961914062
1.1039800643920898,0.6189507246017456,0.9214619994163513,0.5,1044.1123046875
1.1141307353973389,0.6189507246017456,0.9214619994163513,0.5,1044.1123046875
1.124232530593872,0.20494326949119568,-0.7261888384819031,0.5,959.8412475585938
1.1343328952789307,0.20494326949119568,0.9805396795272827,0.5,1062.43359375
1.1444463729858398,-0.5828713178634644,0.9805396795272827,0.5,1062.43359375
1.1545581817626953,-0.5828713178634644,-0.7595309019088745,0.5,897.2254028320312
1.1646728515625,0.7417171001434326,-0.7595309019088745,0.5,897.2254028320312
1.1747817993164062,0.7417171001434326,0.8036994338035583,0.5,1080.173828125
1.1849069595336914,-0.9243445992469788,-0.5395886301994324,0.5,867.3995971679688
1.1950352191925049,-0.9243445992469788,-0.5395886301994324,0.5,867.3995971679688
1.205146312713623,0.6270342469215393,0.39865973591804504,0.5,1100.9805908203125
1.215278148651123,0.6270342469215393,-0.2807004153728485,0.5,861.0552978515625
1.225407600402832,-0.15702009201049805,-0.2807004153728485,0.5,861.0552978515625
1.2355220317840576,-0.15702009201049805,0.10962161421775818,0.5,1087.359619140625
1.2456467151641846,-0.2043706178665161,0.18749116361141205,0.5,874.4705810546875
1.2557682991027832,-0.2043706178665161,0.18749116361141205,0.5,874.4705810546875
1.2658970355987549,0.4932519197463989,-0.487280011177063,0.5,1046.0885009765625
1.2760536670684814,0.4932519197463989,-0.487280011177063,0.5,1046.0885009765625
1.2861852645874023,-0.8802241086959839,0.927687406539917,0.5,939.2197265625
1.2963051795959473,-0.8802241086959839,-1.1524133682250977,0.5,957.582763671875
1.3064384460449219,0.9790237545967102,-1.1524133682250977,0.5,957.582763671875
1.3165929317474365,0.9790237545967102,1.1869944334030151,0.5,1050.424072265625
1.326706886291504,-1.0,-0.973253071308136,0.5,822.8070068359375
1.336787462234497,-1.0,-0.973253071308136,0.5,822.8070068359375
1.3468921184539795,1.0,0.36867016553878784,0.5,1084.8935546875
1.3571171760559082,-1.0,0.0784284695982933,0.5,852.0294799804688
1.3672547340393066,-1.0,0.0784284695982933,0.5,852.0294799804688
1.3774101734161377,0.9971102476119995,-0.5236157178878784,0.5,1039.6279296875
1.3875329494476318,0.9971102476119995,-0.5236157178878784,0.5,1039.6279296875
1.3976612091064453,-0.5431022047996521,0.8123829364776611,0.5,934.3755493164062
1.4077765941619873,-0.5431022047996521,-0.9946011304855347,0.5,993.8734741210938
1.4178767204284668,0.021425634622573853,-0.9946011304855347,0.5,993.8734741210938
1.4280338287353516,0.021425634622573853,0.8202424049377441,0.5,1003.2633056640625
1.4381883144378662,0.15188691020011902,-1.0754742622375488,0.5,956.8446044921875
1.4483203887939453,0.15188691020011902,-1.0754742622375488,0.5,956.8446044921875
1.4584455490112305,-0.7212209701538086,0.9113253355026245,0.5,1052.497802734375
1.468585729598999,-0.7212209701538086,0.9113253355026245,0.5,1052.497802734375
1.478813886642456,0.7141048312187195,-1.225567102432251,0.5,861.8599853515625
1.4890120029449463,0.7141048312187195,0.488772988319397,0.5,1088.961669921875
1.4992890357971191,-1.0,0.488772988319397,0.5,1088.961669921875
1.5094044208526611,-1.0,-0.3306742012500763,0.5,833.0284423828125
1.519519567489624,-1.0,-0.3227800726890564,0.5,1074.9569091796875
1.5296344757080078,0.8482846617698669,-0.3227800726890564,0.5,1074.9569091796875
1.5397446155548096,-0.30816230177879333,0.03978481888771057,0.5,890.6262817382812
1.54988431930542,-0.30816230177879333,-0.8572475910186768,0.5,1043.892822265625
1.5600008964538574,-0.30816230177879333,-0.8572475910186768,0.5,1043.892822265625
1.5701162815093994,-0.011461600661277771,0.4490603804588318,0.5,945.724609375
1.580212116241455,0.3831867575645447,0.4490603804588318,0.5,945.724609375
1.5902931690216064,0.3831867575645447,-1.336413860321045,0.5,993.9610595703125
1.6003940105438232,-0.5684816837310791,0.6983848810195923,0.5,1013.20654296875
1.610501766204834,-0.5684816837310791,0.6983848810195923,0.5,1013.20654296875
1.6206157207489014,0.8332375288009644,-1.4184542894363403,0.5,939.4631958007812
1.6307156085968018,0.8332375288009644,0.6646164655685425,0.5,1074.291015625
1.6407828330993652,0.8332375288009644,0.6646164655685425,0.5,1074.291015625
1.6508986949920654,-0.9814131259918213,-1.0584059953689575,0.5,871.323974609375
1.6610219478607178,0.9191054105758667,-1.0584059953689575,0.5,871.323974609375
1.6711726188659668,0.9191054105758667,0.40306606888771057,0.5,1095.65087890625
1.6812934875488281,-0.5507837533950806,-0.41539427638053894,0.5,845.2052612304688
1.691394329071045,-0.5507837533950806,-0.41539427638053894,0.5,845.2052612304688
1.7015290260314941,0.2213537096977234,-0.5267906188964844,0.5,1049.630859375
1.7116780281066895,0.2213537096977234,0.7539917230606079,0.5,921.665283203125
1.7217764854431152,-0.28291767835617065,0.7539917230606079,0.5,921.665283203125
1.731874942779541,-0.28291767835617065,-1.3249485492706299,0.5,973.830078125
1.741976261138916,-0.03165227174758911,1.0814416408538818,0.5,1028.3084716796875
1.7520794868469238,-0.03165227174758911,1.0814416408538818,0.5,1028.3084716796875
1.7622082233428955,0.17543093860149384,-1.1081398725509644,0.5,874.6338500976562
1.772334098815918,0.17543093860149384,-1.1081398725509644,0.5,874.6338500976562
1.7824454307556152,-0.4681119918823242,0.7998979091644287,0.5,1087.9822998046875
1.7925689220428467,-0.4681119918823242,-0.5268063545227051,0.5,827.98046875
1.8026995658874512,0.7018065452575684,-0.5268063545227051,0.5,827.98046875
1.8127775192260742,0.7018065452575684,-0.049302712082862854,0.5,1065.1187744140625
1.8228890895843506,-0.8706132173538208,0.5255852341651917,0.5,892.707275390625
1.8330020904541016,-0.8706132173538208,0.5255852341651917,0.5,892.707275390625
1.8431074619293213,1.0,-1.16850745677948,0.5,980.642333984375
1.8532161712646484,1.0,-1.16850745677948,0.5,980.642333984375
1.863325595855713,-1.0,1.3820923566818237,0.5,1013.925537109375
1.8734352588653564,-1.0,-1.265170693397522,0.5,823.9636840820312
1.8835556507110596,1.0,-1.265170693397522,0.5,823.9636840820312
1.893653154373169,1.0,0.6505796909332275,0.5,1081.6756591796875
1.9041430950164795,-1.0,0.20527800917625427,0.5,847.6494140625
1.9143335819244385,-1.0,0.20527800917625427,0.5,847.6494140625
1.924454689025879,1.0,-1.0282297134399414,0.5,994.703125
1.934553623199463,1.0,1.4009389877319336,0.5,989.1890869140625
1.944687843322754,-1.0,1.4009389877319336,0.5,989.1890869140625
1.9548790454864502,-1.0,-1.2421144247055054,0.5,855.1483154296875
1.965038776397705,1.0,-1.2421144247055054,0.5,855.1483154296875
1.9752023220062256,1.0,0.8730000853538513,0.5,1075.384765625
1.9853250980377197,-0.9897840023040771,-0.5217341184616089,0.5,818.0231323242188
1.9954421520233154,-0.9897840023040771,-0.5217341184616089,0.5,818.0231323242188
2.0055487155914307,0.6478464007377625,0.17506101727485657,0.5,1074.1962890625
2.0156538486480713,0.6478464007377625,0.40280547738075256,0.5,870.7548217773438
2.0257670879364014,-0.4621737599372864,0.40280547738075256,0.5,870.7548217773438
2.0358712673187256,-0.4621737599372864,-0.8202177286148071,0.5,1000.2307739257812
2.0459842681884766,0.28599512577056885,-0.8202177286148071,0.5,1000.2307739257812
2.0561163425445557,0.28599512577056885,1.3327394723892212,0.5,974.8980712890625
2.0662283897399902,-0.06543359160423279,-1.195827603340149,0.5,891.7839965820312
2.076352119445801,-0.06543359160423279,-1.195827603340149,0.5,891.7839965820312
2.0864930152893066,-0.02368815243244171,1.3028644323349,0.5,1087.2735595703125
2.0966317653656006,-0.02368815243244171,-0.4267105460166931,0.5,810.7926635742188
2.106938600540161,0.2591325044631958,-0.4267105460166931,0.5,810.7926635742188
2.117117166519165,0.2591325044631958,0.2853500545024872,0.5,1062.2598876953125
2.1272521018981934,-0.5545985698699951,0.6882262825965881,0.5,868.0043334960938
2.137369155883789,-0.5545985698699951,0.6882262825965881,0.5,868.0043334960938
2.147491216659546,0.8268815279006958,-0.6554026007652283,0.5,998.2748413085938
2.1576192378997803,0.8268815279006958,-0.6554026007652283,0.5,998.2748413085938
2.1677355766296387,-0.7630900144577026,1.3466171026229858,0.5,974.6602172851562
2.1779088973999023,-0.7630900144577026,-1.0057573318481445,0.5,910.2822265625
2.1880526542663574,1.0,-1.0057573318481445,0.5,910.2822265625
2.1981709003448486,1.0,1.5025813579559326,0.5,1063.9619140625
2.2083001136779785,-1.0,-0.4561806917190552,0.5,822.3749389648438
2.2184317111968994,-1.0,-0.4561806917190552,0.5,822.3749389648438
2.2285866737365723,1.0,0.7933579087257385,0.5,1082.18115234375
2.238771915435791,1.0,0.40489667654037476,0.5,848.8802490234375
2.2489173412323,-0.8626350164413452,0.40489667654037476,0.5,848.8802490234375
2.259032964706421,-0.8626350164413452,-0.2986564040184021,0.5,1022.1499633789062
2.269158363342285,0.5620754957199097,-0.2986564040184021,0.5,1022.1499633789062
2.2793006896972656,0.5620754957199097,1.1849008798599243,0.5,933.6425170898438
2.2894179821014404,-0.13970047235488892,-0.9896504282951355,0.5,938.385009765625
2.2995481491088867,-0.13970047235488892,-0.9896504282951355,0.5,938.385009765625
2.3096728324890137,0.025988668203353882,1.5289664268493652,0.5,1039.828857421875
2.3198084831237793,0.025988668203353882,-0.8841390013694763,0.5,817.1181640625
2.329946994781494,0.2027365118265152,-0.8841390013694763,0.5,817.1181640625
2.340061664581299,0.2027365118265152,0.8088834881782532,0.5,1085.2042236328125
2.350167989730835,-0.17678016424179077,0.24462801218032837,0.5,839.8648681640625
2.3602771759033203,0.312373548746109,0.24462801218032837,0.5,839.8648681640625
2.370380401611328,0.312373548746109,-0.38480037450790405,0.5,1035.103271484375
2.380472183227539,0.312373548746109,-0.38480037450790405,0.5,1035.103271484375
2.390561580657959,-0.7161975502967834,0.9407774209976196,0.5,931.0933837890625
2.4006552696228027,0.8685895204544067,-1.161064863204956,0.5,950.8142700195312
2.4107439517974854,0.8685895204544067,-1.161064863204956,0.5,950.8142700195312
2.4208476543426514,0.8685895204544067,1.465389370918274,0.5,1042.3511962890625
2.4309499263763428,-1.0,-1.0243953466415405,0.5,822.0652465820312
2.4410452842712402,1.0,-1.0243953466415405,0.5,822.0652465820312
2.4511454105377197,1.0,0.6645470857620239,0.5,1083.1151123046875
2.4612436294555664,-1.0,0.6645470857620239,0.5,1083.1151123046875
2.471334934234619,-1.0,0.12097489833831787,0.5,830.2533569335938
2.4814260005950928,1.0,-0.5683781504631042,0.5,1026.756591796875
2.4915170669555664,1.0,-0.5683781504631042,0.5,1026.756591796875
2.5016074180603027,-1.0,1.056048035621643,0.5,950.259765625
2.51171875,-1.0,-1.5688425302505493,0.5,901.3310546875
2.5218687057495117,1.0,-1.5688425302505493,0.5,901.3310546875
2.5319676399230957,1.0,1.4078917503356934,0.5,1075.746337890625
2.543667793273926,-1.0,-0.5487951636314392,0.5,803.5992431640625
2.553907632827759,-1.0,-0.5487951636314392,0.5,803.5992431640625
2.564021110534668,1.0,-0.45672717690467834,0.5,1032.086181640625
2.574127197265625,1.0,1.3378000259399414,0.5,933.0150146484375
2.584310293197632,-1.0,1.3378000259399414,0.5,933.0150146484375
2.5944759845733643,-1.0,-1.680568814277649,0.5,881.7941284179688
2.6045827865600586,1.0,-1.680568814277649,0.5,881.7941284179688
2.6146881580352783,1.0,1.1800835132598877,0.5,1082.0428466796875
2.6247901916503906,-1.0,-0.4956945776939392,0.5,812.8099975585938
2.634983777999878,-1.0,-0.4956945776939392,0.5,812.8099975585938
2.645094871520996,1.0,-0.13523919880390167,0.5,1049.466552734375
2.6551942825317383,1.0,0.7466208934783936,0.5,894.7571411132812
2.665294885635376,-1.0,0.7466208934783936,0.5,894.7571411132812
2.675408363342285,-1.0,-1.2236371040344238,0.5,961.1566772460938
2.685527801513672,0.6444690227508545,1.3940595388412476,0.5,1015.6393432617188
2.6956357955932617,0.6444690227508545,1.3940595388412476,0.5,1015.6393432617188
2.7057816982269287,-0.4925507605075836,-1.446316123008728,0.5,807.6840209960938
2.715909719467163,-0.4925507605075836,-1.446316123008728,0.5,807.6840209960938
2.726011276245117,0.27866458892822266,0.4478797912597656,0.5,1080.724609375
2.736117362976074,0.27866458892822266,0.1877221167087555,0.5,849.7498168945312
2.7462260723114014,-0.4679632782936096,0.1877221167087555,0.5,849.7498168945312
2.7563676834106445,-0.4679632782936096,-1.1674515008926392,0.5,997.7115478515625
2.766519069671631,-0.18510547280311584,1.0342507362365723,0.5,963.3974609375
2.77663516998291,-0.18510547280311584,1.0342507362365723,0.5,963.3974609375
2.78676700592041,0.29905882477760315,-1.4584904909133911,0.5,913.8477172851562
2.796881675720215,0.29905882477760315,-1.4584904909133911,0.5,913.8477172851562
2.806993246078491,-0.7286819219589233,0.9190673828125,0.5,1061.3148193359375
2.8171095848083496,-0.7286819219589233,-1.2583507299423218,0.5,826.0072021484375
2.8272545337677,0.8478113412857056,-1.2583507299423218,0.5,826.0072021484375
2.83744740486145,0.8478113412857056,0.08788284659385681,0.5,1085.8829345703125
2.8475661277770996,-0.9596141576766968,-0.15364021062850952,0.5,851.6294555664062
2.8577024936676025,-0.9596141576766968,-0.15364021062850952,0.5,851.6294555664062
2.867795467376709,0.9916269779205322,-0.8449205160140991,0.5,1019.848388671875
2.8779513835906982,0.9916269779205322,-0.8449205160140991,0.5,1019.848388671875
2.888068675994873,-1.0,1.1583201885223389,0.5,959.8475952148438
2.8981642723083496,-1.0,-1.876237154006958,0.5,862.1474609375
2.9082653522491455,1.0,-1.876237154006958,0.5,862.1474609375
2.918362617492676,1.0,0.8211111426353455,0.5,1070.5113525390625
2.9284839630126953,-1.0,-0.7170244455337524,0.5,812.7881469726562
2.93859601020813,-1.0,-0.7170244455337524,0.5,812.7881469726562
2.9486947059631348,1.0,-0.42450499534606934,0.5,1059.68017578125
2.958789110183716,1.0,0.4434666633605957,0.5,899.6802368164062
2.968904972076416,-1.0,0.4434666633605957,0.5,899.6802368164062
2.9790146350860596,-1.0,-1.1503963470458984,0.5,975.4624633789062
2.9891369342803955,0.6406207084655762,-1.1503963470458984,0.5,975.4624633789062
2.999263048171997,0.6406207084655762,1.4050734043121338,0.5,995.2593383789062
3.0093607902526855,-0.861274003982544,-1.5015966892242432,0.5,827.6666870117188
3.0194590091705322,-0.861274003982544,-1.5015966892242432,0.5,827.6666870117188
3.0295660495758057,0.6738495826721191,0.741397500038147,0.5,1081.9462890625
3.0396981239318848,0.6738495826721191,-0.10673016309738159,0.5,836.0631713867188
3.0498032569885254,-0.32377880811691284,-0.10673016309738159,0.5,836.0631713867188
3.059936046600342,-0.32377880811691284,-0.8704730272293091,0.5,1009.9371337890625
3.0703132152557373,0.48831474781036377,1.2527824640274048,0.5,955.3700561523438
3.08050799369812,0.48831474781036377,1.2527824640274048,0.5,955.3700561523438
3.090650796890259,-0.15954920649528503,-1.4307594299316406,0.5,881.6331787109375
3.100783109664917,-0.15954920649528503,-1.4307594299316406,0.5,881.6331787109375
3.1108944416046143,-0.20060285925865173,1.3231799602508545,0.5,1056.9554443359375
3.1210057735443115,-0.20060285925865173,-0.7620255351066589,0.5,799.1290893554688
3.1311113834381104,0.24027656018733978,-0.7620255351066589,0.5,799.1290893554688
3.1412107944488525,0.24027656018733978,-0.19646970927715302,0.5,1051.2064208984375
3.1513214111328125,-0.2643188238143921,0.886366605758667,0.5,905.655029296875
3.161430597305298,-0.2643188238143921,0.886366605758667,0.5,905.655029296875
3.1715540885925293,0.28388455510139465,-1.585856556892395,0.5,915.6702270507812
3.181683301925659,0.28388455510139465,-1.585856556892395,0.5,915.6702270507812
3.191828489303589,-0.21471692621707916,1.6624433994293213,0.5,1043.6639404296875
3.2019436359405518,-0.21471692621707916,-0.8113080263137817,0.5,794.1378784179688
3.212052822113037,0.30179107189178467,-0.8113080263137817,0.5,794.1378784179688
3.222172975540161,0.30179107189178467,0.1568300724029541,0.5,1061.8580322265625
3.232316017150879,-0.6849049925804138,0.6071022152900696,0.5,879.979736328125
3.242471933364868,-0.6849049925804138,0.6071022152900696,0.5,879.979736328125
3.2526025772094727,0.8282557129859924,-1.3333817720413208,0.5,960.0126342773438
3.2627391815185547,0.8282557129859924,1.7084410190582275,0.5,1028.7457275390625
3.272881269454956,-0.6310062408447266,1.7084410190582275,0.5,1028.7457275390625
3.2830467224121094,-0.6310062408447266,-1.1678615808486938,0.5,792.1600952148438
3.2931714057922363,0.6847869157791138,-1.1678615808486938,0.5,792.1600952148438
3.3032872676849365,0.6847869157791138,0.540485680103302,0.5,1066.3123779296875
3.313462495803833,-0.7230106592178345,0.8751542568206787,0.5,859.8405151367188
3.3236141204833984,-0.7230106592178345,0.8751542568206787,0.5,859.8405151367188
3.3337717056274414,0.592563271522522,-1.2522039413452148,0.5,950.2994995117188
3.34390926361084,0.592563271522522,1.7219408750534058,0.5,1016.1680908203125
3.354053497314453,-0.6050156354904175,1.7219408750534058,0.5,1016.1680908203125
3.364189386367798,-0.6050156354904175,-1.1668000221252441,0.5,816.7615966796875
3.374288320541382,0.9844828844070435,0.7804210782051086,0.5,1086.5711669921875
3.3843822479248047,-0.8479495644569397,0.7804210782051086,0.5,1086.5711669921875
3.394500494003296,-0.8479495644569397,0.19720901548862457,0.5,838.1615600585938
3.4046428203582764,1.0,0.19720901548862457,0.5,838.1615600585938
3.414747476577759,1.0,0.0017694942653179169,0.5,1029.2652587890625
3.424880266189575,-1.0,1.1548253297805786,0.5,906.7374267578125
3.4349865913391113,-1.0,1.1548253297805786,0.5,906.7374267578125
3.445096492767334,1.0,-0.9529096484184265,0.5,943.1029052734375
3.455223798751831,1.0,1.6813287734985352,0.5,1022.2752075195312
3.4655096530914307,-1.0,1.6813287734985352,0.5,1022.2752075195312
3.475618600845337,-1.0,-0.9460248947143555,0.5,842.9811401367188
3.4857399463653564,0.8322511911392212,-0.9460248947143555,0.5,842.9811401367188
3.495878219604492,0.8322511911392212,1.2874760627746582,0.5,1077.040283203125
3.5059895515441895,-0.5535091757774353,-0.07000084221363068,0.5,817.92041015625
3.5161118507385254,-0.5535091757774353,-0.07000084221363068,0.5,817.92041015625
3.5262529850006104,0.11333492398262024,0.3977464735507965,0.5,1052.512451171875
3.536391496658325,0.11333492398262024,0.8485467433929443,0.5,882.9780883789062
3.5465433597564697,0.007002666592597961,0.8485467433929443,0.5,882.9780883789062
3.556670904159546,0.007002666592597961,-0.9365831017494202,0.5,972.2236328125
3.566784381866455,-0.08159692585468292,1.5016486644744873,0.5,986.3475341796875
3.576896905899048,-0.08159692585468292,1.5016486644744873,0.5,986.3475341796875
3.587014675140381,0.4475240111351013,-1.0313944816589355,0.5,885.6046752929688
3.597156524658203,0.4475240111351013,-1.0313944816589355,0.5,885.6046752929688
3.607278347015381,-0.7679241895675659,1.4097754955291748,0.5,1054.8719482421875
3.617384433746338,-0.7679241895675659,-0.7878180146217346,0.5,816.2647094726562
3.6274919509887695,0.9711610674858093,-0.7878180146217346,0.5,816.2647094726562
3.637638807296753,0.9711610674858093,0.5733312964439392,0.5,1080.68212890625
3.6477859020233154,-1.0,0.05935853719711304,0.5,845.8543090820312
3.6579196453094482,-1.0,0.05935853719711304,0.5,845.8543090820312
3.6680521965026855,1.0,-0.27111148834228516,0.5,1045.0286865234375
3.67822003364563,1.0,0.6769260764122009,0.5,902.863525390625
3.688352108001709,-0.6231592893600464,0.6769260764122009,0.5,902.863525390625
3.6984918117523193,-0.6231592893600464,-0.9085890054702759,0.5,977.1444091796875
3.708653211593628,0.3210882842540741,-0.9085890054702759,0.5,977.1444091796875
3.7188408374786377,0.3210882842540741,1.5118860006332397,0.5,991.4246826171875
3.729038715362549,0.3210882842540741,-1.4629552364349365,0.5,838.2267456054688
3.7392613887786865,-0.29727238416671753,-1.4629552364349365,0.5,838.2267456054688
3.74936842918396,0.20688199996948242,0.9255210161209106,0.5,1074.607666015625
3.7594997882843018,0.20688199996948242,-0.34524479508399963,0.5,826.0059204101562
3.769606351852417,0.14110258221626282,-0.34524479508399963,0.5,826.0059204101562
3.779705286026001,0.14110258221626282,-0.8115123510360718,0.5,1006.7305908203125
3.7897753715515137,-0.0045319050550460815,-0.8115123510360718,0.5,1006.7305908203125
3.7998881340026855,-0.0045319050550460815,1.633297085762024,0.5,954.0430297851562
3.8100085258483887,-0.06161227822303772,-1.690119743347168,0.5,819.4230346679688
3.8201351165771484,-0.06161227822303772,-1.690119743347168,0.5,819.4230346679688
3.8302788734436035,0.016760021448135376,1.164333701133728,0.5,1080.044677734375
3.8404500484466553,0.016760021448135376,0.17024576663970947,0.5,838.9034423828125
3.8505592346191406,-0.2837117910385132,0.17024576663970947,0.5,838.9034423828125
3.8606648445129395,-0.2837117910385132,-1.5643736124038696,0.5,960.8390502929688
3.870819330215454,0.5428546071052551,-1.5643736124038696,0.5,960.8390502929688
3.8809762001037598,0.5428546071052551,1.9092854261398315,0.5,1023.1627807617188
3.891085386276245,-0.619167149066925,-1.25078547000885,0.5,774.0413208007812
3.9012229442596436,-0.619167149066925,-1.25078547000885,0.5,774.0413208007812
3.91133713722229,0.4063733220100403,0.25578367710113525,0.5,1058.8154296875
3.921478033065796,0.4063733220100403,0.69185471534729,0.5,865.0
3.9316141605377197,-0.46991831064224243,0.69185471534729,0.5,865.0
3.941749334335327,-0.46991831064224243,-1.3003418445587158,0.5,976.5862426757812
3.951899528503418,0.31456702947616577,-1.3003418445587158,0.5,976.5862426757812
3.962024450302124,0.31456702947616577,1.1694358587265015,0.5,1001.4814453125
3.9721627235412598,-0.05249589681625366,-1.6782526969909668,0.5,837.0046997070312
3.9823312759399414,-0.05249589681625366,-1.6782526969909668,0.5,837.0046997070312
3.9924533367156982,-0.06658641993999481,1.0074734687805176,0.5,1074.8739013671875
4.002578973770142,-0.06658641993999481,-0.3019181489944458,0.5,813.4891967773438
4.0127036571502686,-0.08919942378997803,-0.3019181489944458,0.5,813.4891967773438
4.022847414016724,-0.08919942378997803,-0.9469993114471436,0.5,1014.8818359375
4.032968521118164,-0.1497752070426941,1.1357706785202026,0.5,965.4038696289062
4.043109655380249,-0.1497752070426941,1.1357706785202026,0.5,965.4038696289062
4.053271293640137,0.10247620940208435,-2.073101043701172,0.5,861.173828125
4.063410758972168,0.10247620940208435,-2.073101043701172,0.5,861.173828125
4.0735273361206055,-0.11303944885730743,0.9582315683364868,0.5,1069.657958984375
4.08363938331604,-0.11303944885730743,-0.5435578227043152,0.5,814.0972900390625
4.093777179718018,0.20292046666145325,-0.5435578227043152,0.5,814.0972900390625
4.103943347930908,0.20292046666145325,-0.6896842122077942,0.5,1034.250244140625
4.114137411117554,-0.520087718963623,0.7777897119522095,0.5,924.6626586914062
4.124251127243042,-0.520087718963623,0.7777897119522095,0.5,924.6626586914062
4.134365558624268,0.5326079726219177,-1.671221375465393,0.5,940.5052490234375
4.144563913345337,0.5326079726219177,1.161726474761963,0.5,1039.2227783203125
4.154689311981201,-0.6634930372238159,1.161726474761963,0.5,1039.2227783203125
4.164780378341675,-0.6634930372238159,-1.4790256023406982,0.5,829.66064453125
4.174887180328369,1.0,-1.4790256023406982,0.5,829.66064453125
4.184994459152222,1.0,0.3592645227909088,0.5,1085.1126708984375
4.195111513137817,-1.0,-0.11607323586940765,0.5,843.5661010742188
4.2052507400512695,-1.0,-0.11607323586940765,0.5,843.5661010742188
4.215367317199707,1.0,-0.7097641229629517,0.5,1013.58447265625
4.225480318069458,1.0,1.0763384103775024,0.5,940.8670654296875
4.235596179962158,-1.0,1.0763384103775024,0.5,940.8670654296875
4.245733737945557,-1.0,-1.841092586517334,0.5,885.8878173828125
4.255850076675415,1.0,-1.841092586517334,0.5,885.8878173828125
4.265970468521118,1.0,1.2940089702606201,0.5,1075.1058349609375
4.276116847991943,-1.0,-0.7152271866798401,0.5,812.1090087890625
4.286227226257324,-1.0,-0.7152271866798401,0.5,812.1090087890625
4.2963361740112305,1.0,-0.26350757479667664,0.5,1035.15673828125
4.306438446044922,1.0,1.2032952308654785,0.5,908.9686279296875
4.31656289100647,-1.0,1.2032952308654785,0.5,908.9686279296875
4.326677322387695,-1.0,-1.7561243772506714,0.5,886.2713012695312
4.336796283721924,1.0,-1.7561243772506714,0.5,886.2713012695312
4.3469343185424805,1.0,1.5468229055404663,0.5,1068.2872314453125
4.357107877731323,-1.0,-0.6812870502471924,0.5,806.5902099609375
4.36727237701416,-1.0,-0.6812870502471924,0.5,806.5902099609375
4.377408981323242,1.0,-0.5763858556747437,0.5,1034.205078125
4.3875463008880615,1.0,1.2237675189971924,0.5,917.6248168945312
4.397662401199341,-1.0,1.2237675189971924,0.5,917.6248168945312
4.407795429229736,-1.0,-1.4640358686447144,0.5,904.1981811523438
4.417915105819702,1.0,1.5352449417114258,0.5,1038.5146484375
4.42801570892334,1.0,1.5352449417114258,0.5,1038.5146484375
4.438122510910034,-1.0,-1.0238758325576782,0.5,800.0899047851562
4.44823431968689,1.0,-1.0238758325576782,0.5,800.0899047851562
4.458344459533691,1.0,0.01834832690656185,0.5,1056.5721435546875
4.4687864780426025,1.0,0.46859538555145264,0.5,871.0858764648438
4.478957891464233,-1.0,0.46859538555145264,0.5,871.0858764648438
4.489098072052002,-1.0,-0.7241228818893433,0.5,988.8117065429688
4.4992287158966064,0.5739912390708923,-0.7241228818893433,0.5,988.8117065429688
4.509370565414429,0.5739912390708923,1.3353581428527832,0.5,948.837158203125
4.519520282745361,-0.35706835985183716,-1.3067822456359863,0.5,912.9217529296875
4.5296385288238525,-0.35706835985183716,-1.3067822456359863,0.5,912.9217529296875
4.539777994155884,-0.024128437042236328,1.3576754331588745,0.5,1046.739013671875
4.549890995025635,-0.024128437042236328,-1.099760890007019,0.5,821.0552368164062
4.560025691986084,0.37520110607147217,-1.099760890007019,0.5,821.0552368164062
4.570148944854736,0.37520110607147217,0.6133440732955933,0.5,1070.0296630859375
4.580250978469849,-0.5071582794189453,0.6460402011871338,0.5,850.6953125
4.59036922454834,-0.5071582794189453,0.6460402011871338,0.5,850.6953125
4.600502967834473,0.5924288034439087,-0.9540573954582214,0.5,959.4747924804688
4.610619783401489,0.5924288034439087,-0.9540573954582214,0.5,959.4747924804688
4.620741605758667,-0.6376751661300659,1.966813325881958,0.5,1000.4229125976562
4.630897521972656,-0.6376751661300659,-1.4531989097595215,0.5,796.0025634765625
4.641016960144043,0.6237092018127441,-1.4531989097595215,0.5,796.0025634765625
4.651126384735107,0.6237092018127441,0.626285195350647,0.5,1070.7149658203125
4.661240339279175,-0.23453161120414734,0.9367948174476624,0.5,869.9169921875
4.6713831424713135,0.6140413880348206,0.9367948174476624,0.5,869.9169921875
4.681532621383667,0.6140413880348206,-1.214063286781311,0.5,922.9786987304688
4.691650390625,-0.28464391827583313,2.2247118949890137,0.5,1025.67041015625
4.701865196228027,-0.28464391827583313,2.2247118949890137,0.5,1025.67041015625
4.711992979049683,0.10160550475120544,-0.8788694739341736,0.5,773.6396484375
4.72211217880249,0.10160550475120544,-0.8788694739341736,0.5,773.6396484375
4.732230186462402,0.10160550475120544,0.2906011641025543,0.5,1050.1937255859375
4.7423624992370605,-0.17955714464187622,1.2097307443618774,0.5,889.0670776367188
4.7524895668029785,0.4265598952770233,1.2097307443618774,0.5,889.0670776367188
4.7626261711120605,0.4265598952770233,-1.1636409759521484,0.5,925.8496704101562
4.772741079330444,-0.3148936927318573,1.9063780307769775,0.5,1026.20166015625
4.782862186431885,-0.3148936927318573,1.9063780307769775,0.5,1026.20166015625
4.792983770370483,0.7376834154129028,-0.8877090215682983,0.5,788.2405395507812
4.803113222122192,0.7376834154129028,-0.8877090215682983,0.5,788.2405395507812
4.813226699829102,0.7376834154129028,0.849530041217804,0.5,1059.330322265625
4.823361158370972,-1.0,0.307716429233551,0.5,851.3359375
4.833501577377319,1.0,0.307716429233551,0.5,851.3359375
4.84364128112793,1.0,-1.050714135169983,0.5,986.2939453125
4.853806018829346,-0.7517685294151306,1.503605604171753,0.5,977.7077026367188
4.863954067230225,-0.7517685294151306,1.503605604171753,0.5,977.7077026367188
4.874107122421265,1.0,-1.2145037651062012,0.5,851.8739013671875
4.884251117706299,1.0,1.513190507888794,0.5,1037.2529296875
4.8944456577301025,-1.0,1.513190507888794,0.5,1037.2529296875
4.904590606689453,-1.0,-0.7380834221839905,0.5,791.201904296875
4.914783239364624,1.0,0.06192684918642044,0.5,1061.3140869140625
4.924917221069336,1.0,0.06192684918642044,0.5,1061.3140869140625
4.935027360916138,-1.0,0.36455443501472473,0.5,880.9055786132812
4.945180416107178,-1.0,0.36455443501472473,0.5,880.9055786132812
4.9553258419036865,1.0,-0.9686821699142456,0.5,989.9298706054688
4.965478420257568,1.0,1.2980066537857056,0.5,964.244384765625
4.975634813308716,1.0,1.2980066537857056,0.5,964.244384765625
4.98577356338501,-1.0,-1.2699828147888184,0.5,890.0315551757812
4.9958977699279785,-1.0,-1.2699828147888184,0.5,890.0315551757812
5.006040334701538,-0.2629337012767792,1.3116923570632935,0.5,1027.2587890625
5.016153812408447,-0.2629337012767792,1.3116923570632935,0.5,1027.2587890625
5.026261329650879,0.3616843819618225,-1.2316335439682007,0.5,803.7691650390625
5.036376714706421,0.3616843819618225,0.040971219539642334,0.5,1081.1318359375
5.046501159667969,-0.15324562788009644,0.040971219539642334,0.5,1081.1318359375
5.0566041469573975,-0.15324562788009644,0.36888206005096436,0.5,884.4688110351562
5.06681227684021,0.5511596202850342,-0.9077414870262146,0.5,961.2188720703125
5.076929569244385,0.5511596202850342,-0.9077414870262146,0.5,961.2188720703125
5.087040662765503,-0.8218082189559937,1.7591758966445923,0.5,966.26611328125
5.097160816192627,-0.8218082189559937,-1.369064211845398,0.5,867.6686401367188
5.107296943664551,0.5977158546447754,-1.369064211845398,0.5,867.6686401367188
5.11749267578125,0.5977158546447754,0.8629891276359558,0.5,1090.918701171875
5.127620697021484,-0.9373152852058411,0.8629891276359558,0.5,1090.918701171875
5.13773250579834,-0.9373152852058411,-0.8674333691596985,0.5,847.0475463867188
5.147888660430908,1.0,0.004194077104330063,0.5,1047.14453125
5.158020496368408,1.0,0.004194077104330063,0.5,1047.14453125
5.1681718826293945,-1.0,1.0284124612808228,0.5,890.36279296875
5.178292751312256,-1.0,1.0284124612808228,0.5,890.36279296875
5.188457727432251,1.0,-1.645933985710144,0.5,906.0938720703125
5.198587417602539,1.0,1.6404094696044922,0.5,1030.0098876953125
5.208739757537842,-1.0,1.6404094696044922,0.5,1030.0098876953125
5.218911409378052,-1.0,-1.2118605375289917,0.5,789.721435546875
5.229163885116577,1.0,-0.606260359287262,0.5,1051.5928955078125
5.23933744430542,1.0,-0.606260359287262,0.5,1051.5928955078125
5.249476432800293,-1.0,1.1338679790496826,0.5,936.3988037109375
5.259618043899536,-1.0,-1.8839694261550903,0.5,831.6380615234375
5.269741773605347,1.0,-1.8839694261550903,0.5,831.6380615234375
5.279898643493652,1.0,1.6120290756225586,0.5,1029.5689697265625
5.290017604827881,-1.0,1.6120290756225586,0.5,1029.5689697265625
5.300127267837524,-1.0,-0.30644482374191284,0.5,784.2796630859375
5.310240983963013,0.8437120318412781,-1.2648264169692993,0.5,1021.2921142578125
5.320375204086304,0.8437120318412781,-1.2648264169692993,0.5,1021.2921142578125
5.330501556396484,-0.8581480383872986,0.9916801452636719,0.5,985.2276611328125
5.340906143188477,-0.8581480383872986,-1.8740094900131226,0.5,855.5719604492188
5.35106635093689,1.0,-1.8740094900131226,0.5,855.5719604492188
5.361175775527954,1.0,1.3072792291641235,0.5,1057.8111572265625
5.371279716491699,-1.0,-0.39887896180152893,0.5,783.4078979492188
5.381393194198608,-1.0,-0.39887896180152893,0.5,783.4078979492188
5.391506195068359,0.7192938327789307,-0.94521564245224,0.5,1027.3218994140625
5.401616334915161,0.7192938327789307,-0.94521564245224,0.5,1027.3218994140625
5.411720275878906,-1.0,0.998831570148468,0.5,974.1015625
5.421891450881958,-1.0,-2.220580577850342,0.5,871.8150024414062
5.43200421333313,1.0,-2.220580577850342,0.5,871.8150024414062
5.442131042480469,1.0,1.002176284790039,0.5,1108.1702880859375
5.452255725860596,-1.0,-0.16705147922039032,0.5,806.4235229492188
5.462382793426514,-1.0,-0.16705147922039032,0.5,806.4235229492188
5.47250771522522,0.8065766096115112,-0.44817835092544556,0.5,1001.2901000976562
5.482656240463257,0.8065766096115112,1.4711962938308716,0.5,938.951904296875
5.492807149887085,-1.0,1.4711962938308716,0.5,938.951904296875
5.5029706954956055,-1.0,-2.355541229248047,0.5,834.5808715820312
5.513153553009033,1.0,-2.355541229248047,0.5,834.5808715820312
5.523284673690796,1.0,0.49820131063461304,0.5,1097.751708984375
5.533404350280762,-0.3410071134567261,0.26306238770484924,0.5,855.1309814453125
5.543531656265259,-0.3410071134567261,0.26306238770484924,0.5,855.1309814453125
5.55364727973938,0.943757951259613,-0.7579631805419922,0.5,969.5984497070312
5.563773155212402,0.943757951259613,1.6194032430648804,0.5,930.8343505859375
5.573887348175049,-1.0,1.6194032430648804,0.5,930.8343505859375
5.584050893783569,-1.0,-1.5691993236541748,0.5,896.0534057617188
5.594263315200806,0.684008777141571,-1.5691993236541748,0.5,896.0534057617188
5.604372978210449,0.684008777141571,0.6184569597244263,0.5,1101.9010009765625
5.6144795417785645,-0.6237679719924927,-0.876646876335144,0.5,873.5575561523438
5.624578237533569,1.0,-0.876646876335144,0.5,873.5575561523438
5.634724855422974,1.0,0.5838782787322998,0.5,1053.289794921875
5.644899845123291,1.0,0.9623115658760071,0.5,830.4234008789062
5.654997110366821,-1.0,0.9623115658760071,0.5,830.4234008789062
5.665103197097778,0.6312275528907776,-0.7575209736824036,0.5,981.8250732421875
5.675226926803589,0.6312275528907776,-0.7575209736824036,0.5,981.8250732421875
5.6853227615356445,-0.6452444195747375,0.9501787424087524,0.5,980.8809814453125
5.695435047149658,-0.6452444195747375,-1.9131863117218018,0.5,890.133544921875
5.705569267272949,1.0,-1.9131863117218018,0.5,890.133544921875
5.715703248977661,1.0,1.0088763236999512,0.5,1112.94677734375
5.725856304168701,-1.0,0.04885068163275719,0.5,821.6609497070312
5.735977649688721,-1.0,0.04885068163275719,0.5,821.6609497070312
5.74610447883606,0.3400075137615204,0.10883353650569916,0.5,993.905517578125
5.756308555603027,0.3400075137615204,1.671861171722412,0.5,912.2345581054688
5.766423940658569,-1.0,1.671861171722412,0.5,912.2345581054688
5.7765326499938965,-1.0,-2.157071590423584,0.5,865.0616455078125
5.786649942398071,1.0,-2.157071590423584,0.5,865.0616455078125
5.796772241592407,1.0,0.5034627914428711,0.5,1106.2808837890625
5.806872844696045,-0.8826731443405151,0.3025858700275421,0.5,897.0877685546875
5.816979169845581,-0.8826731443405151,0.3025858700275421,0.5,897.0877685546875
5.827092409133911,1.0,-1.3396821022033691,0.5,857.5181274414062
5.837217807769775,1.0,2.4691567420959473,0.5,971.7637939453125
5.847313642501831,-1.0,2.4691567420959473,0.5,971.7637939453125
5.857463598251343,-1.0,-0.2704766094684601,0.5,744.2933349609375
5.867592096328735,0.8951019048690796,-0.5938928127288818,0.5,1053.4168701171875
5.877724647521973,0.8951019048690796,-0.5938928127288818,0.5,1053.4168701171875
5.8878490924835205,-0.42674022912979126,0.9653659462928772,0.5,1002.4697875976562
5.8979597091674805,-0.42674022912979126,0.9653659462928772,0.5,1002.4697875976562
5.908076047897339,1.0,-1.5356779098510742,0.5,872.6558227539062
5.918176889419556,1.0,1.6754008531570435,0.5,1042.034912109375
5.928367853164673,-1.0,1.6754008531570435,0.5,1042.034912109375
5.938494682312012,-1.0,1.842012882232666,0.5,800.4640502929688
5.948606967926025,-0.5984717011451721,-0.960267186164856,0.5,916.9418334960938
5.9587061405181885,-0.5984717011451721,-0.960267186164856,0.5,916.9418334960938
5.968784809112549,-0.3212472200393677,1.1820114850997925,0.5,1044.8343505859375
5.978964328765869,-0.3212472200393677,1.1820114850997925,0.5,1044.8343505859375
5.989122152328491,1.0,-1.449224829673767,0.5,880.6826782226562
5.999241352081299,1.0,0.0039239563047885895,0.5,1035.7498779296875
6.009355545043945,-0.09585945308208466,0.0039239563047885895,0.5,1035.7498779296875
6.019463777542114,-0.09585945308208466,2.261878490447998,0.5,895.9133911132812
6.029569387435913,-0.545623242855072,-0.8793845176696777,0.5,771.6348876953125
6.039686441421509,-0.545623242855072,-0.8793845176696777,0.5,771.6348876953125
6.049784421920776,-0.5873748064041138,1.1845961809158325,0.5,1002.8971557617188
6.059902906417847,-0.5873748064041138,0.08407102525234222,0.5,900.9536743164062
6.070039749145508,-0.11837711930274963,0.08407102525234222,0.5,900.9536743164062
6.08016562461853,-0.11837711930274963,-2.202671527862549,0.5,947.07958984375
6.090275287628174,1.0,-2.202671527862549,0.5,947.07958984375
6.100395679473877,1.0,1.2761132717132568,0.5,1041.2098388671875
6.110549211502075,-0.9839151501655579,0.4596020579338074,0.5,760.6837158203125
6.120697259902954,-0.9839151501655579,0.4596020579338074,0.5,760.6837158203125
6.130792617797852,-0.09124010801315308,0.39212629199028015,0.5,963.9593505859375
6.141384601593018,-0.09124010801315308,0.25744980573654175,0.5,890.8368530273438
6.151554346084595,-0.5756137371063232,0.25744980573654175,0.5,890.8368530273438
6.16166877746582,-0.5756137371063232,-1.3953083753585815,0.5,1005.3811645507812
6.171777963638306,1.0,-1.3953083753585815,0.5,1005.3811645507812
6.181894540786743,1.0,-0.5662707090377808,0.5,921.9808349609375
6.192019701004028,0.049096494913101196,1.7414625883102417,0.5,856.7745971679688
6.202148675918579,0.049096494913101196,1.7414625883102417,0.5,856.7745971679688
6.212263107299805,-0.8565348386764526,0.6644245982170105,0.5,751.0608520507812
6.222386598587036,-0.8565348386764526,0.17882241308689117,0.5,869.07421875
6.232570648193359,-0.7604076862335205,0.17882241308689117,0.5,869.07421875
6.242687463760376,-0.7604076862335205,-0.9995891451835632,0.5,1012.5225219726562
6.252796649932861,0.9479162096977234,-1.3676518201828003,0.5,994.7442016601562
6.262921094894409,0.9479162096977234,-1.3676518201828003,0.5,994.7442016601562
6.273040294647217,1.0,-0.3788476288318634,0.5,902.85107421875
6.283181190490723,1.0,1.6213254928588867,0.5,787.0380249023438
6.293291330337524,-0.7123037576675415,1.6213254928588867,0.5,787.0380249023438
6.303401231765747,-0.7123037576675415,1.332514762878418,0.5,771.3819580078125
6.313507080078125,-1.0,1.332514762878418,0.5,771.3819580078125
6.3236212730407715,-1.0,-0.2902318835258484,0.5,802.1815795898438
6.333714246749878,0.14659683406352997,-1.4835264682769775,0.5,1064.9915771484375
6.343779563903809,0.14659683406352997,-1.4835264682769775,0.5,1064.9915771484375
6.353880167007446,0.7827647924423218,-0.8993259072303772,0.5,976.0545043945312
6.363993167877197,0.7827647924423218,0.4746418297290802,0.5,881.7473754882812
6.374130010604858,0.6542870402336121,0.4746418297290802,0.5,881.7473754882812
6.384237289428711,0.6542870402336121,1.2208365201950073,0.5,724.2775268554688
6.39435887336731,-0.8414914608001709,1.2208365201950073,0.5,724.2775268554688
6.404486894607544,-0.8414914608001709,1.099058985710144,0.5,768.4295654296875
6.41460919380188,-1.0,-0.00014206673949956894,0.5,801.1661376953125
6.4247331619262695,-1.0,-0.00014206673949956894,0.5,801.1661376953125
6.434861421585083,0.14972281455993652,-1.2205268144607544,0.5,1058.3067626953125
6.4449684619903564,0.14972281455993652,-1.2664600610733032,0.5,968.3319702148438
6.455062389373779,1.0,-1.2664600610733032,0.5,968.3319702148438
6.465176820755005,1.0,0.02668818086385727,0.5,885.6439208984375
6.475297689437866,0.4996311068534851,0.02668818086385727,0.5,885.6439208984375
6.48542332649231,0.4996311068534851,1.210647463798523,0.5,726.646240234375
6.49557900428772,-1.0,1.0215795040130615,0.5,769.2095947265625
6.505706787109375,-1.0,1.0215795040130615,0.5,769.2095947265625
6.515880107879639,-1.0,-0.2695871889591217,0.5,792.1622314453125
6.5260725021362305,-1.0,-1.4980435371398926,0.5,1050.6241455078125
6.536251068115234,1.0,-1.4980435371398926,0.5,1050.6241455078125
6.546410083770752,1.0,-1.024061918258667,0.5,996.7823486328125
6.556548357009888,1.0,-0.17758555710315704,0.5,899.4685668945312
6.566701412200928,1.0,-0.17758555710315704,0.5,899.4685668945312
6.576842308044434,-0.11621730029582977,0.4382929801940918,0.5,726.68603515625
6.586981534957886,-1.0,0.850918173789978,0.5,753.6920166015625
6.597111225128174,-1.0,0.850918173789978,0.5,753.6920166015625
6.60723876953125,-1.0,1.0611530542373657,0.5,787.0423583984375
6.6173365116119385,-1.0,1.0611530542373657,0.5,787.0423583984375
6.6274778842926025,0.3137314021587372,-0.6027284860610962,0.5,952.2430419921875
6.637614727020264,0.3137314021587372,-1.4095494747161865,0.5,1010.9473266601562
6.647719860076904,1.0,-1.4095494747161865,0.5,1010.9473266601562
6.657796621322632,1.0,-1.442112922668457,0.5,911.4086303710938
6.669878959655762,0.613640546798706,-1.442112922668457,0.5,911.4086303710938
6.68011736869812,0.613640546798706,0.6850615739822388,0.5,807.7593994140625
6.6903815269470215,-1.0,1.1373209953308105,0.5,731.6697387695312
6.700526475906372,-1.0,1.1373209953308105,0.5,731.6697387695312
6.710647821426392,-1.0,0.9914258718490601,0.5,780.8804931640625
6.720770835876465,-1.0,-0.11889257282018661,0.5,507.51483154296875
6.730869770050049,0.6238080263137817,-0.11889257282018661,0.5,507.51483154296875
6.740963459014893,0.6238080263137817,0.007319128606468439,0.5,268.03582763671875
6.751053333282471,0.864763081073761,0.5106392502784729,0.5,141.5587921142578
6.761165142059326,0.864763081073761,0.5106392502784729,0.5,141.5587921142578
6.771299839019775,-0.4486238956451416,0.737972617149353,0.5,74.76203155517578
6.781421422958374,-0.4486238956451416,0.737972617149353,0.5,74.76203155517578
6.791525602340698,-1.0,0.4590466320514679,0.5,39.48434829711914
6.8016297817230225,-1.0,-0.12824508547782898,0.5,20.853015899658203
6.811736345291138,-0.5751057863235474,-0.12824508547782898,0.5,20.853015899658203
6.821873426437378,-0.5751057863235474,-0.6014877557754517,0.5,11.013187408447266
6.831966161727905,0.655130922794342,-0.6344546675682068,0.5,5.816438674926758
6.842071294784546,0.655130922794342,-0.6344546675682068,0.5,5.816438674926758
6.852173328399658,1.0,-0.2212168425321579,0.5,3.0718586444854736
6.862279415130615,1.0,0.33773016929626465,0.5,1.6223530769348145
6.872389793395996,-0.3190785050392151,0.33773016929626465,0.5,1.6223530769348145
6.882519006729126,-0.3190785050392151,0.657476544380188,0.5,0.8568199872970581
6.8926897048950195,-1.0,0.657476544380188,0.5,0.8568199872970581
6.9028332233428955,-1.0,0.5323344469070435,0.5,0.45251554250717163
6.913073539733887,-1.0,0.062012672424316406,0.5,0.23898880183696747
6.923196792602539,-1.0,0.062012672424316406,0.5,0.23898880183696747
6.933316230773926,0.5065118670463562,-0.43188658356666565,0.5,0.12621812522411346
6.943467617034912,0.5065118670463562,-0.627970278263092,0.5,0.06666012108325958
6.953579664230347,1.0,-0.627970278263092,0.5,0.06666012108325958
6.963697671890259,1.0,-0.4116210639476776,0.5,0.03520549461245537
6.973786354064941,0.8704624176025391,0.06434158235788345,0.5,0.018593216314911842
6.9839348793029785,0.8704624176025391,0.06434158235788345,0.5,0.018593216314911842
6.994050741195679,-0.6022936701774597,0.4914730191230774,0.5,0.009819711558520794
7.004199266433716,-0.6022936701774597,0.4914730191230774,0.5,0.009819711558520794
7.0143208503723145,-1.0,0.6065754890441895,0.5,0.00518612377345562
7.024456739425659,-1.0,0.3507651686668396,0.5,0.0027389673050493
7.034580707550049,-0.2684941589832306,0.3507651686668396,0.5,0.0027389673050493
7.044697284698486,-0.2684941589832306,-0.10682208836078644,0.5,0.001446541864424944
7.054791212081909,1.0,-0.484130859375,0.5,0.0007639683317393064
7.064908504486084,1.0,-0.484130859375,0.5,0.0007639683317393064
7.075022459030151,1.0,-0.5604403018951416,0.5,0.0004034775192849338
7.085143327713013,1.0,-0.30239149928092957,0.5,0.00021309022849891335
7.095251798629761,0.49502798914909363,-0.30239149928092957,0.5,0.00021309022849891335
7.106353759765625,0.49502798914909363,0.1277339607477188,0.5,0.00011254014680162072
7.116563320159912,-1.0,0.1277339607477188,0.5,0.00011254014680162072
7.126696586608887,-1.0,0.47681140899658203,0.5,5.943630094407126e-05
7.136788606643677,-0.9590561985969543,0.5500083565711975,0.5,3.139034379273653e-05
7.1471264362335205,-0.9590561985969543,0.5500083565711975,0.5,3.139034379273653e-05
7.157266616821289,0.21300318837165833,0.3167226314544678,0.5,1.657830762269441e-05
7.167382717132568,0.21300318837165833,-0.08218089491128922,0.5,8.75556725077331e-06
7.177496433258057,1.0,-0.08218089491128922,0.5,8.75556725077331e-06
7.1876232624053955,1.0,-0.42188093066215515,0.5,4.624110715667484e-06
7.1977379322052,1.0,-0.5206162929534912,0.5,2.4421499347226927e-06
7.207867860794067,1.0,-0.5206162929534912,0.5,2.4421499347226927e-06
7.21793794631958,-0.0021812506020069122,-0.3346652686595917,0.5,1.2897827446067822e-06
7.228044509887695,-0.0021812506020069122,-0.3346652686595917,0.5,1.2897827446067822e-06
7.238147735595703,-1.0,0.026671763509511948,0.5,6.811784487581463e-07
7.248250961303711,-1.0,0.3675229549407959,0.5,3.597537272526097e-07
7.258352279663086,-1.0,0.3675229549407959,0.5,3.597537272526097e-07
7.268455505371094,-1.0,0.5122002959251404,0.5,1.8999804751729243e-07
7.278588533401489,-0.2789227366447449,0.3940980136394501,0.5,1.0034440833806002e-07
7.2887256145477295,-0.2789227366447449,0.3940980136394501,0.5,1.0034440833806002e-07
7.298866033554077,1.0,0.08295533806085587,0.5,5.299530414504261e-08
7.309938430786133,1.0,0.08295533806085587,0.5,5.299530414504261e-08
7.320110559463501,1.0,-0.25823813676834106,0.5,2.798862297481719e-08
7.330237627029419,1.0,-0.4595954120159149,0.5,1.4781749158032653e-08
7.34035325050354,0.4721602499485016,-0.4595954120159149,0.5,1.4781749158032653e-08
7.350466966629028,0.4721602499485016,-0.427996426820755,0.5,7.806742807758837e-09
7.3605735301971436,-0.9774007797241211,-0.1876147836446762,0.5,4.123005936662594e-09
7.37068510055542,-0.9774007797241211,-0.1876147836446762,0.5,4.123005936662594e-09
7.380835771560669,-1.0,0.13867436349391937,0.5,2.177500180167158e-09
7.39094352722168,-1.0,0.3933888375759125,0.5,1.1500116414708828e-09
7.401050567626953,-0.1397538036108017,0.3933888375759125,0.5,1.1500116414708828e-09
7.411152362823486,-0.1397538036108017,0.46024763584136963,0.5,6.073597180744628e-10
7.421294212341309,0.861510157585144,0.46024763584136963,0.5,6.073597180744628e-10
7.432225465774536,0.861510157585144,0.3155291974544525,0.5,3.2076724609808593e-10
7.442502737045288,1.0,0.03338196501135826,0.5,1.6940811253807198e-10
7.452627182006836,1.0,0.03338196501135826,0.5,1.6940811253807198e-10
7.462781667709351,0.4842652678489685,-0.25358855724334717,0.5,8.947020901928227e-11
7.472914218902588,0.4842652678489685,-0.4171423614025116,0.5,4.7252285417798134e-11
7.483086585998535,-0.6386163830757141,-0.4171423614025116,0.5,4.7252285417798134e-11
7.493218898773193,-0.6386163830757141,-0.38985615968704224,0.5,2.495552722803218e-11
7.503346920013428,-0.9625146985054016,-0.1909506916999817,0.5,1.3179861715895136e-11
7.513478755950928,-0.9625146985054016,-0.1909506916999817,0.5,1.3179861715895136e-11
7.523608922958374,-0.3681422173976898,0.08721987158060074,0.5,6.9607314703845624e-12
7.533724069595337,-0.3681422173976898,0.3230244815349579,0.5,3.676198668395303e-12
7.543884515762329,0.6366543173789978,0.3230244815349579,0.5,3.676198668395303e-12
7.553981065750122,0.6366543173789978,0.4186994135379791,0.5,1.9415265836014717e-12
7.564109802246094,0.8775831460952759,0.4186994135379791,0.5,1.9415265836014717e-12
7.574213743209839,0.8775831460952759,0.33974477648735046,0.5,1.0253862646122935e-12
7.584314346313477,0.3230091631412506,0.12536293268203735,0.5,5.415414752914238e-13
7.594420909881592,-0.2646576166152954,0.12536293268203735,0.5,5.415414752914238e-13
7.604536056518555,-0.2646576166152954,-0.13197778165340424,0.5,2.860063802543472e-13
7.61464524269104,-0.2646576166152954,-0.13197778165340424,0.5,2.860063802543472e-13
7.62485933303833,-0.9624227285385132,-0.32706204056739807,0.5,1.5104969141796487e-13
7.635124683380127,-0.5037686824798584,-0.3846704065799713,0.5,7.977447099172946e-14
7.645230054855347,-0.5037686824798584,-0.3846704065799713,0.5,7.977447099172946e-14
7.65532660484314,-0.5037686824798584,-0.2874370217323303,0.5,4.2131598367413717e-14
7.665443658828735,-0.2523210942745209,-0.07913274317979813,0.5,2.2251135396028632e-14
7.675571441650391,0.708136796951294,-0.07913274317979813,0.5,2.2251135396028632e-14
7.685677766799927,0.708136796951294,0.15588967502117157,0.5,1.1751574173946185e-14
7.695776462554932,0.9479084014892578,0.32728448510169983,0.5,6.2064014104618644e-15
7.705923080444336,0.9479084014892578,0.32728448510169983,0.5,6.2064014104618644e-15
7.7160444259643555,0.2693122923374176,0.3731062412261963,0.5,3.2778093475273546e-15
7.726163387298584,0.2693122923374176,0.28116151690483093,0.5,1.7311226330389107e-15
7.736292839050293,-0.4161038398742676,0.28116151690483093,0.5,1.7311226330389107e-15
7.74641227722168,-0.4161038398742676,0.09049355238676071,0.5,9.14264493376716e-16
7.756533145904541,-1.0,0.09049355238676071,0.5,9.14264493376716e-16
7.76668906211853,-1.0,-0.12592005729675293,0.5,4.828542020767477e-16
7.776797294616699,-1.0,-0.289470374584198,0.5,2.550116830975403e-16
7.786923885345459,-0.9852909445762634,-0.289470374584198,0.5,2.550116830975403e-16
7.7970802783966064,-0.27407318353652954,-0.3442135155200958,0.5,1.3468031649113249e-16
7.807194232940674,-0.27407318353652954,-0.2751671075820923,0.5,7.112923440365525e-17
7.817301511764526,0.7208162546157837,-0.2751671075820923,0.5,7.112923440365525e-17
7.8274219036102295,0.7208162546157837,-0.11103879660367966,0.5,3.756573915716081e-17
7.8375420570373535,1.0,-0.11103879660367966,0.5,3.756573915716081e-17
7.847637414932251,1.0,0.08827821910381317,0.5,1.9839743357988382e-17
7.857732772827148,0.3325533866882324,0.2539333999156952,0.5,1.0478039921455173e-17
7.867855072021484,0.3325533866882324,0.2539333999156952,0.5,1.0478039921455173e-17
7.878037691116333,-0.4445342421531677,0.3317759931087494,0.5,5.533806451526172e-18
7.88814902305603,-0.4445342421531677,0.29943522810935974,0.5,2.922592679115979e-18
7.8982625007629395,-1.0,0.29943522810935974,0.5,2.922592679115979e-18
7.908353090286255,-1.0,0.17173410952091217,0.5,1.5435207807827513e-18
7.918447971343994,-1.0,-0.006371916271746159,0.5,8.151853045988782e-19
7.9285502433776855,-1.0,-0.006371916271746159,0.5,8.151853045988782e-19
7.938648223876953,-0.6377078890800476,-0.17603251338005066,0.5,4.305270878124785e-19
7.948789596557617,-0.6377078890800476,-0.17603251338005066,0.5,4.305270878124785e-19
7.958929777145386,0.15978839993476868,-0.2839951813220978,0.5,2.273759754652474e-19
7.969033479690552,0.15978839993476868,-0.29894787073135376,0.5,1.2008497607510546e-19
7.979153633117676,1.0,-0.29894787073135376,0.5,1.2008497607510546e-19
7.989262104034424,1.0,-0.21988283097743988,0.5,6.342097800255486e-20
7.999401330947876,1.0,-0.21988283097743988,0.5,6.342097800255486e-20
8.009530305862427,1.0,-0.07456639409065247,0.5,3.3494756356645523e-20
8.019651412963867,0.42078858613967896,0.09060953557491302,0.5,1.7689709763843987e-20
8.02979588508606,0.42078858613967896,0.09060953557491302,0.5,1.7689709763843987e-20
8.039926290512085,-0.365078866481781,0.22563476860523224,0.5,9.342534882930485e-21
8.050032138824463,-0.365078866481781,0.2918873131275177,0.5,4.934108523968585e-21
8.060138463973999,-1.0,0.2918873131275177,0.5,4.934108523968585e-21
8.070257186889648,-1.0,0.27272963523864746,0.5,2.6058701533413575e-21
8.080428838729858,-1.0,0.17697860300540924,0.5,1.3762485022970049e-21
8.090553045272827,-1.0,0.17697860300540924,0.5,1.3762485022970049e-21
8.100680589675903,-0.6219730973243713,0.03484022989869118,0.5,7.268437153219609e-22
8.110812187194824,-0.6219730973243713,-0.1119176596403122,0.5,3.8387089937273676e-22
8.120947122573853,0.18352478742599487,-0.1119176596403122,0.5,3.8387089937273676e-22
8.131055116653442,0.18352478742599487,-0.22232425212860107,0.5,2.0273527102320612e-22
8.141165494918823,1.0,-0.22232425212860107,0.5,2.0273527102320612e-22
8.15129828453064,1.0,-0.26745861768722534,0.5,1.070714217116003e-22
8.161430358886719,1.0,-0.23760192096233368,0.5,5.654806141936435e-23
8.171552658081055,1.0,-0.23760192096233368,0.5,5.654806141936435e-23
8.181676626205444,0.8301814198493958,-0.14368736743927002,0.5,2.98649580516776e-23
8.191822290420532,0.8301814198493958,-0.01313040778040886,0.5,1.5772690042824268e-23
8.201992988586426,0.07012137770652771,-0.01313040778040886,0.5,1.5772690042824268e-23
8.212144136428833,0.07012137770652771,0.11839447915554047,0.5,8.330093480095247e-24
8.222264051437378,-1.0,0.11839447915554047,0.5,8.330093480095247e-24
8.23314380645752,-1.0,0.2167438566684723,0.5,4.3994046932143025e-24
8.243309497833252,-1.0,0.25799715518951416,0.5,2.32347343934497e-24
8.253467082977295,-1.0,0.25799715518951416,0.5,2.32347343934497e-24
8.26399540901184,-1.0,0.23391763865947723,0.5,1.2271059744064637e-24
8.274337530136108,-1.0,0.15306733548641205,0.5,6.480765479479045e-25
8.28456425666809,-0.36347419023513794,0.15306733548641205,0.5,6.480765479479045e-25
8.29471731185913,-0.36347419023513794,0.03765423968434334,0.5,3.422712160763255e-25
8.30486512184143,0.7196734547615051,-0.0827544778585434,0.5,1.8076501124106604e-25
8.314991235733032,0.7196734547615051,-0.0827544778585434,0.5,1.8076501124106604e-25
8.325112104415894,1.0,-0.17886067926883698,0.5,9.546810698721822e-26
8.335242509841919,1.0,-0.17886067926883698,0.5,9.546810698721822e-26
8.345346450805664,1.0,-0.22865065932273865,0.5,5.041996155702737e-26
8.355445861816406,1.0,-0.22217288613319397,0.5,2.662850213826475e-26
8.365564107894897,0.7186992764472961,-0.22217288613319397,0.5,2.662850213826475e-26
8.375686883926392,0.7186992764472961,-0.16313546895980835,0.5,1.40634208693155e-26
8.385804414749146,0.073051318526268,-0.06721227616071701,0.5,7.427372712060685e-27
8.395934820175171,0.073051318526268,-0.06721227616071701,0.5,7.427372712060685e-27
8.406062602996826,-0.6065472960472107,0.042278535664081573,0.5,3.92264898462438e-27
8.416189193725586,-0.6065472960472107,0.14012227952480316,0.5,2.0716833596134897e-27
8.42632794380188,-1.0,0.14012227952480316,0.5,2.0716833596134897e-27
8.436457633972168,-1.0,0.20496781170368195,0.5,1.0941265791962218e-27
8.446561813354492,-0.7371598482131958,0.20496781170368195,0.5,1.0941265791962218e-27
8.456668376922607,-0.7371598482131958,0.22381600737571716,0.5,5.778455241957493e-28
8.46680498123169,-0.14949627220630646,0.19435188174247742,0.5,3.051799219444362e-28
8.476973295211792,-0.14949627220630646,0.19435188174247742,0.5,3.051799219444362e-28
8.487086296081543,0.7788988351821899,0.12479224056005478,0.5,1.6117585296079362e-28
8.497191667556763,0.7788988351821899,0.031485579907894135,0.5,8.512245029355257e-29
8.507293939590454,1.0,0.031485579907894135,0.5,8.512245029355257e-29
8.517410039901733,1.0,-0.06503763049840927,0.5,4.4956061856576586e-29
8.527536392211914,1.0,-0.06503763049840927,0.5,4.4956061856576586e-29
8.537667989730835,1.0,-0.14460714161396027,0.5,2.374280567372785e-29
8.547778606414795,1.0,-0.1915530413389206,0.5,1.2539383050052026e-29
8.55789566040039,1.0,-0.1915530413389206,0.5,1.2539383050052026e-29
8.568022727966309,0.5754280686378479,-0.19762684404850006,0.5,6.622471109481799e-30
8.578181505203247,-0.3296222984790802,-0.16320976614952087,0.5,3.4975534782162896e-30
8.58831000328064,-0.3296222984790802,-0.16320976614952087,0.5,3.4975534782162896e-30
8.598437786102295,-1.0,-0.09670896828174591,0.5,1.8471759606222575e-30
8.608556985855103,-1.0,-0.09670896828174591,0.5,1.8471759606222575e-30
8.618659973144531,-1.0,-0.012410019524395466,0.5,9.75556491521434e-31
8.628795623779297,-1.0,0.07266411185264587,0.5,5.152246282591964e-31
8.638914346694946,-0.893418550491333,0.07266411185264587,0.5,5.152246282591964e-31
8.649025440216064,-0.893418550491333,0.14219674468040466,0.5,2.7210766410800607e-31
8.659123420715332,-0.893418550491333,0.18363791704177856,0.5,1.4370930954339423e-31
8.66923975944519,-0.14261029660701752,0.18363791704177856,0.5,1.4370930954339423e-31
8.67938494682312,0.3799878656864166,0.19033324718475342,0.5,7.58977264490481e-32
8.68950343132019,0.3799878656864166,0.162399023771286,0.5,4.0084175161415627e-32
8.69963526725769,1.0,0.162399023771286,0.5,4.0084175161415627e-32
8.710421800613403,1.0,0.10628634691238403,0.5,2.1169811310480622e-32
8.720718622207642,1.0,0.033221326768398285,0.5,1.1180498520759224e-32
8.730940580368042,1.0,0.033221326768398285,0.5,1.1180498520759224e-32
8.741072654724121,0.856117308139801,-0.04310201108455658,0.5,5.904799059032179e-33
8.751199960708618,0.856117308139801,-0.04310201108455658,0.5,5.904799059032179e-33
8.76131534576416,0.13170075416564941,-0.10910220444202423,0.5,3.11852553396208e-33
8.771435737609863,0.13170075416564941,-0.1536845713853836,0.5,1.646999093932523e-33
8.781538963317871,-0.3697866201400757,-0.1536845713853836,0.5,1.646999093932523e-33
8.791637420654297,-0.3697866201400757,-0.17001143097877502,0.5,8.698364322497222e-34
8.801738977432251,-0.883276641368866,-0.15641222894191742,0.5,4.593902636345541e-34
8.811861991882324,-0.883276641368866,-0.15641222894191742,0.5,4.593902636345541e-34
8.821959018707275,-1.0,-0.11634904891252518,0.5,2.4261955445132388e-34
8.832080125808716,-1.0,-0.05752294510602951,0.5,1.2813564562803397e-34
8.842218160629272,-1.0,-0.05752294510602951,0.5,1.2813564562803397e-34
8.85232138633728,-1.0,0.009660438634455204,0.5,6.767280225682489e-35
8.862410068511963,-0.4494123160839081,0.009660438634455204,0.5,6.767280225682489e-35
8.87251329421997,-0.4494123160839081,0.07395773380994797,0.5,3.5740308806026625e-35
8.882633447647095,-0.006079036742448807,0.12515628337860107,0.5,1.887567703467306e-35
8.892733812332153,-0.006079036742448807,0.12515628337860107,0.5,1.887567703467306e-35
8.902969598770142,0.7037184834480286,0.15564221143722534,0.5,9.96888803584232e-36
8.91315507888794,0.7037184834480286,0.15564221143722534,0.5,9.96888803584232e-36
8.923278331756592,1.0,0.16144245862960815,0.5,5.2649092644552585e-36
8.933393478393555,1.0,0.14262181520462036,0.5,2.7805763192202974e-36
8.94349217414856,1.0,0.14262181520462036,0.5,2.7805763192202974e-36
8.953598976135254,1.0,0.10302453488111496,0.5,1.4685169355756688e-36
8.96372652053833,0.45918434858322144,0.04945623502135277,0.5,7.755732755127667e-37
8.97385573387146,0.45918434858322144,0.04945623502135277,0.5,7.755732755127667e-37
8.983957529067993,0.007120609283447266,-0.00952322781085968,0.5,4.096065364040779e-37
8.994205713272095,0.007120609283447266,-0.06498268246650696,0.5,2.1632707593636225e-37
9.004426002502441,-0.7045485377311707,-0.06498268246650696,0.5,2.1632707593636225e-37
9.014543771743774,-0.7045485377311707,-0.10895711183547974,0.5,1.1424971351037524e-37
9.024665355682373,-1.0,-0.13554725050926208,0.5,6.033916077784974e-38
9.034799575805664,-1.0,-0.13554725050926208,0.5,6.033916077784974e-38
9.04491901397705,-1.0,-0.14164116978645325,0.5,3.1867160992755743e-38
9.055062532424927,-1.0,-0.14164116978645325,0.5,3.1867160992755743e-38
9.065182209014893,-1.0,-0.12718512117862701,0.5,1.683012845125596e-38
9.075320482254028,-1.0,-0.09500326961278915,0.5,8.888563677372568e-39
9.085488557815552,-0.9268373847007751,-0.09500326961278915,0.5,8.888563677372568e-39
9.095621109008789,-0.9268373847007751,-0.0502285398542881,0.5,4.6943512567866015e-39
9.106594800949097,-0.2787766754627228,0.0005438350490294397,0.5,2.4792515119020756e-39
9.116745948791504,-0.2787766754627228,0.0005438350490294397,0.5,2.4792515119020756e-39
9.126862525939941,0.14657123386859894,0.050241079181432724,0.5,1.3093802915574307e-39
9.136956930160522,0.14657123386859894,0.050241079181432724,0.5,1.3093802915574307e-39
9.14707064628601,0.7934204339981079,0.09229076653718948,0.5,6.915323843535113e-40
9.157231092453003,1.0,0.12146124243736267,0.5,3.652274252492987e-40
9.16737151145935,1.0,0.12146124243736267,0.5,3.652274252492987e-40
9.17749309539795,0.8819741606712341,0.1344645917415619,0.5,1.9289293750970404e-40
9.18761944770813,0.8819741606712341,0.13026264309883118,0.5,1.0186458926716393e-40
9.197750568389893,0.8819741606712341,0.13026264309883118,0.5,1.0186458926716393e-40
9.207906246185303,0.5061235427856445,0.11006180942058563,0.5,5.379164415003675e-41
9.218054056167603,0.12983763217926025,0.0770219936966896,0.5,2.8411326364185666e-41
9.228182315826416,0.12983763217926025,0.0770219936966896,0.5,2.8411326364185666e-41
9.238291025161743,0.12983763217926025,0.035741519182920456,0.5,1.5006505254454466e-41
9.24853801727295,-0.4711942672729492,-0.008399575017392635,0.5,7.92434281575684e-42
9.25864577293396,-1.0,-0.008399575017392635,0.5,7.92434281575684e-42
9.268786430358887,-1.0,-0.04994520545005798,0.5,4.1870798114025534e-42
9.27890658378601,-1.0,-0.04994520545005798,0.5,4.1870798114025534e-42
9.28901743888855,-1.0,-0.08402662724256516,0.5,2.214051573633211e-42
9.299122095108032,-1.0,-0.10690730810165405,0.5,1.171485516175547e-42
9.309237957000732,-1.0,-0.10690730810165405,0.5,1.171485516175547e-42
9.319392442703247,-0.6556345224380493,-0.11635416001081467,0.5,6.249791150888684e-43
9.329566240310669,-0.6556345224380493,-0.11180518567562103,0.5,3.433181237595802e-43
9.339678764343262,-0.23176349699497223,-0.11180518567562103,0.5,3.433181237595802e-43
9.349785327911377,-0.23176349699497223,-0.0943315178155899,0.5,1.639519203260036e-43
9.359902381896973,0.1777888387441635,-0.0943315178155899,0.5,1.639519203260036e-43
9.370020389556885,0.1777888387441635,-0.06641482561826706,0.5,1.401298464324817e-43
9.380122900009155,0.7800270915031433,-0.031581033021211624,0.5,1.401298464324817e-43
9.390220642089844,0.7800270915031433,-0.031581033021211624,0.5,1.401298464324817e-43
9.400329351425171,1.0,0.006056332029402256,0.5,1.401298464324817e-43
9.410430192947388,1.0,0.04228490963578224,0.5,1.401298464324817e-43
9.420538187026978,1.0,0.04228490963578224,0.5,1.401298464324817e-43
9.430631399154663,1.0,0.07325753569602966,0.5,1.401298464324817e-43
9.44074034690857,1.0,0.09588312357664108,0.5,1.401298464324817e-43
9.45086932182312,1.0,0.09588312357664108,0.5,1.401298464324817e-43
9.460981845855713,0.5715352892875671,0.10810862481594086,0.5,1.401298464324817e-43
9.471105575561523,0.5715352892875671,0.10810862481594086,0.5,1.401298464324817e-43
9.481236696243286,0.17389334738254547,0.10907045751810074,0.5,1.401298464324817e-43
9.49136734008789,0.17389334738254547,0.09911099076271057,0.5,1.401298464324817e-43
9.501508235931396,-0.4089621305465698,0.09911099076271057,0.5,1.401298464324817e-43
9.511624574661255,-0.4089621305465698,0.07966907322406769,0.5,1.401298464324817e-43
9.521725416183472,-0.9576472043991089,0.07966907322406769,0.5,1.401298464324817e-43
9.531844854354858,-0.9576472043991089,0.053066615015268326,0.5,1.401298464324817e-43
9.541995286941528,-1.0,0.022221475839614868,0.5,1.401298464324817e-43
9.552166938781738,-1.0,0.022221475839614868,0.5,1.401298464324817e-43
9.562334537506104,-1.0,-0.009678245522081852,0.5,1.401298464324817e-43
9.572490692138672,-1.0,-0.03950302675366402,0.5,1.401298464324817e-43
9.582623720169067,-0.943932056427002,-0.03950302675366402,0.5,1.401298464324817e-43
9.592747449874878,-0.943932056427002,-0.06448114663362503,0.5,1.401298464324817e-43
9.602922439575195,-0.5334771275520325,-0.0824417918920517,0.5,1.401298464324817e-43
9.613060712814331,-0.5334771275520325,-0.0824417918920517,0.5,1.401298464324817e-43
9.623181104660034,0.07659260183572769,-0.09198315441608429,0.5,1.401298464324817e-43
9.63331413269043,0.07659260183572769,-0.09198315441608429,0.5,1.401298464324817e-43
9.643441915512085,0.48657238483428955,-0.09255637973546982,0.5,1.401298464324817e-43
9.653578996658325,0.48657238483428955,-0.08446323871612549,0.5,1.401298464324817e-43
9.663694858551025,1.0,-0.08446323871612549,0.5,1.401298464324817e-43
9.673804759979248,1.0,-0.06877649575471878,0.5,1.401298464324817e-43
9.68394160270691,1.0,-0.047195374965667725,0.5,1.401298464324817e-43
9.694077253341675,1.0,-0.047195374965667725,0.5,1.401298464324817e-43
9.704211235046387,1.0,-0.021855536848306656,0.5,1.401298464324817e-43
9.714342832565308,1.0,0.004886318929493427,0.5,1.401298464324817e-43
9.72445273399353,1.0,0.004886318929493427,0.5,1.401298464324817e-43
9.734598159790039,1.0,0.03067130595445633,0.5,1.401298464324817e-43
9.745462894439697,1.0,0.03067130595445633,0.5,1.401298464324817e-43
9.755645990371704,1.0,0.05334180220961571,0.5,1.401298464324817e-43
9.765749216079712,0.6322657465934753,0.07111275941133499,0.5,1.401298464324817e-43
9.77588963508606,0.6322657465934753,0.07111275941133499,0.5,1.401298464324817e-43
9.786008596420288,0.06394053995609283,0.08269886672496796,0.5,1.401298464324817e-43
9.796189069747925,0.06394053995609283,0.08739085495471954,0.5,1.401298464324817e-43
9.806287288665771,-0.3279111683368683,0.08739085495471954,0.5,1.401298464324817e-43
9.81639552116394,-0.3279111683368683,0.08507804572582245,0.5,1.401298464324817e-43
9.826522588729858,-0.8740301728248596,0.07622068375349045,0.5,1.401298464324817e-43
9.836641550064087,-0.8740301728248596,0.07622068375349045,0.5,1.401298464324817e-43
9.846796751022339,-1.0,0.06177760660648346,0.5,1.401298464324817e-43
9.856918811798096,-1.0,0.043099503964185715,0.5,1.401298464324817e-43
9.867018699645996,-1.0,0.043099503964185715,0.5,1.401298464324817e-43
9.877123832702637,-1.0,0.021798493340611458,0.5,1.401298464324817e-43
9.887224674224854,-1.0,0.021798493340611458,0.5,1.401298464324817e-43
9.897341251373291,-1.0,-0.0003928584628738463,0.5,1.401298464324817e-43
9.907455205917358,-0.6545380353927612,-0.021761955693364143,0.5,1.401298464324817e-43
9.917595148086548,-0.6545380353927612,-0.021761955693364143,0.5,1.401298464324817e-43
9.927705526351929,-0.32190242409706116,-0.04074477404356003,0.5,1.401298464324817e-43
9.937783002853394,-0.32190242409706116,-0.04074477404356003,0.5,1.401298464324817e-43
9.947881698608398,0.18800771236419678,-0.05603381246328354,0.5,1.401298464324817e-43
9.958005428314209,0.18800771236419678,-0.06665920466184616,0.5,1.401298464324817e-43
9.96816635131836,0.5313513875007629,-0.06665920466184616,0.5,1.401298464324817e-43
9.97831130027771,0.5313513875007629,-0.072038933634758,0.5,1.401298464324817e-43
9.98843502998352,1.0,-0.072038933634758,0.5,1.401298464324817e-43
9.998580932617188,1.0,-0.07199696451425552,0.5,1.401298464324817e-43
10.00870680809021,1.0,-0.06675072759389877,0.5,1.401298464324817e-43
10.018848419189453,1.0,-0.06675072759389877,0.5,1.401298464324817e-43
10.029029607772827,1.0,-0.056871652603149414,0.5,1.401298464324817e-43
10.039225578308105,1.0,-0.043223291635513306,0.5,1.401298464324817e-43
10.049344301223755,1.0,-0.043223291635513306,0.5,1.401298464324817e-43
10.059455633163452,1.0,-0.026883626356720924,0.5,1.401298464324817e-43
10.069565773010254,0.8359737396240234,-0.026883626356720924,0.5,1.401298464324817e-43
10.079671144485474,0.8359737396240234,-0.009058267809450626,0.5,1.401298464324817e-43
10.089797496795654,0.49822476506233215,0.009008830413222313,0.5,1.401298464324817e-43
10.099918842315674,0.49822476506233215,0.009008830413222313,0.5,1.401298464324817e-43
10.110039234161377,-0.0007459600456058979,0.026120726019144058,0.5,1.401298464324817e-43
10.120178699493408,-0.0007459600456058979,0.04120355471968651,0.5,1.401298464324817e-43
10.130303621292114,-0.34792518615722656,0.04120355471968651,0.5,1.401298464324817e-43
10.140423774719238,-0.34792518615722656,0.053368933498859406,0.5,1.401298464324817e-43
10.150537729263306,-0.8472566604614258,0.06195983290672302,0.5,1.401298464324817e-43
10.160682439804077,-0.8472566604614258,0.06195983290672302,0.5,1.401298464324817e-43
10.170774936676025,-1.0,0.06657809019088745,0.5,1.401298464324817e-43
10.18086838722229,-1.0,0.06657809019088745,0.5,1.401298464324817e-43
10.190984010696411,-1.0,0.06709358841180801,0.5,1.401298464324817e-43
10.20110821723938,-1.0,0.06363574415445328,0.5,1.401298464324817e-43
10.211209774017334,-1.0,0.06363574415445328,0.5,1.401298464324817e-43
10.2213613986969,-1.0,0.056569598615169525,0.5,1.401298464324817e-43
10.231480360031128,-1.0,0.056569598615169525,0.5,1.401298464324817e-43
10.241604089736938,-1.0,0.04645905643701553,0.5,1.401298464324817e-43
10.25170373916626,-1.0,0.03402073681354523,0.5,1.401298464324817e-43
10.261789798736572,-1.0,0.03402073681354523,0.5,1.401298464324817e-43
10.272623062133789,-0.5997267365455627,0.020071914419531822,0.5,1.401298464324817e-43
10.282779932022095,-0.5997267365455627,0.0054763564839959145,0.5,1.401298464324817e-43
10.29289960861206,-0.15168960392475128,0.0054763564839959145,0.5,1.401298464324817e-43
10.302998542785645,-0.15168960392475128,-0.008908773772418499,0.5,1.401298464324817e-43
10.313091039657593,0.13627499341964722,-0.02228168398141861,0.5,1.401298464324817e-43
10.323200225830078,0.13627499341964722,-0.02228168398141861,0.5,1.401298464324817e-43
10.333338975906372,0.5789397954940796,-0.03393806144595146,0.5,1.401298464324817e-43
10.34345269203186,0.5789397954940796,-0.04330457001924515,0.5,1.401298464324817e-43
10.353597164154053,0.8658163547515869,-0.04330457001924515,0.5,1.401298464324817e-43
10.363742113113403,0.8658163547515869,-0.04996255412697792,0.5,1.401298464324817e-43
10.373881578445435,1.0,-0.04996255412697792,0.5,1.401298464324817e-43
10.384026527404785,1.0,-0.05366140231490135,0.5,1.401298464324817e-43
10.394171476364136,1.0,-0.05432191118597984,0.5,1.401298464324817e-43
10.404274702072144,1.0,-0.05432191118597984,0.5,1.401298464324817e-43
10.414381742477417,1.0,-0.0520298145711422,0.5,1.401298464324817e-43
10.424577474594116,1.0,-0.04702113941311836,0.5,1.401298464324817e-43
10.43472695350647,0.7460339069366455,-0.04702113941311836,0.5,1.401298464324817e-43
10.444853067398071,0.7460339069366455,-0.03966054320335388,0.5,1.401298464324817e-43
10.45495867729187,0.49372297525405884,-0.03966054320335388,0.5,1.401298464324817e-43
10.465099096298218,0.49372297525405884,-0.03041456639766693,0.5,1.401298464324817e-43
10.47537088394165,0.0964449867606163,-0.019821390509605408,0.5,1.401298464324817e-43
10.485486507415771,0.0964449867606163,-0.019821390509605408,0.5,1.401298464324817e-43
10.495635986328125,-0.3051724135875702,-0.008459302596747875,0.5,1.401298464324817e-43
10.505930185317993,-0.5656933784484863,0.003084740834310651,0.5,1.401298464324817e-43
10.516046285629272,-0.5656933784484863,0.003084740834310651,0.5,1.401298464324817e-43
10.526180505752563,-0.5656933784484863,0.014244642108678818,0.5,1.401298464324817e-43
10.536316633224487,-0.8302216529846191,0.024501528590917587,0.5,1.401298464324817e-43
10.546470880508423,-0.8302216529846191,0.024501528590917587,0.5,1.401298464324817e-43
10.55658221244812,-1.0,0.03340591490268707,0.5,1.401298464324817e-43
10.566672801971436,-1.0,0.03340591490268707,0.5,1.401298464324817e-43
10.576778888702393,-1.0,0.04059486463665962,0.5,1.401298464324817e-43
10.58689832687378,-1.0,0.04580378532409668,0.5,1.401298464324817e-43
10.597049713134766,-1.0,0.04580378532409668,0.5,1.401298464324817e-43
10.607190132141113,-1.0,0.04887276887893677,0.5,1.401298464324817e-43
10.617315769195557,-1.0,0.04974743723869324,0.5,1.401298464324817e-43
10.627412557601929,-0.9724451303482056,0.04974743723869324,0.5,1.401298464324817e-43
10.637516498565674,-0.9724451303482056,0.04847491905093193,0.5,1.401298464324817e-43
10.647627592086792,-0.9724451303482056,0.045195531100034714,0.5,1.401298464324817e-43
10.657773494720459,-0.6017311811447144,0.045195531100034714,0.5,1.401298464324817e-43
10.667893171310425,-0.33930182456970215,0.04013071581721306,0.5,1.401298464324817e-43
10.678004264831543,-0.33930182456970215,0.04013071581721306,0.5,1.401298464324817e-43
10.68810224533081,0.06319267302751541,0.03356832638382912,0.5,1.401298464324817e-43
10.698209285736084,0.06319267302751541,0.025845957919955254,0.5,1.401298464324817e-43
10.708351850509644,0.06319267302751541,0.025845957919955254,0.5,1.401298464324817e-43
10.718509435653687,0.325033038854599,0.01733338087797165,0.5,1.401298464324817e-43
10.728610515594482,0.6043466329574585,0.008414805866777897,0.5,1.401298464324817e-43
10.7387216091156,0.6043466329574585,0.008414805866777897,0.5,1.401298464324817e-43
10.748857021331787,0.9941787719726562,-0.000528162345290184,0.5,1.401298464324817e-43
10.75895357131958,0.9941787719726562,-0.009132271632552147,0.5,1.401298464324817e-43
10.769068956375122,1.0,-0.009132271632552147,0.5,1.401298464324817e-43
10.779189348220825,1.0,-0.01706639863550663,0.5,1.401298464324817e-43
10.78929328918457,1.0,-0.01706639863550663,0.5,1.401298464324817e-43
10.799398183822632,1.0,-0.024043064564466476,0.5,1.401298464324817e-43
10.809498071670532,1.0,-0.029827242717146873,0.5,1.401298464324817e-43
10.819591522216797,1.0,-0.029827242717146873,0.5,1.401298464324817e-43
10.82972502708435,1.0,-0.03424259275197983,0.5,1.401298464324817e-43
10.83991527557373,1.0,-0.03424259275197983,0.5,1.401298464324817e-43
10.850021839141846,1.0,-0.03717460483312607,0.5,1.401298464324817e-43
10.860149621963501,1.0,-0.03857136517763138,0.5,1.401298464324817e-43
10.870275020599365,1.0,-0.03857136517763138,0.5,1.401298464324817e-43
10.880406856536865,0.8293271660804749,-0.03844164311885834,0.5,1.401298464324817e-43
10.890549898147583,0.6227380633354187,-0.03685082122683525,0.5,1.401298464324817e-43
10.90064549446106,0.6227380633354187,-0.03685082122683525,0.5,1.401298464324817e-43
10.91074275970459,0.29004809260368347,-0.033914968371391296,0.5,1.401298464324817e-43
10.920880556106567,0.29004809260368347,-0.029793398454785347,0.5,1.401298464324817e-43
10.930988788604736,-0.05472522974014282,-0.029793398454785347,0.5,1.401298464324817e-43
10.94110107421875,-0.05472522974014282,-0.02468019537627697,0.5,1.401298464324817e-43
10.95121145248413,-0.2852915823459625,-0.02468019537627697,0.5,1.401298464324817e-43
10.961341381072998,-0.2852915823459625,-0.0187949538230896,0.5,1.401298464324817e-43
10.97146201133728,-0.631996750831604,-0.012373416684567928,0.5,1.401298464324817e-43
10.981559991836548,-0.631996750831604,-0.012373416684567928,0.5,1.401298464324817e-43
10.991668224334717,-0.8675175905227661,-0.005658063571900129,0.5,1.401298464324817e-43
11.001784563064575,-0.8675175905227661,0.0011107705067843199,0.5,1.401298464324817e-43
11.011909484863281,-1.0,0.0011107705067843199,0.5,1.401298464324817e-43
11.022048473358154,-1.0,0.007703106384724379,0.5,1.401298464324817e-43
11.032171249389648,-1.0,0.013906565494835377,0.5,1.401298464324817e-43
11.042291164398193,-1.0,0.013906565494835377,0.5,1.401298464324817e-43
11.052402257919312,-1.0,0.019532470032572746,0.5,1.401298464324817e-43
11.062528371810913,-1.0,0.019532470032572746,0.5,1.401298464324817e-43
11.072665214538574,-1.0,0.024420738220214844,0.5,1.401298464324817e-43
11.082801580429077,-1.0,0.02844337746500969,0.5,1.401298464324817e-43
11.092927694320679,-0.7209152579307556,0.02844337746500969,0.5,1.401298464324817e-43
11.103050470352173,-0.7209152579307556,0.0315067321062088,0.5,1.401298464324817e-43
11.113179922103882,-0.5431091785430908,0.03355240076780319,0.5,1.401298464324817e-43
11.123302936553955,-0.5431091785430908,0.03355240076780319,0.5,1.401298464324817e-43
11.133409023284912,-0.24519792199134827,0.03455689549446106,0.5,1.401298464324817e-43
11.143512964248657,-0.24519792199134827,0.03455689549446106,0.5,1.401298464324817e-43
11.153634071350098,-0.05624575540423393,0.034530334174633026,0.5,1.401298464324817e-43
11.163790225982666,-0.05624575540423393,0.033514004200696945,0.5,1.401298464324817e-43
11.173919439315796,0.2470795065164566,0.033514004200696945,0.5,1.401298464324817e-43
11.184038400650024,0.2470795065164566,0.031577032059431076,0.5,1.401298464324817e-43
11.194165229797363,0.44937631487846375,0.028812818229198456,0.5,1.401298464324817e-43
11.20428991317749,0.44937631487846375,0.028812818229198456,0.5,1.401298464324817e-43
11.214406490325928,0.653698742389679,0.02533453144133091,0.5,1.401298464324817e-43
11.224517822265625,0.653698742389679,0.021270541474223137,0.5,1.401298464324817e-43
11.234640836715698,0.9626798629760742,0.021270541474223137,0.5,1.401298464324817e-43
11.244788408279419,0.9626798629760742,0.0167597234249115,0.5,1.401298464324817e-43
11.254903316497803,1.0,0.0167597234249115,0.5,1.401298464324817e-43
11.265032529830933,1.0,0.011946730315685272,0.5,1.401298464324817e-43
11.275227785110474,1.0,0.006977456156164408,0.5,1.401298464324817e-43
11.285326957702637,1.0,0.006977456156164408,0.5,1.401298464324817e-43
11.295482635498047,1.0,0.0019947753753513098,0.5,1.401298464324817e-43
11.305655002593994,1.0,0.0019947753753513098,0.5,1.401298464324817e-43
11.315866947174072,1.0,-0.0028652807231992483,0.5,1.401298464324817e-43
11.325989007949829,1.0,-0.007476934231817722,0.5,1.401298464324817e-43
11.336122274398804,1.0,-0.007476934231817722,0.5,1.401298464324817e-43
11.346287727355957,1.0,-0.011727496981620789,0.5,1.401298464324817e-43
11.35642409324646,0.9130178093910217,-0.015519637614488602,0.5,1.401298464324817e-43
11.366562128067017,0.9130178093910217,-0.015519637614488602,0.5,1.401298464324817e-43
11.376673698425293,0.6238778829574585,-0.018773091956973076,0.5,1.401298464324817e-43
11.386802673339844,0.6238778829574585,-0.02142571285367012,0.5,1.401298464324817e-43
11.39708948135376,0.3170689344406128,-0.02142571285367012,0.5,1.401298464324817e-43
11.407206296920776,0.3170689344406128,-0.023434074595570564,0.5,1.401298464324817e-43
11.4173264503479,0.10035718977451324,-0.023434074595570564,0.5,1.401298464324817e-43
11.427430868148804,0.10035718977451324,-0.02477339282631874,0.5,1.401298464324817e-43
11.437550783157349,-0.12027672678232193,-0.025437045842409134,0.5,1.401298464324817e-43
11.447675466537476,-0.12027672678232193,-0.025437045842409134,0.5,1.401298464324817e-43
11.457818508148193,-0.4396737515926361,-0.025435594841837883,0.5,1.401298464324817e-43
11.468006372451782,-0.4396737515926361,-0.024795541539788246,0.5,1.401298464324817e-43
11.478181600570679,-0.6671435236930847,-0.024795541539788246,0.5,1.401298464324817e-43
11.488345861434937,-0.6671435236930847,-0.023557594045996666,0.5,1.401298464324817e-43
11.498517990112305,-0.9899802803993225,-0.021774863824248314,0.5,1.401298464324817e-43
11.50864577293396,-0.9899802803993225,-0.021774863824248314,0.5,1.401298464324817e-43
11.518776655197144,-1.0,-0.019510742276906967,0.5,1.401298464324817e-43
11.52889633178711,-1.0,-0.019510742276906967,0.5,1.401298464324817e-43
11.539008140563965,-1.0,-0.016836777329444885,0.5,1.401298464324817e-43
11.549137353897095,-1.0,-0.013830485753715038,0.5,1.401298464324817e-43
11.559258222579956,-1.0,-0.013830485753715038,0.5,1.401298464324817e-43
11.569402694702148,-1.0,-0.010573100298643112,0.5,1.401298464324817e-43
11.579551935195923,-1.0,-0.007147468626499176,0.5,1.401298464324817e-43
11.589703798294067,-1.0,-0.007147468626499176,0.5,1.401298464324817e-43
11.599927186965942,-1.0,-0.00363603956066072,0.5,1.401298464324817e-43
11.610104322433472,-1.0,-0.00011900199751835316,0.5,1.401298464324817e-43
11.620272159576416,-1.0,-0.00011900199751835316,0.5,1.401298464324817e-43
11.630395889282227,-1.0,0.0033273850567638874,0.5,1.401298464324817e-43
11.640515804290771,-1.0,0.0033273850567638874,0.5,1.401298464324817e-43
11.650625705718994,-0.9945330619812012,0.0066322628408670425,0.5,1.401298464324817e-43
11.660728693008423,-0.9945330619812012,0.00973139051347971,0.5,1.401298464324817e-43
11.67085337638855,-0.9945330619812012,0.00973139051347971,0.5,1.401298464324817e-43
11.68097734451294,-0.8035808801651001,0.012568177655339241,0.5,1.401298464324817e-43
11.691115379333496,-0.5169938206672668,0.015094409696757793,0.5,1.401298464324817e-43
11.701241731643677,-0.5169938206672668,0.015094409696757793,0.5,1.401298464324817e-43
11.711333513259888,-0.31501585245132446,0.0172707661986351,0.5,1.401298464324817e-43
11.721446990966797,-0.31501585245132446,0.019067123532295227,0.5,1.401298464324817e-43
11.73157525062561,-0.019519519060850143,0.019067123532295227,0.5,1.401298464324817e-43
11.741687297821045,-0.019519519060850143,0.02046261727809906,0.5,1.401298464324817e-43
11.751787900924683,0.17907270789146423,0.02046261727809906,0.5,1.401298464324817e-43
11.761914014816284,0.17907270789146423,0.021445488557219505,0.5,1.401298464324817e-43
11.772047758102417,0.3790786564350128,0.022012794390320778,0.5,1.401298464324817e-43
11.782170534133911,0.3790786564350128,0.022012794390320778,0.5,1.401298464324817e-43
11.792308807373047,0.6656054854393005,0.022169901058077812,0.5,1.401298464324817e-43
11.802480459213257,0.6656054854393005,0.021929891780018806,0.5,1.401298464324817e-43
11.812648296356201,0.9216979146003723,0.021929891780018806,0.5,1.401298464324817e-43
11.822808265686035,0.9216979146003723,0.021312814205884933,0.5,1.401298464324817e-43
11.832974195480347,1.0,0.021312814205884933,0.5,1.401298464324817e-43
11.843168497085571,1.0,0.020344877615571022,0.5,1.401298464324817e-43
11.853342294692993,1.0,0.019057568162679672,0.5,1.401298464324817e-43
11.863507747650146,1.0,0.019057568162679672,0.5,1.401298464324817e-43
11.873622417449951,1.0,0.017486711964011192,0.5,1.401298464324817e-43
11.883732080459595,1.0,0.01567152887582779,0.5,1.401298464324817e-43
11.893881797790527,1.0,0.01567152887582779,0.5,1.401298464324817e-43
11.904028415679932,1.0,0.013653695583343506,0.5,1.401298464324817e-43
11.914206981658936,1.0,0.011476436629891396,0.5,1.401298464324817e-43
11.92434048652649,1.0,0.011476436629891396,0.5,1.401298464324817e-43
11.934475183486938,1.0,0.00918362196534872,0.5,1.401298464324817e-43
11.944608211517334,1.0,0.00918362196534872,0.5,1.401298464324817e-43
11.954802989959717,1.0,0.006818932946771383,0.5,1.401298464324817e-43
11.964953184127808,1.0,0.0044251070357859135,0.5,1.401298464324817e-43
11.975087642669678,0.8335775136947632,0.0044251070357859135,0.5,1.401298464324817e-43
11.985187292098999,0.8335775136947632,0.002043209969997406,0.5,1.401298464324817e-43
11.996193408966064,0.6951684951782227,-0.00028796104015782475,0.5,1.401298464324817e-43
12.006444215774536,0.6951684951782227,-0.00028796104015782475,0.5,1.401298464324817e-43
12.016602993011475,0.4829261898994446,-0.002532417420297861,0.5,1.401298464324817e-43
12.026791095733643,0.4829261898994446,-0.004657429177314043,0.5,1.401298464324817e-43
12.036963701248169,0.3543068468570709,-0.004657429177314043,0.5,1.401298464324817e-43
12.04712963104248,0.3543068468570709,-0.006633872166275978,0.5,1.401298464324817e-43
12.05729341506958,0.14240260422229767,-0.006633872166275978,0.5,1.401298464324817e-43
12.067432403564453,0.14240260422229767,-0.008436514064669609,0.5,1.401298464324817e-43
12.077578067779541,0.02188635803759098,-0.010044179856777191,0.5,1.401298464324817e-43
12.087695360183716,0.02188635803759098,-0.010044179856777191,0.5,1.401298464324817e-43
12.097777843475342,-0.1826665848493576,-0.011439853347837925,0.5,1.401298464324817e-43
12.107877254486084,-0.1826665848493576,-0.012610712088644505,0.5,1.401298464324817e-43
12.11800742149353,-0.3777620494365692,-0.012610712088644505,0.5,1.401298464324817e-43
12.128175973892212,-0.3777620494365692,-0.01354805938899517,0.5,1.401298464324817e-43
12.13831090927124,-0.4964900612831116,-0.014247233048081398,0.5,1.401298464324817e-43
12.148427724838257,-0.4964900612831116,-0.014247233048081398,0.5,1.401298464324817e-43
12.15854811668396,-0.6989446878433228,-0.014707418158650398,0.5,1.401298464324817e-43
12.168668031692505,-0.6989446878433228,-0.014931414276361465,0.5,1.401298464324817e-43
12.178791761398315,-0.8275957703590393,-0.014931414276361465,0.5,1.401298464324817e-43
12.188912868499756,-0.8275957703590393,-0.014925400726497173,0.5,1.401298464324817e-43
12.19899845123291,-0.9582865238189697,-0.014925400726497173,0.5,1.401298464324817e-43
12.209116697311401,-0.9582865238189697,-0.014698615297675133,0.5,1.401298464324817e-43
12.21922492980957,-1.0,-0.014263041317462921,0.5,1.401298464324817e-43
12.229350566864014,-1.0,-0.014263041317462921,0.5,1.401298464324817e-43
12.239486455917358,-1.0,-0.013633043505251408,0.5,1.401298464324817e-43
12.24959683418274,-1.0,-0.01282503828406334,0.5,1.401298464324817e-43
12.25972294807434,-1.0,-0.01282503828406334,0.5,1.401298464324817e-43
12.269878149032593,-1.0,-0.011857100762426853,0.5,1.401298464324817e-43
12.28000545501709,-1.0,-0.011857100762426853,0.5,1.401298464324817e-43
12.290176153182983,-1.0,-0.010748613625764847,0.5,1.401298464324817e-43
12.300320386886597,-1.0,-0.009519918821752071,0.5,1.401298464324817e-43
12.310442686080933,-1.0,-0.009519918821752071,0.5,1.401298464324817e-43
12.32055115699768,-0.8694366216659546,-0.008191965520381927,0.5,1.401298464324817e-43
12.330655813217163,-0.8694366216659546,-0.006785985082387924,0.5,1.401298464324817e-43
12.340779781341553,-0.7837867140769958,-0.006785985082387924,0.5,1.401298464324817e-43
12.350921630859375,-0.7837867140769958,-0.005323168821632862,0.5,1.401298464324817e-43
12.361040353775024,-0.6799687147140503,-0.005323168821632862,0.5,1.401298464324817e-43
12.37116026878357,-0.6799687147140503,-0.0038243902381509542,0.5,1.401298464324817e-43
12.38129448890686,-0.5097686648368835,-0.0023099365644156933,0.5,1.401298464324817e-43
12.39141583442688,-0.34042656421661377,-0.0023099365644156933,0.5,1.401298464324817e-43
12.401665925979614,-0.34042656421661377,-0.0007992762257345021,0.5,1.401298464324817e-43
12.41179633140564,-0.34042656421661377,0.000689151172991842,0.5,1.401298464324817e-43
12.42191195487976,-0.22678489983081818,0.000689151172991842,0.5,1.401298464324817e-43
12.432226657867432,-0.11770659685134888,0.00213811406865716,0.5,1.401298464324817e-43
12.44247055053711,-0.11770659685134888,0.003531737718731165,0.5,1.401298464324817e-43
12.452657222747803,-0.11770659685134888,0.003531737718731165,0.5,1.401298464324817e-43
12.462786436080933,0.071773461997509,0.004855627194046974,0.5,1.401298464324817e-43
12.472942113876343,0.20184895396232605,0.004855627194046974,0.5,1.401298464324817e-43
12.483112335205078,0.20184895396232605,0.006096966098994017,0.5,1.401298464324817e-43
12.493268966674805,0.39567846059799194,0.007244565524160862,0.5,1.401298464324817e-43
12.503427028656006,0.39567846059799194,0.007244565524160862,0.5,1.401298464324817e-43
12.51359510421753,0.5894245505332947,0.008288918063044548,0.5,1.401298464324817e-43
12.523774147033691,0.5894245505332947,0.009222212247550488,0.5,1.401298464324817e-43
12.53391408920288,0.7272902131080627,0.009222212247550488,0.5,1.401298464324817e-43
12.544069051742554,0.7272902131080627,0.010038327425718307,0.5,1.401298464324817e-43
12.554234981536865,0.8557440638542175,0.01073278859257698,0.5,1.401298464324817e-43
12.564406156539917,0.8557440638542175,0.01073278859257698,0.5,1.401298464324817e-43
12.57456374168396,1.0,0.01130273099988699,0.5,1.401298464324817e-43
12.584689140319824,1.0,0.01130273099988699,0.5,1.401298464324817e-43
12.594786405563354,1.0,0.011746848002076149,0.5,1.401298464324817e-43
12.604909896850586,1.0,0.012065290473401546,0.5,1.401298464324817e-43
12.615039110183716,1.0,0.012065290473401546,0.5,1.401298464324817e-43
12.625211000442505,1.0,0.012259593233466148,0.5,1.401298464324817e-43
12.6353919506073,1.0,0.012332559563219547,0.5,1.401298464324817e-43
12.645520687103271,1.0,0.012332559563219547,0.5,1.401298464324817e-43
12.655636548995972,1.0,0.012288163416087627,0.5,1.401298464324817e-43
12.665777444839478,1.0,0.012131445109844208,0.5,1.401298464324817e-43
12.6759033203125,1.0,0.012131445109844208,0.5,1.401298464324817e-43
12.686046123504639,1.0,0.01186834555119276,0.5,1.401298464324817e-43
12.696166515350342,1.0,0.01186834555119276,0.5,1.401298464324817e-43
12.706289291381836,1.0,0.011505644768476486,0.5,1.401298464324817e-43
12.7163987159729,1.0,0.011050805449485779,0.5,1.401298464324817e-43
12.726498126983643,1.0,0.011050805449485779,0.5,1.401298464324817e-43
12.736596584320068,0.9392786026000977,0.010511851869523525,0.5,1.401298464324817e-43
12.746734857559204,0.9392786026000977,0.009897255338728428,0.5,1.401298464324817e-43
12.756882190704346,0.8098263144493103,0.009897255338728428,0.5,1.401298464324817e-43
12.766998767852783,0.8098263144493103,0.00921582616865635,0.5,1.401298464324817e-43
12.777119874954224,0.6241894960403442,0.00921582616865635,0.5,1.401298464324817e-43
12.787245035171509,0.6241894960403442,0.008476580493152142,0.5,1.401298464324817e-43
12.797365188598633,0.49303433299064636,0.007688660640269518,0.5,1.401298464324817e-43
12.807551860809326,0.49303433299064636,0.007688660640269518,0.5,1.401298464324817e-43
12.81770658493042,0.31121402978897095,0.006861214991658926,0.5,1.401298464324817e-43
12.827829360961914,0.31121402978897095,0.006003309972584248,0.5,1.401298464324817e-43
12.837961196899414,0.1843157410621643,0.006003309972584248,0.5,1.401298464324817e-43
12.848080396652222,0.1843157410621643,0.005123855546116829,0.5,1.401298464324817e-43
12.858207941055298,0.024191174656152725,0.004231507424265146,0.5,1.401298464324817e-43
12.868614673614502,0.024191174656152725,0.004231507424265146,0.5,1.401298464324817e-43
12.878779888153076,-0.08951025456190109,0.003334611654281616,0.5,1.401298464324817e-43
12.888891220092773,-0.08951025456190109,0.002441135933622718,0.5,1.401298464324817e-43
12.898997783660889,-0.24015508592128754,0.002441135933622718,0.5,1.401298464324817e-43
12.9091215133667,-0.24015508592128754,0.0015586221124976873,0.5,1.401298464324817e-43
12.919263362884521,-0.33347153663635254,0.0015586221124976873,0.5,1.401298464324817e-43
12.929394721984863,-0.33347153663635254,0.0006941333413124084,0.5,1.401298464324817e-43
12.939494609832764,-0.47852852940559387,-0.00014577890397049487,0.5,1.401298464324817e-43
12.949675798416138,-0.47852852940559387,-0.00014577890397049487,0.5,1.401298464324817e-43
12.959781885147095,-0.5655311346054077,-0.0009551083203405142,0.5,1.401298464324817e-43
12.969900846481323,-0.5655311346054077,-0.00172841374296695,0.5,1.401298464324817e-43
12.980029344558716,-0.7019553780555725,-0.00172841374296695,0.5,1.401298464324817e-43
12.99016785621643,-0.7019553780555725,-0.0024608366657048464,0.5,1.401298464324817e-43
13.0003182888031,-0.7882384061813354,-0.0024608366657048464,0.5,1.401298464324817e-43
13.010473489761353,-0.7882384061813354,-0.0031481075566262007,0.5,1.401298464324817e-43
13.020615816116333,-0.9352840781211853,-0.003786551533266902,0.5,1.401298464324817e-43
13.030791282653809,-0.9352840781211853,-0.003786551533266902,0.5,1.401298464324817e-43
13.040919780731201,-1.0,-0.004373082425445318,0.5,1.401298464324817e-43
13.051056861877441,-1.0,-0.004905194044113159,0.5,1.401298464324817e-43
13.061220169067383,-1.0,-0.004905194044113159,0.5,1.401298464324817e-43
13.072432279586792,-1.0,-0.005380954127758741,0.5,1.401298464324817e-43
13.082603693008423,-1.0,-0.005798975005745888,0.5,1.401298464324817e-43
13.092723846435547,-1.0,-0.005798975005745888,0.5,1.401298464324817e-43
13.102799654006958,-1.0,-0.0061584054492414,0.5,1.401298464324817e-43
13.112926721572876,-1.0,-0.006458893418312073,0.5,1.401298464324817e-43
13.123060703277588,-1.0,-0.006458893418312073,0.5,1.401298464324817e-43
13.133200883865356,-1.0,-0.006700570695102215,0.5,1.401298464324817e-43
13.143321514129639,-1.0,-0.006700570695102215,0.5,1.401298464324817e-43
13.153438806533813,-1.0,-0.006884010508656502,0.5,1.401298464324817e-43
13.163567781448364,-1.0,-0.007010206580162048,0.5,1.401298464324817e-43
13.173702239990234,-1.0,-0.007010206580162048,0.5,1.401298464324817e-43
13.183893918991089,-1.0,-0.0070805358700454235,0.5,1.401298464324817e-43
13.19402289390564,-1.0,-0.007096726447343826,0.5,1.401298464324817e-43
13.204187393188477,-1.0,-0.007096726447343826,0.5,1.401298464324817e-43
13.214302062988281,-1.0,-0.007060817908495665,0.5,1.401298464324817e-43
13.224424600601196,-1.0,-0.006975130643695593,0.5,1.401298464324817e-43
13.23454475402832,-1.0,-0.006975130643695593,0.5,1.401298464324817e-43
13.244671821594238,-1.0,-0.006842233240604401,0.5,1.401298464324817e-43
13.254784345626831,-1.0,-0.006842233240604401,0.5,1.401298464324817e-43
13.265491485595703,-1.0,-0.00666490662842989,0.5,1.401298464324817e-43
13.275929927825928,-0.8567812442779541,-0.006446103099733591,0.5,1.401298464324817e-43
13.28606653213501,-0.8567812442779541,-0.006446103099733591,0.5,1.401298464324817e-43
13.296177864074707,-0.752091109752655,-0.006188925821334124,0.5,1.401298464324817e-43
13.306288242340088,-0.752091109752655,-0.005896585062146187,0.5,1.401298464324817e-43
13.316392660140991,-0.5885242223739624,-0.005896585062146187,0.5,1.401298464324817e-43
13.326508283615112,-0.5885242223739624,-0.005572372581809759,0.5,1.401298464324817e-43
13.336640119552612,-0.4647967517375946,-0.005572372581809759,0.5,1.401298464324817e-43
13.346790313720703,-0.4647967517375946,-0.0052196430042386055,0.5,1.401298464324817e-43
13.356907606124878,-0.3008422255516052,-0.004841769114136696,0.5,1.401298464324817e-43
13.36703610420227,-0.3008422255516052,-0.004841769114136696,0.5,1.401298464324817e-43
13.377191066741943,-0.17268115282058716,-0.004442119970917702,0.5,1.401298464324817e-43
13.387319326400757,-0.17268115282058716,-0.004024050198495388,0.5,1.401298464324817e-43
13.397414922714233,-0.007214241661131382,-0.004024050198495388,0.5,1.401298464324817e-43
13.407532215118408,-0.007214241661131382,-0.0035908606369048357,0.5,1.401298464324817e-43
13.417646884918213,0.10610374063253403,-0.003145792055875063,0.5,1.401298464324817e-43
13.427763223648071,0.10610374063253403,-0.003145792055875063,0.5,1.401298464324817e-43
13.437888383865356,0.266471803188324,-0.0026919953525066376,0.5,1.401298464324817e-43
13.447998762130737,0.266471803188324,-0.0026919953525066376,0.5,1.401298464324817e-43
13.458153486251831,0.36429262161254883,-0.0022325206082314253,0.5,1.401298464324817e-43
13.468270540237427,0.36429262161254883,-0.0017703052144497633,0.5,1.401298464324817e-43
13.478365659713745,0.5069335699081421,-0.0017703052144497633,0.5,1.401298464324817e-43
13.488464593887329,0.5069335699081421,-0.0013081547804176807,0.5,1.401298464324817e-43
13.49856162071228,0.6428176164627075,-0.0008487351587973535,0.5,1.401298464324817e-43
13.508687973022461,0.6428176164627075,-0.0008487351587973535,0.5,1.401298464324817e-43
13.518857479095459,0.7198657393455505,-0.0003945645585190505,0.5,1.401298464324817e-43
13.528960466384888,0.7198657393455505,5.199635779717937e-05,0.5,1.401298464324817e-43
13.53906798362732,0.798076868057251,5.199635779717937e-05,0.5,1.401298464324817e-43
13.54935359954834,0.798076868057251,0.0004887494724243879,0.5,1.401298464324817e-43
13.559511661529541,0.9134519100189209,0.0004887494724243879,0.5,1.401298464324817e-43
13.569616794586182,0.9134519100189209,0.000913663359824568,0.5,1.401298464324817e-43
13.57972240447998,0.9672864079475403,0.0013248773757368326,0.5,1.401298464324817e-43
13.589840650558472,0.9672864079475403,0.0013248773757368326,0.5,1.401298464324817e-43
13.599958181381226,1.0,0.0017207014607265592,0.5,1.401298464324817e-43
13.610050678253174,1.0,0.0020996187813580036,0.5,1.401298464324817e-43
13.620145559310913,1.0,0.0020996187813580036,0.5,1.401298464324817e-43
13.630241394042969,1.0,0.002460281830281019,0.5,1.401298464324817e-43
13.640335083007812,1.0,0.002460281830281019,0.5,1.401298464324817e-43
13.650444507598877,1.0,0.0028015142306685448,0.5,1.401298464324817e-43
13.660540342330933,1.0,0.0031223034020513296,0.5,1.401298464324817e-43
13.670654058456421,1.0,0.0031223034020513296,0.5,1.401298464324817e-43
13.680779218673706,1.0,0.0034218032378703356,0.5,1.401298464324817e-43
13.69088888168335,1.0,0.0036993229296058416,0.5,1.401298464324817e-43
13.701000690460205,1.0,0.0036993229296058416,0.5,1.401298464324817e-43
13.711156845092773,1.0,0.003954319749027491,0.5,1.401298464324817e-43
13.721332550048828,1.0,0.004186409991234541,0.5,1.401298464324817e-43
13.731455087661743,1.0,0.004186409991234541,0.5,1.401298464324817e-43
13.741564750671387,1.0,0.004395345691591501,0.5,1.401298464324817e-43
13.751673221588135,1.0,0.004395345691591501,0.5,1.401298464324817e-43
13.761796951293945,1.0,0.004581006709486246,0.5,1.401298464324817e-43
13.772014617919922,1.0,0.0047434051521122456,0.5,1.401298464324817e-43
13.782134294509888,1.0,0.0047434051521122456,0.5,1.401298464324817e-43
13.792262315750122,1.0,0.0048826634883880615,0.5,1.401298464324817e-43
13.802412986755371,1.0,0.0049990275874733925,0.5,1.401298464324817e-43
13.812570095062256,1.0,0.0049990275874733925,0.5,1.401298464324817e-43
13.822711944580078,1.0,0.00509284483268857,0.5,1.401298464324817e-43
13.832880973815918,1.0,0.00509284483268857,0.5,1.401298464324817e-43
13.843022584915161,1.0,0.005164549686014652,0.5,1.401298464324817e-43
13.8531494140625,1.0,0.005214669741690159,0.5,1.401298464324817e-43
13.863273859024048,1.0,0.005214669741690159,0.5,1.401298464324817e-43
13.873404502868652,1.0,0.005243811756372452,0.5,1.401298464324817e-43
13.883551597595215,1.0,0.005252653732895851,0.5,1.401298464324817e-43
13.893708944320679,0.9140987992286682,0.005252653732895851,0.5,1.401298464324817e-43
13.904445171356201,0.9140987992286682,0.005241936072707176,0.5,1.401298464324817e-43
13.914616346359253,0.9140987992286682,0.005241936072707176,0.5,1.401298464324817e-43
13.924779415130615,0.7823948860168457,0.005212458316236734,0.5,1.401298464324817e-43
13.934895753860474,0.7823948860168457,0.00516506889835,0.5,1.401298464324817e-43
13.945017576217651,0.6861172914505005,0.005100654438138008,0.5,1.401298464324817e-43
13.955127954483032,0.6861172914505005,0.005100654438138008,0.5,1.401298464324817e-43
13.965237617492676,0.5475711822509766,0.005020135547965765,0.5,1.401298464324817e-43
13.975356817245483,0.5475711822509766,0.005020135547965765,0.5,1.401298464324817e-43
13.985478162765503,0.4143596589565277,0.004924471955746412,0.5,1.401298464324817e-43
13.995604038238525,0.3121478855609894,0.00481463223695755,0.5,1.401298464324817e-43
14.005716323852539,0.3121478855609894,0.00481463223695755,0.5,1.401298464324817e-43
14.015776872634888,0.3121478855609894,0.004691605921834707,0.5,1.401298464324817e-43
14.025885105133057,0.2192745953798294,0.004691605921834707,0.5,1.401298464324817e-43
14.035987615585327,0.07700120657682419,0.00455639511346817,0.5,1.401298464324817e-43
14.046090841293335,0.07700120657682419,0.004409997723996639,0.5,1.401298464324817e-43
14.056192398071289,-0.04144730791449547,0.004409997723996639,0.5,1.401298464324817e-43
14.066302061080933,-0.04144730791449547,0.0042534200474619865,0.5,1.401298464324817e-43
14.07642126083374,-0.1187756210565567,0.0040876604616642,0.5,1.401298464324817e-43
14.086555480957031,-0.1187756210565567,0.0040876604616642,0.5,1.401298464324817e-43
14.09668755531311,-0.1187756210565567,0.003913703840225935,0.5,1.401298464324817e-43
14.106802463531494,-0.19677142798900604,0.0037325306329876184,0.5,1.401298464324817e-43
14.116929769515991,-0.293173611164093,0.0037325306329876184,0.5,1.401298464324817e-43
14.12703537940979,-0.293173611164093,0.0035450945142656565,0.5,1.401298464324817e-43
14.137146711349487,-0.293173611164093,0.0035450945142656565,0.5,1.401298464324817e-43
14.147342443466187,-0.3465132713317871,0.0033523302990943193,0.5,1.401298464324817e-43
14.15752100944519,-0.441971093416214,0.0031551530119031668,0.5,1.401298464324817e-43
14.16766095161438,-0.441971093416214,0.0031551530119031668,0.5,1.401298464324817e-43
14.177786827087402,-0.48447808623313904,0.0029544448480010033,0.5,1.401298464324817e-43
14.187936782836914,-0.48447808623313904,0.002751063322648406,0.5,1.401298464324817e-43
14.19811749458313,-0.5731403827667236,0.002751063322648406,0.5,1.401298464324817e-43
14.208240985870361,-0.5731403827667236,0.0025458349846303463,0.5,1.401298464324817e-43
14.2183678150177,-0.6162209510803223,0.002339552389457822,0.5,1.401298464324817e-43
14.228487253189087,-0.6162209510803223,0.002339552389457822,0.5,1.401298464324817e-43
14.238610982894897,-0.6907193660736084,0.0021329717710614204,0.5,1.401298464324817e-43
14.248727321624756,-0.6907193660736084,0.0021329717710614204,0.5,1.401298464324817e-43
14.25883936882019,-0.7393627166748047,0.0019268187461420894,0.5,1.401298464324817e-43
14.268946409225464,-0.7393627166748047,0.001721776556223631,0.5,1.401298464324817e-43
14.279062271118164,-0.8277261257171631,0.001721776556223631,0.5,1.401298464324817e-43
14.289188385009766,-0.8277261257171631,0.0015184928197413683,0.5,1.401298464324817e-43
14.299290180206299,-0.8786838054656982,0.001317578717134893,0.5,1.401298464324817e-43
14.30945372581482,-0.8786838054656982,0.001317578717134893,0.5,1.401298464324817e-43
14.31962275505066,-0.9726510047912598,0.001119604567065835,0.5,1.401298464324817e-43
14.329766988754272,-0.9726510047912598,0.0009251029114238918,0.5,1.401298464324817e-43
14.339890003204346,-1.0,0.0009251029114238918,0.5,1.401298464324817e-43
14.35001254081726,-1.0,0.0007345685735344887,0.5,1.401298464324817e-43
14.360153198242188,-1.0,0.0007345685735344887,0.5,1.401298464324817e-43
14.37028169631958,-1.0,0.0005484567955136299,0.5,1.401298464324817e-43
14.380371809005737,-1.0,0.00036718565388582647,0.5,1.401298464324817e-43
14.390469551086426,-1.0,0.00036718565388582647,0.5,1.401298464324817e-43
14.400567293167114,-1.0,0.00019113490998279303,0.5,1.401298464324817e-43
14.410666227340698,-1.0,2.0648276404244825e-05,0.5,1.401298464324817e-43
14.420791625976562,-1.0,2.0648276404244825e-05,0.5,1.401298464324817e-43
14.430931091308594,-1.0,-0.00014396710321307182,0.5,1.401298464324817e-43
14.44105839729309,-1.0,-0.00014396710321307182,0.5,1.401298464324817e-43
14.451183319091797,-1.0,-0.0003024390898644924,0.5,1.401298464324817e-43
14.461302995681763,-1.0,-0.00045452950871549547,0.5,1.401298464324817e-43
14.471502780914307,-1.0,-0.00045452950871549547,0.5,1.401298464324817e-43
14.481647491455078,-1.0,-0.0006000340799801052,0.5,1.401298464324817e-43
14.491785764694214,-1.0,-0.0007387794903479517,0.5,1.401298464324817e-43
14.501895189285278,-1.0,-0.0007387794903479517,0.5,1.401298464324817e-43
14.512001991271973,-1.0,-0.0008706243825145066,0.5,1.401298464324817e-43
14.522114515304565,-1.0,-0.0009954565903171897,0.5,1.401298464324817e-43
14.532242774963379,-1.0,-0.0009954565903171897,0.5,1.401298464324817e-43
14.542351722717285,-1.0,-0.001113192061893642,0.5,1.401298464324817e-43
14.552441596984863,-1.0,-0.001113192061893642,0.5,1.401298464324817e-43
14.562540292739868,-1.0,-0.0012237747432664037,0.5,1.401298464324817e-43
14.572648286819458,-1.0,-0.001327173667959869,0.5,1.401298464324817e-43
14.58274531364441,-1.0,-0.001327173667959869,0.5,1.401298464324817e-43
14.592852592468262,-1.0,-0.0014233817346394062,0.5,1.401298464324817e-43
14.602968692779541,-1.0,-0.0015124157071113586,0.5,1.401298464324817e-43
14.613072156906128,-1.0,-0.0015124157071113586,0.5,1.401298464324817e-43
14.623162746429443,-1.0,-0.0015943138860166073,0.5,1.401298464324817e-43
14.633267879486084,-1.0,-0.0015943138860166073,0.5,1.401298464324817e-43
14.643348455429077,-1.0,-0.0016691343626007438,0.5,1.401298464324817e-43
14.653445720672607,-1.0,-0.001736954553052783,0.5,1.401298464324817e-43
14.663543462753296,-0.9785251617431641,-0.001736954553052783,0.5,1.401298464324817e-43
14.67365026473999,-0.9785251617431641,-0.0017978698015213013,0.5,1.401298464324817e-43
14.683768033981323,-0.8854445219039917,-0.0018519916338846087,0.5,1.401298464324817e-43
14.693864345550537,-0.8854445219039917,-0.0018519916338846087,0.5,1.401298464324817e-43
14.703988552093506,-0.8351026773452759,-0.0018994453130289912,0.5,1.401298464324817e-43
14.714109897613525,-0.8351026773452759,-0.0018994453130289912,0.5,1.401298464324817e-43
14.724204301834106,-0.7566864490509033,-0.0019403708865866065,0.5,1.401298464324817e-43
14.734318733215332,-0.7566864490509033,-0.001974920742213726,0.5,1.401298464324817e-43
14.744456052780151,-0.7127978801727295,-0.001974920742213726,0.5,1.401298464324817e-43
14.754592895507812,-0.7127978801727295,-0.002003258792683482,0.5,1.401298464324817e-43
14.764655113220215,-0.6504906415939331,-0.002025558613240719,0.5,1.401298464324817e-43
14.774830341339111,-0.6504906415939331,-0.002025558613240719,0.5,1.401298464324817e-43
14.785003423690796,-0.6232375502586365,-0.0020420034416019917,0.5,1.401298464324817e-43
14.795178413391113,-0.6232375502586365,-0.002052782569080591,0.5,1.401298464324817e-43
14.805292844772339,-0.5726113319396973,-0.002052782569080591,0.5,1.401298464324817e-43
14.815397024154663,-0.5726113319396973,-0.0020580943673849106,0.5,1.401298464324817e-43
14.825525522232056,-0.5477555394172668,-0.0020581430289894342,0.5,1.401298464324817e-43
14.835674047470093,-0.5477555394172668,-0.0020581430289894342,0.5,1.401298464324817e-43
14.845841646194458,-0.502172589302063,-0.0020531341433525085,0.5,1.401298464324817e-43
14.855983972549438,-0.502172589302063,-0.0020531341433525085,0.5,1.401298464324817e-43
14.866095066070557,-0.4473051130771637,-0.0020432802848517895,0.5,1.401298464324817e-43
14.876193046569824,-0.4473051130771637,-0.0020287970546633005,0.5,1.401298464324817e-43
14.886292457580566,-0.3986874222755432,-0.0020287970546633005,0.5,1.401298464324817e-43
14.89639663696289,-0.3986874222755432,-0.0020099012181162834,0.5,1.401298464324817e-43
14.906537055969238,-0.36989307403564453,-0.0020099012181162834,0.5,1.401298464324817e-43
14.91668438911438,-0.36989307403564453,-0.001986811403185129,0.5,1.401298464324817e-43
14.926775932312012,-0.3207443058490753,-0.0019597471691668034,0.5,1.401298464324817e-43
14.936870813369751,-0.3207443058490753,-0.0019597471691668034,0.5,1.401298464324817e-43
14.946980476379395,-0.28708958625793457,-0.0019289263291284442,0.5,1.401298464324817e-43
14.95714783668518,-0.28708958625793457,-0.0018945689080283046,0.5,1.401298464324817e-43
14.967266082763672,-0.22245076298713684,-0.0018945689080283046,0.5,1.401298464324817e-43
14.977359056472778,-0.22245076298713684,-0.0018568915547803044,0.5,1.401298464324817e-43
14.987477779388428,-0.15338091552257538,-0.00181610940489918,0.5,1.401298464324817e-43
14.997594594955444,-0.10745854675769806,-0.00181610940489918,0.5,1.401298464324817e-43
15.007694005966187,-0.10745854675769806,-0.0017724349163472652,0.5,1.401298464324817e-43
15.017777681350708,-0.028372442349791527,-0.0017260791501030326,0.5,1.401298464324817e-43
15.02788257598877,-0.028372442349791527,-0.0017260791501030326,0.5,1.401298464324817e-43
15.03799819946289,0.020053520798683167,-0.0016772488597780466,0.5,1.401298464324817e-43
15.048099279403687,0.020053520798683167,-0.0016772488597780466,0.5,1.401298464324817e-43
15.05819034576416,0.07313013821840286,-0.0016261464916169643,0.5,1.401298464324817e-43
15.068296432495117,0.07313013821840286,-0.0015729728620499372,0.5,1.401298464324817e-43
15.078418970108032,0.1488814800977707,-0.0015729728620499372,0.5,1.401298464324817e-43
15.088528633117676,0.1488814800977707,-0.001517919939942658,0.5,1.401298464324817e-43
15.098638772964478,0.19694489240646362,-0.0014611788792535663,0.5,1.401298464324817e-43
15.10895562171936,0.19694489240646362,-0.0014611788792535663,0.5,1.401298464324817e-43
15.119148015975952,0.19694489240646362,-0.0014029345475137234,0.5,1.401298464324817e-43
15.129318237304688,0.2786671817302704,-0.0014029345475137234,0.5,1.401298464324817e-43
15.139439821243286,0.2786671817302704,-0.0013433665735647082,0.5,1.401298464324817e-43
15.149548292160034,0.3129741847515106,-0.001282649696804583,0.5,1.401298464324817e-43
15.15965723991394,0.3129741847515106,-0.001282649696804583,0.5,1.401298464324817e-43
15.169785737991333,0.33920061588287354,-0.0012209523702040315,0.5,1.401298464324817e-43
15.179932594299316,0.33920061588287354,-0.0011584378080442548,0.5,1.401298464324817e-43
15.190056324005127,0.3944791555404663,-0.0011584378080442548,0.5,1.401298464324817e-43
15.200187921524048,0.3944791555404663,-0.0010952635202556849,0.5,1.401298464324817e-43
15.2103111743927,0.4168698191642761,-0.0010952635202556849,0.5,1.401298464324817e-43
15.220434665679932,0.4168698191642761,-0.0010315803810954094,0.5,1.401298464324817e-43
15.23056674003601,0.4618433713912964,-0.0009675330948084593,0.5,1.401298464324817e-43
15.240844964981079,0.4618433713912964,-0.0009675330948084593,0.5,1.401298464324817e-43
15.250972270965576,0.48546528816223145,-0.0009032620000652969,0.5,1.401298464324817e-43
15.261099815368652,0.48546528816223145,-0.0008388996357098222,0.5,1.401298464324817e-43
15.271254301071167,0.534024178981781,-0.0008388996357098222,0.5,1.401298464324817e-43
15.281404972076416,0.534024178981781,-0.0007745733601041138,0.5,1.401298464324817e-43
15.291516065597534,0.5635850429534912,-0.0007104042451828718,0.5,1.401298464324817e-43
15.30161452293396,0.5635850429534912,-0.0007104042451828718,0.5,1.401298464324817e-43
15.311714172363281,0.6216012239456177,-0.0006465071346610785,0.5,1.401298464324817e-43
15.321785688400269,0.6216012239456177,-0.0006465071346610785,0.5,1.401298464324817e-43
15.33189058303833,0.6623938679695129,-0.0005829913425259292,0.5,1.401298464324817e-43
15.341992855072021,0.7291737794876099,-0.0005199597799219191,0.5,1.401298464324817e-43
15.352113485336304,0.7291737794876099,-0.0005199597799219191,0.5,1.401298464324817e-43
15.362238883972168,0.7291737794876099,-0.00045750930439680815,0.5,1.401298464324817e-43
15.37234902381897,0.7878233194351196,-0.0003957315639127046,0.5,1.401298464324817e-43
15.38245415687561,0.8702889084815979,-0.0003957315639127046,0.5,1.401298464324817e-43
15.392564058303833,0.8702889084815979,-0.00033471238566562533,0.5,1.401298464324817e-43
15.402697801589966,0.9599531888961792,-0.00027453163056634367,0.5,1.401298464324817e-43
15.412853240966797,0.9599531888961792,-0.00027453163056634367,0.5,1.401298464324817e-43
15.422966957092285,1.0,-0.00021526418277062476,0.5,1.401298464324817e-43
15.43310284614563,1.0,-0.00021526418277062476,0.5,1.401298464324817e-43
15.443259477615356,1.0,-0.00015697926573920995,0.5,1.401298464324817e-43
15.45336389541626,1.0,-9.974093700293452e-05,0.5,1.401298464324817e-43
15.463465452194214,1.0,-9.974093700293452e-05,0.5,1.401298464324817e-43
15.473566055297852,1.0,-4.360816819826141e-05,0.5,1.401298464324817e-43
15.483673334121704,1.0,1.136501941800816e-05,0.5,1.401298464324817e-43
15.493780374526978,1.0,1.136501941800816e-05,0.5,1.401298464324817e-43
15.503872871398926,1.0,6.512941763503477e-05,0.5,1.401298464324817e-43
15.513973712921143,1.0,6.512941763503477e-05,0.5,1.401298464324817e-43
15.524070262908936,1.0,0.00011764047667384148,0.5,1.401298464324817e-43
15.534176349639893,1.0,0.00016885816876310855,0.5,1.401298464324817e-43
15.544287204742432,1.0,0.00016885816876310855,0.5,1.401298464324817e-43
15.554409742355347,1.0,0.0002187468926422298,0.5,1.401298464324817e-43
15.564544439315796,1.0,0.00026727511431090534,0.5,1.401298464324817e-43
15.574660301208496,1.0,0.00026727511431090534,0.5,1.401298464324817e-43
15.58478307723999,1.0,0.00031441543251276016,0.5,1.401298464324817e-43
15.594898462295532,1.0,0.00031441543251276016,0.5,1.401298464324817e-43
15.605016708374023,1.0,0.00036014377838000655,0.5,1.401298464324817e-43
15.615135431289673,1.0,0.00040444114711135626,0.5,1.401298464324817e-43
15.625279426574707,1.0,0.00040444114711135626,0.5,1.401298464324817e-43
15.635419607162476,1.0,0.00044729161891154945,0.5,1.401298464324817e-43
15.645519971847534,1.0,0.0004886818351224065,0.5,1.401298464324817e-43
15.655614376068115,1.0,0.0004886818351224065,0.5,1.401298464324817e-43
15.665717363357544,1.0,0.0005286022205837071,0.5,1.401298464324817e-43
15.67586350440979,1.0,0.0005670465179719031,0.5,1.401298464324817e-43
15.68597960472107,1.0,0.0005670465179719031,0.5,1.401298464324817e-43
15.69609546661377,1.0,0.0006040111766196787,0.5,1.401298464324817e-43
15.706205606460571,1.0,0.0006040111766196787,0.5,1.401298464324817e-43
15.716334819793701,1.0,0.0006394956144504249,0.5,1.401298464324817e-43
15.72645092010498,1.0,0.0006735018687322736,0.5,1.401298464324817e-43
15.73656177520752,1.0,0.0006735018687322736,0.5,1.401298464324817e-43
15.746676921844482,1.0,0.0007060343632474542,0.5,1.401298464324817e-43
15.75680422782898,1.0,0.0007370999082922935,0.5,1.401298464324817e-43
15.766934871673584,1.0,0.0007370999082922935,0.5,1.401298464324817e-43
15.777045249938965,1.0,0.0007667078170925379,0.5,1.401298464324817e-43
15.787156343460083,1.0,0.0007667078170925379,0.5,1.401298464324817e-43
15.797276020050049,1.0,0.0007948694401420653,0.5,1.401298464324817e-43
15.807394742965698,1.0,0.0008215968846343458,0.5,1.401298464324817e-43
15.817490577697754,1.0,0.0008215968846343458,0.5,1.401298464324817e-43
15.827609300613403,1.0,0.000846906506922096,0.5,1.401298464324817e-43
15.83773136138916,1.0,0.0008708143723197281,0.5,1.401298464324817e-43
15.847838163375854,1.0,0.0008708143723197281,0.5,1.401298464324817e-43
15.85803747177124,1.0,0.0008933389326557517,0.5,1.401298464324817e-43
15.86818552017212,1.0,0.0009144997457042336,0.5,1.401298464324817e-43
15.87836766242981,1.0,0.0009144997457042336,0.5,1.401298464324817e-43
15.888500928878784,1.0,0.0009343182318843901,0.5,1.401298464324817e-43
15.898606777191162,1.0,0.0009343182318843901,0.5,1.401298464324817e-43
15.908748149871826,1.0,0.0009528161608614028,0.5,1.401298464324817e-43
15.918916702270508,1.0,0.0009700173395685852,0.5,1.401298464324817e-43
15.929055213928223,1.0,0.0009700173395685852,0.5,1.401298464324817e-43
15.939212799072266,1.0,0.000985946273431182,0.5,1.401298464324817e-43
15.949355602264404,1.0,0.0010006282245740294,0.5,1.401298464324817e-43
15.95952820777893,1.0,0.0010006282245740294,0.5,1.401298464324817e-43
15.969711303710938,1.0,0.001014089328236878,0.5,1.401298464324817e-43
15.979861974716187,1.0,0.001014089328236878,0.5,1.401298464324817e-43
15.989990949630737,1.0,0.0010263568256050348,0.5,1.401298464324817e-43
16.000088691711426,1.0,0.0010374583071097732,0.5,1.401298464324817e-43
16.010193586349487,1.0,0.0010374583071097732,0.5,1.401298464324817e-43
16.020310163497925,1.0,0.0010474214795976877,0.5,1.401298464324817e-43
16.030437469482422,0.9506122469902039,0.0010562752140685916,0.5,1.401298464324817e-43
16.040536403656006,0.9506122469902039,0.0010562752140685916,0.5,1.401298464324817e-43
16.05063533782959,0.9017724990844727,0.0010640486143529415,0.5,1.401298464324817e-43
16.06074094772339,0.9017724990844727,0.0010707710171118379,0.5,1.401298464324817e-43
16.072033166885376,0.8309872150421143,0.0010707710171118379,0.5,1.401298464324817e-43
16.082223892211914,0.8309872150421143,0.0010764722246676683,0.5,1.401298464324817e-43
16.092339277267456,0.7512664794921875,0.001081181806512177,0.5,1.401298464324817e-43
16.102442502975464,0.7512664794921875,0.001081181806512177,0.5,1.401298464324817e-43
16.112557649612427,0.6963191628456116,0.0010849304962903261,0.5,1.401298464324817e-43
16.122675895690918,0.6963191628456116,0.0010849304962903261,0.5,1.401298464324817e-43
16.132797956466675,0.6345582604408264,0.0010877472814172506,0.5,1.401298464324817e-43
16.142919301986694,0.5644540786743164,0.0010896624298766255,0.5,1.401298464324817e-43
16.15303611755371,0.5644540786743164,0.0010896624298766255,0.5,1.401298464324817e-43
16.163146018981934,0.5644540786743164,0.0010907062096521258,0.5,1.401298464324817e-43
16.173272132873535,0.5154799222946167,0.0010909084230661392,0.5,1.401298464324817e-43
16.183404207229614,0.45165687799453735,0.0010909084230661392,0.5,1.401298464324817e-43
16.19364023208618,0.45165687799453735,0.001090299105271697,0.5,1.401298464324817e-43
16.203795909881592,0.45165687799453735,0.001090299105271697,0.5,1.401298464324817e-43
16.213929414749146,0.40352576971054077,0.001088908058591187,0.5,1.401298464324817e-43
16.224067449569702,0.35053354501724243,0.0010867641540244222,0.5,1.401298464324817e-43
16.2341947555542,0.35053354501724243,0.0010867641540244222,0.5,1.401298464324817e-43
16.24432873725891,0.3200456500053406,0.0010838969610631466,0.5,1.401298464324817e-43
16.25443959236145,0.3200456500053406,0.0010803347686305642,0.5,1.401298464324817e-43
16.264570713043213,0.26615798473358154,0.0010803347686305642,0.5,1.401298464324817e-43
16.274771690368652,0.26615798473358154,0.0010761064477264881,0.5,1.401298464324817e-43
16.284894466400146,0.23952770233154297,0.0010712401708588004,0.5,1.401298464324817e-43
16.29501438140869,0.23952770233154297,0.0010712401708588004,0.5,1.401298464324817e-43
16.305361032485962,0.19362838566303253,0.0010657641105353832,0.5,1.401298464324817e-43
16.31551718711853,0.19362838566303253,0.001059705507941544,0.5,1.401298464324817e-43
16.325631618499756,0.16097219288349152,0.001059705507941544,0.5,1.401298464324817e-43
16.335774183273315,0.16097219288349152,0.0010530909057706594,0.5,1.401298464324817e-43
16.345892906188965,0.10493995249271393,0.0010530909057706594,0.5,1.401298464324817e-43
16.356018543243408,0.10493995249271393,0.001045947428792715,0.5,1.401298464324817e-43
16.36612105369568,0.050503768026828766,0.0010383006883785129,0.5,1.401298464324817e-43
16.376219511032104,0.050503768026828766,0.0010383006883785129,0.5,1.401298464324817e-43
16.386340618133545,0.012744593434035778,0.0010301764123141766,0.5,1.401298464324817e-43
16.396469831466675,0.012744593434035778,0.0010215998627245426,0.5,1.401298464324817e-43
16.406615018844604,-0.05117814987897873,0.0010215998627245426,0.5,1.401298464324817e-43
16.416765928268433,-0.05117814987897873,0.0010125953704118729,0.5,1.401298464324817e-43
16.42686676979065,-0.10573893040418625,0.0010125953704118729,0.5,1.401298464324817e-43
16.436989307403564,-0.10573893040418625,0.0010031874990090728,0.5,1.401298464324817e-43
16.447092056274414,-0.1636783927679062,0.0009933991823345423,0.5,1.401298464324817e-43
16.457199573516846,-0.1636783927679062,0.0009933991823345423,0.5,1.401298464324817e-43
16.467300176620483,-0.23977313935756683,0.0009832533542066813,0.5,1.401298464324817e-43
16.47741985321045,-0.23977313935756683,0.000972772657405585,0.5,1.401298464324817e-43
16.48754644393921,-0.32392019033432007,0.000972772657405585,0.5,1.401298464324817e-43
16.497639894485474,-0.32392019033432007,0.0009619784541428089,0.5,1.401298464324817e-43
16.507825136184692,-0.3834657669067383,0.0009619784541428089,0.5,1.401298464324817e-43
16.517975330352783,-0.3834657669067383,0.0009508924558758736,0.5,1.401298464324817e-43
16.528087377548218,-0.4422641098499298,0.0009395351517014205,0.5,1.401298464324817e-43
16.538199424743652,-0.4422641098499298,0.0009395351517014205,0.5,1.401298464324817e-43
16.548332691192627,-0.5088608860969543,0.0009279266814701259,0.5,1.401298464324817e-43
16.55848002433777,-0.5088608860969543,0.0009160868939943612,0.5,1.401298464324817e-43
16.568626880645752,-0.5645317435264587,0.0009160868939943612,0.5,1.401298464324817e-43
16.578771591186523,-0.5645317435264587,0.0009040345903486013,0.5,1.401298464324817e-43
16.589221477508545,-0.6167318224906921,0.0008917881641536951,0.5,1.401298464324817e-43
16.599398612976074,-0.6167318224906921,0.0008917881641536951,0.5,1.401298464324817e-43
16.609517097473145,-0.6517235040664673,0.0008793656015768647,0.5,1.401298464324817e-43
16.61963391304016,-0.6517235040664673,0.0008793656015768647,0.5,1.401298464324817e-43
16.629748106002808,-0.6972239017486572,0.0008667841902934015,0.5,1.401298464324817e-43
16.63990545272827,-0.6972239017486572,0.0008540606941096485,0.5,1.401298464324817e-43
16.65002727508545,-0.7302069067955017,0.0008540606941096485,0.5,1.401298464324817e-43
16.660160303115845,-0.7302069067955017,0.0008412110037170351,0.5,1.401298464324817e-43
16.6702938079834,-0.7458666563034058,0.0008282509515993297,0.5,1.401298464324817e-43
16.680431842803955,-0.7458666563034058,0.0008282509515993297,0.5,1.401298464324817e-43
16.690541744232178,-0.7521811127662659,0.0008151956717483699,0.5,1.401298464324817e-43
16.700664520263672,-0.7521811127662659,0.0008020597160793841,0.5,1.401298464324817e-43
16.71082854270935,-0.7740598917007446,0.0008020597160793841,0.5,1.401298464324817e-43
16.721012592315674,-0.7740598917007446,0.0007888570544309914,0.5,1.401298464324817e-43
16.731119871139526,-0.7878599166870117,0.0007888570544309914,0.5,1.401298464324817e-43
16.741243839263916,-0.7878599166870117,0.0007756011909805238,0.5,1.401298464324817e-43
16.751338958740234,-0.7916692495346069,0.000762305106036365,0.5,1.401298464324817e-43
16.761444807052612,-0.7916692495346069,0.000762305106036365,0.5,1.401298464324817e-43
16.771538019180298,-0.7967785596847534,0.0007489813724532723,0.5,1.401298464324817e-43
16.781649112701416,-0.7967785596847534,0.0007356412243098021,0.5,1.401298464324817e-43
16.791764736175537,-0.8234481811523438,0.0007356412243098021,0.5,1.401298464324817e-43
16.801862955093384,-0.8234481811523438,0.0007222972344607115,0.5,1.401298464324817e-43
16.81195330619812,-0.8534830212593079,0.0007089597638696432,0.5,1.401298464324817e-43
16.822046995162964,-0.8534830212593079,0.0007089597638696432,0.5,1.401298464324817e-43
16.83214807510376,-0.8644261956214905,0.0006956395809538662,0.5,1.401298464324817e-43
16.84225296974182,-0.8644261956214905,0.0006956395809538662,0.5,1.401298464324817e-43
16.852356433868408,-0.8883554339408875,0.0006823466392233968,0.5,1.401298464324817e-43
16.86245107650757,-0.8883554339408875,0.0006690904847346246,0.5,1.401298464324817e-43
16.87255072593689,-0.9286300539970398,0.0006690904847346246,0.5,1.401298464324817e-43
16.88266158103943,-0.9286300539970398,0.0006558803142979741,0.5,1.401298464324817e-43
16.892797708511353,-0.970565140247345,0.0006558803142979741,0.5,1.401298464324817e-43
16.90309977531433,-0.970565140247345,0.0006427248590625823,0.5,1.401298464324817e-43
16.91328263282776,-1.0,0.0006296323845162988,0.5,1.401298464324817e-43
16.923408269882202,-1.0,0.0006296323845162988,0.5,1.401298464324817e-43
16.933520317077637,-1.0,0.0006166106322780252,0.5,1.401298464324817e-43
16.943626642227173,-1.0,0.0006036671693436801,0.5,1.401298464324817e-43
16.953720092773438,-1.0,0.0006036671693436801,0.5,1.401298464324817e-43
16.963844776153564,-1.0,0.0005908090970478952,0.5,1.401298464324817e-43
16.97394609451294,-1.0,0.0005780432256869972,0.5,1.401298464324817e-43
16.98405647277832,-1.0,0.0005780432256869972,0.5,1.401298464324817e-43
16.994166612625122,-1.0,0.0005653756088577211,0.5,1.401298464324817e-43
17.00426411628723,-1.0,0.0005528123001568019,0.5,1.401298464324817e-43
17.01436495780945,-1.0,0.0005528123001568019,0.5,1.401298464324817e-43
17.024476051330566,-1.0,0.0005403590621426702,0.5,1.401298464324817e-43
17.034599542617798,-1.0,0.0005403590621426702,0.5,1.401298464324817e-43
17.04474115371704,-1.0,0.000528021133504808,0.5,1.401298464324817e-43
17.054897785186768,-1.0,0.0005158031708560884,0.5,1.401298464324817e-43
17.06501054763794,-1.0,0.0005158031708560884,0.5,1.401298464324817e-43
17.075117588043213,-1.0,0.0005037099472247064,0.5,1.401298464324817e-43
17.085228443145752,-1.0,0.0004917458281852305,0.5,1.401298464324817e-43
17.095349550247192,-1.0,0.0004917458281852305,0.5,1.401298464324817e-43
17.105525016784668,-1.0,0.0004799146845471114,0.5,1.401298464324817e-43
17.115637063980103,-1.0,0.00046822024160064757,0.5,1.401298464324817e-43
17.125747680664062,-1.0,0.00046822024160064757,0.5,1.401298464324817e-43
17.13584589958191,-1.0,0.0004566659335978329,0.5,1.401298464324817e-43
17.14605736732483,-1.0,0.0004566659335978329,0.5,1.401298464324817e-43
17.156234979629517,-1.0,0.00044525490375235677,0.5,1.401298464324817e-43
17.16634964942932,-1.0,0.00043399009155109525,0.5,1.401298464324817e-43
17.17644953727722,-1.0,0.00043399009155109525,0.5,1.401298464324817e-43
17.1865553855896,-1.0,0.0004228739708196372,0.5,1.401298464324817e-43
17.196693897247314,-1.0,0.0004228739708196372,0.5,1.401298464324817e-43
17.206854581832886,-1.0,0.00041190904448740184,0.5,1.401298464324817e-43
17.2169668674469,-1.0,0.0004010973498225212,0.5,1.401298464324817e-43
17.227851152420044,-1.0,0.0004010973498225212,0.5,1.401298464324817e-43
17.23893427848816,-1.0,0.0003904408949892968,0.5,1.401298464324817e-43
17.24916648864746,-1.0,0.0003799413680098951,0.5,1.401298464324817e-43
17.2592990398407,-1.0,0.0003799413680098951,0.5,1.401298464324817e-43
17.269416093826294,-1.0,0.0003696005733218044,0.5,1.401298464324817e-43
17.279532194137573,-1.0,0.00035941903479397297,0.5,1.401298464324817e-43
17.289658784866333,-1.0,0.00035941903479397297,0.5,1.401298464324817e-43
17.299787759780884,-1.0,0.0003493982076179236,0.5,1.401298464324817e-43
17.309919595718384,-1.0,0.0003493982076179236,0.5,1.401298464324817e-43
17.320021390914917,-1.0,0.0003395390522200614,0.5,1.401298464324817e-43
17.33012580871582,-1.0,0.0003298422379884869,0.5,1.401298464324817e-43
17.340240478515625,-1.0,0.0003298422379884869,0.5,1.401298464324817e-43
17.35036277770996,-1.0,0.00032030828879214823,0.5,1.401298464324817e-43
17.360518217086792,-1.0,0.0003109377284999937,0.5,1.401298464324817e-43
17.370622396469116,-1.0,0.0003109377284999937,0.5,1.401298464324817e-43
17.38070034980774,-1.0,0.00030173067352734506,0.5,1.401298464324817e-43
17.390807628631592,-1.0,0.00030173067352734506,0.5,1.401298464324817e-43
17.400917768478394,-1.0,0.00029268721118569374,0.5,1.401298464324817e-43
17.41103982925415,-1.0,0.00028380731237120926,0.5,1.401298464324817e-43
17.421191453933716,-1.0,0.00028380731237120926,0.5,1.401298464324817e-43
17.43134069442749,-1.0,0.0002750908024609089,0.5,1.401298464324817e-43
17.441463232040405,-1.0,0.0002665373613126576,0.5,1.401298464324817e-43
17.451571941375732,-1.0,0.0002665373613126576,0.5,1.401298464324817e-43
17.46169662475586,-1.0,0.0002581464359536767,0.5,1.401298464324817e-43
17.47186279296875,-1.0,0.0002499176189303398,0.5,1.401298464324817e-43
17.482019662857056,-1.0,0.0002499176189303398,0.5,1.401298464324817e-43
17.492159366607666,-1.0,0.0002418501244392246,0.5,1.401298464324817e-43
17.502320051193237,-1.0,0.0002418501244392246,0.5,1.401298464324817e-43
17.512450695037842,-1.0,0.00023394322488456964,0.5,1.401298464324817e-43
17.522568225860596,-1.0,0.00022619585797656327,0.5,1.401298464324817e-43
17.532727241516113,-1.0,0.00022619585797656327,0.5,1.401298464324817e-43
17.542986154556274,-1.0,0.00021860735432710499,0.5,1.401298464324817e-43
17.553170442581177,-1.0,0.0002111765934387222,0.5,1.401298464324817e-43
17.56339454650879,-1.0,0.0002111765934387222,0.5,1.401298464324817e-43
17.57351040840149,-1.0,0.00020390238205436617,0.5,1.401298464324817e-43
17.58364486694336,-1.0,0.0001967834832612425,0.5,1.401298464324817e-43
17.59377694129944,-1.0,0.0001967834832612425,0.5,1.401298464324817e-43
17.60387372970581,-1.0,0.00018981863104272634,0.5,1.401298464324817e-43
17.614114999771118,-1.0,0.0001830064575187862,0.5,1.401298464324817e-43
17.624241590499878,-1.0,0.0001830064575187862,0.5,1.401298464324817e-43
17.634350061416626,-1.0,0.00017634555115364492,0.5,1.401298464324817e-43
17.644463777542114,-1.0,0.00017634555115364492,0.5,1.401298464324817e-43
17.654565811157227,-1.0,0.000169834413100034,0.5,1.401298464324817e-43
17.66468119621277,-1.0,0.00016347151540685445,0.5,1.401298464324817e-43
17.674787759780884,-1.0,0.00016347151540685445,0.5,1.401298464324817e-43
17.684903383255005,-1.0,0.00015725527191534638,0.5,1.401298464324817e-43
17.695021390914917,-1.0,0.00015725527191534638,0.5,1.401298464324817e-43
17.705145359039307,-1.0,0.00015118402370717376,0.5,1.401298464324817e-43
17.715271949768066,-1.0,0.00014525605365633965,0.5,1.401298464324817e-43
17.725383043289185,-1.0,0.00014525605365633965,0.5,1.401298464324817e-43
17.735539197921753,-1.0,0.00013946973194833845,0.5,1.401298464324817e-43
17.745662689208984,-1.0,0.0001338232250418514,0.5,1.401298464324817e-43
17.755775690078735,-1.0,0.0001338232250418514,0.5,1.401298464324817e-43
17.76588273048401,-1.0,0.00012831480125896633,0.5,1.401298464324817e-43
17.77599859237671,-1.0,0.00012294261250644922,0.5,1.401298464324817e-43
17.786121129989624,-1.0,0.00012294261250644922,0.5,1.401298464324817e-43
17.796300888061523,-1.0,0.00011770479613915086,0.5,1.401298464324817e-43
17.806408643722534,-1.0,0.00011770479613915086,0.5,1.401298464324817e-43
17.816523790359497,-1.0,0.00011259949678787962,0.5,1.401298464324817e-43
17.827226877212524,-1.0,0.00010762478632386774,0.5,1.401298464324817e-43
17.837372303009033,-1.0,0.00010762478632386774,0.5,1.401298464324817e-43
17.847485780715942,-1.0,0.00010277878755005077,0.5,1.401298464324817e-43
17.85759949684143,-1.0,9.805956506170332e-05,0.5,1.401298464324817e-43
17.867733240127563,-1.0,9.805956506170332e-05,0.5,1.401298464324817e-43
17.877919912338257,-1.0,9.34651616262272e-05,0.5,1.401298464324817e-43
17.888032913208008,-1.0,8.899360545910895e-05,0.5,1.401298464324817e-43
17.898144721984863,-1.0,8.899360545910895e-05,0.5,1.401298464324817e-43
17.908262729644775,-1.0,8.464293205179274e-05,0.5,1.401298464324817e-43
17.91836977005005,-1.0,8.464293205179274e-05,0.5,1.401298464324817e-43
17.92847728729248,-1.0,8.04112059995532e-05,0.5,1.401298464324817e-43
17.938585996627808,-1.0,7.629650644958019e-05,0.5,1.401298464324817e-43
17.948691606521606,-1.0,7.629650644958019e-05,0.5,1.401298464324817e-43
17.958787202835083,-1.0,7.229675247799605e-05,0.5,1.401298464324817e-43
17.968889713287354,-1.0,6.841001595603302e-05,0.5,1.401298464324817e-43
17.978989601135254,-1.0,6.841001595603302e-05,0.5,1.401298464324817e-43
17.98910427093506,-1.0,6.463430327130482e-05,0.5,1.401298464324817e-43
17.999252319335938,-1.0,6.463430327130482e-05,0.5,1.401298464324817e-43
