t,u,omega_radps,thro,m0_omega
4.76837158203125e-06,-0.043623924255371094,0.07887332886457443,0.5,1107.526611328125
0.010144710540771484,0.42615896463394165,0.07887332886457443,0.5,1107.526611328125
0.020280122756958008,0.42615896463394165,-0.24217179417610168,0.5,886.14794921875
0.03041672706604004,-0.7592899203300476,0.5376500487327576,0.5,1093.1885986328125
0.040563344955444336,-0.7592899203300476,-0.7632482647895813,0.5,911.602783203125
0.050679683685302734,0.9144273400306702,-0.7632482647895813,0.5,911.602783203125
0.060888051986694336,0.9144273400306702,0.5951520800590515,0.5,1070.3272705078125
0.07105612754821777,-0.755009651184082,0.5951520800590515,0.5,1070.3272705078125
0.08120203018188477,-0.755009651184082,-0.8573914766311646,0.5,954.665283203125
0.09132194519042969,0.14010393619537354,1.0138310194015503,0.5,1039.493896484375
0.10143733024597168,0.14010393619537354,1.0138310194015503,0.5,1039.493896484375
0.11156558990478516,-0.04576185345649719,-0.8938921093940735,0.5,1011.0235595703125
0.12170910835266113,-0.04576185345649719,0.8276734352111816,0.5,1004.4675903320312
0.13181376457214355,-0.42800021171569824,0.8276734352111816,0.5,1004.4675903320312
0.1419200897216797,-0.42800021171569824,-0.6049182415008545,0.5,1032.4451904296875
0.15203571319580078,0.6199334263801575,-0.6049182415008545,0.5,1032.4451904296875
0.1621558666229248,0.6199334263801575,0.685687243938446,0.5,1028.6690673828125
0.17328810691833496,-0.6475870609283447,-0.7213402986526489,0.5,998.4459838867188
0.18344616889953613,-0.6475870609283447,-0.7213402986526489,0.5,998.4459838867188
0.19355440139770508,-0.1375720202922821,0.7724791765213013,0.5,1039.85009765625
0.2036759853363037,-0.1375720202922821,-0.35782390832901,0.5,993.1812133789062
0.2138688564300537,0.5982710719108582,-0.35782390832901,0.5,993.1812133789062
0.22400283813476562,0.5982710719108582,0.6462455987930298,0.5,1078.7855224609375
0.2341151237487793,-0.3853786885738373,0.6462455987930298,0.5,1078.7855224609375
0.24422359466552734,-0.3853786885738373,-0.018672458827495575,0.5,930.5382690429688
0.2543447017669678,-0.35808616876602173,0.2603996694087982,0.5,1107.4986572265625
0.264493465423584,-0.35808616876602173,0.2603996694087982,0.5,1107.4986572265625
0.27466511726379395,0.8162389993667603,0.15601365268230438,0.5,882.9053344726562
0.284806489944458,0.8162389993667603,0.7049821615219116,0.5,1102.9114990234375
0.2949197292327881,-0.8830090165138245,0.7049821615219116,0.5,1102.9114990234375
0.3050394058227539,-0.8830090165138245,-0.25850075483322144,0.5,884.5199584960938
0.31516051292419434,0.33580461144447327,0.8956855535507202,0.5,1080.294677734375
0.325286865234375,0.33580461144447327,0.8956855535507202,0.5,1080.294677734375
0.33541250228881836,0.2868111729621887,-0.059582147747278214,0.5,916.1482543945312
0.34554576873779297,0.2868111729621887,-0.059582147747278214,0.5,916.1482543945312
0.35567331314086914,-0.687809944152832,0.717708170413971,0.5,1086.1748046875
0.3658163547515869,-0.687809944152832,-0.20832037925720215,0.5,903.402587890625
0.3759448528289795,0.8810648918151855,-0.20832037925720215,0.5,903.402587890625
0.3860740661621094,-0.3821812570095062,1.0213826894760132,0.5,1078.93408203125
0.39616966247558594,-0.3821812570095062,-0.10775269567966461,0.5,916.843505859375
0.40625786781311035,-0.3821812570095062,-0.10775269567966461,0.5,916.843505859375
0.41636204719543457,-0.32726752758026123,0.601332426071167,0.5,1089.8671875
0.42652034759521484,0.5959999561309814,0.2380995899438858,0.5,911.294677734375
0.43664097785949707,0.5959999561309814,0.2380995899438858,0.5,911.294677734375
0.4467916488647461,0.5959999561309814,0.20843204855918884,0.5,1098.780029296875
0.45690417289733887,-0.6107179522514343,0.20843204855918884,0.5,1098.780029296875
0.46701478958129883,-0.27443718910217285,0.3986002802848816,0.5,933.0700073242188
0.4771895408630371,-0.27443718910217285,-0.23975439369678497,0.5,1105.4541015625
0.4872887134552002,-0.27443718910217285,-0.23975439369678497,0.5,1105.4541015625
0.4974040985107422,0.7633619904518127,0.49541929364204407,0.5,902.3382568359375
0.5075256824493408,0.7633619904518127,0.11363538354635239,0.5,1102.6075439453125
0.5176432132720947,-0.9354376196861267,0.11363538354635239,0.5,1102.6075439453125
0.5277681350708008,0.435309499502182,0.0601002499461174,0.5,881.80859375
0.537879228591919,0.435309499502182,0.20884554088115692,0.5,1103.177978515625
0.5480031967163086,0.008395329117774963,0.20884554088115692,0.5,1103.177978515625
0.5581445693969727,0.008395329117774963,-0.5252719521522522,0.5,872.3819580078125
0.5682709217071533,-0.23928846418857574,-0.5252719521522522,0.5,872.3819580078125
0.5784010887145996,-0.23928846418857574,0.7110543251037598,0.5,1079.18994140625
0.5885515213012695,0.704150915145874,-0.843746542930603,0.5,905.1473388671875
0.5987396240234375,0.704150915145874,-0.843746542930603,0.5,905.1473388671875
0.6088602542877197,-0.9610041975975037,1.1318061351776123,0.5,1038.71875
0.6190361976623535,-0.9610041975975037,-0.9907962083816528,0.5,979.710205078125
0.6291604042053223,0.9231058955192566,-0.9907962083816528,0.5,979.710205078125
0.6392872333526611,0.9231058955192566,0.766383707523346,0.5,1005.8470458984375
0.6494243144989014,-0.7755603790283203,0.766383707523346,0.5,1005.8470458984375
0.6595559120178223,-0.7755603790283203,-0.8468260765075684,0.5,1032.0166015625
0.669670581817627,0.13832148909568787,0.938811182975769,0.5,970.6954956054688
0.6798019409179688,0.13832148909568787,0.938811182975769,0.5,970.6954956054688
0.6899056434631348,0.030563175678253174,-0.5853484272956848,0.5,1065.128662109375
0.7000424861907959,0.030563175678253174,0.42945051193237305,0.5,956.431884765625
0.7101993560791016,-0.4564804434776306,0.42945051193237305,0.5,956.431884765625
0.7203295230865479,-0.4564804434776306,-0.6933022141456604,0.5,1074.077880859375
0.7304434776306152,0.887387752532959,0.43357348442077637,0.5,960.1597290039062
0.7405509948730469,0.887387752532959,0.43357348442077637,0.5,960.1597290039062
0.7506771087646484,-0.5671949982643127,-0.6118150353431702,0.5,1081.6824951171875
0.7608170509338379,-0.5671949982643127,-0.6118150353431702,0.5,1081.6824951171875
0.7709221839904785,0.007746279239654541,0.5054285526275635,0.5,936.2120361328125
0.7810337543487549,0.007746279239654541,-0.4189157783985138,0.5,1087.5687255859375
0.7911391258239746,0.48118138313293457,-0.4189157783985138,0.5,1087.5687255859375
0.8012576103210449,0.48118138313293457,0.22621601819992065,0.5,890.0885009765625
0.8124353885650635,-0.8002444505691528,-0.09313402324914932,0.5,1107.5462646484375
0.8226370811462402,-0.8002444505691528,-0.09313402324914932,0.5,1107.5462646484375
0.8327455520629883,1.0,-0.7784930467605591,0.5,848.0088500976562
0.842902421951294,1.0,0.7612811923027039,0.5,1066.019775390625
0.8530385494232178,-1.0,0.7612811923027039,0.5,1066.019775390625
0.8632020950317383,-1.0,-1.294213891029358,0.5,913.4029541015625
0.8733313083648682,0.9731709361076355,-1.294213891029358,0.5,913.4029541015625
0.88344407081604,0.9731709361076355,0.6347583532333374,0.5,1027.527587890625
0.8935811519622803,-0.5652081370353699,-1.0987287759780884,0.5,974.6636962890625
0.9037280082702637,-0.5652081370353699,-1.0987287759780884,0.5,974.6636962890625
0.9138545989990234,-0.16841381788253784,0.7967609763145447,0.5,1016.4756469726562
0.9239673614501953,-0.16841381788253784,-1.125525951385498,0.5,1012.53662109375
0.934079647064209,0.4995875358581543,-1.125525951385498,0.5,1012.53662109375
0.9442028999328613,0.4995875358581543,0.35725530982017517,0.5,1012.80810546875
0.9542992115020752,-0.6955157518386841,0.35725530982017517,0.5,1012.80810546875
0.9644315242767334,-0.6955157518386841,-1.015080451965332,0.5,1009.4503784179688
0.974545955657959,0.6570268869400024,0.5182412266731262,0.5,1026.1605224609375
0.984663724899292,0.6570268869400024,0.5182412266731262,0.5,1026.1605224609375
0.9947831630706787,0.0027731359004974365,-1.1544909477233887,0.5,1010.2127075195312
1.0048956871032715,0.0027731359004974365,0.4018493592739105,0.5,1030.6290283203125
1.0150260925292969,-0.590934157371521,0.4018493592739105,0.5,1030.6290283203125
1.0251715183258057,-0.590934157371521,-1.1546409130096436,0.5,1011.7191162109375
1.0352904796600342,0.8121044039726257,0.6719669103622437,0.5,1018.0089111328125
1.0454070568084717,0.8121044039726257,0.6719669103622437,0.5,1018.0089111328125
1.055518388748169,-0.49123531579971313,-1.327592372894287,0.5,1025.343017578125
1.0656354427337646,-0.49123531579971313,-1.327592372894287,0.5,1025.343017578125
1.0757801532745361,0.24857822060585022,0.6483683586120605,0.5,943.659423828125
1.0859014987945557,0.24857822060585022,-0.5569857358932495,0.5,1063.878662109375
1.096015453338623,0.0741427093744278,-0.5569857358932495,0.5,1063.878662109375
1.1061482429504395,0.0741427093744278,-0.06388337165117264,0.5,862.0609741210938
1.1162681579589844,-0.45145952701568604,0.057966448366642,0.5,1096.0394287109375
1.1263878345489502,-0.45145952701568604,0.057966448366642,0.5,1096.0394287109375
1.1365723609924316,0.7130568027496338,-0.6348550915718079,0.5,861.804443359375
1.1467134952545166,0.7130568027496338,-0.6348550915718079,0.5,861.804443359375
1.1568520069122314,-1.0,1.0767868757247925,0.5,1060.6845703125
1.166987657546997,-1.0,-1.3182367086410522,0.5,921.4568481445312
1.1771025657653809,1.0,-1.3182367086410522,0.5,921.4568481445312
1.1872179508209229,1.0,0.9038204550743103,0.5,1007.6817016601562
1.1973247528076172,-0.8980748057365417,-0.8285362124443054,0.5,976.70361328125
1.2074394226074219,-0.8980748057365417,-0.8285362124443054,0.5,976.70361328125
1.2175674438476562,0.11264082789421082,0.7779045104980469,0.5,1002.9474487304688
1.2277026176452637,0.11264082789421082,-0.7102684378623962,0.5,998.4124755859375
1.2377982139587402,0.2476741373538971,-0.7102684378623962,0.5,998.4124755859375
1.2480130195617676,0.2476741373538971,0.6897251605987549,0.5,1039.090576171875
1.258162498474121,-0.7028093338012695,0.6897251605987549,0.5,1039.090576171875
1.2682673931121826,-0.7028093338012695,-0.9578918218612671,0.5,974.7388305664062
1.2783653736114502,0.88521808385849,1.1013050079345703,0.5,1015.541748046875
1.2884745597839355,0.88521808385849,1.1013050079345703,0.5,1015.541748046875
1.298600435256958,-0.4527333974838257,-0.9522778987884521,0.5,999.9276733398438
1.3087372779846191,-0.4527333974838257,0.953572154045105,0.5,958.7211303710938
1.3188650608062744,-0.003760725259780884,0.953572154045105,0.5,958.7211303710938
1.328995943069458,-0.003760725259780884,-0.6728605031967163,0.5,1059.6534423828125
1.3391318321228027,0.4376654028892517,0.4397681951522827,0.5,789.4169311523438
1.349285364151001,0.4376654028892517,0.4397681951522827,0.5,789.4169311523438
1.3593997955322266,-1.0,1.1616419553756714,0.5,1085.11474609375
1.3695251941680908,-1.0,1.1616419553756714,0.5,1085.11474609375
1.3796486854553223,0.8571539521217346,-1.5986695289611816,0.5,875.7783813476562
1.389824628829956,0.8571539521217346,1.3055713176727295,0.5,968.3701171875
1.3999316692352295,-0.5367376804351807,1.3055713176727295,0.5,968.3701171875
1.4100353717803955,-0.5367376804351807,-0.9105167984962463,0.5,1035.592529296875
1.420151948928833,0.9339602589607239,0.1106768250465393,0.5,821.6018676757812
1.4302780628204346,0.9339602589607239,0.1106768250465393,0.5,821.6018676757812
1.4403855800628662,-0.7056642770767212,0.7352028489112854,0.5,1085.72607421875
1.4505183696746826,-0.7056642770767212,-0.5901655554771423,0.5,838.5944213867188
1.4607048034667969,0.7636330127716064,-0.5901655554771423,0.5,838.5944213867188
1.4708261489868164,0.7636330127716064,1.158582091331482,0.5,1051.3212890625
1.4809370040893555,-1.0,1.158582091331482,0.5,1051.3212890625
1.491079568862915,-1.0,-0.9822392463684082,0.5,915.316650390625
1.5012292861938477,1.0,1.5427038669586182,0.5,994.445556640625
1.511352777481079,1.0,1.5427038669586182,0.5,994.445556640625
1.5214738845825195,-1.0,-0.6863402724266052,0.5,979.5097045898438
1.5316784381866455,0.27908897399902344,1.132149338722229,0.5,918.7366333007812
1.541945219039917,0.27908897399902344,1.132149338722229,0.5,918.7366333007812
1.5520880222320557,-0.11273476481437683,-0.22427640855312347,0.5,1059.044189453125
1.5622410774230957,-0.11273476481437683,-0.22427640855312347,0.5,1059.044189453125
1.572380542755127,-0.11273476481437683,0.41898399591445923,0.5,828.0323486328125
1.582503318786621,-0.2815321087837219,1.0849297046661377,0.5,1084.6424560546875
1.5927083492279053,0.35927537083625793,1.0849297046661377,0.5,1084.6424560546875
1.6028285026550293,0.35927537083625793,-0.5113476514816284,0.5,840.8360595703125
1.6129465103149414,-0.7732750773429871,1.4505993127822876,0.5,1040.7857666015625
1.6230781078338623,-0.7732750773429871,1.4505993127822876,0.5,1040.7857666015625
1.6332011222839355,0.9909796118736267,-1.0139153003692627,0.5,918.4082641601562
1.6433196067810059,0.9909796118736267,1.5953267812728882,0.5,960.3717041015625
1.6534488201141357,-1.0,1.5953267812728882,0.5,960.3717041015625
1.6635997295379639,-1.0,-0.6137197017669678,0.5,1016.0037841796875
1.6737284660339355,1.0,-0.6137197017669678,0.5,1016.0037841796875
1.6838653087615967,1.0,0.4501516819000244,0.5,845.3952026367188
1.6940057277679443,-1.0,0.39937594532966614,0.5,1076.1070556640625
1.70418119430542,-1.0,0.39937594532966614,0.5,1076.1070556640625
1.7142972946166992,1.0,-0.3129842281341553,0.5,827.4901733398438
1.7244343757629395,1.0,1.1658180952072144,0.5,1066.948974609375
1.734567403793335,-0.5197749733924866,1.1658180952072144,0.5,1066.948974609375
1.74470853805542,-0.5197749733924866,-1.337392807006836,0.5,894.6663818359375
1.7549023628234863,0.44406604766845703,1.3840610980987549,0.5,981.1310424804688
1.765007734298706,0.44406604766845703,1.3840610980987549,0.5,981.1310424804688
1.775137186050415,-0.27555644512176514,-0.8396521806716919,0.5,1001.1311645507812
1.785299301147461,-0.27555644512176514,-0.8396521806716919,0.5,1001.1311645507812
1.795456886291504,0.10049474239349365,0.760287344455719,0.5,864.2454223632812
1.8056228160858154,0.10049474239349365,0.32837826013565063,0.5,1094.8270263671875
1.8157200813293457,0.03822377324104309,0.32837826013565063,0.5,1094.8270263671875
1.8258357048034668,0.03822377324104309,-1.188755989074707,0.5,828.4802856445312
1.8359479904174805,0.15502718091011047,1.6383388042449951,0.5,1022.848388671875
1.8460729122161865,0.15502718091011047,1.6383388042449951,0.5,1022.848388671875
1.8561911582946777,-0.20339807868003845,-1.2360154390335083,0.5,952.6505126953125
1.8663063049316406,-0.20339807868003845,-1.2360154390335083,0.5,952.6505126953125
1.8764433860778809,-0.04561503231525421,0.7460995316505432,0.5,916.3562622070312
1.8867905139923096,-0.04561503231525421,-0.540138304233551,0.5,1067.1497802734375
1.8969595432281494,0.4487774670124054,-0.540138304233551,0.5,1067.1497802734375
1.9070899486541748,0.4487774670124054,-0.21366216242313385,0.5,827.279296875
1.9172389507293701,-0.7077715992927551,0.5830257534980774,0.5,1078.876953125
1.9273793697357178,-0.7077715992927551,0.5830257534980774,0.5,1078.876953125
1.9375109672546387,0.8488656878471375,-0.6001915335655212,0.5,845.8954467773438
1.947629451751709,0.8488656878471375,0.695743203163147,0.5,1070.428466796875
1.9577124118804932,-0.9271052479743958,0.695743203163147,0.5,1070.428466796875
1.967817783355713,-0.9271052479743958,-0.7174318432807922,0.5,881.6487426757812
1.977928876876831,0.47023215889930725,-0.7174318432807922,0.5,881.6487426757812
1.9880523681640625,0.47023215889930725,0.6683069467544556,0.5,1068.734130859375
1.998164415359497,0.0791269838809967,-0.646786630153656,0.5,900.298828125
2.0082738399505615,0.0791269838809967,-0.646786630153656,0.5,900.298828125
2.018385410308838,-0.6587274074554443,0.37999454140663147,0.5,1081.333251953125
2.0285181999206543,-0.6587274074554443,-0.34992843866348267,0.5,891.05322265625
2.038630723953247,0.7262362241744995,-0.34992843866348267,0.5,891.05322265625
2.0487375259399414,0.7262362241744995,0.033355094492435455,0.5,1093.700927734375
2.0588972568511963,0.1578521877527237,-0.014610346406698227,0.5,887.291259765625
2.0690646171569824,0.1578521877527237,-0.014610346406698227,0.5,887.291259765625
2.0792152881622314,-0.7929113507270813,-0.06521247327327728,0.5,1098.0667724609375
2.089350938796997,-0.7929113507270813,-0.06521247327327728,0.5,1098.0667724609375
2.0995097160339355,1.0,-0.810994029045105,0.5,863.8758544921875
2.1097052097320557,1.0,0.6129689812660217,0.5,1077.6697998046875
2.1198811531066895,-1.0,0.6129689812660217,0.5,1077.6697998046875
2.1300792694091797,-1.0,-1.500044584274292,0.5,873.4053344726562
2.1402742862701416,1.0,1.2688703536987305,0.5,1008.5748291015625
2.150428533554077,-1.0,1.2688703536987305,0.5,1008.5748291015625
2.160590648651123,-1.0,-1.6257996559143066,0.5,991.9398193359375
2.170758008956909,-1.0,0.22160604596138,0.5,868.3543701171875
2.180922031402588,1.0,0.22160604596138,0.5,868.3543701171875
2.191063165664673,1.0,-0.09799745678901672,0.5,1083.3543701171875
2.2012124061584473,-1.0,-0.09799745678901672,0.5,1083.3543701171875
2.2113683223724365,0.417599618434906,-1.1514118909835815,0.5,826.3289794921875
2.221527099609375,0.417599618434906,0.6511296033859253,0.5,1064.5865478515625
2.231649160385132,0.417599618434906,0.6511296033859253,0.5,1064.5865478515625
2.2417657375335693,-0.10914847254753113,-1.7660937309265137,0.5,900.639404296875
2.2518913745880127,-0.21814319491386414,1.057990550994873,0.5,992.2440795898438
2.262012243270874,-0.21814319491386414,1.057990550994873,0.5,992.2440795898438
2.2721176147460938,0.21447353065013885,-1.2614716291427612,0.5,987.1192016601562
2.2822182178497314,0.21447353065013885,-1.2614716291427612,0.5,987.1192016601562
2.2923524379730225,-0.7811728119850159,0.4746133089065552,0.5,906.722900390625
2.302497625350952,-0.7811728119850159,-0.6521625518798828,0.5,1078.0888671875
2.3126349449157715,1.0,-0.6521625518798828,0.5,1078.0888671875
2.3227643966674805,1.0,-0.5372634530067444,0.5,830.4791259765625
2.3328843116760254,-1.0,0.722019374370575,0.5,1078.0889892578125
2.343029737472534,-1.0,0.722019374370575,0.5,1078.0889892578125
2.3532016277313232,1.0,-1.5679998397827148,0.5,860.986328125
2.3633511066436768,1.0,1.438210129737854,0.5,999.7079467773438
2.3734655380249023,-1.0,1.438210129737854,0.5,999.7079467773438
2.383620500564575,-1.0,-1.329369306564331,0.5,985.6156616210938
2.393786668777466,1.0,0.4564744234085083,0.5,839.8263549804688
2.4039230346679688,1.0,0.4564744234085083,0.5,839.8263549804688
2.4140625,-1.0,0.46075570583343506,0.5,1085.8499755859375
2.4242308139801025,-1.0,0.46075570583343506,0.5,1085.8499755859375
2.434363842010498,1.0,-1.3844419717788696,0.5,834.9652709960938
2.4444708824157715,1.0,1.5933210849761963,0.5,1011.5419921875
2.454601526260376,-1.0,1.5933210849761963,0.5,1011.5419921875
2.4647417068481445,-1.0,-1.4901957511901855,0.5,958.7526245117188
2.4748897552490234,1.0,-1.4901957511901855,0.5,958.7526245117188
2.48502516746521,1.0,0.7019263505935669,0.5,840.3631591796875
2.495159149169922,-1.0,0.6823858618736267,0.5,1088.4046630859375
2.5057551860809326,-1.0,0.6823858618736267,0.5,1088.4046630859375
2.5161378383636475,1.0,-1.566982626914978,0.5,820.9229736328125
2.526278018951416,1.0,1.5360848903656006,0.5,997.01708984375
2.536410331726074,-1.0,1.5360848903656006,0.5,997.01708984375
2.546548843383789,-1.0,-1.2397353649139404,0.5,983.0208129882812
2.5567996501922607,1.0,-1.2397353649139404,0.5,983.0208129882812
2.5669233798980713,1.0,0.7133171558380127,0.5,871.6236572265625
2.577038288116455,-1.0,0.1268085241317749,0.5,1078.9805908203125
2.5871479511260986,-1.0,0.1268085241317749,0.5,1078.9805908203125
2.597254991531372,1.0,-1.0371019840240479,0.5,812.5679931640625
2.6073577404022217,1.0,1.2803199291229248,0.5,1046.6204833984375
2.617466688156128,-1.0,1.2803199291229248,0.5,1046.6204833984375
2.627624988555908,-1.0,-1.3686842918395996,0.5,898.8120727539062
2.637716293334961,0.28355222940444946,1.4149442911148071,0.5,959.4888305664062
2.647853374481201,0.28355222940444946,1.4149442911148071,0.5,959.4888305664062
2.657982587814331,-0.3184564709663391,-0.769978940486908,0.5,1021.3411254882812
2.668118953704834,-0.3184564709663391,-0.769978940486908,0.5,1021.3411254882812
2.6782379150390625,0.15257036685943604,0.330728679895401,0.5,821.1824951171875
2.6883544921875,0.15257036685943604,0.6524059772491455,0.5,1089.33837890625
2.698474645614624,0.2583906352519989,0.6524059772491455,0.5,1089.33837890625
2.708578109741211,0.2583906352519989,-0.7580458521842957,0.5,822.8202514648438
2.7186813354492188,-0.35529786348342896,1.3883466720581055,0.5,1047.8681640625
2.7288291454315186,-0.35529786348342896,1.3883466720581055,0.5,1047.8681640625
2.7389588356018066,0.7317838668823242,-1.3665492534637451,0.5,905.983642578125
2.749084711074829,0.7317838668823242,-1.3665492534637451,0.5,905.983642578125
2.75919246673584,-0.7724175453186035,1.55585515499115,0.5,950.3275756835938
2.7693865299224854,-0.7724175453186035,-0.6066126823425293,0.5,1026.8721923828125
2.7795400619506836,1.0,-0.6066126823425293,0.5,1026.8721923828125
2.7896568775177,1.0,-0.08770971745252609,0.5,798.0108032226562
2.799781084060669,-0.9208281636238098,1.1465914249420166,0.5,1071.6929931640625
2.8111815452575684,-0.9208281636238098,1.1465914249420166,0.5,1071.6929931640625
2.8213791847229004,1.0,-0.7724564671516418,0.5,830.3060913085938
2.831488609313965,1.0,2.089688301086426,0.5,1008.8015747070312
2.8415985107421875,-1.0,2.089688301086426,0.5,1008.8015747070312
2.851734161376953,-1.0,-0.7490310668945312,0.5,934.2540893554688
2.8618648052215576,1.0,1.2033939361572266,0.5,941.89208984375
2.871986150741577,1.0,1.2033939361572266,0.5,941.89208984375
2.8821046352386475,-0.9242329597473145,-0.5595551133155823,0.5,1022.0018310546875
2.89225172996521,-0.9242329597473145,-0.5595551133155823,0.5,1022.0018310546875
2.902371644973755,0.3671995997428894,0.7771095037460327,0.5,868.9857177734375
2.9124755859375,0.3671995997428894,0.22688797116279602,0.5,1044.4169921875
2.922586679458618,-0.001195669174194336,0.22688797116279602,0.5,1044.4169921875
2.9327144622802734,-0.001195669174194336,0.30547621846199036,0.5,841.01904296875
2.9428372383117676,-0.5729120373725891,0.33846476674079895,0.5,1074.4798583984375
2.9529402256011963,-0.5729120373725891,0.33846476674079895,0.5,1074.4798583984375
2.9630422592163086,0.8713793754577637,-0.04504406824707985,0.5,845.2325439453125
2.9731812477111816,0.8713793754577637,-0.04504406824707985,0.5,845.2325439453125
2.9833011627197266,-1.0,0.7989246249198914,0.5,1084.39794921875
2.993410110473633,-1.0,-0.9645593762397766,0.5,853.535888671875
3.003530740737915,1.0,-0.9645593762397766,0.5,853.535888671875
3.013658285140991,1.0,1.4955880641937256,0.5,1030.1253662109375
3.023797035217285,-0.9363831877708435,-1.0888404846191406,0.5,904.5044555664062
3.0339112281799316,-0.9363831877708435,-1.0888404846191406,0.5,904.5044555664062
3.044008493423462,0.1328837275505066,1.1904699802398682,0.5,993.1490478515625
3.054111957550049,0.1328837275505066,-1.0577576160430908,0.5,984.2298583984375
3.0642154216766357,0.24091897904872894,-1.0577576160430908,0.5,984.2298583984375
3.074324131011963,0.24091897904872894,0.9970715045928955,0.5,934.6703491210938
3.0844192504882812,-0.8295671343803406,0.9970715045928955,0.5,934.6703491210938
3.0945258140563965,-0.8295671343803406,-0.5659325122833252,0.5,1024.2237548828125
3.104654312133789,0.8583922982215881,0.4889828860759735,0.5,873.30078125
3.114788055419922,0.8583922982215881,0.4889828860759735,0.5,873.30078125
3.1248934268951416,-1.0,0.00721178762614727,0.5,1068.3489990234375
3.1350226402282715,-1.0,-0.21588760614395142,0.5,820.5081787109375
3.1451451778411865,0.9880742430686951,-0.21588760614395142,0.5,820.5081787109375
3.1552622318267822,0.9880742430686951,0.8298345804214478,0.5,1081.4293212890625
3.1653876304626465,-0.47418415546417236,0.8298345804214478,0.5,1081.4293212890625
3.1754910945892334,-0.47418415546417236,-1.4827247858047485,0.5,856.671875
3.1855924129486084,0.5448053479194641,1.5337204933166504,0.5,1005.2381591796875
3.1957030296325684,0.5448053479194641,1.5337204933166504,0.5,1005.2381591796875
3.2057929039001465,-0.43523120880126953,-1.3314656019210815,0.5,958.8531494140625
3.2160401344299316,-0.43523120880126953,0.7630950808525085,0.5,877.6818237304688
3.226151466369629,0.12529709935188293,0.7630950808525085,0.5,877.6818237304688
3.236240863800049,0.12529709935188293,-0.04480442404747009,0.5,1073.4501953125
3.2463316917419434,-0.11201369762420654,-0.04480442404747009,0.5,1073.4501953125
3.256490468978882,-0.11201369762420654,-0.8795334696769714,0.5,802.1439819335938
3.2666099071502686,-0.3871534466743469,1.4911830425262451,0.5,1042.1219482421875
3.2767064571380615,-0.3871534466743469,1.4911830425262451,0.5,1042.1219482421875
3.2868032455444336,0.5662156343460083,-1.6643364429473877,0.5,902.6607055664062
3.2969000339508057,0.5662156343460083,1.0736082792282104,0.5,961.1953735351562
3.3069939613342285,-0.5705220103263855,1.0736082792282104,0.5,961.1953735351562
3.3170816898345947,-0.5705220103263855,-1.1502954959869385,0.5,1036.2921142578125
3.3271656036376953,0.9543302059173584,-1.1502954959869385,0.5,1036.2921142578125
3.3372695446014404,0.9543302059173584,-0.2767641544342041,0.5,804.0015869140625
3.3473708629608154,-0.9328969120979309,1.132563591003418,0.5,1077.1190185546875
3.357459783554077,-0.9328969120979309,1.132563591003418,0.5,1077.1190185546875
3.3675572872161865,0.8152593970298767,-2.1007938385009766,0.5,867.5511474609375
3.3777053356170654,0.8152593970298767,1.4019967317581177,0.5,949.8756713867188
3.3878254890441895,-0.8388910889625549,1.4019967317581177,0.5,949.8756713867188
3.3979220390319824,-0.8388910889625549,-0.8796488642692566,0.5,1054.38037109375
3.408041000366211,0.8266348242759705,-1.342754602432251,0.5,798.8663330078125
3.4185526371002197,0.8266348242759705,-1.342754602432251,0.5,798.8663330078125
3.4287197589874268,-0.3547748029232025,1.4199105501174927,0.5,1045.0364990234375
3.438828706741333,-0.3547748029232025,-1.875517725944519,0.5,914.1958618164062
3.4489567279815674,0.24553042650222778,-1.875517725944519,0.5,914.1958618164062
3.4590868949890137,0.24553042650222778,0.6893595457077026,0.5,950.7272338867188
3.4691786766052246,-0.449613094329834,0.6893595457077026,0.5,950.7272338867188
3.479290246963501,-0.449613094329834,-1.2698025703430176,0.5,1065.9669189453125
3.4894051551818848,0.8253664970397949,-0.7379916906356812,0.5,825.7415771484375
3.499523162841797,0.8253664970397949,-0.7379916906356812,0.5,825.7415771484375
3.509629487991333,-0.7212570905685425,0.5697405934333801,0.5,1080.294677734375
3.5197558403015137,-0.7212570905685425,-1.7523694038391113,0.5,848.952880859375
3.5298776626586914,0.9649182558059692,-1.7523694038391113,0.5,848.952880859375
3.5400359630584717,-1.0,1.2868398427963257,0.5,1006.9992065429688
3.550157308578491,-1.0,1.2868398427963257,0.5,1006.9992065429688
3.560281753540039,-1.0,-1.4356974363327026,0.5,960.9749755859375
3.570748805999756,1.0,0.5725895166397095,0.5,936.8810424804688
3.5809316635131836,-1.0,0.5725895166397095,0.5,936.8810424804688
3.591059684753418,-1.0,-1.0412168502807617,0.5,1067.1453857421875
3.6012213230133057,1.0,-0.49635592103004456,0.5,823.5916137695312
3.6113369464874268,1.0,-0.49635592103004456,0.5,823.5916137695312
3.621457099914551,-1.0,0.6762229204177856,0.5,1072.744140625
3.6315605640411377,-1.0,0.6762229204177856,0.5,1072.744140625
3.6417183876037598,0.3838529586791992,-1.1666374206542969,0.5,831.0640869140625
3.6518332958221436,0.3838529586791992,1.6565494537353516,0.5,1017.3494262695312
3.6619791984558105,-0.6840842366218567,1.6565494537353516,0.5,1017.3494262695312
3.6720941066741943,-0.6840842366218567,-1.5831055641174316,0.5,953.3387451171875
3.6822707653045654,0.4757419228553772,0.6169321537017822,0.5,894.4070434570312
3.692370653152466,0.4757419228553772,0.6169321537017822,0.5,894.4070434570312
3.7024717330932617,-0.0790703296661377,-0.29312586784362793,0.5,1051.006103515625
3.7125673294067383,-0.0790703296661377,-0.1823946088552475,0.5,798.2542114257812
3.7226593494415283,-0.29583853483200073,-0.1823946088552475,0.5,798.2542114257812
3.732785224914551,-0.29583853483200073,1.0104347467422485,0.5,1075.3486328125
3.7429134845733643,0.21387097239494324,1.0104347467422485,0.5,1075.3486328125
3.753024101257324,0.21387097239494324,-1.4392473697662354,0.5,851.77978515625
3.763134241104126,-0.6608517169952393,1.5342650413513184,0.5,1007.1235961914062
3.77329683303833,-0.6608517169952393,1.5342650413513184,0.5,1007.1235961914062
3.7835183143615723,1.0,-1.2728594541549683,0.5,958.8796997070312
3.793637990951538,1.0,0.9066931009292603,0.5,909.0780639648438
3.803710699081421,-1.0,0.9066931009292603,0.5,909.0780639648438
3.813814878463745,-1.0,-0.30020272731781006,0.5,1054.0032958984375
3.8239200115203857,1.0,-0.40852344036102295,0.5,796.7086181640625
3.8340280055999756,1.0,-0.40852344036102295,0.5,796.7086181640625
3.8441288471221924,-1.0,1.126153588294983,0.5,1073.791015625
3.8542227745056152,-1.0,1.126153588294983,0.5,1073.791015625
3.864332675933838,1.0,-1.7829158306121826,0.5,868.7343139648438
3.874443769454956,1.0,1.6720117330551147,0.5,961.4049072265625
3.8845374584198,-1.0,1.6720117330551147,0.5,961.4049072265625
3.8946361541748047,-1.0,-0.889103353023529,0.5,1015.97265625
3.9047930240631104,1.0,-0.3732602596282959,0.5,780.3410034179688
3.914888620376587,1.0,-0.3732602596282959,0.5,780.3410034179688
3.9249932765960693,-1.0,1.6498005390167236,0.5,1062.392578125
3.9351065158843994,-1.0,1.6498005390167236,0.5,1062.392578125
3.9452474117279053,1.0,-1.4812432527542114,0.5,857.8939208984375
3.955392837524414,1.0,1.819648027420044,0.5,939.8619384765625
3.9655251502990723,-1.0,1.819648027420044,0.5,939.8619384765625
3.9756367206573486,-1.0,-0.5191958546638489,0.5,1025.76953125
3.9857256412506104,1.0,-0.3221662640571594,0.5,785.0099487304688
3.9958627223968506,1.0,-0.3221662640571594,0.5,785.0099487304688
4.0059731006622314,-1.0,1.5114272832870483,0.5,1062.332763671875
4.0160441398620605,-1.0,1.5114272832870483,0.5,1062.332763671875
4.026167631149292,1.0,-1.2586913108825684,0.5,847.0316772460938
4.036296606063843,1.0,2.0131847858428955,0.5,958.8585815429688
4.0464372634887695,-1.0,2.0131847858428955,0.5,958.8585815429688
4.0565924644470215,-1.0,-0.6991981267929077,0.5,985.3135375976562
4.066721439361572,1.0,0.4842051565647125,0.5,828.5052490234375
4.076858997344971,1.0,0.4842051565647125,0.5,828.5052490234375
4.086970567703247,-1.0,0.48026949167251587,0.5,1073.0440673828125
4.09708833694458,-1.0,-0.3670297861099243,0.5,811.5222778320312
4.107224225997925,0.6607217788696289,-0.3670297861099243,0.5,811.5222778320312
4.1173436641693115,0.6607217788696289,1.8539466857910156,0.5,1046.0185546875
4.1274473667144775,-0.5364867448806763,1.8539466857910156,0.5,1046.0185546875
4.137572288513184,-0.5364867448806763,-1.0926220417022705,0.5,865.8497924804688
4.147708892822266,0.20096355676651,1.7694846391677856,0.5,963.1884155273438
4.157827615737915,0.20096355676651,1.7694846391677856,0.5,963.1884155273438
4.167951583862305,0.074210524559021,-0.827814519405365,0.5,998.9954833984375
4.178075790405273,0.074210524559021,0.5020200610160828,0.5,825.4166870117188
4.1881866455078125,-0.03998555243015289,0.5020200610160828,0.5,825.4166870117188
4.198304176330566,-0.03998555243015289,0.620125949382782,0.5,1076.3546142578125
4.208615064620972,0.5700446367263794,-0.9183347225189209,0.5,804.9125366210938
4.218797922134399,0.5700446367263794,-0.9183347225189209,0.5,804.9125366210938
4.228934049606323,-0.8271331787109375,1.7130109071731567,0.5,1032.318115234375
4.239043474197388,-0.8271331787109375,1.7130109071731567,0.5,1032.318115234375
4.2491655349731445,0.7708337903022766,-1.475764274597168,0.5,913.6701049804688
4.259337902069092,0.7708337903022766,1.4037575721740723,0.5,914.2719116210938
4.269474029541016,-1.0,1.4037575721740723,0.5,914.2719116210938
4.279633522033691,-1.0,-0.26664918661117554,0.5,1058.697021484375
4.289797306060791,1.0,-0.8929937481880188,0.5,793.0107421875
4.299921035766602,1.0,-0.8929937481880188,0.5,793.0107421875
4.310034513473511,-1.0,1.8360759019851685,0.5,1044.1810302734375
4.320143938064575,-1.0,-1.6577616930007935,0.5,905.5987548828125
4.330284118652344,1.0,-1.6577616930007935,0.5,905.5987548828125
4.340484142303467,1.0,1.356994390487671,0.5,898.2214965820312
4.350598096847534,-1.0,1.356994390487671,0.5,898.2214965820312
4.3607118129730225,-1.0,0.017519790679216385,0.5,1067.129638671875
4.370818376541138,0.8212771415710449,-1.4693444967269897,0.5,797.1778564453125
4.380924701690674,0.8212771415710449,-1.4693444967269897,0.5,797.1778564453125
4.3910627365112305,-0.5910962820053101,1.764602780342102,0.5,1025.243408203125
4.4012274742126465,-0.5910962820053101,-1.4574607610702515,0.5,927.6502075195312
4.411353588104248,0.6585025787353516,-1.4574607610702515,0.5,927.6502075195312
4.421742916107178,0.6585025787353516,1.0623313188552856,0.5,894.1056518554688
4.431983709335327,0.6585025787353516,1.0623313188552856,0.5,894.1056518554688
4.442182540893555,-1.0,0.011334195733070374,0.5,1052.7093505859375
4.452333450317383,1.0,-0.43899258971214294,0.5,809.8443603515625
4.4624552726745605,1.0,-0.43899258971214294,0.5,809.8443603515625
4.472560882568359,-1.0,0.7385741472244263,0.5,1077.4342041015625
4.4826531410217285,-1.0,-1.5684677362442017,0.5,862.8426513671875
4.492710113525391,1.0,-1.5684677362442017,0.5,862.8426513671875
4.502810478210449,1.0,1.5955419540405273,0.5,1002.9216918945312
4.512914657592773,-1.0,-1.4424022436141968,0.5,959.48291015625
4.523021697998047,-1.0,-1.4424022436141968,0.5,959.48291015625
4.533271551132202,0.8209406137466431,0.7688353657722473,0.5,845.85302734375
4.543419122695923,0.8209406137466431,0.7688353657722473,0.5,845.85302734375
4.5535290241241455,0.8209406137466431,0.6947932243347168,0.5,1085.6279296875
4.56362247467041,-0.8896592855453491,-1.9122157096862793,0.5,824.1744384765625
4.574301481246948,0.7264228463172913,-1.9122157096862793,0.5,824.1744384765625
4.584451675415039,0.7264228463172913,1.435443639755249,0.5,997.0789794921875
4.594590663909912,0.7264228463172913,-1.7191007137298584,0.5,981.4952392578125
4.604713439941406,-0.3127322196960449,-1.7191007137298584,0.5,981.4952392578125
4.614825248718262,0.7211331725120544,0.16791985929012299,0.5,824.1683349609375
4.624945640563965,0.7211331725120544,0.16791985929012299,0.5,824.1683349609375
4.63504695892334,0.7211331725120544,0.6039843559265137,0.5,1089.312255859375
4.645143747329712,-0.7465886473655701,-2.131364345550537,0.5,841.8550415039062
4.655257940292358,-0.7465886473655701,-2.131364345550537,0.5,841.8550415039062
4.665393352508545,0.7138783931732178,1.2539607286453247,0.5,999.8047485351562
4.675505876541138,-0.580866277217865,-1.8536735773086548,0.5,1004.0183715820312
4.685610055923462,-0.580866277217865,-1.8536735773086548,0.5,1004.0183715820312
4.6957268714904785,-0.580866277217865,-0.2782743275165558,0.5,820.0150146484375
4.7058587074279785,0.7401087880134583,-0.2782743275165558,0.5,820.0150146484375
4.715980768203735,-0.652955949306488,0.5273147821426392,0.5,1083.05517578125
4.726036071777344,-0.652955949306488,-1.4452959299087524,0.5,822.5567626953125
4.736157655715942,0.17141103744506836,-1.4452959299087524,0.5,822.5567626953125
4.746302843093872,0.17141103744506836,1.1362824440002441,0.5,1037.275146484375
4.7564263343811035,-0.23549333214759827,-2.0650131702423096,0.5,953.7987060546875
4.766527891159058,-0.23549333214759827,-2.0650131702423096,0.5,953.7987060546875
4.7766242027282715,0.24392956495285034,0.603969395160675,0.5,897.23974609375
4.7867112159729,0.24392956495285034,-0.49111035466194153,0.5,1046.131591796875
4.79680609703064,0.07338652014732361,-0.49111035466194153,0.5,1046.131591796875
4.806923866271973,0.07338652014732361,-0.7654597759246826,0.5,792.2920532226562
4.817039966583252,-0.49978458881378174,-0.7654597759246826,0.5,792.2920532226562
4.827139139175415,-0.49978458881378174,1.3258029222488403,0.5,1060.54736328125
4.837252855300903,0.09205761551856995,-2.273263692855835,0.5,898.2684326171875
4.84737753868103,0.09205761551856995,-2.273263692855835,0.5,898.2684326171875
4.85748028755188,-0.4384227991104126,0.9986478686332703,0.5,931.1478881835938
4.867588758468628,-0.4384227991104126,-0.7182636857032776,0.5,1048.4205322265625
4.877701759338379,0.47974085807800293,-0.7182636857032776,0.5,1048.4205322265625
4.887797594070435,0.47974085807800293,-0.5650826096534729,0.5,789.9168701171875
4.897895574569702,-0.6796233654022217,-0.5650826096534729,0.5,789.9168701171875
4.907993793487549,-0.6796233654022217,1.73867928981781,0.5,1055.5054931640625
4.918101787567139,0.3858392536640167,-1.6747766733169556,0.5,871.3843994140625
4.928221940994263,0.3858392536640167,-1.6747766733169556,0.5,871.3843994140625
4.9383604526519775,-0.7365759611129761,1.2148703336715698,0.5,961.5758056640625
4.948463439941406,-0.7365759611129761,-1.0951735973358154,0.5,1028.83154296875
4.958556890487671,0.9716115593910217,-1.0951735973358154,0.5,1028.83154296875
4.968661308288574,0.9716115593910217,0.15209434926509857,0.5,848.0476684570312
4.978797674179077,-0.8396484851837158,0.15209434926509857,0.5,848.0476684570312
4.98891806602478,-0.8396484851837158,0.13131621479988098,0.5,1069.0164794921875
4.99904727935791,1.0,-0.7741203308105469,0.5,797.2024536132812
5.0091893672943115,1.0,-0.7741203308105469,0.5,797.2024536132812
5.019323348999023,-1.0,1.7986891269683838,0.5,1045.1641845703125
5.029475212097168,-1.0,-1.8294730186462402,0.5,915.468017578125
5.03958797454834,1.0,-1.8294730186462402,0.5,915.468017578125
5.049713611602783,1.0,0.9582852125167847,0.5,922.7086791992188
5.059855222702026,-1.0,-0.6202765107154846,0.5,1076.3427734375
5.069982528686523,-1.0,-0.6202765107154846,0.5,1076.3427734375
5.080082893371582,1.0,-1.0073503255844116,0.5,800.47802734375
5.0901854038238525,1.0,-1.0073503255844116,0.5,800.47802734375
5.100301742553711,-1.0,1.6547706127166748,0.5,1044.0673828125
5.110430717468262,-1.0,-1.44767165184021,0.5,877.433349609375
5.120545864105225,1.0,-1.44767165184021,0.5,877.433349609375
5.1306657791137695,1.0,1.3913438320159912,0.5,964.5232543945312
5.140804767608643,-1.0,-1.1306736469268799,0.5,1032.68212890625
5.150935888290405,-1.0,-1.1306736469268799,0.5,1032.68212890625
5.161060810089111,1.0,-0.2151115983724594,0.5,823.1514892578125
5.171753168106079,1.0,0.9871746897697449,0.5,1048.6964111328125
5.181937217712402,-1.0,0.9871746897697449,0.5,1048.6964111328125
5.192038059234619,-1.0,-0.9647278189659119,0.5,805.2440795898438
5.202150344848633,1.0,1.838305115699768,0.5,1016.6188354492188
5.2122955322265625,1.0,1.838305115699768,0.5,1016.6188354492188
5.222455739974976,-1.0,-1.3932663202285767,0.5,948.0848999023438
5.232593774795532,-1.0,-1.3932663202285767,0.5,948.0848999023438
5.242734909057617,0.45501047372817993,0.9597690105438232,0.5,898.4231567382812
5.2528910636901855,0.45501047372817993,-0.3358566462993622,0.5,1057.5460205078125
5.263031721115112,-0.17351606488227844,-0.3358566462993622,0.5,1057.5460205078125
5.273143768310547,-0.17351606488227844,-0.628779411315918,0.5,773.2188720703125
5.283262252807617,0.5619146823883057,2.6787357330322266,0.5,1019.9736938476562
5.293389797210693,0.5619146823883057,2.6787357330322266,0.5,1019.9736938476562
5.303515434265137,-0.9841530323028564,-1.302541971206665,0.5,916.2132568359375
5.313704490661621,-0.9841530323028564,-1.302541971206665,0.5,916.2132568359375
5.323847055435181,1.0,0.7668642401695251,0.5,850.4719848632812
5.333990573883057,1.0,0.5035459399223328,0.5,1102.1986083984375
5.34412145614624,-0.6401002407073975,0.5035459399223328,0.5,1102.1986083984375
5.354240417480469,-0.6401002407073975,-1.7117888927459717,0.5,821.9114990234375
5.364356279373169,1.0,2.3860836029052734,0.5,962.037109375
5.374665021896362,1.0,2.3860836029052734,0.5,962.037109375
5.384862899780273,-1.0,-0.4311847984790802,0.5,947.5435791015625
5.394990682601929,-1.0,-0.4311847984790802,0.5,947.5435791015625
5.405112981796265,1.0,0.5642828345298767,0.5,792.6526489257812
5.415247201919556,-1.0,1.1454851627349854,0.5,1086.0196533203125
5.425381183624268,-1.0,1.1454851627349854,0.5,1086.0196533203125
5.435502529144287,1.0,-2.2313172817230225,0.5,869.9376220703125
5.445640325546265,1.0,1.6233716011047363,0.5,924.8239135742188
5.455793619155884,1.0,1.6233716011047363,0.5,924.8239135742188
5.465932130813599,-1.0,-0.328426718711853,0.5,995.8549194335938
5.476064920425415,-1.0,-0.09952500462532043,0.5,735.1845092773438
5.486185312271118,1.0,-0.09952500462532043,0.5,735.1845092773438
5.496289253234863,-1.0,2.035362720489502,0.5,1052.149169921875
5.50639533996582,-1.0,2.035362720489502,0.5,1052.149169921875
5.5164923667907715,1.0,-2.2191035747528076,0.5,922.5394287109375
5.526645183563232,1.0,0.5176260471343994,0.5,872.1864013671875
5.536731243133545,1.0,0.5176260471343994,0.5,872.1864013671875
5.546868085861206,-0.9799632430076599,0.10669762641191483,0.5,1072.6436767578125
5.556979417800903,1.0,-0.9420379400253296,0.5,783.4429931640625
5.567089796066284,1.0,-0.9420379400253296,0.5,783.4429931640625
5.577192544937134,-1.0,2.4067459106445312,0.5,1015.067626953125
5.587297439575195,-1.0,-1.3215159177780151,0.5,962.28271484375
5.597410202026367,-1.0,-1.3215159177780151,0.5,962.28271484375
5.607530117034912,0.6759034395217896,0.04156969115138054,0.5,842.802001953125
5.6176416873931885,-1.0,0.04156969115138054,0.5,842.802001953125
5.627781867980957,-1.0,0.36301520466804504,0.5,1098.3800048828125
5.6378912925720215,1.0,-1.89448082447052,0.5,840.839599609375
5.64799952507019,1.0,-1.89448082447052,0.5,840.839599609375
5.6581130027771,-0.771507203578949,2.135957717895508,0.5,961.5806274414062
5.668240547180176,-0.771507203578949,-0.3577553331851959,0.5,944.20654296875
5.678343772888184,0.4032403230667114,-0.3577553331851959,0.5,944.20654296875
5.688457727432251,0.4032403230667114,0.29179880023002625,0.5,862.4231567382812
5.700969696044922,-1.0,-0.1577416956424713,0.5,1105.5426025390625
5.711174726486206,-1.0,-0.1577416956424713,0.5,1105.5426025390625
5.721287965774536,1.0,-2.7052488327026367,0.5,887.2069702148438
5.731393098831177,1.0,1.2785651683807373,0.5,922.3931884765625
5.741495132446289,-0.1018766313791275,1.2785651683807373,0.5,922.3931884765625
5.75161600112915,-0.1018766313791275,-0.33440691232681274,0.5,936.8670654296875
5.761715888977051,0.48485124111175537,-0.33440691232681274,0.5,936.8670654296875
5.771833658218384,0.48485124111175537,0.4137711226940155,0.5,827.623046875
5.781968832015991,-1.0,0.4999423325061798,0.5,1095.8050537109375
5.792100429534912,-1.0,0.4999423325061798,0.5,1095.8050537109375
5.802212715148926,1.0,-2.546295642852783,0.5,937.0177612304688
5.813214063644409,1.0,0.5463842153549194,0.5,934.5264892578125
5.823369264602661,-0.0946783572435379,0.5463842153549194,0.5,934.5264892578125
5.8335089683532715,-0.0946783572435379,-0.6277072429656982,0.5,937.802490234375
5.843644857406616,0.9177246689796448,-0.6277072429656982,0.5,937.802490234375
5.85375189781189,0.9177246689796448,1.1886743307113647,0.5,765.3731689453125
5.863871097564697,-1.0,1.2484287023544312,0.5,1059.365966796875
5.873968601226807,-1.0,1.2484287023544312,0.5,1059.365966796875
5.884063482284546,0.4306700825691223,-2.0415124893188477,0.5,921.71044921875
5.8941566944122314,0.4306700825691223,0.11576216667890549,0.5,1017.7489013671875
5.904263257980347,-0.4172869324684143,0.11576216667890549,0.5,1017.7489013671875
5.91438364982605,-0.4172869324684143,-1.8602460622787476,0.5,1000.3103637695312
5.924509048461914,1.0,0.7629030346870422,0.5,791.9752807617188
5.9346442222595215,1.0,0.7629030346870422,0.5,791.9752807617188
5.944802284240723,-1.0,1.7923753261566162,0.5,988.3070678710938
5.95492696762085,-1.0,1.7923753261566162,0.5,988.3070678710938
5.965054273605347,-0.263893723487854,-1.4975042343139648,0.5,874.0980224609375
5.975162744522095,-0.263893723487854,-0.12041615694761276,0.5,1024.1199951171875
5.985271215438843,-0.8068932890892029,-0.12041615694761276,0.5,1024.1199951171875
5.995388507843018,-0.8068932890892029,-2.3813724517822266,0.5,1068.5546875
6.005507946014404,1.0,-2.3813724517822266,0.5,1068.5546875
6.015631198883057,1.0,-1.0403505563735962,0.5,850.6219482421875
6.025812149047852,-0.10576780140399933,1.6588025093078613,0.5,955.8453369140625
6.035944700241089,-0.10576780140399933,1.6588025093078613,0.5,955.8453369140625
6.04606032371521,-0.12719079852104187,-0.27921953797340393,0.5,836.6896362304688
6.05617356300354,-0.12719079852104187,-0.27921953797340393,0.5,836.6896362304688
6.066304445266724,-1.0,0.8490622043609619,0.5,1002.9585571289062
6.076435089111328,-1.0,-2.3829588890075684,0.5,1119.394775390625
6.086561679840088,1.0,-2.3829588890075684,0.5,1119.394775390625
6.096667766571045,1.0,-2.525458574295044,0.5,933.5121459960938
6.106783866882324,1.0,0.4352550208568573,0.5,862.7153930664062
6.116893291473389,1.0,0.4352550208568573,0.5,862.7153930664062
6.127003192901611,-1.0,2.1671054363250732,0.5,811.799072265625
6.13713264465332,-1.0,0.6179401278495789,0.5,821.9928588867188
6.147274017333984,-0.7585186958312988,0.6179401278495789,0.5,821.9928588867188
6.157388925552368,-0.7585186958312988,-1.9453998804092407,0.5,1054.0428466796875
6.167495489120483,0.8561511039733887,-1.9453998804092407,0.5,1054.0428466796875
6.177660703659058,0.8561511039733887,-2.3270211219787598,0.5,944.4991455078125
6.18785285949707,0.9921663999557495,-0.3826374113559723,0.5,836.9185180664062
6.198012828826904,0.9921663999557495,-0.3826374113559723,0.5,836.9185180664062
6.208190679550171,-0.5037831664085388,2.472613573074341,0.5,789.5137329101562
6.218348979949951,-0.5037831664085388,1.7658237218856812,0.5,827.1660766601562
6.228621244430542,-0.8758684396743774,1.7658237218856812,0.5,827.1660766601562
6.238715887069702,-0.8758684396743774,-0.3721495568752289,0.5,1008.124267578125
6.248832941055298,-0.06788903474807739,-0.3721495568752289,0.5,1008.124267578125
6.258957386016846,-0.06788903474807739,-2.46883487701416,0.5,1002.6842651367188
6.2690839767456055,1.0,-1.1935323476791382,0.5,918.4401245117188
6.279252052307129,1.0,-1.1935323476791382,0.5,918.4401245117188
6.2893922328948975,0.20348599553108215,0.41677650809288025,0.5,858.11865234375
6.299520492553711,0.20348599553108215,2.3606600761413574,0.5,902.3176879882812
6.309628963470459,-1.0,2.3606600761413574,0.5,902.3176879882812
6.319721460342407,-1.0,0.6242729425430298,0.5,867.3638916015625
6.329836130142212,-0.3919569253921509,-0.3143934905529022,0.5,1071.8568115234375
6.3399739265441895,-0.3919569253921509,-0.3143934905529022,0.5,1071.8568115234375
6.350107669830322,0.37970566749572754,-2.7240264415740967,0.5,1026.1959228515625
6.360241651535034,0.37970566749572754,-2.7240264415740967,0.5,1026.1959228515625
6.370362758636475,0.8026058673858643,-0.9244202375411987,0.5,905.081787109375
6.380473852157593,0.8026058673858643,0.9922493696212769,0.5,868.6314697265625
6.390600681304932,-0.10400685667991638,0.9922493696212769,0.5,868.6314697265625
6.40071177482605,-0.10400685667991638,1.9514635801315308,0.5,841.032470703125
6.410844564437866,-0.7981674671173096,0.6805300712585449,0.5,930.3410034179688
6.421003580093384,-0.7981674671173096,0.6805300712585449,0.5,930.3410034179688
6.431139707565308,-0.28507471084594727,-1.5616408586502075,0.5,1089.24267578125
6.441266775131226,-0.28507471084594727,-0.9577108025550842,0.5,974.7392578125
6.4517505168914795,0.9429247379302979,-0.9577108025550842,0.5,974.7392578125
6.4619762897491455,0.9429247379302979,-1.514194369316101,0.5,1009.90966796875
6.472177028656006,1.0,-1.514194369316101,0.5,1009.90966796875
6.482309579849243,1.0,0.9701378345489502,0.5,775.1297607421875
6.492467641830444,-0.5572159290313721,2.401085138320923,0.5,948.391357421875
6.50262451171875,-0.5572159290313721,2.401085138320923,0.5,948.391357421875
6.512711763381958,-0.7441632747650146,-0.3424489498138428,0.5,836.751220703125
6.52281641960144,-0.7441632747650146,-0.3424489498138428,0.5,836.751220703125
6.5329430103302,-0.9346362352371216,0.9500100612640381,0.5,1019.2329711914062
6.544219255447388,-0.9346362352371216,-2.2866365909576416,0.5,1112.118408203125
6.556183576583862,0.950859010219574,-2.2866365909576416,0.5,1112.118408203125
6.5663909912109375,0.950859010219574,-2.0515921115875244,0.5,901.0796508789062
6.576652526855469,1.0,1.7647536993026733,0.5,856.3064575195312
6.586785316467285,1.0,1.7647536993026733,0.5,856.3064575195312
6.596920490264893,-1.0,2.0614428520202637,0.5,829.2632446289062
6.607055425643921,-1.0,0.08522994816303253,0.5,772.0360717773438
6.61716365814209,-0.2639220356941223,0.08522994816303253,0.5,772.0360717773438
6.627278566360474,-0.2639220356941223,0.23123478889465332,0.5,1042.3067626953125
6.637405872344971,-0.4013725519180298,-2.6889121532440186,0.5,1044.372802734375
6.647543430328369,-0.4013725519180298,-2.6889121532440186,0.5,1044.372802734375
6.657668828964233,1.0,-1.7855859994888306,0.5,871.0421752929688
6.667804002761841,1.0,-1.7855859994888306,0.5,871.0421752929688
6.677913188934326,0.66158127784729,2.2574105262756348,0.5,787.3602294921875
6.688032150268555,0.66158127784729,3.253199338912964,0.5,793.2154541015625
6.698171138763428,-1.0,3.253199338912964,0.5,793.2154541015625
6.708308219909668,-1.0,0.8705033659934998,0.5,806.7346801757812
6.718412399291992,-0.9726589918136597,-2.0776824951171875,0.5,1049.8023681640625
6.728504180908203,-0.9726589918136597,-2.0776824951171875,0.5,1049.8023681640625
6.738598823547363,1.0,-2.5300815105438232,0.5,943.322998046875
6.748703718185425,1.0,-2.5300815105438232,0.5,943.322998046875
6.758802175521851,1.0,-0.5891477465629578,0.5,852.0466918945312
6.768942594528198,1.0,2.9247655868530273,0.5,715.345703125
6.779133558273315,-0.8617259860038757,2.9247655868530273,0.5,715.345703125
6.789241552352905,-0.8617259860038757,3.1504452228546143,0.5,775.3794555664062
6.799342155456543,-1.0,1.0285080671310425,0.5,852.6727905273438
6.809461832046509,-1.0,1.0285080671310425,0.5,852.6727905273438
6.819584608078003,-0.8753511905670166,-2.706223964691162,0.5,1087.8331298828125
6.829724550247192,-0.8753511905670166,-2.706223964691162,0.5,1087.8331298828125
6.839850425720215,1.0,-3.677741765975952,0.5,958.146240234375
6.849970579147339,1.0,-1.525184154510498,0.5,873.5330810546875
6.860087871551514,1.0,-1.525184154510498,0.5,873.5330810546875
6.870213508605957,1.0,2.2933921813964844,0.5,707.4177856445312
6.880338430404663,-0.7791666984558105,3.895564079284668,0.5,767.5696411132812
6.890471458435059,-0.7791666984558105,3.895564079284668,0.5,767.5696411132812
6.900589466094971,-1.0,1.8966643810272217,0.5,830.99658203125
6.910723924636841,-1.0,-2.1249561309814453,0.5,1079.970703125
6.920862913131714,-0.9850413799285889,-2.1249561309814453,0.5,1079.970703125
6.930975437164307,-0.9850413799285889,-4.586268424987793,0.5,977.0201416015625
6.94112229347229,1.0,-4.586268424987793,0.5,977.0201416015625
6.951270341873169,1.0,-2.6464195251464844,0.5,893.4903564453125
6.961385011672974,1.0,1.1415847539901733,0.5,714.1680908203125
6.972024440765381,1.0,1.1415847539901733,0.5,714.1680908203125
6.982233047485352,-0.9492937922477722,4.969715595245361,0.5,746.4551391601562
6.992374420166016,-0.9492937922477722,3.725619316101074,0.5,722.4194946289062
7.002500295639038,-1.0,3.725619316101074,0.5,722.4194946289062
7.012625694274902,-1.0,1.9211130142211914,0.5,381.53424072265625
7.022783517837524,-1.0,0.09840884804725647,0.5,201.501220703125
7.03289794921875,-1.0,0.09840884804725647,0.5,201.501220703125
7.0430097579956055,1.0,-1.3642659187316895,0.5,106.41962432861328
7.053121328353882,1.0,-1.3642659187316895,0.5,106.41962432861328
7.063242435455322,1.0,-1.6639398336410522,0.5,56.203819274902344
7.073370695114136,1.0,-0.6993178129196167,0.5,29.683134078979492
7.083495616912842,1.0,-0.6993178129196167,0.5,29.683134078979492
7.093629360198975,-1.0,0.7552140951156616,0.5,15.676674842834473
7.1037187576293945,-1.0,1.6229413747787476,0.5,8.279382705688477
7.113836288452148,-1.0,1.6229413747787476,0.5,8.279382705688477
7.123944282531738,-1.0,1.3031574487686157,0.5,4.372623920440674
7.134142637252808,-1.0,1.3031574487686157,0.5,4.372623920440674
7.144275665283203,0.7835109829902649,0.06607016175985336,0.5,2.309330940246582
7.154388189315796,0.7835109829902649,-1.1884409189224243,0.5,1.2196364402770996
7.16450309753418,1.0,-1.1884409189224243,0.5,1.2196364402770996
7.174660921096802,1.0,-1.5915961265563965,0.5,0.6441316604614258
7.184886693954468,1.0,-1.5915961265563965,0.5,0.6441316604614258
7.195016384124756,1.0,-0.8993345499038696,0.5,0.3401878774166107
7.205138921737671,-1.0,0.3788648843765259,0.5,0.17966480553150177
7.215248107910156,-1.0,0.3788648843765259,0.5,0.17966480553150177
7.225366592407227,-1.0,1.3657488822937012,0.5,0.09488705545663834
7.235492944717407,-1.0,1.419225811958313,0.5,0.050113074481487274
7.245589971542358,-0.7350775003433228,1.419225811958313,0.5,0.050113074481487274
7.255709886550903,-0.7350775003433228,0.5393519401550293,0.5,0.026466423645615578
7.26583456993103,0.986038088798523,-0.6694877743721008,0.5,0.013977820985019207
7.275959730148315,0.986038088798523,-0.6694877743721008,0.5,0.013977820985019207
7.286062002182007,1.0,-1.4215145111083984,0.5,0.00738215958699584
7.296185731887817,1.0,-1.4215145111083984,0.5,0.00738215958699584
7.306314468383789,-0.027312815189361572,-1.2581056356430054,0.5,0.0038987689185887575
7.31642484664917,-0.027312815189361572,-0.315917432308197,0.5,0.002059072023257613
7.326534986495972,-0.9951797723770142,-0.315917432308197,0.5,0.002059072023257613
7.3366498947143555,-0.9951797723770142,0.7929401993751526,0.5,0.0010874656727537513
7.346777677536011,-1.0,1.3840057849884033,0.5,0.0005743276560679078
7.35692286491394,-1.0,1.3840057849884033,0.5,0.0005743276560679078
7.36705207824707,-0.059901103377342224,1.1193453073501587,0.5,0.00030332195456139743
7.377177715301514,-0.059901103377342224,1.1193453073501587,0.5,0.00030332195456139743
7.3872904777526855,0.8437697291374207,0.18953420221805573,0.5,0.00016019462782423943
7.39742636680603,0.8437697291374207,-0.8305209875106812,0.5,8.460423850920051e-05
7.407562971115112,0.6966090798377991,-0.8305209875106812,0.5,8.460423850920051e-05
7.417706489562988,0.6966090798377991,-1.3410407304763794,0.5,4.4682372390525416e-05
7.4278175830841064,-0.07239580154418945,-1.066138505935669,0.5,2.359828431508504e-05
7.437934160232544,-0.07239580154418945,-1.066138505935669,0.5,2.359828431508504e-05
7.448072910308838,-0.8505923748016357,-0.19263190031051636,0.5,1.2463056918932125e-05
7.458183526992798,-0.8505923748016357,-0.19263190031051636,0.5,1.2463056918932125e-05
7.4683122634887695,-0.869511604309082,0.7632004022598267,0.5,6.582164587598527e-06
7.478415012359619,-0.869511604309082,1.264180302619934,0.5,3.4762649647746002e-06
7.488532543182373,0.09568887948989868,1.264180302619934,0.5,3.4762649647746002e-06
7.498747825622559,0.09568887948989868,1.0507696866989136,0.5,1.8359331761530484e-06
7.508879899978638,0.7141016721725464,1.0507696866989136,0.5,1.8359331761530484e-06
7.519011974334717,0.7141016721725464,0.2666436433792114,0.5,9.696185543361935e-07
7.529123067855835,-0.6633018255233765,-0.6430444717407227,0.5,5.120885475662362e-07
7.5392372608184814,-0.6633018255233765,-0.6430444717407227,0.5,5.120885475662362e-07
7.5493669509887695,-0.2922542095184326,-1.1877659559249878,0.5,2.704513235585182e-07
7.559496641159058,-0.2922542095184326,-1.093766450881958,0.5,1.4283450866514613e-07
7.569601535797119,-0.49979132413864136,-1.093766450881958,0.5,1.4283450866514613e-07
7.579791069030762,-0.49979132413864136,-0.4343634247779846,0.5,7.543574298551903e-08
7.589904308319092,0.21388337016105652,0.4286586046218872,0.5,3.9840184484774e-08
7.600014686584473,0.21388337016105652,0.4286586046218872,0.5,3.9840184484774e-08
7.61032509803772,0.4503116011619568,1.047230839729309,0.5,2.1040948539052806e-08
7.620617628097534,0.4503116011619568,1.047230839729309,0.5,2.1040948539052806e-08
7.630709886550903,0.155862957239151,1.1186153888702393,0.5,1.1112443409899697e-08
7.640826225280762,0.155862957239151,0.6280510425567627,0.5,5.868860064595083e-09
7.650976896286011,-1.0,0.6280510425567627,0.5,5.868860064595083e-09
7.661145925521851,-1.0,-0.1611407846212387,0.5,3.099544176876634e-09
7.671263217926025,-0.874518632888794,-0.8528358340263367,0.5,1.6369748889744073e-09
7.681376218795776,-0.874518632888794,-0.8528358340263367,0.5,1.6369748889744073e-09
7.6915600299835205,-0.3269314765930176,-1.1173558235168457,0.5,8.645418270170069e-10
7.7017176151275635,-0.3269314765930176,-0.8449282646179199,0.5,4.5659384606544506e-10
7.7118470668792725,0.3047561049461365,-0.8449282646179199,0.5,4.5659384606544506e-10
7.721959590911865,1.0,-0.18437460064888,0.5,2.411427724169357e-10
7.73206353187561,1.0,0.5418526530265808,0.5,1.2735570931177165e-10
7.742185115814209,1.0,0.5418526530265808,0.5,1.2735570931177165e-10
7.752344608306885,0.5377253293991089,0.996873676776886,0.5,6.726087742325859e-11
7.762489080429077,-0.477473646402359,0.996873676776886,0.5,6.726087742325859e-11
7.772625684738159,-0.477473646402359,0.9839282035827637,0.5,3.552273405982298e-11
7.782799959182739,-1.0,0.52674400806427,0.5,1.8760768979997344e-11
7.792903661727905,-1.0,0.52674400806427,0.5,1.8760768979997344e-11
7.803023338317871,-0.9960763454437256,-0.15426526963710785,0.5,9.908203597863707e-12
7.813258171081543,-0.9960763454437256,-0.7509914636611938,0.5,5.232859284776126e-12
7.823412179946899,0.504747748374939,-0.7509914636611938,0.5,5.232859284776126e-12
7.833539962768555,0.504747748374939,-1.0071747303009033,0.5,2.763650636464221e-12
7.84366774559021,1.0,-1.0071747303009033,0.5,2.763650636464221e-12
7.853781700134277,1.0,-0.8257136940956116,0.5,1.459577792829736e-12
7.8638811111450195,1.0,-0.3004825711250305,0.5,7.70852403176453e-13
7.873975515365601,1.0,-0.3004825711250305,0.5,7.70852403176453e-13
7.884068489074707,0.76446533203125,0.3346908390522003,0.5,4.0711333501412816e-13
7.894160509109497,0.76446533203125,0.8118031620979309,0.5,2.1501032833499967e-13
7.904268980026245,-1.0,0.8118031620979309,0.5,2.1501032833499967e-13
7.914371967315674,-1.0,0.9410322904586792,0.5,1.1355421269086674e-13
7.924460172653198,-1.0,0.683283269405365,0.5,5.997183001940631e-14
7.934571743011475,-1.0,0.683283269405365,0.5,5.997183001940631e-14
7.9447104930877686,-1.0,0.15684917569160461,0.5,3.1673167371184044e-14
7.9548399448394775,-1.0,0.15684917569160461,0.5,3.1673167371184044e-14
7.964997053146362,0.19852393865585327,-0.41912341117858887,0.5,1.6727675898630702e-14
7.975095748901367,0.19852393865585327,-0.8168705105781555,0.5,8.834451995908682e-15
7.985212087631226,1.0,-0.8168705105781555,0.5,8.834451995908682e-15
7.995351552963257,1.0,-0.8890467882156372,0.5,4.665774263798959e-15
8.005465984344482,1.0,-0.6205004453659058,0.5,2.4641539453178467e-15
8.015583515167236,1.0,-0.6205004453659058,0.5,2.4641539453178467e-15
8.025705814361572,1.0,-0.12605957686901093,0.5,1.3014037606554909e-15
8.035825252532959,1.0,-0.12605957686901093,0.5,1.3014037606554909e-15
8.046012878417969,-1.0,0.4004397690296173,0.5,6.87315779445319e-16
8.056243658065796,-1.0,0.7628766298294067,0.5,3.6299480487552794e-16
8.066388368606567,-1.0,0.7628766298294067,0.5,3.6299480487552794e-16
8.076505422592163,-1.0,0.8349460959434509,0.5,1.9170994633391106e-16
8.086597204208374,-1.0,0.6017698645591736,0.5,1.0124852163304629e-16
8.096735954284668,-1.0,0.6017698645591736,0.5,1.0124852163304629e-16
8.106866359710693,-0.048104554414749146,0.15850213170051575,0.5,5.3472789604747505e-17
8.117005825042725,-0.048104554414749146,0.15850213170051575,0.5,5.3472789604747505e-17
8.127166748046875,1.0,-0.3300628960132599,0.5,2.824078652806272e-17
8.137281656265259,1.0,-0.69145667552948,0.5,1.4914916786000793e-17
8.147387266159058,1.0,-0.69145667552948,0.5,1.4914916786000793e-17
8.157535076141357,1.0,-0.8057451844215393,0.5,7.877075537219972e-18
8.167714595794678,1.0,-0.643429696559906,0.5,4.160152689602743e-18
8.17785382270813,1.0,-0.643429696559906,0.5,4.160152689602743e-18
8.187997102737427,-0.8656811118125916,-0.26996371150016785,0.5,2.197118058779409e-18
8.1981201171875,-0.8656811118125916,0.18190541863441467,0.5,1.160372375409414e-18
8.20828890800476,-1.0,0.18190541863441467,0.5,1.160372375409414e-18
8.218477010726929,-1.0,0.5601354837417603,0.5,6.128318011573014e-19
8.228593349456787,-1.0,0.5601354837417603,0.5,6.128318011573014e-19
8.238709688186646,-1.0,0.744274914264679,0.5,3.2365731722458214e-19
8.24881649017334,-1.0,0.6824910640716553,0.5,1.7093436619285137e-19
8.258998394012451,-1.0,0.6824910640716553,0.5,1.7093436619285137e-19
8.269162654876709,0.053543344140052795,0.40397870540618896,0.5,9.027622376970146e-20
8.279274702072144,0.053543344140052795,0.004823313094675541,0.5,4.767792471925505e-20
8.289413928985596,1.0,0.004823313094675541,0.5,4.767792471925505e-20
8.299534559249878,1.0,-0.3860688805580139,0.5,2.5180321349000356e-20
8.309644937515259,1.0,-0.6487511396408081,0.5,1.329858432360216e-20
8.319764375686646,1.0,-0.6487511396408081,0.5,1.329858432360216e-20
8.32984972000122,1.0,-0.7082927823066711,0.5,7.02343386923577e-21
8.339938402175903,1.0,-0.55465167760849,0.5,3.709316973583592e-21
8.350040912628174,-0.8859711289405823,-0.55465167760849,0.5,3.709316973583592e-21
8.360147714614868,-0.8859711289405823,-0.2417306900024414,0.5,1.9590173377055907e-21
8.370264291763306,-1.0,-0.2417306900024414,0.5,1.9590173377055907e-21
8.380370855331421,-1.0,0.1323995739221573,0.5,1.0346239190545631e-21
8.390507221221924,-1.0,0.4567592740058899,0.5,5.464200434057231e-22
8.400665760040283,-1.0,0.4567592740058899,0.5,5.464200434057231e-22
8.411041498184204,-1.0,0.640204668045044,0.5,2.8858293912702513e-22
8.421201705932617,-1.0,0.6361689567565918,0.5,1.5241038813472377e-22
8.431301355361938,0.39930248260498047,0.6361689567565918,0.5,1.5241038813472377e-22
8.441406488418579,0.39930248260498047,0.45305898785591125,0.5,8.049312640378122e-23
8.45151162147522,0.9911603927612305,0.45305898785591125,0.5,8.049312640378122e-23
8.46160626411438,0.9911603927612305,0.14857476949691772,0.5,4.251115566883943e-23
8.471744060516357,1.0,-0.18916136026382446,0.5,2.2451573008268912e-23
8.481859683990479,1.0,-0.18916136026382446,0.5,2.2451573008268912e-23
8.491953372955322,1.0,-0.46740785241127014,0.5,1.1857426642084015e-23
8.502060890197754,1.0,-0.6139994263648987,0.5,6.26230997608549e-24
8.512171745300293,-0.6792192459106445,-0.6139994263648987,0.5,6.26230997608549e-24
8.52226209640503,-0.8463336825370789,-0.5952622294425964,0.5,3.307340168690937e-24
8.532368421554565,-0.8463336825370789,-0.5952622294425964,0.5,3.307340168690937e-24
8.54249906539917,-0.8463336825370789,-0.42251086235046387,0.5,1.7467192849522947e-24
8.552626371383667,-1.0,-0.1463717520236969,0.5,9.225023242125692e-25
8.56270980834961,-1.0,-0.1463717520236969,0.5,9.225023242125692e-25
8.572848558425903,-1.0,0.1586012840270996,0.5,4.87204784495669e-25
8.582996845245361,-1.0,0.414287805557251,0.5,2.5730936816601865e-25
8.59311819076538,-0.40776923298835754,0.414287805557251,0.5,2.5730936816601865e-25
8.603243827819824,0.6524958610534668,0.5587953925132751,0.5,1.358938510690446e-25
8.613394498825073,0.6524958610534668,0.5608028173446655,0.5,7.177016456357922e-26
8.623522758483887,0.8343727588653564,0.5608028173446655,0.5,7.177016456357922e-26
8.633640050888062,0.8343727588653564,0.4253673255443573,0.5,3.790426113185221e-26
8.64372444152832,0.8343727588653564,0.4253673255443573,0.5,3.790426113185221e-26
8.653847694396973,1.0,0.19048164784908295,0.5,2.001852722059705e-26
8.66398000717163,1.0,-0.08402810990810394,0.5,1.0572464074307662e-26
8.674114465713501,1.0,-0.08402810990810394,0.5,1.0572464074307662e-26
8.684239387512207,1.0,-0.33198344707489014,0.5,5.58367805036884e-27
8.694368839263916,-0.7945480346679688,-0.4967105984687805,0.5,2.948930197400287e-27
8.704494714736938,-0.76242595911026,-0.4967105984687805,0.5,2.948930197400287e-27
8.714611291885376,-0.76242595911026,-0.543554425239563,0.5,1.5574304051409541e-27
8.724709272384644,-0.9057308435440063,-0.46645066142082214,0.5,8.22532034735231e-28
8.734869718551636,-0.9057308435440063,-0.46645066142082214,0.5,8.22532034735231e-28
8.745022773742676,-1.0,-0.28754922747612,0.5,4.34407076762649e-28
8.755138158798218,-1.0,-0.28754922747612,0.5,4.34407076762649e-28
8.7652268409729,-0.6512134671211243,-0.05054682120680809,0.5,2.2942522499303853e-28
8.775357007980347,-0.6512134671211243,0.1902698278427124,0.5,1.2116723429744941e-28
8.785488605499268,0.7901091575622559,0.1902698278427124,0.5,1.2116723429744941e-28
8.79561996459961,0.7901091575622559,0.3825056552886963,0.5,6.399253120588334e-29
8.805789232254028,0.7338151335716248,0.48683255910873413,0.5,3.379663996128255e-29
8.81593918800354,0.7338151335716248,0.48683255910873413,0.5,3.379663996128255e-29
8.82604455947876,0.8205159902572632,0.48456764221191406,0.5,1.784915610808356e-29
8.836149454116821,0.8205159902572632,0.48456764221191406,0.5,1.784915610808356e-29
8.846254825592041,1.0,0.3803461194038391,0.5,9.426745479131139e-30
8.856361627578735,1.0,0.19972971081733704,0.5,4.978586082286229e-30
8.866464853286743,-0.6273737549781799,0.19972971081733704,0.5,4.978586082286229e-30
8.87656044960022,-0.6273737549781799,-0.017332015559077263,0.5,2.6293598698515026e-30
8.886656045913696,-0.9624080657958984,-0.22550629079341888,0.5,1.3886544526998343e-30
8.89676547050476,-0.9624080657958984,-0.22550629079341888,0.5,1.3886544526998343e-30
8.90687370300293,-0.8435073494911194,-0.38351666927337646,0.5,7.333958155345246e-31
8.916983127593994,-0.8435073494911194,-0.38351666927337646,0.5,7.333958155345246e-31
8.927069902420044,-0.8417821526527405,-0.4620935320854187,0.5,3.873311720281498e-31
8.937150955200195,-0.8417821526527405,-0.44898736476898193,0.5,2.0456277129450274e-31
8.947250366210938,-0.7827596068382263,-0.44898736476898193,0.5,2.0456277129450274e-31
8.957344770431519,-0.7827596068382263,-0.35030460357666016,0.5,1.0803654721415975e-31
8.967478036880493,0.6076405644416809,-0.1882115602493286,0.5,5.705774935000106e-32
8.977595090866089,0.6076405644416809,-0.1882115602493286,0.5,5.705774935000106e-32
8.987735986709595,1.0,0.004252197220921516,0.5,3.0134132699219325e-32
8.997811794281006,1.0,0.1900336742401123,0.5,1.591485785467765e-32
9.007913827896118,0.8798130750656128,0.1900336742401123,0.5,1.591485785467765e-32
9.01805067062378,0.8798130750656128,0.3351757824420929,0.5,8.405171052147189e-33
9.02817964553833,0.8170545101165771,0.3351757824420929,0.5,8.405171052147189e-33
9.038318872451782,0.8170545101165771,0.41484522819519043,0.5,4.439058255260575e-33
9.04843282699585,0.8543046712875366,0.41726797819137573,0.5,2.3444182392364554e-33
9.058537244796753,0.8543046712875366,0.41726797819137573,0.5,2.3444182392364554e-33
9.068660974502563,-0.5818394422531128,0.345036119222641,0.5,1.2381673933398125e-33
9.078803062438965,-0.5818394422531128,0.2137681543827057,0.5,6.539183238128227e-34
9.088927030563354,-1.0,0.2137681543827057,0.5,6.539183238128227e-34
9.099063873291016,-1.0,0.04858047142624855,0.5,3.4535652093399367e-34
9.109230279922485,-1.0,0.04858047142624855,0.5,3.4535652093399367e-34
9.119362354278564,-1.0,-0.12083454430103302,0.5,1.8239436412501615e-34
9.129488229751587,-0.9380757808685303,-0.26555895805358887,0.5,9.632862816358007e-35
9.139604806900024,-0.9380757808685303,-0.26555895805358887,0.5,9.632862816358007e-35
9.14972710609436,-0.8191492557525635,-0.3622824251651764,0.5,5.087443123087894e-35
9.159842014312744,-0.8191492557525635,-0.39684608578681946,0.5,2.686850339151357e-35
9.16994309425354,0.7993349432945251,-0.39684608578681946,0.5,2.686850339151357e-35
9.180051565170288,0.7993349432945251,-0.36601680517196655,0.5,1.4190171188577622e-35
9.190201997756958,1.0,-0.2773438096046448,0.5,7.49431386763757e-36
9.200318813323975,1.0,-0.2773438096046448,0.5,7.49431386763757e-36
9.210436820983887,1.0,-0.14727997779846191,0.5,3.9580015472225473e-36
9.220573902130127,1.0,-0.14727997779846191,0.5,3.9580015472225473e-36
9.230706214904785,1.0,0.001984438393265009,0.5,2.0903543619282964e-36
9.240811824798584,1.0,0.14636611938476562,0.5,1.1039871439642373e-36
9.250924825668335,0.9588679671287537,0.14636611938476562,0.5,1.1039871439642373e-36
9.261060237884521,0.9588679671287537,0.2637512981891632,0.5,5.830530273426345e-37
9.271201372146606,0.7874314785003662,0.3372752070426941,0.5,3.079300686531527e-37
9.281342506408691,0.7874314785003662,0.3372752070426941,0.5,3.079300686531527e-37
9.291462421417236,-1.0,0.3575614392757416,0.5,1.6262836590047952e-37
9.301575899124146,-1.0,0.3575614392757416,0.5,1.6262836590047952e-37
9.311672449111938,-1.0,0.3236725330352783,0.5,8.588954575052515e-38
9.321784496307373,-1.0,0.24272918701171875,0.5,4.536118876272586e-38
9.331928491592407,-1.0,0.24272918701171875,0.5,4.536118876272586e-38
9.34208369255066,-1.0,0.12837129831314087,0.5,2.395678912268822e-38
9.35219669342041,-1.0,-0.0016220780089497566,0.5,1.265239109671506e-38
9.362306594848633,-1.0,-0.0016220780089497566,0.5,1.265239109671506e-38
9.372429847717285,-1.0,-0.12813575565814972,0.5,6.682160390757642e-39
9.382571458816528,-1.0,-0.12813575565814972,0.5,6.682160390757642e-39
9.392696857452393,-0.5406822562217712,-0.2335093468427658,0.5,3.529074894106478e-39
9.402808904647827,-0.5406822562217712,-0.3039212226867676,0.5,1.863827851041438e-39
9.412907123565674,1.0,-0.3039212226867676,0.5,1.863827851041438e-39
9.422998189926147,1.0,-0.3310662508010864,0.5,9.843505140557537e-40
9.433098554611206,1.0,-0.31295281648635864,0.5,5.198733224737212e-40
9.443238496780396,1.0,-0.31295281648635864,0.5,5.198733224737212e-40
9.453378200531006,1.0,-0.25378552079200745,0.5,2.74567618502876e-40
9.46349310874939,1.0,-0.16301965713500977,0.5,1.4500636508833207e-40
9.47358512878418,1.0,-0.16301965713500977,0.5,1.4500636508833207e-40
9.483703851699829,1.0,-0.053791239857673645,0.5,7.658516497074423e-41
9.493821620941162,1.0,0.05902669578790665,0.5,4.0440072381949896e-41
9.503969669342041,1.0,0.05902669578790665,0.5,4.0440072381949896e-41
9.514085292816162,0.5913386344909668,0.16085034608840942,0.5,2.1355788596310212e-41
9.524193525314331,0.5913386344909668,0.16085034608840942,0.5,2.1355788596310212e-41
9.534761667251587,-1.0,0.2392280548810959,0.5,1.1280452637814777e-41
9.544938325881958,-1.0,0.28527942299842834,0.5,5.959722368773447e-42
9.555050134658813,-1.0,0.28527942299842834,0.5,5.959722368773447e-42
9.565171480178833,-1.0,0.2945830523967743,0.5,3.147316350873539e-42
9.575371503829956,-1.0,0.2945830523967743,0.5,3.147316350873539e-42
9.585507154464722,-1.0,0.2674468457698822,0.5,1.6647425756178827e-42
9.595614194869995,-1.0,0.2085791677236557,0.5,8.842193309889596e-43
9.605708360671997,-1.0,0.2085791677236557,0.5,8.842193309889596e-43
9.61580777168274,-1.0,0.12625174224376678,0.5,4.652310901558393e-43
9.625940561294556,-1.0,0.03109591454267502,0.5,2.634441112930656e-43
9.63606309890747,-1.0,0.03109591454267502,0.5,2.634441112930656e-43
9.6461820602417,-1.0,-0.06529295444488525,0.5,1.401298464324817e-43
9.65644645690918,0.0742979496717453,-0.15176250040531158,0.5,1.401298464324817e-43
9.666583776473999,0.0742979496717453,-0.15176250040531158,0.5,1.401298464324817e-43
9.67674469947815,1.0,-0.21885746717453003,0.5,1.401298464324817e-43
9.686861038208008,1.0,-0.21885746717453003,0.5,1.401298464324817e-43
9.696975469589233,1.0,-0.2597886919975281,0.5,1.401298464324817e-43
9.707092523574829,1.0,-0.27103134989738464,0.5,1.401298464324817e-43
9.717244148254395,1.0,-0.27103134989738464,0.5,1.401298464324817e-43
9.727363109588623,1.0,-0.25251489877700806,0.5,1.401298464324817e-43
9.73749852180481,1.0,-0.20741824805736542,0.5,1.401298464324817e-43
9.747667789459229,1.0,-0.20741824805736542,0.5,1.401298464324817e-43
9.75781798362732,1.0,-0.14162515103816986,0.5,1.401298464324817e-43
9.767958402633667,1.0,-0.06292691081762314,0.5,1.401298464324817e-43
9.77810025215149,0.07292573153972626,-0.06292691081762314,0.5,1.401298464324817e-43
9.788230657577515,0.07292573153972626,0.01992006227374077,0.5,1.401298464324817e-43
9.798365354537964,-1.0,0.01992006227374077,0.5,1.401298464324817e-43
9.80850601196289,-1.0,0.09817009419202805,0.5,1.401298464324817e-43
9.818636178970337,-1.0,0.16399236023426056,0.5,1.401298464324817e-43
9.828804016113281,-1.0,0.16399236023426056,0.5,1.401298464324817e-43
9.83894157409668,-1.0,0.21121543645858765,0.5,1.401298464324817e-43
9.849058389663696,-1.0,0.23584862053394318,0.5,1.401298464324817e-43
9.859174251556396,-1.0,0.23584862053394318,0.5,1.401298464324817e-43
9.869302988052368,-1.0,0.23634642362594604,0.5,1.401298464324817e-43
9.879454851150513,-1.0,0.23634642362594604,0.5,1.401298464324817e-43
9.889569997787476,-1.0,0.2136104851961136,0.5,1.401298464324817e-43
9.899731874465942,-1.0,0.17075113952159882,0.5,1.401298464324817e-43
9.909887552261353,-1.0,0.17075113952159882,0.5,1.401298464324817e-43
9.920020818710327,-0.7485077381134033,0.11265069991350174,0.5,1.401298464324817e-43
9.930140018463135,0.7317708134651184,0.04538900777697563,0.5,1.401298464324817e-43
9.940271139144897,0.7317708134651184,0.04538900777697563,0.5,1.401298464324817e-43
9.950395584106445,0.7317708134651184,-0.024403614923357964,0.5,1.401298464324817e-43
9.960525035858154,1.0,-0.09019791334867477,0.5,1.401298464324817e-43
9.970678329467773,1.0,-0.09019791334867477,0.5,1.401298464324817e-43
9.980814456939697,1.0,-0.14616067707538605,0.5,1.401298464324817e-43
9.99092960357666,1.0,-0.14616067707538605,0.5,1.401298464324817e-43
10.001057147979736,1.0,-0.18764281272888184,0.5,1.401298464324817e-43
10.01120400428772,1.0,-0.21152468025684357,0.5,1.401298464324817e-43
10.021337270736694,1.0,-0.21152468025684357,0.5,1.401298464324817e-43
10.031467199325562,1.0,-0.21639923751354218,0.5,1.401298464324817e-43
10.04160451889038,1.0,-0.2025899738073349,0.5,1.401298464324817e-43
10.051732063293457,1.0,-0.2025899738073349,0.5,1.401298464324817e-43
10.06184720993042,1.0,-0.17201665043830872,0.5,1.401298464324817e-43
10.071957111358643,1.0,-0.17201665043830872,0.5,1.401298464324817e-43
10.082056999206543,-0.5030407309532166,-0.12793149054050446,0.5,1.401298464324817e-43
10.09216570854187,-1.0,-0.07456096261739731,0.5,1.401298464324817e-43
10.102267742156982,-1.0,-0.07456096261739731,0.5,1.401298464324817e-43
10.11237621307373,-1.0,-0.01669156737625599,0.5,1.401298464324817e-43
10.122486114501953,-1.0,0.040762126445770264,0.5,1.401298464324817e-43
10.132583618164062,-1.0,0.040762126445770264,0.5,1.401298464324817e-43
10.142717123031616,-1.0,0.09316810220479965,0.5,1.401298464324817e-43
10.152833700180054,-1.0,0.13653482496738434,0.5,1.401298464324817e-43
10.162959337234497,-1.0,0.13653482496738434,0.5,1.401298464324817e-43
10.173083782196045,-1.0,0.1677912473678589,0.5,1.401298464324817e-43
10.183211088180542,-1.0,0.1677912473678589,0.5,1.401298464324817e-43
10.193323612213135,-1.0,0.18497364223003387,0.5,1.401298464324817e-43
10.203453540802002,-1.0,0.18731047213077545,0.5,1.401298464324817e-43
10.213578701019287,-0.9618422985076904,0.18731047213077545,0.5,1.401298464324817e-43
10.22371768951416,-0.9618422985076904,0.17520904541015625,0.5,1.401298464324817e-43
10.233828067779541,0.824146032333374,0.15015126764774323,0.5,1.401298464324817e-43
10.243928670883179,0.824146032333374,0.15015126764774323,0.5,1.401298464324817e-43
10.255924701690674,1.0,0.11451582610607147,0.5,1.401298464324817e-43
10.266146183013916,1.0,0.071344755589962,0.5,1.401298464324817e-43
10.276264429092407,1.0,0.071344755589962,0.5,1.401298464324817e-43
10.286373376846313,1.0,0.024078037589788437,0.5,1.401298464324817e-43
10.296472787857056,1.0,0.024078037589788437,0.5,1.401298464324817e-43
10.306593656539917,1.0,-0.023721987381577492,0.5,1.401298464324817e-43
10.316710710525513,1.0,-0.06863515824079514,0.5,1.401298464324817e-43
10.326812982559204,1.0,-0.06863515824079514,0.5,1.401298464324817e-43
10.336918830871582,1.0,-0.10761876404285431,0.5,1.401298464324817e-43
10.347016334533691,1.0,-0.138198584318161,0.5,1.401298464324817e-43
10.357142210006714,1.0,-0.138198584318161,0.5,1.401298464324817e-43
10.367257595062256,1.0,-0.1586063951253891,0.5,1.401298464324817e-43
10.377355813980103,1.0,-0.1586063951253891,0.5,1.401298464324817e-43
10.387467384338379,1.0,-0.16785800457000732,0.5,1.401298464324817e-43
10.397613048553467,-0.1297115981578827,-0.1657721996307373,0.5,1.401298464324817e-43
10.407777070999146,-0.1297115981578827,-0.1657721996307373,0.5,1.401298464324817e-43
10.417930603027344,-1.0,-0.15293332934379578,0.5,1.401298464324817e-43
10.428048610687256,-1.0,-0.13060496747493744,0.5,1.401298464324817e-43
10.4381742477417,-1.0,-0.13060496747493744,0.5,1.401298464324817e-43
10.448307275772095,-1.0,-0.1006053239107132,0.5,1.401298464324817e-43
10.458590745925903,-1.0,-0.06515457481145859,0.5,1.401298464324817e-43
10.468722343444824,-1.0,-0.06515457481145859,0.5,1.401298464324817e-43
10.478880882263184,-1.0,-0.026707464829087257,0.5,1.401298464324817e-43
10.489019393920898,-1.0,-0.026707464829087257,0.5,1.401298464324817e-43
10.499154090881348,-1.0,0.012217056006193161,0.5,1.401298464324817e-43
10.509268283843994,-1.0,0.04919794574379921,0.5,1.401298464324817e-43
10.519378900527954,-1.0,0.04919794574379921,0.5,1.401298464324817e-43
10.529488801956177,-1.0,0.08205626904964447,0.5,1.401298464324817e-43
10.539609670639038,-1.0,0.1089739203453064,0.5,1.401298464324817e-43
10.549747705459595,-1.0,0.1089739203453064,0.5,1.401298464324817e-43
10.559899091720581,-0.8206156492233276,0.128581702709198,0.5,1.401298464324817e-43
10.570055723190308,-0.8206156492233276,0.128581702709198,0.5,1.401298464324817e-43
10.580209970474243,0.7468273043632507,0.14001356065273285,0.5,1.401298464324817e-43
10.590350151062012,0.7468273043632507,0.14292696118354797,0.5,1.401298464324817e-43
10.600488424301147,1.0,0.14292696118354797,0.5,1.401298464324817e-43
10.610722541809082,1.0,0.13749082386493683,0.5,1.401298464324817e-43
10.620847225189209,1.0,0.12434395402669907,0.5,1.401298464324817e-43
10.630973815917969,1.0,0.12434395402669907,0.5,1.401298464324817e-43
10.641191482543945,1.0,0.10452970862388611,0.5,1.401298464324817e-43
10.651463508605957,1.0,0.07941178232431412,0.5,1.401298464324817e-43
10.661597728729248,1.0,0.07941178232431412,0.5,1.401298464324817e-43
10.671727657318115,1.0,0.05057832971215248,0.5,1.401298464324817e-43
10.68184232711792,1.0,0.05057832971215248,0.5,1.401298464324817e-43
10.692150831222534,1.0,0.019740251824259758,0.5,1.401298464324817e-43
10.702342510223389,1.0,-0.011369823478162289,0.5,1.401298464324817e-43
10.712439775466919,1.0,-0.011369823478162289,0.5,1.401298464324817e-43
10.722522974014282,1.0,-0.041092559695243835,0.5,1.401298464324817e-43
10.732613325119019,1.0,-0.06792590022087097,0.5,1.401298464324817e-43
10.742713451385498,0.9074198007583618,-0.06792590022087097,0.5,1.401298464324817e-43
10.752811670303345,0.9074198007583618,-0.09059484302997589,0.5,1.401298464324817e-43
10.762909650802612,-0.04468773305416107,-0.10810384899377823,0.5,1.401298464324817e-43
10.773020505905151,-0.04468773305416107,-0.10810384899377823,0.5,1.401298464324817e-43
10.783119678497314,-1.0,-0.11977101117372513,0.5,1.401298464324817e-43
10.793214559555054,-1.0,-0.11977101117372513,0.5,1.401298464324817e-43
10.803306579589844,-1.0,-0.12524347007274628,0.5,1.401298464324817e-43
10.81340217590332,-1.0,-0.12449504435062408,0.5,1.401298464324817e-43
10.82350468635559,-1.0,-0.12449504435062408,0.5,1.401298464324817e-43
10.833599090576172,-1.0,-0.11780709028244019,0.5,1.401298464324817e-43
10.84371542930603,-1.0,-0.10573606193065643,0.5,1.401298464324817e-43
10.853861331939697,-1.0,-0.10573606193065643,0.5,1.401298464324817e-43
10.864042282104492,-1.0,-0.0890691950917244,0.5,1.401298464324817e-43
10.874157190322876,-1.0,-0.06877239048480988,0.5,1.401298464324817e-43
10.88428258895874,-1.0,-0.06877239048480988,0.5,1.401298464324817e-43
10.894412279129028,-1.0,-0.04593341052532196,0.5,1.401298464324817e-43
10.904577016830444,-1.0,-0.04593341052532196,0.5,1.401298464324817e-43
10.914733648300171,-1.0,-0.021702870726585388,0.5,1.401298464324817e-43
10.924876689910889,-1.0,0.0027629390824586153,0.5,1.401298464324817e-43
10.935038328170776,-1.0,0.0027629390824586153,0.5,1.401298464324817e-43
10.94517731666565,-1.0,0.026355599984526634,0.5,1.401298464324817e-43
10.95531153678894,-1.0,0.048062074929475784,0.5,1.401298464324817e-43
10.96550440788269,0.08882488310337067,0.048062074929475784,0.5,1.401298464324817e-43
10.975641965866089,0.08882488310337067,0.06700432300567627,0.5,1.401298464324817e-43
10.985749244689941,0.7150459289550781,0.06700432300567627,0.5,1.401298464324817e-43
10.995919704437256,0.7150459289550781,0.08246993273496628,0.5,1.401298464324817e-43
11.006069898605347,1.0,0.09393341839313507,0.5,1.401298464324817e-43
11.01617169380188,1.0,0.09393341839313507,0.5,1.401298464324817e-43
11.02635908126831,1.0,0.10106723010540009,0.5,1.401298464324817e-43
11.036480188369751,1.0,0.10374371707439423,0.5,1.401298464324817e-43
11.046628475189209,1.0,0.10374371707439423,0.5,1.401298464324817e-43
11.056811571121216,1.0,0.10202836990356445,0.5,1.401298464324817e-43
11.066911458969116,1.0,0.0961649939417839,0.5,1.401298464324817e-43
11.077005624771118,1.0,0.0961649939417839,0.5,1.401298464324817e-43
11.087135076522827,1.0,0.08655471354722977,0.5,1.401298464324817e-43
11.097281694412231,1.0,0.0737297534942627,0.5,1.401298464324817e-43
11.10738468170166,1.0,0.0737297534942627,0.5,1.401298464324817e-43
11.117488861083984,1.0,0.05832385644316673,0.5,1.401298464324817e-43
11.12759017944336,1.0,0.05832385644316673,0.5,1.401298464324817e-43
11.13771915435791,1.0,0.041040532290935516,0.5,1.401298464324817e-43
11.147834777832031,1.0,0.022621020674705505,0.5,1.401298464324817e-43
11.157933950424194,1.0,0.022621020674705505,0.5,1.401298464324817e-43
11.1680326461792,0.6217967867851257,0.003812751267105341,0.5,1.401298464324817e-43
11.178131580352783,-0.21827729046344757,0.003812751267105341,0.5,1.401298464324817e-43
11.188236474990845,-0.21827729046344757,-0.014659804292023182,0.5,1.401298464324817e-43
11.19834017753601,-1.0,-0.032121580094099045,0.5,1.401298464324817e-43
11.208456754684448,-1.0,-0.032121580094099045,0.5,1.401298464324817e-43
11.218562126159668,-1.0,-0.04796939343214035,0.5,1.401298464324817e-43
11.22866702079773,-1.0,-0.06169002875685692,0.5,1.401298464324817e-43
11.23879361152649,-1.0,-0.06169002875685692,0.5,1.401298464324817e-43
11.248909950256348,-1.0,-0.07287384569644928,0.5,1.401298464324817e-43
11.259093284606934,-1.0,-0.08122322708368301,0.5,1.401298464324817e-43
11.269237279891968,-1.0,-0.08122322708368301,0.5,1.401298464324817e-43
11.279335021972656,-1.0,-0.08655646443367004,0.5,1.401298464324817e-43
11.289437532424927,-1.0,-0.08880718052387238,0.5,1.401298464324817e-43
11.299821138381958,-1.0,-0.08880718052387238,0.5,1.401298464324817e-43
11.309927463531494,-1.0,-0.08801955729722977,0.5,1.401298464324817e-43
11.320017576217651,-1.0,-0.08801955729722977,0.5,1.401298464324817e-43
11.330124139785767,-1.0,-0.08433995395898819,0.5,1.401298464324817e-43
11.340272188186646,-1.0,-0.07800569385290146,0.5,1.401298464324817e-43
11.35037636756897,-1.0,-0.07800569385290146,0.5,1.401298464324817e-43
11.360472917556763,-1.0,-0.06933113187551498,0.5,1.401298464324817e-43
11.370581150054932,-1.0,-0.05869244039058685,0.5,1.401298464324817e-43
11.380711793899536,-1.0,-0.05869244039058685,0.5,1.401298464324817e-43
11.39082956314087,-1.0,-0.04651116207242012,0.5,1.401298464324817e-43
11.400946140289307,-1.0,-0.04651116207242012,0.5,1.401298464324817e-43
11.41105341911316,-0.5661563873291016,-0.03323758766055107,0.5,1.401298464324817e-43
11.421229362487793,0.6609196662902832,-0.019334236159920692,0.5,1.401298464324817e-43
11.431365966796875,0.6609196662902832,-0.019334236159920692,0.5,1.401298464324817e-43
11.441481590270996,0.6609196662902832,-0.005260135512799025,0.5,1.401298464324817e-43
11.451603174209595,1.0,-0.005260135512799025,0.5,1.401298464324817e-43
11.461731195449829,1.0,0.008543547242879868,0.5,1.401298464324817e-43
11.47188925743103,1.0,0.02166638895869255,0.5,1.401298464324817e-43
11.482016324996948,1.0,0.02166638895869255,0.5,1.401298464324817e-43
11.492133855819702,1.0,0.03373958170413971,0.5,1.401298464324817e-43
11.502271890640259,1.0,0.04444480314850807,0.5,1.401298464324817e-43
11.512412071228027,1.0,0.04444480314850807,0.5,1.401298464324817e-43
11.522544384002686,1.0,0.053520746529102325,0.5,1.401298464324817e-43
11.532663345336914,1.0,0.06076755374670029,0.5,1.401298464324817e-43
11.542788028717041,1.0,0.06076755374670029,0.5,1.401298464324817e-43
11.55288290977478,1.0,0.06604902446269989,0.5,1.401298464324817e-43
11.562983751296997,1.0,0.06929263472557068,0.5,1.401298464324817e-43
11.57310175895691,1.0,0.06929263472557068,0.5,1.401298464324817e-43
11.583228349685669,1.0,0.07048776000738144,0.5,1.401298464324817e-43
11.593337059020996,1.0,0.07048776000738144,0.5,1.401298464324817e-43
11.603436946868896,1.0,0.0696823000907898,0.5,1.401298464324817e-43
11.613562107086182,1.0,0.06697750091552734,0.5,1.401298464324817e-43
11.62367582321167,1.0,0.06697750091552734,0.5,1.401298464324817e-43
11.633820533752441,1.0,0.06252193450927734,0.5,1.401298464324817e-43
11.643948316574097,1.0,0.056504540145397186,0.5,1.401298464324817e-43
11.654061794281006,1.0,0.056504540145397186,0.5,1.401298464324817e-43
11.66425085067749,0.6271088719367981,0.04914677143096924,0.5,1.401298464324817e-43
11.674377918243408,0.6271088719367981,0.04914677143096924,0.5,1.401298464324817e-43
11.684519290924072,-0.1421060413122177,0.04069465398788452,0.5,1.401298464324817e-43
11.694681882858276,-0.1421060413122177,0.031410615891218185,0.5,1.401298464324817e-43
11.70487666130066,-0.1421060413122177,0.031410615891218185,0.5,1.401298464324817e-43
11.715040922164917,-0.9498432874679565,0.021565493196249008,0.5,1.401298464324817e-43
11.72519326210022,-0.9498432874679565,0.011430880054831505,0.5,1.401298464324817e-43
11.73531198501587,-1.0,0.011430880054831505,0.5,1.401298464324817e-43
11.745457649230957,-1.0,0.0012720043305307627,0.5,1.401298464324817e-43
11.755609512329102,-1.0,0.0012720043305307627,0.5,1.401298464324817e-43
11.765772581100464,-1.0,-0.008658712729811668,0.5,1.401298464324817e-43
11.775919914245605,-1.0,-0.018127312883734703,0.5,1.401298464324817e-43
11.786067247390747,-1.0,-0.018127312883734703,0.5,1.401298464324817e-43
11.7962327003479,-1.0,-0.026923056691884995,0.5,1.401298464324817e-43
11.80639934539795,-1.0,-0.03486223891377449,0.5,1.401298464324817e-43
11.816527605056763,-1.0,-0.03486223891377449,0.5,1.401298464324817e-43
11.826674461364746,-1.0,-0.041791096329689026,0.5,1.401298464324817e-43
11.836863279342651,-1.0,-0.041791096329689026,0.5,1.401298464324817e-43
11.846986293792725,-1.0,-0.04758763685822487,0.5,1.401298464324817e-43
11.857094526290894,-1.0,-0.052162714302539825,0.5,1.401298464324817e-43
11.867198944091797,-1.0,-0.052162714302539825,0.5,1.401298464324817e-43
11.877321720123291,-1.0,-0.05546006187796593,0.5,1.401298464324817e-43
11.887613773345947,-1.0,-0.05745570734143257,0.5,1.401298464324817e-43
11.897837162017822,-1.0,-0.05745570734143257,0.5,1.401298464324817e-43
11.907987594604492,-1.0,-0.058156419545412064,0.5,1.401298464324817e-43
11.918101787567139,-1.0,-0.05759773403406143,0.5,1.401298464324817e-43
11.92823576927185,-1.0,-0.05759773403406143,0.5,1.401298464324817e-43
11.938368082046509,-1.0,-0.05584142357110977,0.5,1.401298464324817e-43
11.948483943939209,-0.7717969417572021,-0.05584142357110977,0.5,1.401298464324817e-43
11.958613157272339,-0.7717969417572021,-0.05297239497303963,0.5,1.401298464324817e-43
11.968719720840454,0.17128369212150574,-0.04909542575478554,0.5,1.401298464324817e-43
11.978837490081787,0.17128369212150574,-0.04909542575478554,0.5,1.401298464324817e-43
11.988952875137329,0.7395182847976685,-0.04433171823620796,0.5,1.401298464324817e-43
11.999067068099976,0.7395182847976685,-0.038815099745988846,0.5,1.401298464324817e-43
12.009159564971924,1.0,-0.038815099745988846,0.5,1.401298464324817e-43
12.01926326751709,1.0,-0.03268846124410629,0.5,1.401298464324817e-43
12.029356241226196,1.0,-0.03268846124410629,0.5,1.401298464324817e-43
12.039449453353882,1.0,-0.026100125163793564,0.5,1.401298464324817e-43
12.049542427062988,1.0,-0.019200406968593597,0.5,1.401298464324817e-43
12.059696674346924,1.0,-0.019200406968593597,0.5,1.401298464324817e-43
12.069802284240723,1.0,-0.012138322927057743,0.5,1.401298464324817e-43
12.079933881759644,1.0,-0.0050586313009262085,0.5,1.401298464324817e-43
12.090047597885132,1.0,-0.0050586313009262085,0.5,1.401298464324817e-43
12.10015606880188,1.0,0.0019008831586688757,0.5,1.401298464324817e-43
12.110262393951416,1.0,0.00861174426972866,0.5,1.401298464324817e-43
12.120357513427734,1.0,0.00861174426972866,0.5,1.401298464324817e-43
12.130479335784912,1.0,0.014956795610487461,0.5,1.401298464324817e-43
12.140623331069946,1.0,0.014956795610487461,0.5,1.401298464324817e-43
12.150735139846802,1.0,0.020831812173128128,0.5,1.401298464324817e-43
12.160841464996338,1.0,0.026146749034523964,0.5,1.401298464324817e-43
12.170939207077026,1.0,0.026146749034523964,0.5,1.401298464324817e-43
12.181104898452759,1.0,0.030826590955257416,0.5,1.401298464324817e-43
12.191234111785889,1.0,0.03481191769242287,0.5,1.401298464324817e-43
12.20135235786438,1.0,0.03481191769242287,0.5,1.401298464324817e-43
12.211633920669556,1.0,0.03805895894765854,0.5,1.401298464324817e-43
12.221823930740356,1.0,0.04053959995508194,0.5,1.401298464324817e-43
12.231945753097534,1.0,0.04053959995508194,0.5,1.401298464324817e-43
12.242058277130127,1.0,0.04224087670445442,0.5,1.401298464324817e-43
12.252166748046875,0.9282268285751343,0.04224087670445442,0.5,1.401298464324817e-43
12.262285470962524,0.9282268285751343,0.04316423833370209,0.5,1.401298464324817e-43
12.272376537322998,0.6200730800628662,0.04332472011446953,0.5,1.401298464324817e-43
12.282469987869263,0.6200730800628662,0.04332472011446953,0.5,1.401298464324817e-43
12.292550086975098,-0.14312076568603516,0.0427497960627079,0.5,1.401298464324817e-43
12.302682161331177,-0.14312076568603516,0.04147815704345703,0.5,1.401298464324817e-43
12.312842607498169,-0.7265381217002869,0.04147815704345703,0.5,1.401298464324817e-43
12.322974443435669,-0.7265381217002869,0.03955835476517677,0.5,1.401298464324817e-43
12.333094835281372,-1.0,0.03955835476517677,0.5,1.401298464324817e-43
12.343193054199219,-1.0,0.03704729676246643,0.5,1.401298464324817e-43
12.353296041488647,-1.0,0.03400883451104164,0.5,1.401298464324817e-43
12.363409519195557,-1.0,0.03400883451104164,0.5,1.401298464324817e-43
12.373553991317749,-1.0,0.030512230470776558,0.5,1.401298464324817e-43
12.383714437484741,-1.0,0.026630684733390808,0.5,1.401298464324817e-43
12.393840551376343,-1.0,0.026630684733390808,0.5,1.401298464324817e-43
12.40396761894226,-1.0,0.02243983745574951,0.5,1.401298464324817e-43
12.41410517692566,-1.0,0.018016444519162178,0.5,1.401298464324817e-43
12.424250602722168,-1.0,0.018016444519162178,0.5,1.401298464324817e-43
12.434375762939453,-1.0,0.013437008485198021,0.5,1.401298464324817e-43
12.444478511810303,-1.0,0.013437008485198021,0.5,1.401298464324817e-43
12.454598903656006,-1.0,0.008776593022048473,0.5,1.401298464324817e-43
12.464727401733398,-1.0,0.004107706248760223,0.5,1.401298464324817e-43
12.474838018417358,-1.0,0.004107706248760223,0.5,1.401298464324817e-43
12.48494577407837,-1.0,-0.0005006586434319615,0.5,1.401298464324817e-43
12.495085954666138,-1.0,-0.00498389545828104,0.5,1.401298464324817e-43
12.505187749862671,-1.0,-0.00498389545828104,0.5,1.401298464324817e-43
12.515279054641724,-1.0,-0.009282510727643967,0.5,1.401298464324817e-43
12.525407552719116,-1.0,-0.009282510727643967,0.5,1.401298464324817e-43
12.535569190979004,-1.0,-0.013342715799808502,0.5,1.401298464324817e-43
12.545681953430176,-1.0,-0.017116878181695938,0.5,1.401298464324817e-43
12.555795669555664,-1.0,-0.017116878181695938,0.5,1.401298464324817e-43
12.565900325775146,-1.0,-0.02056386135518551,0.5,1.401298464324817e-43
12.576016187667847,-1.0,-0.023649245500564575,0.5,1.401298464324817e-43
12.586125612258911,-1.0,-0.023649245500564575,0.5,1.401298464324817e-43
12.596235513687134,-1.0,-0.0263453871011734,0.5,1.401298464324817e-43
12.606344223022461,-1.0,-0.028631465509533882,0.5,1.401298464324817e-43
12.61644434928894,-1.0,-0.028631465509533882,0.5,1.401298464324817e-43
12.62654447555542,-1.0,-0.030493294820189476,0.5,1.401298464324817e-43
12.636662721633911,-0.7927352786064148,-0.030493294820189476,0.5,1.401298464324817e-43
12.64680552482605,-0.7927352786064148,-0.031923141330480576,0.5,1.401298464324817e-43
12.65696096420288,-0.38959017395973206,-0.03291947767138481,0.5,1.401298464324817e-43
12.66707158088684,-0.38959017395973206,-0.03291947767138481,0.5,1.401298464324817e-43
12.677164793014526,0.1876516491174698,-0.03348661586642265,0.5,1.401298464324817e-43
12.687257766723633,0.1876516491174698,-0.03348661586642265,0.5,1.401298464324817e-43
12.697366952896118,0.9137318134307861,-0.03363415598869324,0.5,1.401298464324817e-43
12.707469940185547,0.9137318134307861,-0.03337676823139191,0.5,1.401298464324817e-43
12.71756625175476,1.0,-0.03337676823139191,0.5,1.401298464324817e-43
12.727660894393921,1.0,-0.032733600586652756,0.5,1.401298464324817e-43
12.737773418426514,1.0,-0.03172760084271431,0.5,1.401298464324817e-43
12.747865915298462,1.0,-0.03172760084271431,0.5,1.401298464324817e-43
12.757964134216309,1.0,-0.030385201796889305,0.5,1.401298464324817e-43
12.768108367919922,1.0,-0.02873566560447216,0.5,1.401298464324817e-43
12.77834939956665,1.0,-0.02873566560447216,0.5,1.401298464324817e-43
12.788455486297607,1.0,-0.026810526847839355,0.5,1.401298464324817e-43
12.798571109771729,1.0,-0.024643121287226677,0.5,1.401298464324817e-43
12.80867886543274,1.0,-0.024643121287226677,0.5,1.401298464324817e-43
12.818780660629272,1.0,-0.022267963737249374,0.5,1.401298464324817e-43
12.828884840011597,1.0,-0.022267963737249374,0.5,1.401298464324817e-43
12.838989019393921,1.0,-0.01972031220793724,0.5,1.401298464324817e-43
12.849082231521606,1.0,-0.017035692930221558,0.5,1.401298464324817e-43
12.85918927192688,1.0,-0.017035692930221558,0.5,1.401298464324817e-43
12.869322061538696,1.0,-0.014249431900680065,0.5,1.401298464324817e-43
12.879442930221558,1.0,-0.011396235786378384,0.5,1.401298464324817e-43
12.889552116394043,1.0,-0.011396235786378384,0.5,1.401298464324817e-43
12.899665594100952,1.0,-0.008509836159646511,0.5,1.401298464324817e-43
12.909808874130249,1.0,-0.008509836159646511,0.5,1.401298464324817e-43
12.919947147369385,1.0,-0.005622648634016514,0.5,1.401298464324817e-43
12.930059432983398,1.0,-0.002765458542853594,0.5,1.401298464324817e-43
12.940159797668457,1.0,-0.002765458542853594,0.5,1.401298464324817e-43
12.950259685516357,1.0,3.28194146277383e-05,0.5,1.401298464324817e-43
12.960360050201416,1.0,0.0027453626971691847,0.5,1.401298464324817e-43
12.97058391571045,1.0,0.0027453626971691847,0.5,1.401298464324817e-43
12.980804681777954,1.0,0.005347615573555231,0.5,1.401298464324817e-43
12.990931272506714,1.0,0.005347615573555231,0.5,1.401298464324817e-43
13.00105333328247,1.0,0.007817434147000313,0.5,1.401298464324817e-43
13.011196374893188,1.0,0.010135168209671974,0.5,1.401298464324817e-43
13.021320581436157,1.0,0.010135168209671974,0.5,1.401298464324817e-43
13.031436204910278,1.0,0.01228374894708395,0.5,1.401298464324817e-43
13.04157018661499,1.0,0.014248698018491268,0.5,1.401298464324817e-43
13.051727533340454,1.0,0.014248698018491268,0.5,1.401298464324817e-43
13.061861276626587,1.0,0.016018133610486984,0.5,1.401298464324817e-43
13.071964263916016,1.0,0.017582742497324944,0.5,1.401298464324817e-43
13.082071781158447,0.7367160320281982,0.017582742497324944,0.5,1.401298464324817e-43
13.092206716537476,0.7367160320281982,0.018935710191726685,0.5,1.401298464324817e-43
13.102426052093506,0.12359078228473663,0.018935710191726685,0.5,1.401298464324817e-43
13.112587690353394,0.12359078228473663,0.02007267065346241,0.5,1.401298464324817e-43
13.12270474433899,-0.561400294303894,0.02099156565964222,0.5,1.401298464324817e-43
13.13281798362732,-0.561400294303894,0.02099156565964222,0.5,1.401298464324817e-43
13.14293384552002,-0.8836425542831421,0.02169254794716835,0.5,1.401298464324817e-43
13.153040409088135,-0.8836425542831421,0.02217783033847809,0.5,1.401298464324817e-43
13.163145303726196,-1.0,0.02217783033847809,0.5,1.401298464324817e-43
13.173259735107422,-1.0,0.02245158702135086,0.5,1.401298464324817e-43
13.183359861373901,-1.0,0.02245158702135086,0.5,1.401298464324817e-43
13.193466663360596,-1.0,0.022519724443554878,0.5,1.401298464324817e-43
13.203579425811768,-1.0,0.022389773279428482,0.5,1.401298464324817e-43
13.213699579238892,-1.0,0.022389773279428482,0.5,1.401298464324817e-43
13.22379755973816,-1.0,0.02207070216536522,0.5,1.401298464324817e-43
13.233897924423218,-1.0,0.021572696045041084,0.5,1.401298464324817e-43
13.244002342224121,-1.0,0.021572696045041084,0.5,1.401298464324817e-43
13.254113674163818,-1.0,0.020907087251544,0.5,1.401298464324817e-43
13.264246463775635,-1.0,0.02008610963821411,0.5,1.401298464324817e-43
13.274374961853027,-1.0,0.02008610963821411,0.5,1.401298464324817e-43
13.284487962722778,-1.0,0.01912272348999977,0.5,1.401298464324817e-43
13.294585704803467,-1.0,0.01912272348999977,0.5,1.401298464324817e-43
13.304711818695068,-1.0,0.018030496314167976,0.5,1.401298464324817e-43
13.314827919006348,-1.0,0.01682342030107975,0.5,1.401298464324817e-43
13.324979066848755,-1.0,0.01682342030107975,0.5,1.401298464324817e-43
13.335126161575317,-1.0,0.015515766106545925,0.5,1.401298464324817e-43
13.345270872116089,-1.0,0.01412191241979599,0.5,1.401298464324817e-43
13.35538625717163,-1.0,0.01412191241979599,0.5,1.401298464324817e-43
13.365500450134277,-1.0,0.0126562574878335,0.5,1.401298464324817e-43
13.375622987747192,-1.0,0.01113306824117899,0.5,1.401298464324817e-43
13.385724782943726,-1.0,0.01113306824117899,0.5,1.401298464324817e-43
13.395865440368652,-1.0,0.009566349908709526,0.5,1.401298464324817e-43
13.406001329421997,-1.0,0.009566349908709526,0.5,1.401298464324817e-43
13.416117191314697,-1.0,0.007969779893755913,0.5,1.401298464324817e-43
13.426229476928711,-1.0,0.006356571335345507,0.5,1.401298464324817e-43
13.436351537704468,-1.0,0.006356571335345507,0.5,1.401298464324817e-43
13.446495532989502,-1.0,0.004739427473396063,0.5,1.401298464324817e-43
13.456632614135742,-1.0,0.0031304345466196537,0.5,1.401298464324817e-43
13.466804027557373,-1.0,0.0031304345466196537,0.5,1.401298464324817e-43
13.47694706916809,-1.0,0.0015410130145028234,0.5,1.401298464324817e-43
13.487099170684814,-1.0,0.0015410130145028234,0.5,1.401298464324817e-43
13.497230291366577,-1.0,-1.8129510863218457e-05,0.5,1.401298464324817e-43
13.507384777069092,-1.0,-0.0015370523324236274,0.5,1.401298464324817e-43
13.517554759979248,-1.0,-0.0015370523324236274,0.5,1.401298464324817e-43
13.527715682983398,-1.0,-0.00300661101937294,0.5,1.401298464324817e-43
13.53785228729248,-1.0,-0.004418483003973961,0.5,1.401298464324817e-43
13.54802417755127,-1.0,-0.004418483003973961,0.5,1.401298464324817e-43
13.55816125869751,-1.0,-0.005765178240835667,0.5,1.401298464324817e-43
13.568298816680908,-1.0,-0.007040056865662336,0.5,1.401298464324817e-43
13.578428745269775,-0.9360992312431335,-0.007040056865662336,0.5,1.401298464324817e-43
13.58859395980835,-0.9360992312431335,-0.008237323723733425,0.5,1.401298464324817e-43
13.59871768951416,-0.447881281375885,-0.008237323723733425,0.5,1.401298464324817e-43
13.608844518661499,-0.447881281375885,-0.009352023713290691,0.5,1.401298464324817e-43
13.618982553482056,-0.024076204746961594,-0.010380025953054428,0.5,1.401298464324817e-43
13.629099607467651,-0.024076204746961594,-0.010380025953054428,0.5,1.401298464324817e-43
13.639209508895874,0.5373556017875671,-0.011318003758788109,0.5,1.401298464324817e-43
13.649343967437744,0.5373556017875671,-0.012163432314991951,0.5,1.401298464324817e-43
13.659679412841797,0.8153549432754517,-0.012163432314991951,0.5,1.401298464324817e-43
13.669859409332275,0.8153549432754517,-0.012914520688354969,0.5,1.401298464324817e-43
13.679983139038086,1.0,-0.012914520688354969,0.5,1.401298464324817e-43
13.690103769302368,1.0,-0.013570217415690422,0.5,1.401298464324817e-43
13.700234413146973,1.0,-0.014130151830613613,0.5,1.401298464324817e-43
13.710372924804688,1.0,-0.014130151830613613,0.5,1.401298464324817e-43
13.720494270324707,1.0,-0.01459460984915495,0.5,1.401298464324817e-43
13.730615377426147,1.0,-0.014964479953050613,0.5,1.401298464324817e-43
13.740713357925415,1.0,-0.014964479953050613,0.5,1.401298464324817e-43
13.750823259353638,1.0,-0.015241225250065327,0.5,1.401298464324817e-43
13.760927677154541,1.0,-0.01542681735008955,0.5,1.401298464324817e-43
13.771040439605713,1.0,-0.01542681735008955,0.5,1.401298464324817e-43
13.781169891357422,1.0,-0.015523725189268589,0.5,1.401298464324817e-43
13.79131031036377,1.0,-0.015523725189268589,0.5,1.401298464324817e-43
13.801450490951538,1.0,-0.015534842386841774,0.5,1.401298464324817e-43
13.811577558517456,1.0,-0.015463453717529774,0.5,1.401298464324817e-43
13.821704864501953,1.0,-0.015463453717529774,0.5,1.401298464324817e-43
13.831805229187012,1.0,-0.015313181094825268,0.5,1.401298464324817e-43
13.84190058708191,1.0,-0.015087958425283432,0.5,1.401298464324817e-43
13.852010726928711,1.0,-0.015087958425283432,0.5,1.401298464324817e-43
13.862125396728516,1.0,-0.01479196548461914,0.5,1.401298464324817e-43
13.872258186340332,1.0,-0.014429600909352303,0.5,1.401298464324817e-43
13.882357358932495,1.0,-0.014429600909352303,0.5,1.401298464324817e-43
13.89246416091919,1.0,-0.014005430042743683,0.5,1.401298464324817e-43
13.902576208114624,1.0,-0.014005430042743683,0.5,1.401298464324817e-43
13.91267991065979,1.0,-0.013524165377020836,0.5,1.401298464324817e-43
13.922793865203857,1.0,-0.012990609742701054,0.5,1.401298464324817e-43
13.93291187286377,1.0,-0.012990609742701054,0.5,1.401298464324817e-43
13.943026065826416,1.0,-0.012409629300236702,0.5,1.401298464324817e-43
13.953124523162842,1.0,-0.011786100454628468,0.5,1.401298464324817e-43
13.963224172592163,1.0,-0.011786100454628468,0.5,1.401298464324817e-43
13.973328113555908,1.0,-0.011124922893941402,0.5,1.401298464324817e-43
13.98344087600708,1.0,-0.011124922893941402,0.5,1.401298464324817e-43
13.99357008934021,1.0,-0.010430949740111828,0.5,1.401298464324817e-43
14.003671169281006,1.0,-0.00970897264778614,0.5,1.401298464324817e-43
14.013875007629395,1.0,-0.00970897264778614,0.5,1.401298464324817e-43
14.02405571937561,1.0,-0.008963710628449917,0.5,1.401298464324817e-43
14.034185409545898,1.0,-0.008199752308428288,0.5,1.401298464324817e-43
14.04430866241455,1.0,-0.008199752308428288,0.5,1.401298464324817e-43
14.05444884300232,1.0,-0.007421588990837336,0.5,1.401298464324817e-43
14.064618349075317,1.0,-0.007421588990837336,0.5,1.401298464324817e-43
14.07474422454834,1.0,-0.006633544806391001,0.5,1.401298464324817e-43
14.084889650344849,1.0,-0.005839786492288113,0.5,1.401298464324817e-43
14.095012664794922,1.0,-0.005839786492288113,0.5,1.401298464324817e-43
14.105132102966309,1.0,-0.0050443075597286224,0.5,1.401298464324817e-43
14.115230083465576,1.0,-0.00425091153010726,0.5,1.401298464324817e-43
14.125335216522217,1.0,-0.00425091153010726,0.5,1.401298464324817e-43
14.135448932647705,1.0,-0.0034632051829248667,0.5,1.401298464324817e-43
14.145553588867188,1.0,-0.0026845866814255714,0.5,1.401298464324817e-43
14.155658483505249,1.0,-0.0026845866814255714,0.5,1.401298464324817e-43
14.165794134140015,1.0,-0.0019182430114597082,0.5,1.401298464324817e-43
14.175898790359497,1.0,-0.0019182430114597082,0.5,1.401298464324817e-43
14.18600869178772,1.0,-0.0011671443935483694,0.5,1.401298464324817e-43
14.196138381958008,1.0,-0.00043404087773524225,0.5,1.401298464324817e-43
14.206253051757812,0.9619327187538147,-0.00043404087773524225,0.5,1.401298464324817e-43
14.216384410858154,0.9619327187538147,0.00027854155632667243,0.5,1.401298464324817e-43
14.2265043258667,0.6241466999053955,0.000968298118095845,0.5,1.401298464324817e-43
14.236647129058838,0.6241466999053955,0.000968298118095845,0.5,1.401298464324817e-43
14.246787548065186,0.2773224115371704,0.0016331447986885905,0.5,1.401298464324817e-43
14.256908416748047,0.2773224115371704,0.0022712182253599167,0.5,1.401298464324817e-43
14.267037630081177,-0.04887034371495247,0.0022712182253599167,0.5,1.401298464324817e-43
14.277174711227417,-0.48401176929473877,0.0028808689676225185,0.5,1.401298464324817e-43
14.287287473678589,-0.48401176929473877,0.0028808689676225185,0.5,1.401298464324817e-43
14.297411680221558,-0.48401176929473877,0.0034606591798365116,0.5,1.401298464324817e-43
14.307530641555786,-0.7429938912391663,0.004009360913187265,0.5,1.401298464324817e-43
14.317640542984009,-0.7429938912391663,0.004009360913187265,0.5,1.401298464324817e-43
14.327714443206787,-0.9927326440811157,0.004525942262262106,0.5,1.401298464324817e-43
14.33783769607544,-0.9927326440811157,0.005009568762034178,0.5,1.401298464324817e-43
14.347951173782349,-1.0,0.005009568762034178,0.5,1.401298464324817e-43
14.358073949813843,-1.0,0.005459588952362537,0.5,1.401298464324817e-43
14.368196964263916,-1.0,0.005459588952362537,0.5,1.401298464324817e-43
14.378337144851685,-1.0,0.005875530652701855,0.5,1.401298464324817e-43
14.388461589813232,-1.0,0.0062571000307798386,0.5,1.401298464324817e-43
14.39855670928955,-1.0,0.0062571000307798386,0.5,1.401298464324817e-43
14.408656120300293,-1.0,0.006604155525565147,0.5,1.401298464324817e-43
14.41878604888916,-1.0,0.006916713900864124,0.5,1.401298464324817e-43
14.428908824920654,-1.0,0.006916713900864124,0.5,1.401298464324817e-43
14.43902325630188,-1.0,0.0071949344128370285,0.5,1.401298464324817e-43
14.449130296707153,-1.0,0.007439116481691599,0.5,1.401298464324817e-43
14.459245681762695,-1.0,0.007439116481691599,0.5,1.401298464324817e-43
14.46936821937561,-1.0,0.0076496778056025505,0.5,1.401298464324817e-43
14.479487895965576,-1.0,0.0076496778056025505,0.5,1.401298464324817e-43
14.489611148834229,-1.0,0.007827160879969597,0.5,1.401298464324817e-43
14.499729633331299,-1.0,0.00797221064567566,0.5,1.401298464324817e-43
14.50984787940979,-1.0,0.00797221064567566,0.5,1.401298464324817e-43
14.519944190979004,-1.0,0.008085574023425579,0.5,1.401298464324817e-43
14.53009295463562,-1.0,0.00816808920353651,0.5,1.401298464324817e-43
14.540228843688965,-1.0,0.00816808920353651,0.5,1.401298464324817e-43
14.550361633300781,-1.0,0.008220664225518703,0.5,1.401298464324817e-43
14.560486078262329,-1.0,0.008244292810559273,0.5,1.401298464324817e-43
14.570614576339722,-1.0,0.008244292810559273,0.5,1.401298464324817e-43
14.580724716186523,-1.0,0.008240025490522385,0.5,1.401298464324817e-43
14.590841054916382,-1.0,0.008240025490522385,0.5,1.401298464324817e-43
14.600960493087769,-1.0,0.00820897240191698,0.5,1.401298464324817e-43
14.611108303070068,-1.0,0.008152282796800137,0.5,1.401298464324817e-43
14.621252298355103,-1.0,0.008152282796800137,0.5,1.401298464324817e-43
14.631380558013916,-1.0,0.008071156218647957,0.5,1.401298464324817e-43
14.641534090042114,-1.0,0.00796682108193636,0.5,1.401298464324817e-43
14.65174674987793,-1.0,0.00796682108193636,0.5,1.401298464324817e-43
14.661895275115967,-1.0,0.007840532809495926,0.5,1.401298464324817e-43
14.671999216079712,-1.0,0.007840532809495926,0.5,1.401298464324817e-43
14.682100057601929,-1.0,0.007693562190979719,0.5,1.401298464324817e-43
14.69220757484436,-1.0,0.0075272005051374435,0.5,1.401298464324817e-43
14.702346324920654,-1.0,0.0075272005051374435,0.5,1.401298464324817e-43
14.712476968765259,-1.0,0.007342734839767218,0.5,1.401298464324817e-43
14.722590208053589,-1.0,0.007342734839767218,0.5,1.401298464324817e-43
14.732707500457764,-1.0,0.007141465786844492,0.5,1.401298464324817e-43
14.74281620979309,-1.0,0.006924677174538374,0.5,1.401298464324817e-43
14.752943515777588,-1.0,0.006924677174538374,0.5,1.401298464324817e-43
14.76307487487793,-1.0,0.006693660747259855,0.5,1.401298464324817e-43
14.773236513137817,-1.0,0.006449682638049126,0.5,1.401298464324817e-43
14.783387899398804,-1.0,0.006449682638049126,0.5,1.401298464324817e-43
14.793541193008423,-1.0,0.006193995010107756,0.5,1.401298464324817e-43
14.803667783737183,-1.0,0.005927831865847111,0.5,1.401298464324817e-43
14.81380033493042,-1.0,0.005927831865847111,0.5,1.401298464324817e-43
14.823922395706177,-1.0,0.0056524015963077545,0.5,1.401298464324817e-43
14.834040880203247,-1.0,0.0056524015963077545,0.5,1.401298464324817e-43
14.844176054000854,-1.0,0.005368879996240139,0.5,1.401298464324817e-43
14.854300737380981,-1.0,0.005078421905636787,0.5,1.401298464324817e-43
14.864422082901001,-1.0,0.005078421905636787,0.5,1.401298464324817e-43
14.87452244758606,-1.0,0.004782142583280802,0.5,1.401298464324817e-43
14.884634017944336,-1.0,0.004481120500713587,0.5,1.401298464324817e-43
14.894731521606445,-1.0,0.004481120500713587,0.5,1.401298464324817e-43
14.904893159866333,-1.0,0.004176403395831585,0.5,1.401298464324817e-43
14.915018320083618,-1.0,0.0038689966313540936,0.5,1.401298464324817e-43
14.925129890441895,-1.0,0.0038689966313540936,0.5,1.401298464324817e-43
14.935257911682129,-1.0,0.003559868084266782,0.5,1.401298464324817e-43
14.945388793945312,-1.0,0.003559868084266782,0.5,1.401298464324817e-43
14.955521821975708,-1.0,0.0032499399967491627,0.5,1.401298464324817e-43
14.965675354003906,-1.0,0.002940096892416477,0.5,1.401298464324817e-43
14.975853204727173,-1.0,0.002940096892416477,0.5,1.401298464324817e-43
14.98600721359253,-1.0,0.002631178591400385,0.5,1.401298464324817e-43
14.996141910552979,-1.0,0.002323982072994113,0.5,1.401298464324817e-43
15.006285190582275,-0.9414501786231995,0.002323982072994113,0.5,1.401298464324817e-43
15.01640248298645,-0.9414501786231995,0.0020192605443298817,0.5,1.401298464324817e-43
15.026517391204834,-0.8390693664550781,0.0017177218105643988,0.5,1.401298464324817e-43
15.036667585372925,-0.8390693664550781,0.0017177218105643988,0.5,1.401298464324817e-43
15.046806335449219,-0.606296956539154,0.001420033280737698,0.5,1.401298464324817e-43
15.056932926177979,-0.606296956539154,0.001420033280737698,0.5,1.401298464324817e-43
15.0670804977417,-0.2990265488624573,0.0011268180096521974,0.5,1.401298464324817e-43
15.077241897583008,-0.2990265488624573,0.000838655570987612,0.5,1.401298464324817e-43
15.087404489517212,-0.06945889443159103,0.000838655570987612,0.5,1.401298464324817e-43
15.097546577453613,-0.06945889443159103,0.0005560835124924779,0.5,1.401298464324817e-43
15.107656240463257,0.16704659163951874,0.000279597588814795,0.5,1.401298464324817e-43
15.117773294448853,0.16704659163951874,0.000279597588814795,0.5,1.401298464324817e-43
15.127875328063965,0.5053122043609619,9.652216249378398e-06,0.5,1.401298464324817e-43
15.137991189956665,0.5053122043609619,9.652216249378398e-06,0.5,1.401298464324817e-43
15.148147344589233,0.7537810802459717,-0.0002533382212277502,0.5,1.401298464324817e-43
15.158271551132202,0.7537810802459717,-0.0005089986952953041,0.5,1.401298464324817e-43
15.168373823165894,0.9214848279953003,-0.0005089986952953041,0.5,1.401298464324817e-43
15.178484916687012,0.9214848279953003,-0.0007569922017864883,0.5,1.401298464324817e-43
15.188611030578613,1.0,-0.0009970193495973945,0.5,1.401298464324817e-43
15.198727369308472,1.0,-0.0009970193495973945,0.5,1.401298464324817e-43
15.208845138549805,1.0,-0.0012288154102861881,0.5,1.401298464324817e-43
15.218982934951782,1.0,-0.0014521527336910367,0.5,1.401298464324817e-43
15.229140043258667,1.0,-0.0014521527336910367,0.5,1.401298464324817e-43
15.239270210266113,1.0,-0.0016668349271640182,0.5,1.401298464324817e-43
15.249380826950073,1.0,-0.0016668349271640182,0.5,1.401298464324817e-43
15.259485483169556,1.0,-0.0018726992420852184,0.5,1.401298464324817e-43
15.269591093063354,1.0,-0.002069612964987755,0.5,1.401298464324817e-43
15.279708623886108,1.0,-0.002069612964987755,0.5,1.401298464324817e-43
15.289814472198486,1.0,-0.002257473999634385,0.5,1.401298464324817e-43
15.299935340881348,1.0,-0.0024362083058804274,0.5,1.401298464324817e-43
15.310075521469116,1.0,-0.0024362083058804274,0.5,1.401298464324817e-43
15.320201873779297,1.0,-0.0026057676877826452,0.5,1.401298464324817e-43
15.330406427383423,1.0,-0.0027661307249218225,0.5,1.401298464324817e-43
15.340681076049805,1.0,-0.0027661307249218225,0.5,1.401298464324817e-43
15.35080337524414,1.0,-0.002917299512773752,0.5,1.401298464324817e-43
15.360916376113892,1.0,-0.002917299512773752,0.5,1.401298464324817e-43
15.371108293533325,1.0,-0.003059298964217305,0.5,1.401298464324817e-43
15.38123631477356,1.0,-0.003059298964217305,0.5,1.401298464324817e-43
15.391347169876099,1.0,-0.0031921768095344305,0.5,1.401298464324817e-43
15.401457071304321,1.0,-0.0033159994054585695,0.5,1.401298464324817e-43
15.411573886871338,1.0,-0.0033159994054585695,0.5,1.401298464324817e-43
15.421711683273315,1.0,-0.0034308526664972305,0.5,1.401298464324817e-43
15.431822061538696,1.0,-0.0034308526664972305,0.5,1.401298464324817e-43
15.44193148612976,1.0,-0.003536839969456196,0.5,1.401298464324817e-43
15.452050924301147,1.0,-0.0036340816877782345,0.5,1.401298464324817e-43
15.46217131614685,1.0,-0.0036340816877782345,0.5,1.401298464324817e-43
15.472280979156494,1.0,-0.00372271123342216,0.5,1.401298464324817e-43
15.48240351676941,1.0,-0.0038028783164918423,0.5,1.401298464324817e-43
15.492645978927612,1.0,-0.0038028783164918423,0.5,1.401298464324817e-43
15.502839803695679,1.0,-0.0038747447542846203,0.5,1.401298464324817e-43
15.512956142425537,1.0,-0.003938483074307442,0.5,1.401298464324817e-43
15.523076057434082,1.0,-0.003938483074307442,0.5,1.401298464324817e-43
15.533180236816406,1.0,-0.003994275815784931,0.5,1.401298464324817e-43
15.543319940567017,1.0,-0.0040423134341835976,0.5,1.401298464324817e-43
15.553433895111084,1.0,-0.0040423134341835976,0.5,1.401298464324817e-43
15.563549041748047,1.0,-0.004082808271050453,0.5,1.401298464324817e-43
15.573789119720459,1.0,-0.004082808271050453,0.5,1.401298464324817e-43
15.583985090255737,1.0,-0.004115961026400328,0.5,1.401298464324817e-43
15.594122171401978,1.0,-0.004141988232731819,0.5,1.401298464324817e-43
15.604229927062988,1.0,-0.004141988232731819,0.5,1.401298464324817e-43
15.61433720588684,1.0,-0.004161112476140261,0.5,1.401298464324817e-43
15.624467134475708,1.0,-0.004161112476140261,0.5,1.401298464324817e-43
15.634605884552002,1.0,-0.004173557739704847,0.5,1.401298464324817e-43
15.644717931747437,1.0,-0.004179555922746658,0.5,1.401298464324817e-43
15.6548490524292,1.0,-0.004179555922746658,0.5,1.401298464324817e-43
15.664982557296753,1.0,-0.004179337527602911,0.5,1.401298464324817e-43
15.675111770629883,1.0,-0.004173139110207558,0.5,1.401298464324817e-43
15.685250043869019,1.0,-0.004173139110207558,0.5,1.401298464324817e-43
15.695378303527832,1.0,-0.0041611990891397,0.5,1.401298464324817e-43
15.705490350723267,1.0,-0.004143752157688141,0.5,1.401298464324817e-43
15.715615272521973,1.0,-0.004143752157688141,0.5,1.401298464324817e-43
15.725730895996094,1.0,-0.004121038131415844,0.5,1.401298464324817e-43
15.735891342163086,1.0,-0.004121038131415844,0.5,1.401298464324817e-43
15.746095657348633,1.0,-0.004093295894563198,0.5,1.401298464324817e-43
15.756234645843506,1.0,-0.004060761071741581,0.5,1.401298464324817e-43
15.766382455825806,1.0,-0.004060761071741581,0.5,1.401298464324817e-43
15.776535272598267,1.0,-0.004023670218884945,0.5,1.401298464324817e-43
15.786662817001343,1.0,-0.003982258960604668,0.5,1.401298464324817e-43
15.796794652938843,1.0,-0.003982258960604668,0.5,1.401298464324817e-43
15.806952953338623,1.0,-0.003936755936592817,0.5,1.401298464324817e-43
15.817098379135132,1.0,-0.003887391882017255,0.5,1.401298464324817e-43
15.827305555343628,1.0,-0.003887391882017255,0.5,1.401298464324817e-43
15.837454557418823,1.0,-0.0038343952037394047,0.5,1.401298464324817e-43
15.847602605819702,1.0,-0.0038343952037394047,0.5,1.401298464324817e-43
15.857831716537476,1.0,-0.003777987090870738,0.5,1.401298464324817e-43
15.868086576461792,1.0,-0.003718386869877577,0.5,1.401298464324817e-43
15.878198623657227,1.0,-0.003718386869877577,0.5,1.401298464324817e-43
15.88829231262207,1.0,-0.0036558101419359446,0.5,1.401298464324817e-43
15.898386001586914,1.0,-0.0035904673859477043,0.5,1.401298464324817e-43
15.908480405807495,1.0,-0.0035904673859477043,0.5,1.401298464324817e-43
15.918588161468506,1.0,-0.0035225646570324898,0.5,1.401298464324817e-43
15.928701877593994,1.0,-0.00345230451785028,0.5,1.401298464324817e-43
15.938846349716187,1.0,-0.00345230451785028,0.5,1.401298464324817e-43
15.948951244354248,1.0,-0.003379883011803031,0.5,1.401298464324817e-43
15.959056615829468,1.0,-0.003379883011803031,0.5,1.401298464324817e-43
15.96916651725769,1.0,-0.003305491292849183,0.5,1.401298464324817e-43
15.979284286499023,1.0,-0.003229317255318165,0.5,1.401298464324817e-43
15.989399671554565,1.0,-0.003229317255318165,0.5,1.401298464324817e-43
15.99953293800354,1.0,-0.0031515418086200953,0.5,1.401298464324817e-43
16.0096697807312,1.0,-0.0030723405070602894,0.5,1.401298464324817e-43
16.01979088783264,1.0,-0.0030723405070602894,0.5,1.401298464324817e-43
16.029900312423706,1.0,-0.0029918833170086145,0.5,1.401298464324817e-43
16.040005683898926,1.0,-0.0029918833170086145,0.5,1.401298464324817e-43
16.0501070022583,1.0,-0.0029103360138833523,0.5,1.401298464324817e-43
16.060205459594727,1.0,-0.002827855758368969,0.5,1.401298464324817e-43
16.070313215255737,1.0,-0.002827855758368969,0.5,1.401298464324817e-43
16.080421447753906,1.0,-0.00274459645152092,0.5,1.401298464324817e-43
16.09056782722473,1.0,-0.0026607068721204996,0.5,1.401298464324817e-43
16.10071611404419,1.0,-0.0026607068721204996,0.5,1.401298464324817e-43
16.110830307006836,1.0,-0.0025763283483684063,0.5,1.401298464324817e-43
16.120941400527954,1.0,-0.0024915975518524647,0.5,1.401298464324817e-43
16.13105845451355,1.0,-0.0024915975518524647,0.5,1.401298464324817e-43
16.141159057617188,1.0,-0.00240664416924119,0.5,1.401298464324817e-43
16.151260137557983,0.9703470468521118,-0.00240664416924119,0.5,1.401298464324817e-43
16.161350965499878,0.9703470468521118,-0.002321595558896661,0.5,1.401298464324817e-43
16.17144513130188,0.9080760478973389,-0.0022365690674632788,0.5,1.401298464324817e-43
16.18156337738037,0.9080760478973389,-0.0022365690674632788,0.5,1.401298464324817e-43
16.191664218902588,0.8996843099594116,-0.002151681110262871,0.5,1.401298464324817e-43
16.201780319213867,0.8996843099594116,-0.002067039255052805,0.5,1.401298464324817e-43
16.211881637573242,0.7954095602035522,-0.002067039255052805,0.5,1.401298464324817e-43
16.22199583053589,0.7954095602035522,-0.0019827471114695072,0.5,1.401298464324817e-43
16.232104301452637,0.6585695147514343,-0.0019827471114695072,0.5,1.401298464324817e-43
16.242223739624023,0.6585695147514343,-0.0018989030504599214,0.5,1.401298464324817e-43
16.252339124679565,0.5554916262626648,-0.0018155997386202216,0.5,1.401298464324817e-43
16.262474060058594,0.5554916262626648,-0.0018155997386202216,0.5,1.401298464324817e-43
16.272599935531616,0.4475697875022888,-0.0017329255351796746,0.5,1.401298464324817e-43
16.282703161239624,0.4475697875022888,-0.0016509632114320993,0.5,1.401298464324817e-43
16.29279398918152,0.23964758217334747,-0.0016509632114320993,0.5,1.401298464324817e-43
16.302907943725586,0.23964758217334747,-0.0015697905328124762,0.5,1.401298464324817e-43
16.313006162643433,0.08094874024391174,-0.0014894809573888779,0.5,1.401298464324817e-43
16.323107957839966,0.08094874024391174,-0.0014894809573888779,0.5,1.401298464324817e-43
16.33323836326599,-0.21085596084594727,-0.0014101042179390788,0.5,1.401298464324817e-43
16.343397617340088,-0.21085596084594727,-0.0014101042179390788,0.5,1.401298464324817e-43
16.353535652160645,-0.34291455149650574,-0.0013317228294909,0.5,1.401298464324817e-43
16.363637924194336,-0.34291455149650574,-0.0012543973280116916,0.5,1.401298464324817e-43
16.373740196228027,-0.45979365706443787,-0.0012543973280116916,0.5,1.401298464324817e-43
16.383907318115234,-0.45979365706443787,-0.001178183127194643,0.5,1.401298464324817e-43
16.394019842147827,-0.6062216758728027,-0.001103131682612002,0.5,1.401298464324817e-43
16.404126405715942,-0.6062216758728027,-0.001103131682612002,0.5,1.401298464324817e-43
16.414231538772583,-0.6990596652030945,-0.001029290142469108,0.5,1.401298464324817e-43
16.424325942993164,-0.6990596652030945,-0.0009567021043039858,0.5,1.401298464324817e-43
16.43443536758423,-0.7907851338386536,-0.0009567021043039858,0.5,1.401298464324817e-43
16.444573879241943,-0.7907851338386536,-0.0008854062762111425,0.5,1.401298464324817e-43
16.454708337783813,-0.8493032455444336,-0.0008854062762111425,0.5,1.401298464324817e-43
16.464824676513672,-0.8493032455444336,-0.00081543909618631,0.5,1.401298464324817e-43
16.474920511245728,-0.921615719795227,-0.000746833102311939,0.5,1.401298464324817e-43
16.48500943183899,-0.921615719795227,-0.000746833102311939,0.5,1.401298464324817e-43
16.49510669708252,-0.9407944083213806,-0.0006796169909648597,0.5,1.401298464324817e-43
16.505213499069214,-0.9407944083213806,-0.0006138174212537706,0.5,1.401298464324817e-43
16.51531219482422,-0.9986017346382141,-0.0006138174212537706,0.5,1.401298464324817e-43
16.525410175323486,-0.9986017346382141,-0.0005494548822753131,0.5,1.401298464324817e-43
16.53550887107849,-1.0,-0.0005494548822753131,0.5,1.401298464324817e-43
16.54562211036682,-1.0,-0.00048655018326826394,0.5,1.401298464324817e-43
16.555712461471558,-1.0,-0.00042511956417001784,0.5,1.401298464324817e-43
16.565815687179565,-1.0,-0.00042511956417001784,0.5,1.401298464324817e-43
16.57592797279358,-1.0,-0.0003651769657153636,0.5,1.401298464324817e-43
16.586122751235962,-1.0,-0.0003067334764637053,0.5,1.401298464324817e-43
16.596286058425903,-1.0,-0.0003067334764637053,0.5,1.401298464324817e-43
16.606455326080322,-1.0,-0.0002497976820450276,0.5,1.401298464324817e-43
16.61658549308777,-1.0,-0.00019437566515989602,0.5,1.401298464324817e-43
16.626752376556396,-1.0,-0.00019437566515989602,0.5,1.401298464324817e-43
16.636892318725586,-1.0,-0.0001404713257215917,0.5,1.401298464324817e-43
16.647032499313354,-1.0,-0.0001404713257215917,0.5,1.401298464324817e-43
16.65718102455139,-1.0,-8.808624261291698e-05,0.5,1.401298464324817e-43
16.66742491722107,-1.0,-3.7219961086520925e-05,0.5,1.401298464324817e-43
16.677571296691895,-1.0,-3.7219961086520925e-05,0.5,1.401298464324817e-43
16.68770933151245,-1.0,1.2129982678743545e-05,0.5,1.401298464324817e-43
16.697810888290405,-1.0,5.9967944253003225e-05,0.5,1.401298464324817e-43
16.707918643951416,-1.0,5.9967944253003225e-05,0.5,1.401298464324817e-43
16.718034505844116,-1.0,0.00010630004544509575,0.5,1.401298464324817e-43
16.728126287460327,-1.0,0.00015113408153411,0.5,1.401298464324817e-43
16.738220930099487,-1.0,0.00015113408153411,0.5,1.401298464324817e-43
16.74833583831787,-1.0,0.00019447947852313519,0.5,1.401298464324817e-43
16.75846028327942,-1.0,0.00019447947852313519,0.5,1.401298464324817e-43
16.768662214279175,-1.0,0.00023634708486497402,0.5,1.401298464324817e-43
16.77888250350952,-1.0,0.0002767492551356554,0.5,1.401298464324817e-43
16.788989305496216,-1.0,0.0002767492551356554,0.5,1.401298464324817e-43
16.799112796783447,-1.0,0.0003156995808240026,0.5,1.401298464324817e-43
16.809253692626953,-1.0,0.0003532121190801263,0.5,1.401298464324817e-43
16.819403886795044,-1.0,0.0003532121190801263,0.5,1.401298464324817e-43
16.82950520515442,-1.0,0.00038930398295633495,0.5,1.401298464324817e-43
16.839600801467896,-1.0,0.00038930398295633495,0.5,1.401298464324817e-43
16.84970736503601,-1.0,0.00042399176163598895,0.5,1.401298464324817e-43
16.859808683395386,-1.0,0.0004572933248709887,0.5,1.401298464324817e-43
16.86991286277771,-1.0,0.0004572933248709887,0.5,1.401298464324817e-43
16.880014657974243,-1.0,0.0004892276483587921,0.5,1.401298464324817e-43
16.890113353729248,-1.0,0.0005198142025619745,0.5,1.401298464324817e-43
16.90022087097168,-1.0,0.0005198142025619745,0.5,1.401298464324817e-43
16.91033101081848,-1.0,0.0005490738549269736,0.5,1.401298464324817e-43
16.920465230941772,-1.0,0.0005490738549269736,0.5,1.401298464324817e-43
16.93059778213501,-1.0,0.0005770275020040572,0.5,1.401298464324817e-43
16.940738201141357,-1.0,0.0006036967388354242,0.5,1.401298464324817e-43
16.950871229171753,-1.0,0.0006036967388354242,0.5,1.401298464324817e-43
16.961010456085205,-1.0,0.0006291043246164918,0.5,1.401298464324817e-43
16.971142768859863,-1.0,0.0006532730185426772,0.5,1.401298464324817e-43
16.98125648498535,-1.0,0.0006532730185426772,0.5,1.401298464324817e-43
16.991360187530518,-1.0,0.0006762261036783457,0.5,1.401298464324817e-43
17.001466512680054,-1.0,0.0006979871541261673,0.5,1.401298464324817e-43
17.01158881187439,-1.0,0.0006979871541261673,0.5,1.401298464324817e-43
17.021732807159424,-1.0,0.0007185802096500993,0.5,1.401298464324817e-43
17.031848907470703,-1.0,0.0007185802096500993,0.5,1.401298464324817e-43
17.041958332061768,-1.0,0.0007380297756753862,0.5,1.401298464324817e-43
17.05209708213806,-1.0,0.0007563602412119508,0.5,1.401298464324817e-43
17.06222629547119,-1.0,0.0007563602412119508,0.5,1.401298464324817e-43
17.07232117652893,-1.0,0.0007735967519693077,0.5,1.401298464324817e-43
17.082414627075195,-1.0,0.0007897637551650405,0.5,1.401298464324817e-43
17.092541217803955,-1.0,0.0007897637551650405,0.5,1.401298464324817e-43
17.10270881652832,-1.0,0.0008048864547163248,0.5,1.401298464324817e-43
17.112818717956543,-1.0,0.0008189899963326752,0.5,1.401298464324817e-43
17.122946977615356,-1.0,0.0008189899963326752,0.5,1.401298464324817e-43
17.133090019226074,-1.0,0.00083209975855425,0.5,1.401298464324817e-43
17.143224954605103,-1.0,0.00083209975855425,0.5,1.401298464324817e-43
17.153351545333862,-1.0,0.0008442404796369374,0.5,1.401298464324817e-43
17.163484573364258,-1.0,0.0008554372470825911,0.5,1.401298464324817e-43
17.17360520362854,-1.0,0.0008554372470825911,0.5,1.401298464324817e-43
17.183709144592285,-1.0,0.0008657153230160475,0.5,1.401298464324817e-43
17.19381093978882,-1.0,0.0008657153230160475,0.5,1.401298464324817e-43
17.203928232192993,-1.0,0.0008750999113544822,0.5,1.401298464324817e-43
17.214051008224487,-1.0,0.0008836154593154788,0.5,1.401298464324817e-43
17.2241792678833,-1.0,0.0008836154593154788,0.5,1.401298464324817e-43
17.234278678894043,-1.0,0.0008912868797779083,0.5,1.401298464324817e-43
17.244394063949585,-1.0,0.0008981385617516935,0.5,1.401298464324817e-43
17.254502534866333,-1.0,0.0008981385617516935,0.5,1.401298464324817e-43
17.264635801315308,-1.0,0.000904194894246757,0.5,1.401298464324817e-43
17.274720668792725,-1.0,0.0009094799752347171,0.5,1.401298464324817e-43
17.28483557701111,-1.0,0.0009094799752347171,0.5,1.401298464324817e-43
17.294931650161743,-1.0,0.0009140177280642092,0.5,1.401298464324817e-43
17.305033683776855,-1.0,0.0009140177280642092,0.5,1.401298464324817e-43
17.315147161483765,-1.0,0.0009178316686302423,0.5,1.401298464324817e-43
17.325270175933838,-1.0,0.0009209453128278255,0.5,1.401298464324817e-43
17.335379600524902,-1.0,0.0009209453128278255,0.5,1.401298464324817e-43
17.345497846603394,-1.0,0.0009233817108906806,0.5,1.401298464324817e-43
17.355623245239258,-1.0,0.0009251638548448682,0.5,1.401298464324817e-43
17.365747451782227,-1.0,0.0009251638548448682,0.5,1.401298464324817e-43
17.375903844833374,-1.0,0.000926313572563231,0.5,1.401298464324817e-43
17.38601565361023,-1.0,0.0009268534486182034,0.5,1.401298464324817e-43
17.39614510536194,-1.0,0.0009268534486182034,0.5,1.401298464324817e-43
17.40626335144043,-1.0,0.0009268050198443234,0.5,1.401298464324817e-43
17.41637945175171,-1.0,0.0009268050198443234,0.5,1.401298464324817e-43
17.42649006843567,-1.0,0.0009261901141144335,0.5,1.401298464324817e-43
17.436594486236572,-1.0,0.0009250296279788017,0.5,1.401298464324817e-43
17.446720838546753,-1.0,0.0009250296279788017,0.5,1.401298464324817e-43
17.456873893737793,-1.0,0.0009233441669493914,0.5,1.401298464324817e-43
17.46706533432007,-1.0,0.000921154220122844,0.5,1.401298464324817e-43
17.477208375930786,-1.0,0.000921154220122844,0.5,1.401298464324817e-43
17.48734402656555,-1.0,0.0009184799273498356,0.5,1.401298464324817e-43
17.497484922409058,-1.0,0.0009153405553661287,0.5,1.401298464324817e-43
17.507718801498413,-1.0,0.0009153405553661287,0.5,1.401298464324817e-43
17.517847776412964,-1.0,0.0009117555455304682,0.5,1.401298464324817e-43
17.52799963951111,-1.0,0.0009117555455304682,0.5,1.401298464324817e-43
17.538257837295532,-1.0,0.000907743873540312,0.5,1.401298464324817e-43
17.54838752746582,-1.0,0.0009033238748088479,0.5,1.401298464324817e-43
17.558516263961792,-1.0,0.0009033238748088479,0.5,1.401298464324817e-43
17.568663835525513,-1.0,0.0008985132444649935,0.5,1.401298464324817e-43
17.578877687454224,-1.0,0.0008933301432989538,0.5,1.401298464324817e-43
17.58899760246277,-1.0,0.0008933301432989538,0.5,1.401298464324817e-43
17.59913158416748,-1.0,0.0008877915679477155,0.5,1.401298464324817e-43
17.609262704849243,-1.0,0.0008877915679477155,0.5,1.401298464324817e-43
17.61941623687744,-1.0,0.0008819144568406045,0.5,1.401298464324817e-43
17.62955141067505,-1.0,0.0008757152245379984,0.5,1.401298464324817e-43
17.63968014717102,-1.0,0.0008757152245379984,0.5,1.401298464324817e-43
17.649946212768555,-1.0,0.0008692099945619702,0.5,1.401298464324817e-43
17.660179138183594,-1.0,0.0008624144247733057,0.5,1.401298464324817e-43
17.670315265655518,-1.0,0.0008624144247733057,0.5,1.401298464324817e-43
17.680431842803955,-1.0,0.0008553438819944859,0.5,1.401298464324817e-43
17.69056463241577,-1.0,0.0008553438819944859,0.5,1.401298464324817e-43
17.700678825378418,-1.0,0.000848013034556061,0.5,1.401298464324817e-43
17.71079969406128,-1.0,0.0008404363761655986,0.5,1.401298464324817e-43
17.720901012420654,-1.0,0.0008404363761655986,0.5,1.401298464324817e-43
17.731015920639038,-1.0,0.0008326282259076834,0.5,1.401298464324817e-43
17.74113631248474,-1.0,0.0008246023207902908,0.5,1.401298464324817e-43
17.751251220703125,-1.0,0.0008246023207902908,0.5,1.401298464324817e-43
17.761345863342285,-1.0,0.0008163718739524484,0.5,1.401298464324817e-43
17.771454095840454,-1.0,0.0008079499239102006,0.5,1.401298464324817e-43
17.781559705734253,-1.0,0.0008079499239102006,0.5,1.401298464324817e-43
17.791681051254272,-1.0,0.0007993489853106439,0.5,1.401298464324817e-43
17.801825046539307,-1.0,0.0007993489853106439,0.5,1.401298464324817e-43
17.811934232711792,-1.0,0.0007905813399702311,0.5,1.401298464324817e-43
17.82203459739685,-1.0,0.0007816590368747711,0.5,1.401298464324817e-43
17.83213710784912,-1.0,0.0007816590368747711,0.5,1.401298464324817e-43
17.84223961830139,-1.0,0.0007725934847258031,0.5,1.401298464324817e-43
17.853602647781372,-1.0,0.0007633956265635788,0.5,1.401298464324817e-43
17.863864421844482,-1.0,0.0007633956265635788,0.5,1.401298464324817e-43
17.87397289276123,-1.0,0.0007540766382589936,0.5,1.401298464324817e-43
17.88407063484192,-1.0,0.0007446465315297246,0.5,1.401298464324817e-43
17.89427137374878,-1.0,0.0007446465315297246,0.5,1.401298464324817e-43
17.904433250427246,-1.0,0.0007351158419623971,0.5,1.401298464324817e-43
17.914558172225952,-1.0,0.0007351158419623971,0.5,1.401298464324817e-43
17.92467427253723,-1.0,0.0007254939991980791,0.5,1.401298464324817e-43
17.93479609489441,-1.0,0.000715790840331465,0.5,1.401298464324817e-43
17.944921255111694,-1.0,0.000715790840331465,0.5,1.401298464324817e-43
17.95502495765686,-1.0,0.0007060153875499964,0.5,1.401298464324817e-43
17.965138912200928,-1.0,0.0006961763137951493,0.5,1.401298464324817e-43
17.97525644302368,-1.0,0.0006961763137951493,0.5,1.401298464324817e-43
17.98535704612732,-1.0,0.000686282233800739,0.5,1.401298464324817e-43
17.99547505378723,-1.0,0.000686282233800739,0.5,1.401298464324817e-43
